store,country,lang,reviewId,date,userName,rating,appVersion,thumbsUp,title,text,replyDate,replyText,url
App Store,sg,,12123206419,2024-12-30T11:47:08Z,zazeek9888,1,,0,Its overall great but it gives you unnecessary anxiety sometimes..,I love opening the app daily to read about my baby’s progress. However the size chart of items comparison are always not of the same size like for example a hamster is not the same size as a can opener? Also it gives me unnecessary anxiety wheb they send notifications like YOUR BABY IS IN DANGER WHEN YOU…. Like wtf. Pregnancy is alrdy hard as it is you’re just adding extra anxiety.,,"Hi there, thank you for your honest feedback and for sharing that you still enjoy checking in daily to follow your baby’s progress 💛

We completely understand your point about the size comparisons — they’re meant to be fun and relatable, but we can see how inconsistent comparisons can end up feeling confusing instead.

We’re also really sorry that some of the notifications caused unnecessary anxiety. Pregnancy is already emotionally and physically demanding, and we understand that overly alarming wording can feel more stressful than helpful. The intention is to raise awareness around certain topics, but your feedback makes it clear that the tone and delivery need to be more supportive and reassuring.

We truly appreciate you calling this out, and we’ll be sharing your feedback with our product and content teams as we continue improving the app experience for parents.",https://apps.apple.com/sg/app/id1042523855?see-all=reviews
App Store,sg,,11944030614,2024-11-13T05:02:59Z,Zzzzzxxsh,1,,0,Do not honor the giveaway even though we are eligible.,Do not honor the giveaway even though we are eligible.,,"Hi there, we’re sorry to hear about your experience and understand how disappointing this must have felt.

Please note that giveaway eligibility and winner selection are subject to the campaign’s terms and verification process. However, we’d still like to look into your case further. Kindly reach out to us at with the giveaway details and your registered account information so our team can review this properly.

Thank you for bringing this to our attention.",https://apps.apple.com/sg/app/id1042523855?see-all=reviews
App Store,sg,,11450015737,2024-07-02T23:52:17Z,Bit110,1,,0,Notifications very clickbait,Their in-app notifications are quite click-bait. Almost every one of them is. The whole app is also filled with ads. And it’s not very user friendly. Abit laggy. But there are some nice articles to read (take with a pinch of salt) as their information is like Wikipedia.,,"Dear Bit110,

Thank you for your feedback. We're sorry to hear about your experience. Our main concern is providing a valuable and user-friendly experience for all our users. We're constantly working to improve our app. We're glad you enjoyed our articles and will strive to improve our content quality. Your comments on ads and app performance are noted.

Thanks again for your insights and for being a valuable part of our community!

Best regards,
theAsianparent Singapore",https://apps.apple.com/sg/app/id1042523855?see-all=reviews
App Store,sg,,10952712088,2024-02-18T14:23:35Z,KLin T.,1,,0,Pls fix the bug!,"App keeps hanging, tracker records disappear after few months",,"Hi Parent. Sorry for the trouble you have experienced. Please send an email with your feedback and account details to app.feedback@theasianparent.com, so that we can help to resolve the issue without delay. Thank you! 😊 Do encourage us further with a 5-star rating!",https://apps.apple.com/sg/app/id1042523855?see-all=reviews
App Store,sg,,9340892238,2022-11-29T08:10:28Z,GS8595,1,,0,Was all great until latest update,"Update already cannot manual key in the milk intake .. have to record first then edit 👎🏻
So troublesome",,Thank you for using our pregnancy & baby tracker app and for sending feedback and suggestions. We are sorry for the inconvenience.  We have conveyed this to the related team. Thank you! 😊,https://apps.apple.com/sg/app/id1042523855?see-all=reviews
App Store,sg,,9136595766,2022-09-30T14:01:28Z,christiekua,1,,0,On iPhone 12 can’t click next,I can’t click next after selecting due date! Design of app doesn’t seem to fit iPhone!,,"Hi Parent. Sorry for the trouble you have experienced. Please send an email with your feedback and account details to app.feedback@theasianparent.com, so that we can help to resolve the issue without delay. Thank you! 😊 Do encourage us further with a 5-star rating!",https://apps.apple.com/sg/app/id1042523855?see-all=reviews
App Store,sg,,8769422192,2022-06-13T10:06:37Z,GTLL7,1,,0,Non-stop notifications even after turning off!!,Only downloaded for the baby daily update notification but it keeps bombarding my phone with articles and ads despite trying to turn it off multiple times!!,,"Hi Parent. Sorry for the trouble you have experienced. Please send an email with your feedback and account details to app.feedback@theasianparent.com, so that we can help to resolve the issue without delay. Thank you! 😊 Do encourage us further with a 5-star rating!",https://apps.apple.com/sg/app/id1042523855?see-all=reviews
App Store,sg,,8555825360,2022-04-11T12:50:00Z,hito_iro,1,,0,What the hell!,"It's impossible to even register. The ""Next"" button is not accessible at all!",,"Hi, Parent. We apologize for the inconvenience. Our team has now fixed the issue. Please clear your cache and try once again. If you still experience the same problem after clearing the cache, do email us at app.feedback@theasianparent.com. Thank you and please encourage us with a 5★ rating! 😊",https://apps.apple.com/sg/app/id1042523855?see-all=reviews
App Store,sg,,8418314076,2022-03-04T07:07:17Z,DE4EwVs90w,1,,0,Vouchers all can’t redeem,Grab voucher can’t find in spam email and point redeem can’t apply at Shopee.,,"Hi Parent. Sorry for the trouble you have experienced. Please send an email with your feedback and account details to app.feedback@theasianparent.com, so that we can help to resolve the issue without delay. Thank you! 😊 Do encourage us further with a 5-star rating!",https://apps.apple.com/sg/app/id1042523855?see-all=reviews
App Store,sg,,5227163852,2019-12-03T04:15:49Z,Engwx,1,,0,Unable to deactivate account and No response after feedback sent to enquire deactivating of account,Unable to deactivate account and No response after feedback sent to enquire deactivating of account,,"Hi, Parent! We're sorry for your inconvenience. Can you share your registered email to app.feedback@theasianparent.com? We'll be directly taking actions from there. Thank you! (Please encourage us by giving 5 stars) 😀",https://apps.apple.com/sg/app/id1042523855?see-all=reviews
App Store,sg,,5049975232,2019-10-30T10:26:07Z,gwenyipsw,1,,0,Definitely not the best pregnancy/ parenting app around,"Messy, pretty much just a forum that’s more for discussion rather than to provide parents with information. Honestly still not too sure what is the focus of the app.",,"Hey parent, 
Sorry you feel that way about our app. Breaks our heart to know that you feel this way about us. Have you taken our app for a proper spin? 
We offer much more than just a forum - from a pregnancy and baby tracker to articles and media to watch with your kids. 
I hope you give us a shot and explore our app a little before writing us off.",https://apps.apple.com/sg/app/id1042523855?see-all=reviews
App Store,sg,,4246198916,2019-06-01T14:22:21Z,ohxpearl,1,,0,Error???,Kept asking me to show love to 3 topics when there are only 2,,"We are sorry you had to face this. We have fixed the bugs since then and have added tonnes of new features. Please check them out and let us know what you think! Again, your feedback is much appreciated.",https://apps.apple.com/sg/app/id1042523855?see-all=reviews
App Store,sg,,4240148532,2019-05-31T12:18:02Z,Lovise xie,1,,0,Couldn’t even log in,It keep asking me to show 3 love topic but there are only 2 for me to choose. I’m Stuck there...,,"We are sorry you had to face this. We have fixed the bugs since then and have added tonnes of new features. Please check them out and let us know what you think! Again, your feedback is much appreciated.",https://apps.apple.com/sg/app/id1042523855?see-all=reviews
App Store,sg,,12822715584,2025-06-27T09:33:38Z,Remy Martell Chivas,2,,0,Irritating adv,Previously it’s good… now the adv is getting irritating,,"Hi there, thank you for sharing your honest feedback. We’re sorry to hear the ads have been affecting your experience with the app.

We understand how frustrating it can feel when the experience becomes too disruptive compared to before. Your feedback has been noted and will be shared with the team as we continue working to improve the balance between content and ads for our users.

We truly appreciate your continued support and hope we can provide a better experience moving forward.",https://apps.apple.com/sg/app/id1042523855?see-all=reviews
App Store,sg,,11320453626,2024-05-29T15:22:17Z,smpoh,2,,0,Too much negative headlines and notifications,"Content is great and plentiful but perhaps a bit too much sometimes it can overwhelming.

I think the app is trying too hard to get users to engaged with the app regularly such that it has resorted to use negative and fearful headlines in their notifications.

Sometimes it could just be a question posted by a random parent and they could make it an alarming message. Words such as ‘warning signs’, ‘dangerous’, ‘death’ should be used sparingly so as not to cause paranoia to parents or parents-to-be.",,"Hi, Smpoh! We value your input! We recognize the notification wording might have caused unnecessary worry - our goal is to support you, not cause alarm. We sincerely apologize if the notifications felt pushy. Your health and your baby's health are our absolute priority, and we're here to guide and encourage you every step of the way. We welcome your feedback to improve our communication. Feel free to reach out if you have any questions or concerns. Thank you for being part of our community!",https://apps.apple.com/sg/app/id1042523855?see-all=reviews
App Store,sg,,10127497024,2023-07-11T08:14:03Z,Jcjcjc14,2,,0,App always crash,"Have been using this app for awhile and recently, the app keeps crashing just by clicking on the daily update on baby growth or any other posts. Very annoying!",,We regret that you aren’t finding our app helpful. You can write to us at app.feedback@theasianparent.com to give your suggestions.,https://apps.apple.com/sg/app/id1042523855?see-all=reviews
App Store,sg,,10000756401,2023-06-05T05:59:35Z,CLE9000,2,,0,Tracker page error,Having some technical issue recently that the tracker page not working. I’ve been log in for few days and try to tap on tracker to update the child day to day but the page wasn’t moving or functioning.,,Please write to us at app.feedback@theasianparent.com to raise your concerns. Thanks!,https://apps.apple.com/sg/app/id1042523855?see-all=reviews
App Store,sg,,9554906355,2023-01-28T04:06:24Z,HSFHsf13,2,,0,Kick counter function kept on crashing.,Lost all my data halfway through while tracking and I have to keep restarting,,"Hi, Parent. We apologize for the inconvenience you may have experienced with our pregnancy & parenting app.  Please clear your cache and try once again. If you still experience the same problem after clearing the cache, write to us at app.feedback@theasianparent.com. Please encourage us with a 5★ rating! 😊",https://apps.apple.com/sg/app/id1042523855?see-all=reviews
App Store,sg,,9172711219,2022-10-11T05:56:57Z,Princess LAV,2,,0,Why now got so many advertisements,(11 October) Why now got so many advertisements?! There’s always one advertisement after reading one post! It’s so irritating!!,,"Hello, Parent! Thank you for the feedback and suggestions. We have conveyed this to the related team. Look forward to our next app updates. Do encourage us further by giving us a five-star review. Thank you! 😊",https://apps.apple.com/sg/app/id1042523855?see-all=reviews
App Store,sg,,8912213931,2022-07-26T03:33:04Z,bananadawg,2,,0,Unable to log in,"Heard a lot of good things about the app but big problem (at least for me) in logging in. I’m able to log in on the web but perpetually unable to log in via the app (kept asking me to “enter to correct password”). Tried resetting password couple of times, deleting and reinstalling the app etc but didn’t work. Disappointing :(",,"Hi, Parent. We apologize for the inconvenience you may have experienced with our pregnancy & parenting app. Please clear your cache and try once again. If you still experience the same problem after clearing the cache, write to us at app.feedback@theasianparent.com. Please encourage us with a 5★ rating! 😊",https://apps.apple.com/sg/app/id1042523855?see-all=reviews
App Store,sg,,8865558431,2022-07-12T08:46:10Z,priscillazbsl,2,,0,inconsiderate,"i lost my baby at 8 weeks. i’ve been receiving notification like “hi mummy, im 8 weeks x days, 9 weeks x days and today 10 weeks.” even though i already declared loss of baby and turned on healing mode. thanks for reminding me that if my baby didnt die, my baby wld be 10 weeks today.",,"Hi Parent. Sorry for the trouble you have experienced. Please send an email with your feedback and account details to app.feedback@theasianparent.com, so that we can help to resolve the issue without delay. Thank you! ",https://apps.apple.com/sg/app/id1042523855?see-all=reviews
App Store,sg,,8481342837,2022-03-21T23:45:57Z,jewelzseo,2,,0,Search post,After update i cant no longer search keywords on post! Please fix it asap because thats what i use the most,,"Hi Parent. This issue has been resolved now. Thanks for bringing this to our notice. If you like your experience on the app now, do encourage us with a 5-star rating!

",https://apps.apple.com/sg/app/id1042523855?see-all=reviews
App Store,sg,,13983374804,2026-04-22T00:33:28Z,zyzeejoe,3,,0,Login issues,Been using this app for my 1st 2 pregnancy. My fav pregnancy app. But then now i cannot login in using my contact number. Been uninstalling and reinstalling to login but in vain.,,"Hi there, thank you for being with us through both of your pregnancies 💛 We’re really sorry to hear you’re having trouble logging in with your contact number.

Could you please reach out to our support team via the app or email us at app.feedback@theasianparent.com with your registered number and device details? We’d love to help get this resolved for you as soon as possible.",https://apps.apple.com/sg/app/id1042523855?see-all=reviews
App Store,sg,,13441128753,2025-11-25T23:44:58Z,Fustypopsicle,3,,0,Lost of Historical Records,"Hi there,

Thank you for developing this app.

I have experienced a few system issues and have tried to feedback.

1. The feedback section in the app is not working. I have never been able to submit my feedback in the app.

2. I have left information on the contact us page a few months ago. Nobody has responded to me.

3. I am trying to access historical information that I have keyed in. But I realised that the app doesn’t store information beyond a month :(

I hope to receive your reply and rectification please.",,"Hi there, thank you for taking the time to share this detailed feedback, and we’re really sorry for the frustrating experience you’ve had.

We sincerely apologise that your previous feedback submissions and contact request went unanswered. We also understand how disappointing it must be to realise your historical records are not accessible beyond a month.

Our team would like to investigate these issues further, especially regarding the feedback function and data history. Please contact us at and share your registered account details, device model, and screenshots if possible to app.feedback@theasianparent.com. We’ll make sure the team looks into this properly.

Thank you again for highlighting these issues — feedback like yours helps us improve the app experience for all parents.",https://apps.apple.com/sg/app/id1042523855?see-all=reviews
App Store,sg,,11151113928,2024-04-12T22:49:35Z,mingleming,3,,0,"The app is really informative, but feeds the fear of newborn parents","Imagine with headers such as 
‘You need to stop this now’ 
‘ it is too late to do so and so’ 

Can really make you feel as though you are not doing a good job taking care of yourself and your baby during pregnancy",,"Thank you for sharing your feedback with us. We understand that the tone of our push notification headers may have inadvertently caused some concern. Please rest assured that our intention is to provide helpful reminders and support during your pregnancy journey. We apologize if the wording came across as overly alarming. Your well-being and that of your baby are our top priorities, and we're here to offer guidance and encouragement every step of the way. We'll take your feedback into consideration as we strive to improve our messaging to better meet your needs. If you have any further concerns or suggestions, please don't hesitate to reach out to us. Thank you for being a valued member of our community!",https://apps.apple.com/sg/app/id1042523855?see-all=reviews
App Store,sg,,8579449708,2022-04-18T05:23:44Z,Yuki Kawasaki,3,,0,Great application,Great application but sometimes software is doesn’t work well,,"Hi, Parent. We apologize for the inconvenience. Our team has now fixed the issue. Please clear your cache and try once again. If you still experience the same problem after clearing the cache, do email us at app.feedback@theasianparent.com. Thank you and please encourage us with a 5★ rating! 😊",https://apps.apple.com/sg/app/id1042523855?see-all=reviews
App Store,sg,,8483854478,2022-03-22T16:44:59Z,imm08080908,3,,0,Cannot search on post. Pls rectify at soonest,"Since the upgrade, cant seem to search on post/topic. Pls rectify.",,"Hi Parent. This issue has been resolved now. Thanks for bringing this to our notice. If you like your experience on the app now, do encourage us with a 5-star rating!

",https://apps.apple.com/sg/app/id1042523855?see-all=reviews
App Store,sg,,8474223957,2022-03-19T23:58:22Z,nrsbur,3,,0,Unable to search post,"I love this app as i can always search on something whenever i have doubts but eversince the recent update, im not able to search on anything. Please fix this :(",,"Hi Parent. This issue has been resolved now. Thanks for bringing this to our notice. If you like your experience on the app now, do encourage us with a 5-star rating!

",https://apps.apple.com/sg/app/id1042523855?see-all=reviews
App Store,sg,,12343510469,2025-02-23T00:38:04Z,Sadtosayitisboring,4,,0,Good app but notifs are very depressing,"This app really provides a lot of helpful information and builds a decent community that shares a lot of important experiences from a mother’s perspective.

However, the notifications sent out regularly are really depressing. Like who starts off the day with “Unfortunately if it looks like this we suggest you to go to an OBGYN immediately” or “When doing this activity, your baby is IN PAIN during the second trimester” and all it does is it sends you to the Activities tab that you already seen to make sure you DONT do such activities. Shouldnt the app be more encouraging you to check the activities IF you have been monitoring yourself, rather than passive aggressively threatening you that IF you do this, YOUR BABY WILL SUFFER!",,"Hi there, thank you for taking the time to share this thoughtful feedback. We’re glad to hear the app, information, and community have been helpful for you, but we also understand your concerns about the tone of some notifications.

We’re sorry that the messaging came across as alarming or anxiety-inducing, especially during pregnancy when emotional wellbeing is so important. The intention behind these notifications is to raise awareness and encourage safe practices, but we understand that the wording can sometimes feel too fear-based or overwhelming.

Your feedback is extremely valuable, and we’ll share this with our content and product teams as we continue improving how we communicate important health information in a more supportive and reassuring way. Thank you again for being honest with us — it genuinely helps us do better.",https://apps.apple.com/sg/app/id1042523855?see-all=reviews
App Store,sg,,9958706565,2023-05-24T00:05:07Z,MIKEYTEY,4,,0,Lagging,"It’s an amazing app, but it keeps lagging at certain options, whereby that categories can’t be opened, refreshed.",,"Please write to us at app.feedback@theasianparent.com to raise your concerns. We request you to check our pregnancy or baby tracker & community page which is a perfect place to ask questions, and share tips with other parents just like you. Please consider encouraging us with a 5★! 😊",https://apps.apple.com/sg/app/id1042523855?see-all=reviews
App Store,sg,,9225552936,2022-10-27T01:52:45Z,ImWanz,4,,0,โอเค,มันก็โอเคนะคะ,,ขอบคุณสำหรับรีวิวแอปติดตามการตั้งครรภ์และเลี้ยงลูกของเราค่ะ อย่าลืมติดตามพัฒนาการและสุขภาพของทารกในครรภ์ นับลูกดิ้น ติดตามการตั้งครรภ์ของคุณทุกวันนะคะ และโปรดให้กำลังใจทีมงานของเรา ด้วยการให้คะแนน 5 ★★★★★ ในครั้งหน้า เพื่อเราจะได้พัฒนาแอปให้โดนใจพ่อแม่อย่างคุณคุณมากยิ่งขึ้นค่ะ 😍,https://apps.apple.com/sg/app/id1042523855?see-all=reviews
App Store,sg,,8439640916,2022-03-10T09:08:45Z,3Js Momma,4,,0,Useful informative app,"Very useful app where you can find answers to questions on pregnancy, toddler, conceiving, family related stuff!",,"Hi, Parent! Thanks for your great feedback. We are happy that you're learning about pregnancy and parenting from this app. We'll make sure that your learning experience stays top-notch! Please encourage us further with a 5★ review and invite your friends to join theAsianparent app community, too! 😊",https://apps.apple.com/sg/app/id1042523855?see-all=reviews
App Store,sg,,8154137370,2021-12-21T16:51:53Z,KAnalyst,4,,0,Accurate and Helpful,I would prefer the nutrition amount to be back. I use it as a reference and guideline. Was very useful for first time parents,,"Hello, Parent! Thank you for the feedback and suggestions. We have conveyed this to the related team. Look forward to our next app updates. Do encourage us further by giving us a five-star review. Thank you! 😊",https://apps.apple.com/sg/app/id1042523855?see-all=reviews
App Store,sg,,4440525328,2019-07-11T00:44:27Z,Wing bell,4,,0,Informative,The articles are quite informative and I love the polls. Very interesting questions posed for polls.,,"Hi, Parent! Thank you for your positive feedback. We are happy that our app is giving your more information and benefits about pregnancy and parenting. We hope our app features may help you and your baby. Anyway, don’t forget to invite your gang to join theAsianparent app community too! 😊",https://apps.apple.com/sg/app/id1042523855?see-all=reviews
App Store,sg,,1447467096,2016-09-10T12:40:14Z,gerified,4,,0,must have for parents!,fuss free and intuitive app! consolidated notification updates need to fine tune a bit more as they don't come in timely.,,"Hi. We have made tonnes of improvements since your review. Please check out the app for new features. And if you like them, we would love a more positive review! Thanks.",https://apps.apple.com/sg/app/id1042523855?see-all=reviews
App Store,sg,,1442313435,2016-08-31T14:08:25Z,Chinadoll3k,4,,0,Useful,It's very useful for parents with children of all ages and even allows for posting questions and answers anonymously. However it tends to show in the news feeds old posts which were posted months ago.,,"Glad you like the app. This encourages us to do even better! We are happy to announce that we have fixed this snag and have added exciting new features! So check them out and if you like them, please give us a more positive review. Thanks!",https://apps.apple.com/sg/app/id1042523855?see-all=reviews
App Store,sg,,1393765267,2016-06-13T14:10:18Z,Kuroihikari5278,4,,0,Good app for new parents,Easy to use and have lots of info for new parents,,"Glad you like the app. This encourages us to do even better! We have added new exciting features, so please check them out. If you like them, please consider giving us a more positive review! Thanks.",https://apps.apple.com/sg/app/id1042523855?see-all=reviews
App Store,sg,,9749992547,2023-03-25T11:39:22Z,CharlynB1023,5,,0,⭐️⭐️⭐️⭐️⭐️,I’m so thankful for this app. It’s really a good app especially for first time Mum like me. I get to know what are the changes with my baby’s body everyday. I also can get helpful tips from other Mums as well. Thank you!!!,,"Hi, Parent! Thank you for your positive feedback. We hope our pregnancy tracker helps you with your pregnancy and the baby tracker with your baby's growth as you cross many beautiful milestones together. Please invite fellow parents & parents-to-be to join theAsianparent app community too! 😊",https://apps.apple.com/sg/app/id1042523855?see-all=reviews
App Store,sg,,9600089606,2023-02-09T17:24:48Z,ITS AWESOME!! 💗💗,5,,0,Great app!,Thank you for including so many useful information and articles. This is my first pregnancy and I’ve many questions.  I’m checking in almost everyday to see my baby’s growth progress and the discussion board.,,"Hi, Parent! Thank you for your positive feedback. We are happy that our app is giving you useful information related to pregnancy, parenting, baby development, etc.  We hope our app continues to help you on your parenting journey.  Please do invite your friends to join theAsianparent app community! 😊",https://apps.apple.com/sg/app/id1042523855?see-all=reviews
App Store,sg,,9056032429,2022-09-05T21:28:32Z,Celthrelmir,5,,0,"Great app , awesome content",This app helps new parents like ourselves to be more informed and mindful of the little ones. I find it very useful. Keep up the articles!!!,,"Hi, Parent! Thank you for your positive feedback. We are happy that you find our app helpful as you navigate the exciting world of parenting! Because parenting is much more fun with friends, do invite them to join theAsianparent app community too! ",https://apps.apple.com/sg/app/id1042523855?see-all=reviews
App Store,my,,14304517298,2026-07-15T02:56:07Z,sekdah,1,,0,Cannot sign up,"Cannot sign up. Then if sign in using email, have to use mobile phone for confirmation but otp not deliver",,"Hello Moms, sorry for the trouble signing up and with OTP delivery. Could you email our support team to explain more to: app.feedback@theasianparent.com? This will help us fix the delivery issue quickly. Thanks for your patience!",https://apps.apple.com/my/app/id1042523855?see-all=reviews
App Store,my,,14047479011,2026-05-10T03:15:52Z,Isryh,1,,0,Data missing,Before this i love using this apps but recently my data keep on missing and need to key in my data every time i use it,,"Hi, Parents. Kami memohon maaf atas masalah yang anda alami di aplikasi kehamilan kami. Pasukan kami telah memperbaiki isu ini. Sila bersihkan cache aplikasi, dan cuba sekali lagi? Jika anda masih mengalami masalah yang sama, sila e-mel kami ke app.feedback@theasianparent.com. Jangan lupa untuk berhubung dengan ibu-ibu hamil di komuniti.😊",https://apps.apple.com/my/app/id1042523855?see-all=reviews
App Store,my,,12177075765,2025-01-12T22:02:20Z,asiaparent,1,,0,Difficult to open the app,"although already register everytime want to open the app always asking ""are u preganant"" haiyaaa
very LAU YA!!",,"Hi, Parent! Sorry for the trouble you have experienced. May we know if your account registered as a pregnant Mom, Mom with Kid or neither of them? Please drop an email to alya@theasianparent.com so that we could help resolve the issue without delay. Thank you!",https://apps.apple.com/my/app/id1042523855?see-all=reviews
App Store,my,,11943054568,2024-11-12T21:56:04Z,Sabrina@@@,1,,0,Can’t even log in,"Just downloaded the app, but it’s letting me even give my details. Like after I have put my due date, it’s stuck there. It’s neither moving forward or backwards. A very frustrating experience. Deleted the app immediately as it was no help for me. Don’t know why it has such good reviews.",,"Hi, Sabrina! We’re truly sorry for the frustrating experience you had with our app. 

If you’re willing to give us another chance, we’d love to assist you. Please email us at app.feedback@theasianparent.com with more details about the issue (e.g., device type and operating system) and screenshot (if any). 

We’re committed to making the app work seamlessly for you and appreciate your feedback in helping us improve.",https://apps.apple.com/my/app/id1042523855?see-all=reviews
App Store,my,,11886753623,2024-10-29T03:31:23Z,nazlifah,1,,0,Nk tengok gambar pon susahhh,Bila tekan gambar baby…dia akan hilang 👎🏼👎🏼👎🏼👎🏼👎🏼👎🏼👎🏼,,"Hi, Nazlifah! Maaf atas masalah yang anda alami. Sila hantar e-mel  beserta dengan aduan dan akaun butiran anda ke app.feedback@theasianparent.com, supaya kami boleh membantu untuk menyelesaikan isu ini. Terima kasih! 😊",https://apps.apple.com/my/app/id1042523855?see-all=reviews
App Store,my,,11836041093,2024-10-15T09:30:36Z,Nr Aisa,1,,0,Cant login,How do i contact developer to recover my account? I cant login!,,"Hi, Aisa! Sorry for the trouble you have experienced. Kindly email your registered email with theAsianparent app to alya@theasianparent.com",https://apps.apple.com/my/app/id1042523855?see-all=reviews
App Store,my,,11451214387,2024-07-03T09:03:32Z,hnazck,1,,0,Cannot change country,"Cannot change country. It always pop up please change country at header, but wheres header?????",,"Hi Hnazck! Thank you for using our app and we are sorry for the inconvenience. To change country, please go to you Profile (left top) > Edit Profile. Under ""Basic Details"" you can find Country and select from the drop down options. Thank you and we hope this helps. ",https://apps.apple.com/my/app/id1042523855?see-all=reviews
App Store,my,,11036866166,2024-03-12T15:52:21Z,Feyunis,1,,0,Lagging,Always lags. Notifications dont appear,,"Hi Feyunis. Sorry for the trouble you have experienced. Please send an email with your feedback and account details to app.feedback@theasianparent.com, so that we can help to resolve the issue without delay. Thank you! 😊",https://apps.apple.com/my/app/id1042523855?see-all=reviews
App Store,my,,10953752585,2024-02-18T20:01:51Z,nsjxheb,1,,0,Tak boleh search,Sebelum ni elok je huna. Tiba2 nak search anything dia kata tak jumpa apa2 padahal line kuat je.,,"Hi, Nsjxheb! Kami memohon maaf atas masalah yang pihak Cik alami. Kami akan memeriksa semula perkara ini secara berkala. Pihak theAsianparent akan cuba sedaya upaya menangani masalah seperti ini supaya tidak berulang. Maaf atas segala kesulitan. 🙇🏻‍♀️",https://apps.apple.com/my/app/id1042523855?see-all=reviews
App Store,my,,10951936295,2024-02-18T09:50:59Z,Rhhehujja,1,,0,Super slow,Super slow app and took so much time to load,,"Hi, Rhhehujja. We apologize for the inconvenience. Our team has now fixed the issue. We are aware of this problem, and our team are currently working on solving it. We will let you know the moment we fix the issue 😊",https://apps.apple.com/my/app/id1042523855?see-all=reviews
App Store,my,,10134192959,2023-07-13T03:10:01Z,Faisio@321,1,,0,Ads is annoying,Too many ads! It’s annoying. I try to close the tab but it still brings me to ads pages. I hate it!,,"Hi Parent, we truly appreciate your review! We take all feedback very seriously, so if you have any suggestions on how we could improve and enhance your user experience, please share them with us by emailing us at app.feedback@theasianparent.com. Please consider encouraging us with a 5★! 😊",https://apps.apple.com/my/app/id1042523855?see-all=reviews
App Store,my,,9995347123,2023-06-03T16:02:26Z,zrashmsdin,1,,0,Cannot see baby tracker,Why suddenly cannot see baby tracker ? I want to set time for my baby sleep but when i click the button the apps stuck and cannot click anything ? Please solve my problem.,,"Hi Parent, we truly appreciate your review! We take all feedback very seriously, so if you have any suggestions on how we could improve and enhance your user experience, please share them with us by emailing us at app.feedback@theasianparent.com. Please consider encouraging us with a 5★! 😊",https://apps.apple.com/my/app/id1042523855?see-all=reviews
App Store,my,,9960124137,2023-05-24T11:22:00Z,11Helena,1,,0,3D baby,Saya tidak dapat view 3D view yg disediakan.,,"Hi Helena, maaf di atas segala kesulitan yang anda hadapi. Sila screenshotkan kepada kami masalah anda pada maryam.maisya@theasianparent.com. Kami akan cuba sebaik boleh untuk member anda pengalaman yang terbaik.",https://apps.apple.com/my/app/id1042523855?see-all=reviews
App Store,my,,9789765342,2023-04-05T14:33:35Z,jeffrey fernaz,1,,1,It seem the app got problem,"Everything works fine except the tracker, before update can see the baby real view 360 degree image, now cannot see anymore, once i click it it shows blank page only, please fix it ya. Tq",,"Hi Jeffrey, we truly appreciate your review! We take all feedback very seriously, so if you have any suggestions on how we could improve and enhance your user experience, please share them with us by emailing us at app.feedback@theasianparent.com.",https://apps.apple.com/my/app/id1042523855?see-all=reviews
App Store,my,,9602040173,2023-02-10T08:12:02Z,anssnrdn,1,,0,Cant login using my email,"Hi, why I cant login the apps using my email. Been asking for your admin to help but theres  no feedback",,"Hi Dear, apologies for the delay in getting back to you. May i know are you still facing with the issue?",https://apps.apple.com/my/app/id1042523855?see-all=reviews
App Store,my,,9071234486,2022-09-10T15:51:45Z,are1119,1,,0,Lost all my photos,Fixed the problem,,"Hi. Sorry for the trouble you have experienced. Please send an email with your feedback and account details to app.feedback@theasianparent.com, so that we can help to resolve the issue without delay. Thank you! 😊 Do encourage us further with a 5-star rating!",https://apps.apple.com/my/app/id1042523855?see-all=reviews
App Store,my,,8440592906,2022-03-10T15:08:22Z,oev93,1,,0,In-app Language,May I know how to change language in the app? It keep changing to the language I could barely understand. Thanks,,"Thank you for using our app and we are sorry for the inconvenience. Please go to your User Profile on the top left of the screen, scroll down until you find ""Change Language"". You may select your preferred language there. Do drop us an email at app.feedback@theasianparent.com if the issue persists. ",https://apps.apple.com/my/app/id1042523855?see-all=reviews
App Store,my,,8281775068,2022-01-25T17:04:55Z,mnndnm,1,,0,Stupid setting and cannot log in to apps,"This app has a stupid setting!!! I have unfollowed ‘sembang rawak’ topics for multiple times because they are so ridiculous to follow but it keeps appearing in my feed!!!! So stupid i hate it because it asked stupid question just so people to respond!!! Plus its always on the highlight/top while people who really want to ask question left unanswered because people didnt realize due to having so many stupid question/quiz asked on sembang rawak!!
Plus, the feed is stupid. If u scroll2 more below it will be repetitive question!!! Very incompetent app!! 
I uninstalled the app and re installed it back, when i want to log in it denied me saying i need to put correct pssword! I have requested twice for password reset and when i want to log in it still denied me!!! Very stupid app!!",,"Hi. Sorry for the trouble you have experienced. Please send an email with your feedback and account details to app.feedback@theasianparent.com, so that we can help to resolve the issue without delay. Thank you! 😊 Do encourage us further with a 5-star rating!",https://apps.apple.com/my/app/id1042523855?see-all=reviews
App Store,my,,8086970279,2021-12-02T13:54:21Z,Atyra Karim,1,,0,Can’t log in after change phone,I can’t log in my account after i change my phone even i reset 3 time the password,,"Hi. Sorry for the trouble you have experienced. Please send an email with your feedback and account details to app.feedback@theasianparent.com, so that we can help to resolve the issue without delay. Thank you! 😊 Do encourage us further with a 5-star rating!",https://apps.apple.com/my/app/id1042523855?see-all=reviews
App Store,my,,8075333196,2021-11-29T07:24:13Z,Faten Affens,1,,0,Love,The best,,"Hi! Your glowing review warms our heart - we really appreciate it ❤️ We hope you continue to find our app useful as we accompany you on your parenting journey. We promise to keep improving your experience, too. Don't forget to invite your friends to join theAsianparent app community! 😊",https://apps.apple.com/my/app/id1042523855?see-all=reviews
App Store,my,,8026649100,2021-11-15T13:21:41Z,icannottoleratehatred,1,,0,So-so,"‘Parents’ on the app are not so much open for sharing of experience and knowledge, instead they tend to only advice tips that you can get on google. The apps is like an alternative to google but the answers you’ll find would be much more hatred-included. Even first time mom on there are acting like they’re many times mom already. If you’re very much a sensitive person like I am, please avoid this app!!!!! Learn it the hard way 😣",,"Hi there, Thanks for the feedback. We apologise for your bad experience. We do not tolerate bullying or abusive behaviour. We are currently taking steps to help you report such experiences to us so that we can take further action. Drop us an email at app.feedback@theasianparent.com so we can help you further. Do encourage us with a 5★ rating! 😊",https://apps.apple.com/my/app/id1042523855?see-all=reviews
App Store,my,,7765724584,2021-09-03T10:50:35Z,gdmenr d,1,,0,Bad apps,Its not compatible for my iphone. Kept asking about due date and after tht cant even click on next. So annoying,,Hi! Thank you for your review. We will convey your concern to the relevant team. We take all feedback seriously and are constantly working on upgrading our app to ensure positive user experience. Please share your feedback with us at app.feedback@theasianparent.com so we can help you better. Do kindly consider encouraging us with a 5★ rating! 😊,https://apps.apple.com/my/app/id1042523855?see-all=reviews
App Store,my,,6630840533,2020-11-10T21:30:04Z,YetŢa,1,,0,Adds,Too many adds.. Couldnt even read the articles... Big IKEA add that I couldnt close was covering the entire page.. What's the point?,,"Hi there. We apologize for the inconvenience. Our team has now fixed the issue. Please check your app and try once again. If you still experience the same problem, do email us at app.feedback@theasianparent.com. Thank you and please encourage us with a 5★ rating! 😊",https://apps.apple.com/my/app/id1042523855?see-all=reviews
App Store,my,,6010317201,2020-05-29T18:35:35Z,YM AhChong,1,,0,Can’t save my baby profile.,"Apparently my baby was born ahead of due date. I’ve entered the date as it should be. But I cannot save the profile. Maybe the developers can do something about it.
So I had to uninstalled the app, as it was unusable for me.
Maybe next time the developers can encounter the kind of problems.
I can’t do anything until it’s fixed.",,"Hi, AhChong. We apologize for the inconvenience. Our team has now fixed the issue. Please clear your cache and try once again. If you still experience the same problem after clearing the cache, do email us at app.feedback@theasianparent.com. Thank you and please encourage us with a 5★ rating! 😊",https://apps.apple.com/my/app/id1042523855?see-all=reviews
App Store,my,,14088526435,2026-05-21T08:27:45Z,124gwjwk,2,,0,Cant receive OTP,i cant receive OTP even if after multiple tries,,"Hi Parents, terima kasih atas review positif anda untuk aplikasi kehamilan kami! Semoga semua ciri dalam aplikasi theAsianparent membantu anda dalam semua perkara termasuk kawalan kelahiran, mulakan periksa kehamilan dan pergerakan janin. Oh, jangan lupa ajak rakan ibu hamil anda yang lain untuk menggunakan aplikasi kehamilan ini, ya!😊 ",https://apps.apple.com/my/app/id1042523855?see-all=reviews
App Store,my,,10954661845,2024-02-19T02:28:36Z,NRS999,2,,0,Too many bugs,Kenapa banyak sangat bugs ye? asal nak bukak je page loading terlalu lama & notification tak masuk langsung,,"Hi, NRS999! Kami memohon maaf atas masalah yang pihak Cik alami. Kami akan memeriksa semula perkara ini secara berkala. Pihak theAsianparent akan cuba sedaya upaya menangani masalah seperti ini supaya tidak berulang. Maaf atas segala kesulitan. 🙇🏻‍♀️",https://apps.apple.com/my/app/id1042523855?see-all=reviews
App Store,my,,10544468099,2023-11-03T06:48:44Z,sar.nana,2,,0,Bad to me,I cant scroll to play “next” after put a due date .,,"Hi Parent. Sorry for the trouble you have experienced. Please send an email with your feedback and account details to alya@theasianparent.com, so that we can help to resolve the issue without delay. Thank you! 😊",https://apps.apple.com/my/app/id1042523855?see-all=reviews
App Store,my,,10024670135,2023-06-12T03:35:06Z,qatr16,2,,0,Crash when enter competition,Hopefully update the applications,,"Hi, Parent! Thank you for your positive feedback. We hope our app keeps helping you and your baby grow and thrive as you cross many beautiful milestones together. Please invite your squad to join theAsianparent app community too! 😊",https://apps.apple.com/my/app/id1042523855?see-all=reviews
App Store,my,,9990806334,2023-06-02T10:57:22Z,letiac2,2,,0,Baby tracker freeze and don’t function,"Baby tracker for breastfeeding, diapers and sleep trackers suddenly freeze when I try to open and record it for my baby….",,"Hi Parent, we truly appreciate your review! We take all feedback very seriously, so if you have any suggestions on how we could improve and enhance your user experience, please share them with us by emailing us at app.feedback@theasianparent.com. Please consider encouraging us with a 5★! 😊",https://apps.apple.com/my/app/id1042523855?see-all=reviews
App Store,my,,8312661342,2022-02-03T02:35:00Z,Altaf20,2,,0,Ads on the articles,Too many ads and hard to continue reading articles when the ads keep pop out even we choose to exit.,,"Hi. Sorry for the trouble you have experienced. Please send an email with your feedback and account details to app.feedback@theasianparent.com, so that we can help to resolve the issue without delay. Thank you! 😊 Do encourage us further with a 5-star rating!",https://apps.apple.com/my/app/id1042523855?see-all=reviews
App Store,my,,8006299832,2021-11-09T19:14:43Z,auliya97,2,,0,Perlu diperbaiki,"Saya suka apps ni. Memudahkan ibu2 untuk cari maklumat. Tapi kadang2, soalan yang 2 tahun lepas pun muncul lepastu orang baru bagi jawapan sebab ingatkan yang baru. Kalau boleh, setiap pos disertai dengan tarikh yang dipost.",,"Hi, auliya97! Terima kasih atas review anda. Kami akan sampaikan isu anda kepada pihak berpatutan. Kami mengambil maklum balas pengguna dengan serius dan sentiasa menambah baik aplikasi untuk pastikan pengalaman positif untuk setiap pengguna. Kami harap anda terus menggunakan aplikasi. Tolong beri semangat kepada kami dengan memberi kami 5★ ya! 😊",https://apps.apple.com/my/app/id1042523855?see-all=reviews
App Store,my,,7489283927,2021-06-21T11:55:52Z,Knzrh,2,,0,.,"Best apps ni sebab banyak info untuk mommy to be tapi Kebanyakkan post soalan dekat feed post lama, memang macam tu ka?",,Hi! Terima kasih atas review anda. Kami akan sampaikan isu anda kepada pihak berpatutan. Kami mengambil semua maklum balas pengguna dengan serius dan akan menambah baik aplikasi untuk pastikan pengalaman positif untuk setiap pengguna. Kami harap anda terus menggunakan aplikasi dan memberi kami maklum balas yang membantu. Tolong beri semangat kepada kami dengan memberikan kami 5★ ya! 😊,https://apps.apple.com/my/app/id1042523855?see-all=reviews
App Store,my,,5383872897,2020-01-10T06:50:52Z,Akmyr Ahmad Azwan,2,,0,Full of Stupid Questions,"The app is good - But sadly, it is now full of stupid questions and those people inside it only love to respond to these stupid questions. When a serious / legit question being asked, people will ignore you.

I’d suggest the dev team to allocate one expert / staff to reply or at least guide the question so that the users wont be left hanging.

The stupid questions are the ones that are getting a lot of tractions. Which is quite sad.

Imagine asking - “Eh i muntah la, ni tanda i mengandung ke?”. And people actually love to respond to this kind of post.... rather than, GET YOURSELF CHECKED.

Deleted the app....",,"Hi Akmyr, for your information there are staffs answering all the questions. We do check and screen all the questions and if there are some stupid/sensitive questions posted by user, we will edit or delete it. 


For user who act wrongly and offensive in the app we do send warning email for them to take action on what they did. We cannot handle all the stupid questions all in one time, but we do check everyday. 


The thing is, it all started with the community. They need to support each other instead of blame/downgrade other users especially the one who the first timer.


I can't force you to stay but I hope you do have an amazing time in the app. Anyway, don’t forget to invite your gang to join theAsianparent app community too! 😊",https://apps.apple.com/my/app/id1042523855?see-all=reviews
App Store,my,,14226954047,2026-06-26T02:44:34Z,Cikpuansanasini,3,,0,OTP,Dah install tapi uninstall balik. Nak register tapi stuck dekat otp. Berapa kali tekan send otp tak sampai2.. 🥱,,"Hi, Parents. Kami memohon maaf atas masalah yang anda alami di aplikasi kehamilan kami. Pasukan kami telah memperbaiki isu ini. Sila bersihkan cache aplikasi, dan cuba sekali lagi? Jika anda masih mengalami masalah yang sama, sila e-mel kami ke app.feedback@theasianparent.com. Jangan lupa untuk berhubung dengan ibu-ibu hamil di komuniti.😊",https://apps.apple.com/my/app/id1042523855?see-all=reviews
App Store,my,,13617890340,2026-01-10T17:33:39Z,Chamiqa,3,,0,Too much ads,"Before this okay ja, lately ni terlalu banyak advertisement",,"Hi, Parents! Kami berdukacita anda tidak mendapati aplikasi kehamilan kami membantu. Jika anda mempunyai sebarang cadangan untuk kami perbaiki kekurangan dan meningkatkan kepuasan penggunaan anda, sila kongsikan dengan kami.😊 Sementara itu, anda boleh berhubung dengan ibu-ibu hamil lain di komuniti aplikasi kehamilan theAsianparent!",https://apps.apple.com/my/app/id1042523855?see-all=reviews
App Store,my,,12153201631,2025-01-06T20:50:40Z,zu1204,3,,0,Susah nukar profil,Profil nk tukar ssh betul padahal saya dah edit banyak kali still tak boleh juga 🫠,,"Hi, Parents! Maaf atas masalah yang anda alami. Boleh anda hantarkan maklumat terperinci seperti maklumat yang ingin ditukar dan sebagainya (screenshot jika ada) ke emel: alya@theasianparent.com agar kami boleh membant untuk menyelesaikan isu ini. Terima kasih!",https://apps.apple.com/my/app/id1042523855?see-all=reviews
App Store,my,,11603722760,2024-08-13T04:38:13Z,Aannneee1111,3,,0,Apps didnt work,"Why can't I open this apps? when I sign in using email, the page remains unchanged. I can't see the information in the application. but I always get emails from Asian parents. I have used it before using another phone. but when I want to use the new phone, these apps cannot be used.. can you help me ?",,"Hi, Mummy! Apologies for the inconvenience you are facing. Could you please email any relevant screenshots to alya@theasianparent.com so that we can help to resolve the issue without delay. Thank you! ",https://apps.apple.com/my/app/id1042523855?see-all=reviews
App Store,my,,11555404641,2024-07-31T11:25:45Z,BrennaLim,3,,0,Search Bar Error,"""No result found. Please try again with a different search query."" Dh msuk sminggu ye tak dpt nak search info dekat search bar tu. Dh update, install uninstall pun still sama tak dpt function.",,"Hi, BrennaLim! Thanks for your feedback and apologies for the inconvenience. Could you please email these details to alya@theasianparent.com >> 1. Device type (Android/iOS) 2. Software version (Ex: Android 14.0/iOS 17.6) 3. theAsianparent app version (refer on Google play store/Apple store) and also any screenshots relevant. Thank you!",https://apps.apple.com/my/app/id1042523855?see-all=reviews
App Store,my,,10430987717,2023-10-02T15:35:17Z,hunnyfaa,3,,0,Please cater to premie parents too,I really love using this app and reading all tips during my pregnancy. But after birth i already stop using this because my baby is premature. If only the baby tracker have option for premature baby i surely will use this always,,"Hi, Parent! Thank you for your positive feedback. We are happy that you're getting accurate information about your baby's growth and development from our app. We hope you continue to find our app useful. Don’t forget to invite your friends to join theAsianparent app community too! 😊",https://apps.apple.com/my/app/id1042523855?see-all=reviews
App Store,my,,10348198745,2023-09-08T22:13:38Z,jahshajbs,3,,0,Too many ads,please reduce the ads! it is so annoying that i have to wait the ads to finish. thank you,,"Hi Parent, Thanks for the feedback. We apologise for your bad experience. We will raise this issue to the team and share the feedback with you once it solved. Thank you!",https://apps.apple.com/my/app/id1042523855?see-all=reviews
App Store,my,,10341807008,2023-09-07T01:45:23Z,ed_naa,3,,0,help?!,it hard! how to change/set country in header???? it giving me a headache,,"Thank you for your feedback. To change or set country, you can follow these steps.

1. My Profile 
2. Edit profile
3. Country > drop down option

Thank you, and we hope you continue enjoying our app! Do encourage us further by giving us a five-star review. ",https://apps.apple.com/my/app/id1042523855?see-all=reviews
App Store,my,,9290923264,2022-11-15T05:07:16Z,Fadlim,3,,0,Only for mothers? How about fathers?,I like the app for being very informative about raising a child. But it seems like this app is made more for a mother than a father. I think the developer may consider in changing some settings to bring “papa” into the picture.,,"Hi Fadlim! Thanks for your wonderful review - it makes us so happy! We do actually have a section for fathers. You need to choose the Topic ""just dads"". hope this helps! What would encourage us even more is a 5-star review from you. We hope you keep loving our app and its features as you continue along your parenting journey. Don't forget to tell your squad to join theAsianparent app community! 😊",https://apps.apple.com/my/app/id1042523855?see-all=reviews
App Store,my,,9223054562,2022-10-26T08:50:40Z,ebie_sia,3,,0,Response,"due to my mobile phone lagging, I deleted this app. Now when I want to open the app again, I can't, I have messaged the admin, from August until now in October, there is no response to my message at all.",,"Hi, sorry you are experiencing this issue. Please email us at app.feedback@theasianparent.com for any query. Thank you",https://apps.apple.com/my/app/id1042523855?see-all=reviews
App Store,my,,8566401468,2022-04-14T13:17:36Z,mad for Craze,3,,0,Little confused,"Second time downloaded this app because the first time was in malay version which i thought i want can change it to english version by deleted and reinstalled .And apparently the app cannot get me through the message was my email is removed permanently and kindly contact with admin.Dear admin,may i know how to solve this?",,"Hi Parent, can you please email us your issue here at app.feedback@theasianparent.com. I will guide you through from there. Hang in there 💖",https://apps.apple.com/my/app/id1042523855?see-all=reviews
App Store,my,,8550885136,2022-04-10T03:15:40Z,wawadaud,3,,0,star,good,,"Dear Parent, thanks for your support - we truly appreciate it. Please encourage us further with a 5★ review! We would love to see your friends on the app, too, so don't forget to invite them to join theAsianparent app community! 😊",https://apps.apple.com/my/app/id1042523855?see-all=reviews
App Store,my,,7701996313,2021-08-17T05:57:30Z,CikLolaLotaa,3,,0,Fun to use but not that helpful sometimes,"Its really fun to use and the latest feature had a food nutritions in it but there are some foods in malaysia they didnt cover. They need to put more informations for the new mothers to understand. Plus, please link the profile to the Fathers! My husband really like to see the process of the baby.. But i really like the app it certainly does being helpful but you guys can step it up by updating to be better❤️",,Hi. Thank you for the feedback and suggestions. We have conveyed this to the related team. We take all feedback seriously and are constantly working on upgrading our app to ensure positive user experience. We hope you continue using our app and keep providing us with valuable feedback. Do kindly consider encouraging us with a 5★ rating! 😊,https://apps.apple.com/my/app/id1042523855?see-all=reviews
App Store,my,,5972611764,2020-05-21T02:06:01Z,Miss Pregnant Lady,3,,0,Please put date & time for each posting!,"Tolong la letak date & time utk each postings. Ada users post yg 2018 pun komen lagi. Apa purpose letak ‘answered 2 hours ago, etc’. Better letak date & time, so users boleh differentiate antara old & latest posts",,"Hai! Kami memohon maaf atas masalah yang pihak Cik/En alami. Kami akan memeriksa semula perkara ini secara berkala. Pihak theAsianparent akan cuba sedaya upaya untuk membaik pulih aplikasi supaya lebih mudah buat pengguna. Oh ya, jangan lupa ajak sekali geng anda untuk sama-sama aktif dalam aplikasi ini ya? 😊",https://apps.apple.com/my/app/id1042523855?see-all=reviews
App Store,my,,5487815497,2020-02-04T17:48:10Z,yaniharun,3,,0,Yaniharun,Good information,,"Hi, Yaniharun! Thank you for your positive feedback. We are happy that you find this app is helpful for you. We hope that our app features may help you and your baby. Anyway, don’t forget to invite your gang to join theAsianparent app community too! 😊",https://apps.apple.com/my/app/id1042523855?see-all=reviews
App Store,my,,13064742557,2025-08-27T01:10:31Z,NanyAlly,4,,0,Best,Many info provided,,"Hi, Parent! 🌟 Thank you for your wonderful feedback. We're thrilled to hear that our app has been a helpful resource on your parenting journey. We hope it continues to support you every step of the way. Don't forget to invite your friends to join theAsianparent app community! 😊",https://apps.apple.com/my/app/id1042523855?see-all=reviews
App Store,my,,11449964443,2024-07-02T23:29:13Z,Suuuuu92,4,,0,Language setting,This app is good. But how do I change the language setting?,,"Hi, Suuuuu92! Thank you for using our app and we are sorry for the inconvenience. Please go to your User Profile on the top left of the screen, scroll down until you find ""Change Language"". You may select your preferred language, here. ",https://apps.apple.com/my/app/id1042523855?see-all=reviews
App Store,id,,14311687108,2026-07-16T21:10:58Z,papoy18,1,,0,Bug pada tampilan,Aplikasi tidak bisa scroll ke bawah untuk klik “selanjutnya” pada halaman awal persis setelah berhasil login,,"Dear Bunda, mohon maaf atas kendala yang dialami. Tim kami akan menindaklanjuti masalah ini. Untuk membantu proses pengecekan, mohon kirimkan detail kendala, tipe perangkat, dan screenshot/rekaman layar ke app.feedback@theasianparent.com. Terima kasih.",https://apps.apple.com/id/app/id1042523855?see-all=reviews
App Store,id,,14236442305,2026-06-28T11:10:08Z,@Misshel,1,,0,Banyak iklan,"Tolong klo aplikasi baru di buka jgn langsung nampilin banner iklan. Cape gue muncul mulu, kepencet mulu, ujung2nya ke shopee ke chrome. Sumpah itu iklan pada ganggu. Klo mau iklan tambahin slot baru di tab baru. Jgn langsung muncul pas app dibuka. Kesel gue lama2",,"Hai, Parent! Mohon maaf atas ketidaknyamanannya. Kami memahami iklan yang langsung muncul saat aplikasi dibuka dapat mengganggu. Masukan Anda sudah kami catat dan akan kami teruskan ke tim terkait untuk bahan evaluasi. Terima kasih atas feedback-nya. 😊",https://apps.apple.com/id/app/id1042523855?see-all=reviews
App Store,id,,14115077799,2026-05-28T10:20:31Z,rbd_,1,,0,clickbait,terlalu banyak clickbait ke external web,,"Halo Parents,

Terima kasih atas masukannya. Kami mohon maaf apabila pengalaman yang dirasakan kurang nyaman karena terdapat banyak tautan yang mengarah ke website eksternal.

Masukan ini sangat berarti bagi kami dan akan kami sampaikan kepada tim terkait sebagai bahan evaluasi untuk meningkatkan kualitas konten dan pengalaman pengguna di aplikasi.

Terima kasih telah meluangkan waktu untuk memberikan saran kepada kami. 🙏",https://apps.apple.com/id/app/id1042523855?see-all=reviews
App Store,id,,13196318430,2025-09-28T14:30:25Z,Suwiyoga,1,,0,Parah,"Ada iklan judi online di apps ini, padahal sy sudah user lama.",,"Halo Bunda Suwiyoga, terima kasih banyak atas masukannya, Kami mohon maaf dengan sepenuh hati atas masalah yang terjadi. Untuk itu, kami sedang berusaha untuk mengatasi masalah ini dengan tim terkait. Bun 😊
",https://apps.apple.com/id/app/id1042523855?see-all=reviews
App Store,id,,12679541439,2025-05-21T04:07:18Z,POETRYYYYYY,1,,0,SUSAH BUAT LOGIN BANYAK IKLAN,awalnya bagus lama lama banyak iklan susah kali buat login,,"Hai, Bunda Poetry! Mohon maaf untuk ketidaknyamanannya ya. Iklan sangat dibutuhkan agar aplikasi kami tetap gratis untuk pengguna, tapi jangan khawatir, kami sudah melakukan upaya untuk mengurangi frekuensi iklan yang muncul. Meskipun begitu, mungkin penyebab masalah susah login bukan merupakan iklan. Agar kami dapat membantu Bunda lebih lanjut, mohon untuk mengirimkan detail masalah Bunda ke app.id@theasianparent.com ya Bun. Terima kasih 😊",https://apps.apple.com/id/app/id1042523855?see-all=reviews
App Store,id,,12389941539,2025-03-06T21:27:47Z,Puuutttttttt,1,,0,Suka lag,"Suka lag! Tiap buka pasti aplikasinya slalu nge lag , harus quit trs buka lagi",,"Hi Parent Puuutttttttt! Terima kasih telah melaporkan kendala ini, ya. Kami minta maaf atas ketidaknyamanannya. Tim kami sedang melakukan investigasi dan segera memperbaiki masalah ini. Jika memungkinkan, mohon kirimkan detail permasalahan ke app.id@theasianparent.com karena akan sangat membantu kami mempercepat proses perbaikan. Terima kasih 😊",https://apps.apple.com/id/app/id1042523855?see-all=reviews
App Store,id,,11846239706,2024-10-18T05:51:20Z,kamila nurbaya,1,,1,Iklan terus,Aplikasi awalnya udah bagus jarang ada iklan sekarang setiap buka setiap scroll selalu muncul iklan gak jelas 👎,,"Hai, Bunda Kamila! Mohon maaf untuk ketidaknyamanannya, ya. Iklan sangat dibutuhkan agar aplikasi kami tetap gratis untuk pengguna, tapi jangan khawatir, kami akan melakukan upaya untuk membuat Bunda lebih nyaman saat menggunakan aplikasi kami. Untuk pertanyaan lebih lanjut, bisa hubungi kami di kayla.azzahra@theasianparent.com. Terima kasih 😊",https://apps.apple.com/id/app/id1042523855?see-all=reviews
App Store,id,,11555943773,2024-07-31T14:16:29Z,newmom24jxjddj,1,,1,NOTIFIKASI JELEK!,"aku sebagai ibu yg hamil pertama kali dpt notif dari aplikasi ini suka down! coba deh kalo buat artikel judulnya menyenangkan dan tidak membuat bumil kepikiran, iya tau emang edukasi tapi bisa kan bahasanya yg baik, sering bgt loh ini. contoh : ini tanda janin tidak berkembang, ini tanda akan keg***ran yaallahhhh ga sehat bgt mental ibu hamil dpt notif kaya gitu😭😭😭😭😭auto hapus",,"Hi Parent! Terima kasih atas masukannya. Kami mohon maaf jika ada pesan notifikasi kami yang menyebabkan ketidaknyamanan, ya. Tim kami akan melakukan evaluasi dan perbaikan agar notifikasi di masa mendatang lebih positif dan relevan untuk Parent. Kami sangat menghargai masukan yang diberikan, dan harap terus dukung kami dalam memberikan pengalaman terbaik. Terima kasih 😊",https://apps.apple.com/id/app/id1042523855?see-all=reviews
App Store,id,,11511186621,2024-07-19T15:15:04Z,Mickysmic,1,,0,App tidak bisa sign up ataupun log in,Appnya crash gabisa log in sign up skalinya bisa nunggu otp yg tak kinjung terkirim ke email tolong dong harus gimana?,,"Hi Parent! Kami mohon maaf atas kendala login yang dihadapi, namun kendala ini telah kami perbaiki dan Parent seharusnya sudah bisa login kembali sekarang. Jika masih mengalami masalah ini atau membutuhkan bantuan lebih lanjut, jangan ragu untuk menghubungi kami di kayla.azzahra@theasianparent.com. Terima kasih 😊",https://apps.apple.com/id/app/id1042523855?see-all=reviews
App Store,id,,11510984190,2024-07-19T14:14:11Z,Abprasetya,1,,0,Notifikasi Yang Tidak Nyaman,"Notifikasi peringatan bahaya untuk ibu dan bayi memang bagus. Tapi narasinya terlalu berlebihan dan memberikan kekhawatiraan. Pada orang tua apalagi calon orang tua. Sebagai pengembang aplikasi pendamping kehamilan, harusnya pengembang tahu bahwa kondisi psikologis orang tua harus dijaga. HAL INI SANGAT SERIUS DAN PERLU DI PERHATIKAN. Semoga ada perbaikan. Perbaiki kontennya dan perbaiki SDM nya.",,"Hi Parent! Terima kasih atas masukannya. Kami mohon maaf jika ada pesan notifikasi kami yang menyebabkan ketidaknyamanan, ya. Tim kami akan melakukan evaluasi dan perbaikan agar notifikasi di masa mendatang lebih positif dan relevan untuk Parent. Kami sangat menghargai masukan yang diberikan, dan harap terus dukung kami dalam memberikan pengalaman terbaik. Terima kasih 😊",https://apps.apple.com/id/app/id1042523855?see-all=reviews
App Store,id,,11424216235,2024-06-26T07:01:45Z,cahyarizqina,1,,1,BAD NOTIF,"Notifikasi yang diberikan sangat buruk dan negatif kalimatnya dan ini sering. Contoh: Maaf Mom, Anak kamu si Bayu BODOH, kalau tidak bisa melakukan hal ini.

Kalimat notifikasinta kan bisa dibuat positif aja woy!!",,"Hi Parent! Terima kasih atas masukannya. Kami mohon maaf jika ada pesan notifikasi kami yang menyebabkan ketidaknyamanan, ya. Tim kami akan melakukan evaluasi dan perbaikan agar notifikasi di masa mendatang lebih positif dan relevan untuk Parent. Kami sangat menghargai masukan yang diberikan, dan harap terus dukung kami dalam memberikan pengalaman terbaik. Terima kasih 😊",https://apps.apple.com/id/app/id1042523855?see-all=reviews
App Store,id,,11115019767,2024-04-03T00:03:31Z,LuckyDaddy15,1,,0,Can’t scroll,I can’t scroll app down submitting results at the registration- please fix it. My phone is 14 pro.,,"Hai LuckyDaddy15, bolehkah meminta tolong untuk mengirimkan detail laporan ini ke email: app.id@theasianparent.com. Terima kasih banyak :)",https://apps.apple.com/id/app/id1042523855?see-all=reviews
App Store,id,,11071159033,2024-03-22T03:14:29Z,Marigold23332,1,,0,Ubah country nggak bisa,"Mau ubah country nggak bisa, banner nggak bisa di click aneh bgt",,"Hai, Parents. Mohon maaf atas kendala yang Parents hadapi.
Agar kami bisa melakukan pengecekan lebih lanjut, tolong kirim screenshot / screen record terkait kendala Parents ke email app.feedback@theasianparent.com. Terima kasih atas pengertiannya.",https://apps.apple.com/id/app/id1042523855?see-all=reviews
App Store,id,,11007049430,2024-03-04T12:18:55Z,Fredericha Kimi,1,,1,NOTIFIKASI TERLALU EXPOSE KATA NEGATIF !,"So far aplikasi bagus lho, bisa sharing para bumil. Tapi kenapa yang muncul di pemberitahuan selalu pake kata BERCETAK TEBAL yang NEGATIF-NEGATIF

Kayak yang disorot “TANDA JANINMU MENINGGAL”, “BAYIMU TIDAK BERNAPAS”, pokoknya kata-kata negatif. Sedangkan kalo kata positif jarang banget dicetak tebal. Saya tau kalian mau aware, tapi bahaya banget kalo orang dapat notif pas bangun tidur atau mau tidur diginiin karena bisa jadi afirmasi. MIKIR ngga sampai situ?

Please donggg banyakin notifikasi dengan kata-kata positif misalnya “BAYIMU SEHAT DENGAN SAYUR INI!”, “BAYIMU CERDAS, PILIH MAKANAN INI”.",,"Hi Bunda! Terima kasih atas masukannya. Kami mohon maaf jika ada pesan notifikasi kami yang menyebabkan ketidaknyamanan, ya. Tim kami akan melakukan evaluasi dan perbaikan agar notifikasi di masa mendatang lebih positif dan relevan untuk Bunda. Kami sangat menghargai masukan yang diberikan, dan harap terus dukung kami dalam memberikan pengalaman terbaik. Terima kasih 😊",https://apps.apple.com/id/app/id1042523855?see-all=reviews
App Store,id,,10952752035,2024-02-18T14:35:26Z,Yudistira Saputri F,1,,0,Kenapa skrng aplikasinya jadi lalod banget?,"Selalu tulisannya lost jaringan padhaal jaringan sy bagus kok , susah banget mau buka app buat mau catatan minum susu harian anak sy",,"Hi Bunda! Terima kasih telah melaporkan kendala ini, ya. Kami minta maaf atas ketidaknyamanannya. Tim kami sedang melakukan investigasi dan segera memperbaiki masalah ini. Jika memungkinkan, mohon kirimkan detail permasalahan ke kayla.azzahra@theasianparent.com karena akan sangat membantu kami mempercepat proses perbaikan. Terima kasih 😊",https://apps.apple.com/id/app/id1042523855?see-all=reviews
App Store,id,,10718133981,2023-12-19T15:49:04Z,mira123445689,1,,0,Please Fix Bugs,"Sebenernya ini aplikasi membantu banget, tapi sekarang muncul iklan yang besar banget sampe nutupin hampir seluruh layar jadi nggak bisa baca artikelnya. Bintang 1 dulu, diubah kalau sudah fixed. Thanks.",,"Hai, Parents mira123445689. Mohon maaf untuk kendala yang Parents hadapi Ads sangat dibutuhkan agar aplikasi kami tetap gratis untuk pengguna. Tapi jangan khawatir, kami sudah melakukan upaya untuk mengurangi frekuensi iklan yang muncul.
Untuk pertanyaan lebih lanjut, bisa hubungi kami di app.feedback@tickledmedia.com/nia@tickledmedia.com. Terima kasih ya😊
",https://apps.apple.com/id/app/id1042523855?see-all=reviews
App Store,id,,10698672923,2023-12-15T22:50:01Z,Ffnnnnnnn,1,,0,Kebanyakan IKLAN,"Iklannya kurang besar mbak sampai nutupin layar artikel yg mau dibaca
Bukannya dapat informasi
Malah emosi",,"Hai, Parents Ffnnnnnnn. Mohon maaf untuk kendala yang Parents hadapi Ads sangat dibutuhkan agar aplikasi kami tetap gratis untuk pengguna. Tapi jangan khawatir, kami sudah melakukan upaya untuk mengurangi frekuensi iklan yang muncul.
Untuk pertanyaan lebih lanjut, bisa hubungi kami di app.feedback@tickledmedia.com/nia@tickledmedia.com. Terima kasih ya😊
",https://apps.apple.com/id/app/id1042523855?see-all=reviews
App Store,id,,10673587540,2023-12-09T09:07:48Z,394ai,1,,0,App,"Loadingnya lama kali setiap di buka, gabisa buka apa apa, semua nya katanya terjadi kesalahan. Jadi gedeg liatnya",,"Halo Parent 394ai, mohon maaf atas masalah yang Parent hadapi. Untuk mengatasinya, silakan membersihkan cache aplikasi ya. Selain itu, silakan update app Parent ke versi terbaru agar Parent tidak mengalami hal ini lagi kedepannya. Bila masih mengalami masalah yang sama, silahkan kirim detail akun Parent ke app.feedback@theasianparent.com 😊",https://apps.apple.com/id/app/id1042523855?see-all=reviews
App Store,id,,10325286199,2023-09-02T06:47:17Z,annisa lutfiana,1,,0,Bgvbb,Ga jelas ga bisa atur tgl,,"Halo, Parent annisa lutfiana! Terima kasih atas feedbacknya. Namun, kami cukup kesulitan memahami keluhan yang Parent maksud nih :( Silahkan kirimkan detail masalahnya (bisa berupa screenshoot, link, dll) ke email app.feedback@theasianparent.com / nia@tickledmedia.com agar kami bisa segera menindaklanjutinya. Terima kasih😊
",https://apps.apple.com/id/app/id1042523855?see-all=reviews
App Store,id,,10271297346,2023-08-18T06:53:48Z,Joykooooo,1,,0,Reset pasword,"Mau login tp lupa pasword,udh klik mengirim tautan ke email untuk reset pe tp tidak ada email masuk, sudh di ck berulang",,"Halo, Parent! Terima kasih atas feedbacknya. Namun, kami cukup kesulitan memahami keluhan yang Parent maksud nih :( Silahkan kirimkan detail masalahnya (bisa berupa screenshoot, link, dll) ke email nia@tickledmedia.com / rohaya.sitanggang@tickledmedia.com agar kami bisa segera menindaklanjutinya. Terima kasih😊",https://apps.apple.com/id/app/id1042523855?see-all=reviews
App Store,id,,10141915465,2023-07-15T05:24:32Z,elgacmc,1,,0,Iklannya annoying,"Lama-lama annoying jd ada iklan tiap scroll iklan trs, punya game ada iklan aja lgsg diapus apalagi kaya gini hadeh.",,"Hai, Parent elgacmc! Terima kasih atas review-nya. Kami sangat terbuka atas masukan dan saran yang bisa membuat aplikasi kami menjadi lebih baik. Kami akan mendiskusikan saran Anda bersama tim terkait! 😊 (Jangan lupa bintang 5-nya!) 😊",https://apps.apple.com/id/app/id1042523855?see-all=reviews
App Store,id,,10130636538,2023-07-12T04:10:35Z,Tiffany Akbar,1,,0,Bad,"Sejak akhir tahun 2022, reedem poin ke voucher eh voucher nya gak bisa dipake sama sekali. Malah ada keterangan voucher tidak dapat digunakan. Belum lagi konversi poin ke voucher nya yg kemahalan.
Ditambah skrang tiap comment selalu ada iklan",,"Halo, Parent Tiffany Akbar! Terima kasih atas feedbacknya. Namun, kami cukup kesulitan memahami keluhan yang Parent maksud nih :( Silahkan kirimkan detail masalahnya (bisa berupa screenshoot, link, dll) ke email app.feedback@theasianparent.com / rohaya.sitanggang@tickledmedia.com agar kami bisa segera menindaklanjutinya. Terima kasih! (Jangan lupa bintang 5-nya!) 😊
",https://apps.apple.com/id/app/id1042523855?see-all=reviews
App Store,id,,10048754178,2023-06-19T03:34:25Z,Anonimbae,1,,0,BANYAK IKLAN SPAM,"Kenapa ya TAP sekarang bnyak iklan spam. Ganggu banget. Scroll dikit iklan, mau liat apa iklan. JADI MALES BUKA APLIKASI TAP LAGI. !!!!",,"Halo Bunda Anonimbae, terima kasih banyak atas masukannya, Kami mohon maaf dengan sepenuh hati atas masalah yang terjadi, kami sedang berusaha untuk mengatasi masalah ini dengan tim terkait. Ditunggu informasi terbarunya ya, Bun 😊",https://apps.apple.com/id/app/id1042523855?see-all=reviews
App Store,id,,9952968438,2023-05-22T07:43:44Z,merrykevin,1,,0,Aplikasi jelek,"Aplikasinya jelek banget bikin emosi tiap kali buka 😭 mau posting, mau buka postingan, mau komentar, selalu aja ada tulisan connection lost padahal internet baik” aja. Padahal udah update aplikasinya tetep aja connection lost. Mau komentar posting harus sampe pencet 2x. Kadang buka post isinya ga ada 
Hah cape banget jadi males buka aplikasinya 😭",,"Halo, Parent merrykevin! Terima kasih atas feedbacknya. Namun, kami cukup kesulitan memahami keluhan yang Bunda maksud nih :( Silahkan kirimkan detail masalahnya (bisa berupa screenshoot, link, dll) ke email app.feedback@theasianparent.com / rohaya.sitanggang@tickledmedia.com agar kami bisa segera menindaklanjutinya. Terima kasih! (Jangan lupa bintang 5-nya!) 😊
",https://apps.apple.com/id/app/id1042523855?see-all=reviews
App Store,id,,9933209233,2023-05-16T15:44:47Z,Mandabummi,1,,0,Maaf ya bintang 1,"Soalnya di pas foto bayiku di pemantau kehamilan gambarnya tuh ilang ilangan. Gabisa di liat, bisa diliat di awal trus di klik kan nah abis tuh lgsg ilang. Padahal udh update, penggunaan di ios aneh bgt. Tolong ya diperbaiki . Setelah bisa nanti aku ubah lagi bintangnya",,"Halo, Parent Mandabummi! Terima kasih atas feedbacknya. Namun, kami cukup kesulitan memahami keluhan yang Bunda maksud nih :( Silahkan kirimkan detail masalahnya (bisa berupa screenshoot, link, dll) ke email app.feedback@theasianparent.com / rohaya.sitanggang@tickledmedia.com agar kami bisa segera menindaklanjutinya. Terima kasih! (Jangan lupa bintang 5-nya!) 😊
",https://apps.apple.com/id/app/id1042523855?see-all=reviews
App Store,id,,9830550601,2023-04-17T05:37:10Z,indaharfianty,1,,0,Fitur VIP Parent bad,Aplikasinya bagus.. sayang aja fitur VIP parent yg ada di dalam aplikasi ini jelek banget.. katanya bisa membantu budidayakan para Ibu rumah tangga dengan penghasilan tambahan.. sampe sekarang fee saya sudah dari 2022 belum semua terbayarkan.. tolong perbaiki sistem VIP parent..,,"Halo, Bunda indaharfianty. Mohon maaf atas kendalanya. Saat ini kami sedang ada perbaikan sistem dalam internal kami untuk pembayaran VIParents, silahkan email ke finance_id@tickledmedia.com dengan menyertakan nama, akun instagram, nama campaign dan periode campaign untuk informasi lebih lanjut. Terima kasih! 😊
",https://apps.apple.com/id/app/id1042523855?see-all=reviews
App Store,id,,9795291727,2023-04-07T04:48:09Z,kishiaprilia,1,,0,"Pembayaran fee talent lelet, admin jg g guna tdk ad yg jawab","TOLONG LIAT GRUP TELEGRAM, BAYARKAN FEE TALENT",,"Halo, Bunda kishiaprilia. Mohon maaf atas kendalanya. Saat ini kami sedang ada perbaikan sistem dalam internal kami untuk pembayaran VIParents, silahkan email ke finance_id@tickledmedia.com dengan menyertakan nama, akun instagram, nama campaign dan periode campaign untuk informasi lebih lanjut. Terima kasih! 😊
",https://apps.apple.com/id/app/id1042523855?see-all=reviews
App Store,id,,9659963579,2023-02-27T05:27:07Z,inddalinda,1,,0,BAYAR FEE TALENT,"tolong dong bayar hasil kerja talent yg campaign udah berakhir dari oktober november, tapi sampe detik ini belum ada kejelasan pembayaran fee. Katanya diawal februari ini udah akhir tp blm juga dibayar. Tolong jgn zolim saya sudah kerja sesuai yg diminta tolong bayar hak saya.",,"Halo, Bunda inddalinda. Mohon maaf atas kendalanya. Saat ini kami sedang ada perbaikan sistem dalam internal kami untuk pembayaran VIParents dan campaign, silahkan email ke finance_id@tickledmedia.com dengan menyertakan nama, akun instagram, nama campaign dan periode campaign untuk informasi lebih lanjut. Terima kasih! 😊
",https://apps.apple.com/id/app/id1042523855?see-all=reviews
App Store,id,,9093498988,2022-09-17T11:35:09Z,Phezek,1,,0,Error,Kenapa setelah didownload tidak bisa loginn . Udah dicoba berkali kali tetep gabisa,,"Halo Bunda, 

Kami mohon maaf atas masalah yang terjadi. Untuk mengatasi masalah yang sedang Bunda hadapi, silakan untuk membersihkan cache aplikasi ya, Bun. Selain itu, silakan update app Anda ke versi terbaru agar Anda tidak mengalami hal ini lagi kedepannya. 

Tim internal kami juga sedang memperbaiki akun Bunda. Tolong juga kabari kami jika Bunda masih belum bisa login setelah 24 jam ya.

Terima kasih! 😊
",https://apps.apple.com/id/app/id1042523855?see-all=reviews
App Store,id,,8782286880,2022-06-17T09:32:34Z,tya arnoli,1,,0,Ga bisa masuk,"Saya coba install dan reinstall berkali2 tetap saja masih stuck di pertanyaan , dan ga bisa akses sampai selesai. Ga ngerti kenapa.",,"Hai Bunda tya arnoli. Mohon maaf untuk ketidaknyamanannya. App kami sempat mengalami gangguan, namun saat ini telah kami perbaiki. Silakan dicoba kembali ya, Bun. Jika masih mengalami kendala, mohon kirimkan detail akun dan keluhan ke email app.feedback@theasianparent.com. Terima kasih dan jangan lupa kasih bintang 5★ ya, Bun!
",https://apps.apple.com/id/app/id1042523855?see-all=reviews
App Store,id,,8603384222,2022-04-25T02:52:08Z,floaska220,1,,0,TERLALU BANYAK ADS,"plis, iklannya banyak bgt… kalau kaya gini, masih banyak media source yang lain untuk cari info",,"Halo Bunda, untuk mengatasi masalah yang sedang Bunda hadapi, silakan membersihkan cache aplikasi ya, Bun. Selain itu, silakan update app Bunda ke versi terbaru agar Bunda tidak mengalami hal ini lagi kedepannya. Bila masih mengalami masalah yang sama, silahkan kirim email berisi keluhan dan detail akun Bunda ke app.feedback@theasianparent.com 😊",https://apps.apple.com/id/app/id1042523855?see-all=reviews
App Store,id,,8499381373,2022-03-26T23:50:00Z,nadiyyarahmaniya,1,,0,Mantep,Mantep,,"Hai, Parent! Terima kasih atas review positifnya ❤️ Semoga Anda bisa menggunakan semua fitur aplikasi theAsianparent dengan baik ya! Jangan ragu juga untuk bertanya seputar kehamilan, persiapan proses persalinan, tips pernikahan, rekomendasi makanan anak, gizi balita dan topik lainnya kepada para pakar di komunitas kami 😊",https://apps.apple.com/id/app/id1042523855?see-all=reviews
App Store,id,,8479715826,2022-03-21T12:30:30Z,milatun,1,,0,Postingan tidak ditemukan,Kok saya nggak bisa ya nyari postingan apapun? keyword yg saya cari nggak keluar,,"Hai, Bunda. Mohon maaf atas masalah yang Bunda alami. Saat ini tim kami telah memperbaiki masalah tersebut dan silahkan coba sekali lagi. Bila Bunda masih mengalami masalah yang sama, silahkan kirim detail akun Bunda ke app.feedback@theasianparent.com. Terima kasih! 😊 (Jangan lupa bintang 5-nya!) 😊",https://apps.apple.com/id/app/id1042523855?see-all=reviews
App Store,id,,8464998260,2022-03-17T12:21:15Z,zaaarasz,1,,0,Tidak bisa searching,Kok gagal terus yaa saya mau cari postingan yg  saya cari.,,"Halo Bunda, untuk mengatasi masalah yang sedang Bunda hadapi, silakan membersihkan cache aplikasi ya, Bun. Selain itu, silakan update app Bunda ke versi terbaru agar Bunda tidak mengalami hal ini lagi kedepannya. Bila masih mengalami masalah yang sama, silahkan kirim email berisi keluhan dan detail akun Bunda ke app.feedback@theasianparent.com 😊
",https://apps.apple.com/id/app/id1042523855?see-all=reviews
App Store,id,,8069501405,2021-11-27T16:12:43Z,syafitri ayu santi,1,,0,Eror,"Sudah beberapa kali mengajukan pertanyaan di aplikasi tp tdk ada notif balasan. Seperti nya apliksi nya bermasalah. Selalu minta update, sudah sy update tp kok gk mendapt blsn. Seprti bau2 eror",,Hi Bunda. Setiap pengguna aplikasi memiliki pilihan untuk menjawab atau tidaknya suatu pertanyaan. Terima kasih atas feedback-nya dan saran Bunda akan menjadi pertimbangan oleh tim kami ya. Semoga Anda bisa menggunakan semua fitur dalam aplikasi theAsianparent dengan baik ya! Jangan lupa beritahu teman Anda untuk bergabung di komunitas kami. 😊,https://apps.apple.com/id/app/id1042523855?see-all=reviews
App Store,id,,7955133919,2021-10-26T09:04:52Z,wkshak,1,,0,Akun tdk bisa dihapus,Bagus tapi sayang ga ada fitur hapus akun.,,"Hai, Parent! Terima kasih atas reviewnya. Untuk saat ini aplikasi kami belum memiliki fitur/opsi untuk menghapus akun. Hal itu akan menjadi masukan dan pertimbangan untuk kami kedepannya, ditunggu informasi terbarunya ya Bun. Jangan lupa kasih bintang 5★ ya!
",https://apps.apple.com/id/app/id1042523855?see-all=reviews
App Store,id,,7477698533,2021-06-18T08:47:13Z,Ira Khoerunnisa,1,,0,Please retry terus!,Kenapa aplikasinya pas di buka jadi please retry terus ya? Ga bisa bisa😞,,"Halo Bunda. Mohon maaf atas masalah yang terjadi. Silakan Bunda coba untuk clear all data pada setting HP Anda. Jika Bunda masih mengalami hal yg sama, silakan untuk email detail keluhan Bunda ke app.feedback@theasianparent.com.  jangan lupa kasih bintang 5★ ya! Oh ya, undang teman untuk gabung dalam komunitas theAsianparent juga! 😊
",https://apps.apple.com/id/app/id1042523855?see-all=reviews
App Store,id,,7392478455,2021-05-27T00:40:43Z,tiintiinaa,1,,0,Tidak bisa dibuka! Something went wrong!,Diupdate malah tidak bisa dibuka. Udh remove dan install lagi malah muter2 ga jelas..😿,,"Halo Bunda. Mohon maaf atas masalah yang terjadi. Silakan Bunda coba untuk clear cache aplikasi ini. Jika Bunda masih mengalami hal yang sama setelah membersihkan cache, silakan kirimkan e-mail keluhan ke app.feedback@theasianparent.com. Jika nanti Anda telah menyukai app kami, jangan lupa kasih bintang 5★ ya! Oh ya, undang teman-teman kalian untuk gabung dalam komunitas theAsianparent juga! 😊",https://apps.apple.com/id/app/id1042523855?see-all=reviews
App Store,id,,6608306163,2020-11-04T15:09:50Z,Taro Sakamoto,1,,0,Pencuri Clipboard,"Saat aplikasi ini dibuka (awal); maka aplikasi ini akan mengambil data yg telah Anda salin melalui memori clipboard.
Awas, Anda dimata-matai!",,"Hai, Parent. Kami selalu menjaga kebijakan privasi dan data dari setiap pengguna. Permission untuk akses camera dan memory diperlukan hanya untuk kemudahan Anda dalam menggunakan beberapa fitur di dalam Aplikasi, seperti fitur Photobooth dan lainnya. Jika hal ini masih menjadi masalah dan butuh penjelasan lebih lanjut, silakan email kami di app.feedback@theasianparent.com agar kami bisa menindaklanjuti. Terima kasih.",https://apps.apple.com/id/app/id1042523855?see-all=reviews
App Store,id,,6419784208,2020-09-12T01:33:20Z,yantiragil,1,,0,Leletbanget,Kok lelet yaaa mau pantau sibayi kaya apa klau ga bisa dibuka🤦🏼‍♀️,,"Halo Bunda, mohon maaf atas kendala yang dialami. Tim kami akan bekerja untuk menyelesaikan masalah ini. Mohon mencoba kembali setelah jawaban ini ya. Jika masih mengalami kendala, mohon kesediaan Anda untuk mengirimkan detail akun Bunda dan keluhan yang dialami ke alamat email: app.feedback@theasianparent.com. Terima kasih.",https://apps.apple.com/id/app/id1042523855?see-all=reviews
App Store,id,,6322944220,2020-08-15T16:37:00Z,orang terkaya,1,,0,IKLAN APLIKASI MENGGANGGU,GAUSAH ADA DI GUGEL PENJELASANNYA KALO IKLAN APLIKASINYA AJA MENGGANGGU BANGSAAAAATTTT !!!!!!!,,"Halo, Parent! Mohon maaf atas ketidaknyamanannya. Saat ini kami mencoba untuk mengatasi masalah tersebut. Bolehkah bantu kami untuk menjelaskan detail iklan yang Anda maksud di app.feedback@theasianparent.com, supaya tim kami bisa segera menyelesaikan masalah ini. Terima kasih 🙂",https://apps.apple.com/id/app/id1042523855?see-all=reviews
App Store,id,,5757406206,2020-04-03T19:27:52Z,f3b1,1,,0,Kurang cocok,"Isi masyarakatnya beragam, beranda suka banyak pertanyaan. gk tau ini buat golongan mana, saya kurang cocok aja melihat pertanyaan2, jd ku uninstall. Terimakasih.",,"Hi Bunda! Terima kasih atas reviewnya. Aplikasi ini merupakan tempat bertukar cerita para Parents yang bebas bersuara, tanpa memikirkan status atau golongan manapun. Jika Bunda merasa tidak menginginkan beberapa postingan untuk muncul di beranda silahkan pilih 'Jangan Perlihatkan Ini Pada Saya' ya, Bun. Semoga Bunda bisa tetap nyaman menggunakan fitur lainnya dalam aplikasi theAsianparent ini! 😊",https://apps.apple.com/id/app/id1042523855?see-all=reviews
App Store,id,,5546411204,2020-02-18T05:10:52Z,velinda28,1,,0,Tidak bisa menulis pertanyaan,"Hallo pihak pembuat aplikasi ini , saya kurang puas karena setiap saya mengajukan pertanyaan dan saya kirim selalu eror pasti begitu 
Padahal sinyal saya full dan kuota full 
Hp saya juga support",,"Halo Bunda, mohon maaf atas kendala yang dialami. Mohon kesediaannya untuk mengirimkan detail akun Bunda dan keluhan yang dialami ke alamat email: app.feedback@theasianparent.com ya. Terima kasih.
",https://apps.apple.com/id/app/id1042523855?see-all=reviews
App Store,id,,5485983362,2020-02-04T08:07:12Z,fencbgd,1,,0,Bintang 1,Inginx memberikan bintang 5 tapi Alasanx sebab kurang perhatian pada orang2 yg mendaftar VIP katanya dalam 7 minggu blum juga ada tanggapan silahkan hubungi dia lansung tapi saat di hubungi juga malah tdk ada respon sedikitpun padahal sudah lama nungguin trus tpi gak di respon2,,"Halo, terima kasih banyak atas masukannya dan mohon maaf atas ketidaknyamanannya. Untuk masalah VIP Mum yang tidak juga direspon sedikitpun, mohon kesediaan untuk mengirimkan detail akun Bunda dan keluhan yang dialami ke alamat email: app.feedback@theasianparent.com. Terima kasih. ",https://apps.apple.com/id/app/id1042523855?see-all=reviews
App Store,id,,4944913289,2019-10-14T08:03:10Z,Khasdyanatahirr,1,,0,udah di refresh tapi eror terus,pengen baca2 tapi gak bisa krna eror terus 😒,,"Hai, Bunda Khasdya. Mohon maaf untuk ketidaknyamanannya, Bun. App kami sempat mengalami gangguan namun saat ini sudah kami perbaiki. Silakan mencoba kembali ya, Bun. Jika Anda masih mengalami masalah yang sama, boleh email kami di app.feedback@theasianparent.com. Terima kasih! (Jangan lupa bintang 5-nya, Bun!) 😊",https://apps.apple.com/id/app/id1042523855?see-all=reviews
App Store,id,,13509533076,2025-12-13T17:41:21Z,Sisilkntg,2,,0,Iklan tidak pantas,"Sebenarnya sdh bagus bgt aplikasinya, pas buka artikel disambut iklan pop up judi slot jdi ilfeel 😭 
Mungkin bisa dikurasi iklan2nya karna cukup mengganggu.",,"Mohon maaf atas ketidaknyamanan yang dialami. Terima kasih telah menyampaikan masukan ini kepada kami. Kami akan segera menindaklanjuti dan meneruskan laporan ini kepada tim terkait.

Apabila di kemudian hari Parents kembali menemukan hal serupa, kami sangat menghargai jika berkenan melaporkan detailnya ke app.id@theasianparent.com agar dapat kami tindak lanjuti lebih lanjut. 🙏",https://apps.apple.com/id/app/id1042523855?see-all=reviews
App Store,id,,12901419724,2025-07-17T06:27:43Z,Liaa26”,2,,0,Widget,Kok tiba tiba bgt widget nya ilang,,Halo Parents! Mohon maaf atas ketidaknyamanan yang Parents alami. Apakah kami dapat menerima tangkapan layar dari Parents yang menunjukkan masalah ini ke email kami di app.id@theasianparent.com agar kami dapat menyelesaikan maslaah yang Parents alami? Terima kasih!,https://apps.apple.com/id/app/id1042523855?see-all=reviews
App Store,id,,12586806850,2025-04-26T04:25:17Z,ai fitriyanti,2,,0,mohon solusi,"saya kok tidak bisa menggunakan aplikasi ini ya, setiap klik done selalu muncul notice sedang bermasalah. mohon solusi nya",,Halo Bunda ai fitriyanti! Mohon maaf atas ketidaknyamanannya. Apakah Bunda bisa mengirimkan detail permasalahan ini ke app.id@theasianparent.com agar kami dapat membantu Bunda menyelesaikan masalah ini? Terima kasih!,https://apps.apple.com/id/app/id1042523855?see-all=reviews
App Store,id,,12517012386,2025-04-08T02:57:14Z,Perfstrgr,2,,0,Notifikasi buruk,"Halo Team Asianparent, awalnya aku download ini karena rekomendasi temanku namun beberapa kali aku mendapat pop up notif “inilah ciri-ciri keguguran!” “Kehamilan ektopik” dsb. Ini kondisinya aku download pada saat TM 1 dimana masa tsb. Masa banyak khawatir, mual, muntah, mood gak karuan ini kan menimbulkan OVT untuk para ibu hamil apalagi kehamilan pertama, edukasi hal spt itu penting tapi bisa kah pop up notif nya gak perlu yg mengerikan? Sebab itu saya delete aplikasi ini sampai ada perbaikan!",,"Hi Parent Perfstrgr! Terima kasih atas masukannya. Kami mohon maaf jika ada pesan notifikasi kami yang menyebabkan ketidaknyamanan, ya. Tim kami akan melakukan evaluasi dan perbaikan agar notifikasi di masa mendatang lebih positif dan relevan untuk Parent. Kami sangat menghargai masukan yang diberikan, dan harap terus dukung kami dalam memberikan pengalaman terbaik. Terima kasih 😊",https://apps.apple.com/id/app/id1042523855?see-all=reviews
App Store,id,,11866236408,2024-10-23T15:52:55Z,Bbbbbbbuuube,2,,1,Errror,Sering dpt notif tentang kehamilan tapi pas di klik artikel nya ga muncul :( eror trus pdhal udh upgrade terus,,"Hai Parent Bbbbbbbuuube! Kami mohon maaf atas ketidaknyamanannya. Tim kami sudah mengetahui masalah ini dan sedang berusaha untuk memperbaikinya secepat mungkin. Jika ada hal lain yang ingin disampaikan, jangan ragu untuk menghubungi kami di kayla.azzahra@theasianparent.com. Semoga Parent dapat terus menggunakan aplikasi kami ke depannya, yaa. Terima kasih 😊",https://apps.apple.com/id/app/id1042523855?see-all=reviews
App Store,id,,11631946776,2024-08-20T14:25:30Z,APSMPRN,2,,0,Notifikasi beritanya kurang positif,"Serem baca notifikasi yang muncul dari app ini, seperti: ‘Awas bun ini tanda tanda janin tidak berkembang’ atau ‘hati hati keguguran karena ini’ dan lainnya sebagainya. Mental sedikit down pas lihat notifnya",,"Hi Parent! Terima kasih atas masukannya. Kami mohon maaf jika ada pesan notifikasi kami yang menyebabkan ketidaknyamanan, ya. Tim kami akan melakukan evaluasi dan perbaikan agar notifikasi di masa mendatang lebih positif dan relevan untuk Parent. Kami sangat menghargai masukan yang diberikan, dan harap terus dukung kami dalam memberikan pengalaman terbaik. Terima kasih 😊",https://apps.apple.com/id/app/id1042523855?see-all=reviews
App Store,id,,11504140608,2024-07-17T17:10:15Z,Wepty,2,,0,Stuck di bagian hpht aja,Sedih bgttt stuck di bagian hpht ps mau scroll untuk ngelengkapin data gabisa bisa sampe di unistal trs unduh lg,,"Hi Parent! Terima kasih telah melaporkan kendala ini, ya. Kami minta maaf atas ketidaknyamanannya. Tim kami sedang melakukan investigasi dan segera memperbaiki masalah ini. Jika memungkinkan, mohon kirimkan detail permasalahan ke kayla.azzahra@theasianparent.com karena akan sangat membantu kami mempercepat proses perbaikan. Terima kasih 😊",https://apps.apple.com/id/app/id1042523855?see-all=reviews
App Store,id,,11300488921,2024-05-24T04:34:41Z,anjelllllllll,2,,0,Suka crash,Kesal banget suka tiba-tiba pas mau search2 sesuatu eror. Terus-terusan hasil tidak ditemukan. Padahal kan aplikasiny bertujuan utk berbagi info.,,"Helo Bunda Anjel, terima kasih atas laporan dan masukannya. Saat ini tim kami sedang memperbaiki isu ini. :)",https://apps.apple.com/id/app/id1042523855?see-all=reviews
App Store,id,,11296617330,2024-05-23T02:21:51Z,Lalarasati,2,,0,Bug error Baca artikel,Appsnya bagus tapi kalau klik artikel suka ga kebuka. Bug error gitu. Tolong di perbaiki,,"Hai Bunda Lalarasari, terima kasih atas laporannya. Saat ini tim kami sedang memperbaiki isu ini dan akan segera berfungsi dengan baik lagi. Terima kasih banyak :)",https://apps.apple.com/id/app/id1042523855?see-all=reviews
App Store,id,,11091620991,2024-03-27T15:50:44Z,Nisaakhayrun,2,,0,Gambar pemantauan bayi,Gambar pemantauan bayinya selalu menghilang setiap di klik.,,"Hi Bunda! Terima kasih telah melaporkan kendala ini, ya. Kami minta maaf atas ketidaknyamanannya. Tim kami sedang melakukan investigasi dan segera memperbaiki masalah ini. Jika memungkinkan, mohon kirimkan detail permasalahan ke kayla.azzahra@theasianparent.com karena akan sangat membantu kami mempercepat proses perbaikan. Terima kasih 😊",https://apps.apple.com/id/app/id1042523855?see-all=reviews
App Store,id,,10956897651,2024-02-19T16:54:02Z,Bebasbicara,2,,0,TERLALU BANYAK IKLAN GAME,Baru berapa detik iklan lg,,"Hai, Parent. Mohon maaf untuk kendala yang Parent hadapi ya. Iklan sangat dibutuhkan agar aplikasi kami tetap gratis untuk pengguna, tapi jangan khawatir, kami sudah melakukan upaya untuk mengurangi frekuensi iklan yang muncul. Untuk pertanyaan lebih lanjut, bisa hubungi kami di kayla.azzahra@theasianparent.com. Terima kasih😊",https://apps.apple.com/id/app/id1042523855?see-all=reviews
App Store,id,,10946715924,2024-02-16T23:57:54Z,M Agustina,2,,0,"Bentar ya, ada yang salah. Coba lagi.","Respon sering seperti coba lagi terus, aplikasi sudah update terbaru tapi setiap hari hampir eror, dan VC tidak dapat digunakan untuk belanja di mama choice.",,"Hi Bunda! Terima kasih telah melaporkan kendala ini, ya. Kami minta maaf atas ketidaknyamanannya. Tim kami sedang melakukan investigasi dan segera memperbaiki masalah ini. Jika memungkinkan, mohon kirimkan detail permasalahan ke kayla.azzahra@theasianparent.com karena akan sangat membantu kami mempercepat proses perbaikan. Terima kasih 😊",https://apps.apple.com/id/app/id1042523855?see-all=reviews
App Store,id,,10815863815,2024-01-13T05:11:27Z,jessicafonny,2,,0,Eror terus(?),"dipakai untuk lihat ukuran bayi saat ini tidak bisa, baca artikel tidak bisa, sudah beberapa hari eror terus",,"Halo Parent, mohon maaf atas masalah yang Parent hadapi. Untuk mengatasinya, silakan membersihkan cache aplikasi ya. Selain itu, silakan update app Parent ke versi terbaru agar Parent tidak mengalami hal ini lagi ke depannya. Tim kami selalu berupaya untuk memastikan hal ini tidak terjadi lagi. Bila masih mengalami masalah yang sama, silakan kirim detail akun Parent ke kayla.azzahra@theasianparent.com. Terima kasih 😊",https://apps.apple.com/id/app/id1042523855?see-all=reviews
App Store,id,,10634865731,2023-11-28T14:05:24Z,veronica cahyani,2,,0,Ribet ada iklan segala,Tiba tiba ada iklan masuk..knp malah jadi begini,,"Hai, Parents. Mohon maaf untuk kendala yang Parents hadapi Ads sangat dibutuhkan agar aplikasi kami tetap gratis untuk pengguna. Tapi jangan khawatir, kami sudah melakukan upaya untuk mengurangi frekuensi iklan yang muncul.
Untuk pertanyaan lebih lanjut, bisa hubungi kami di app.feedback@tickledmedia.com/nia@tickledmedia.com. Terima kasih ya😊
 
",https://apps.apple.com/id/app/id1042523855?see-all=reviews
App Store,id,,10422478394,2023-09-30T08:45:13Z,Kucingtransgrnder,2,,0,Pilihan editor ngk bisa di baca,Sedih banget padahal aplikasinya sudah ok banget. Lengkap. Sayangnya setiap mau baca pilihan editor ngk bisa k buka mulu😤😤😤,,"Halo Bunda, mohon maaf atas kendala yang dialami. Tim kami akan bekerja untuk menyelesaikan masalah ini. Mohon mencoba kembali setelah beberapa saat ya. Jika masih mengalami kendala, mohon kesediaannya untuk mengirimkan detail akun Bunda dan keluhan yang dialami ke alamat email: app.feedback@theasianparent.com/nia@tickledmedia.com. Terima kasih.
",https://apps.apple.com/id/app/id1042523855?see-all=reviews
App Store,id,,10048438353,2023-06-19T01:03:25Z,zippott,2,,0,aplikasi,3d nya tidak bisa dibuka,,"Halo, Parent zippott! Terima kasih atas feedbacknya. Namun, kami cukup kesulitan memahami keluhan yang Bunda maksud nih :( Silahkan kirimkan detail masalahnya (bisa berupa screenshoot, link, dll) ke email app.feedback@theasianparent.com / rohaya.sitanggang@tickledmedia.com agar kami bisa segera menindaklanjutinya. Terima kasih! (Jangan lupa bintang 5-nya!) 😊
",https://apps.apple.com/id/app/id1042523855?see-all=reviews
App Store,id,,10039664601,2023-06-16T13:06:27Z,valarmorr,2,,0,selalu lost connection,coba diperbaiki sistemnya di ios. buka komen atau yg lain selalu lama dan tb2 ada tulisan lost connection pdhl koneksi bgs2 aja tuh. jd cape bolak balik ngulang buka yg kita tuju,,"Halo, Parent valarmorr! Terima kasih atas feedbacknya. Namun, kami cukup kesulitan memahami keluhan yang Bunda maksud nih :( Silahkan kirimkan detail masalahnya (bisa berupa screenshoot, link, dll) ke email app.feedback@theasianparent.com / rohaya.sitanggang@tickledmedia.com agar kami bisa segera menindaklanjutinya. Terima kasih! (Jangan lupa bintang 5-nya!) 😊
",https://apps.apple.com/id/app/id1042523855?see-all=reviews
App Store,id,,10004935973,2023-06-06T11:50:54Z,kharinakp1334abcdefg,2,,2,Tidak bisa klik baby tracker,"Saya kenapa gabisa klik bagian pemantau popok, susu dll ya Padahal saya penting bgt mau cek data yg kemarin2, mohon bantuannya",,"Halo, Parent kharinakp1334abcdefg! Terima kasih atas feedbacknya. Namun, kami cukup kesulitan memahami keluhan yang Bunda maksud nih :( Silahkan kirimkan detail masalahnya (bisa berupa screenshoot, link, dll) ke email app.feedback@theasianparent.com / rohaya.sitanggang@tickledmedia.com agar kami bisa segera menindaklanjutinya. Terima kasih! (Jangan lupa bintang 5-nya!) 😊
",https://apps.apple.com/id/app/id1042523855?see-all=reviews
App Store,id,,8599835376,2022-04-24T02:36:45Z,kurnia saraswati,2,,0,Bagusan sebelumnya,Skrg ada iklanya sm suka eror,,"Halo Bunda, untuk mengatasi masalah yang sedang Bunda hadapi, silakan membersihkan cache aplikasi ya, Bun. Selain itu, silakan update app Bunda ke versi terbaru agar Bunda tidak mengalami hal ini lagi kedepannya. Bila masih mengalami masalah yang sama, silahkan kirim email berisi keluhan dan detail akun Bunda ke app.feedback@theasianparent.com 😊
",https://apps.apple.com/id/app/id1042523855?see-all=reviews
App Store,id,,7476770576,2021-06-18T01:56:53Z,pakEngineer,2,,0,Bayi,Harusnya waktu daftar ada pilihan juga kalau bayi sudah lahir. Nggak cuma buat pas hamil saja.,,"Hai, Bunda! Terima kasih atas review positifnya. Bisa kok bunda, di laman profil bunda hanya perlu scrol ke bawah sampai menemukan opsi ""my baby profiles"" kemudian pilih opsi ""add kid's profil"" Terima kasih dan semoga membantu ya, Bund. jangan lupa kasih bintang 5★ ya!",https://apps.apple.com/id/app/id1042523855?see-all=reviews
App Store,id,,7277191483,2021-04-29T13:33:36Z,Hennyrahma,2,,0,Login malah bikin account baru,"Lah kok saya ga bisa login, ga ada tulisan login di home. Yg ada malah bikin account baru",,"Hai, Bunda. Mohon maaf atas masalah yang Bunda alami. Saat ini tim kami telah memperbaiki masalah tersebut dan silahkan coba sekali lagi. Bila Bunda masih mengalami masalah yang sama, silahkan kirim email berisi keluhan dan detail akun Bunda ke app.feedback@theasianparent.com. Terima kasih! 😊",https://apps.apple.com/id/app/id1042523855?see-all=reviews
App Store,id,,7166920319,2021-03-31T15:00:43Z,Haniie CLouds,2,,0,kcwa,nyesel aku perbarui..  tampilanyaa jd jelekkk.... bagusan yg gmbar baby awal2 buka umur kndungan...,,"Hai, Parent! Terima kasih atas review-nya. Kami sangat terbuka atas masukan dan saran yang bisa membuat aplikasi kami menjadi lebih baik. Jika Parent memiliki masukan dan saran untuk meningkatkan kepuasan Parent terhadap aplikasi kami, silakan kirimkan ke alamat e-mail app.feedback@theasianparent.com ya. Terima kasih. 😊",https://apps.apple.com/id/app/id1042523855?see-all=reviews
App Store,id,,7145341979,2021-03-26T03:59:27Z,ithanorvitasari,2,,0,new UI jelek bkin bingung,pengen downgrade aja krn AI nya berantakan dan jelek sekali,,"Hai, Parent! Terima kasih atas review-nya. Kami sangat terbuka atas masukan dan saran yang bisa membuat aplikasi kami menjadi lebih baik. Jika Parent memiliki masukan dan saran untuk meningkatkan kepuasan Parent terhadap aplikasi kami, silakan kirimkan ke alamat e-mail app.feedback@theasianparent.com ya. Terima kasih. 😊",https://apps.apple.com/id/app/id1042523855?see-all=reviews
App Store,id,,7115547265,2021-03-18T05:35:09Z,Elfanni,2,,0,😢,Baru mau login tp gagal terus. Semoga cepet dibenerin ya. Sedih 🥲🥲,,"Hai, Bunda. Mohon maaf atas masalah yang Bunda alami. Saat ini tim kami telah memperbaiki masalah tersebut dan silahkan coba sekali lagi. Bila Bunda masih mengalami masalah yang sama, silahkan kirim email berisi keluhan dan detail akun Bunda ke app.feedback@theasianparent.com. Terima kasih! 😊",https://apps.apple.com/id/app/id1042523855?see-all=reviews
App Store,id,,6265428293,2020-08-01T02:07:47Z,Phika.rizal,2,,0,Kebanyakn minta detail,"Baru install langsung isi berbgai macam, kalau sdh pnya anak, trus masa harus tgl lahir anak jg diisi, itukn bersifat private.",,"Halo, Bunda. Mohon maaf atas ketidaknyamanannya. Bunda bisa melewati tahap tersebut bila Bunda merasa tidak nyaman untuk membagikan tanggal kelahiran anak. Jika Bunda tidak bisa melewati tahap tersebut, silahkan tulis keluhan dan detail akun Anda ke app.feedback@theasianparent.com. Terima kasih! 😊",https://apps.apple.com/id/app/id1042523855?see-all=reviews
App Store,id,,6203449261,2020-07-16T05:16:04Z,Yogayuliantoro,2,,0,Too much ads,"Ketika sedang baca artikel, iklan terlalu banyak. Untuk fungsi Yang lainnya oke.",,Hai Parent! Mohon maaf atas ketidaknyamanannya. Terima kasih juga atas reviewnya ya. Saat ini tim kami sedang mencari solusi terbaik untuk mengatasi hal tersebut. Silahkan tunggu update dari kami! 😉,https://apps.apple.com/id/app/id1042523855?see-all=reviews
App Store,id,,5866412577,2020-04-26T13:08:00Z,mylardy,2,,0,Loading,"Loadingnya lama klo masuk aplikasi ,,,",,"Hai, Parent. Mohon maaf atas masalah yang dialami. Saat ini tim kami telah memperbaiki masalah tersebut. Jika Parent masih mengalami masalah yang sama, boleh email kami di app.feedback@theasianparent.com. Terima kasih! 😊",https://apps.apple.com/id/app/id1042523855?see-all=reviews
App Store,id,,5311897464,2019-12-24T07:07:34Z,inkanov,2,,0,Good,"Apk yg bermanfaat, tp tolong gambar yg tidak seharusnya diposting dicekal atau diblokir",,"Halo Bunda. Terima kasih atas feedback-nya. Bisa dibantu untuk melaporkan akun tersebut ke app.feedback@theasianparent.com, Bun? Untuk berikutnya, Bunda bisa langsung melaporkan postingan seperti ini dalam app ya. Terima kasih! (Jangan lupa bintang 5 ya, Bun 😁)",https://apps.apple.com/id/app/id1042523855?see-all=reviews
App Store,id,,4889312023,2019-10-05T06:44:43Z,itadisini,2,,0,tidak bisa baca artikel,"hai, kenapa artikelnya tidak bisa dibaca,muncul sedetik setelah itu blank (layar putih)",,"Halo, Bunda Ita. Silakan Bunda mencoba untuk uninstall lalu install kembali. Jika masih mengalami kendala, mohon kirimkan detail akun dan permasalahan yang dialami ke app.feedback@theasianparent.com. Terima kasih dan semoga membantu.",https://apps.apple.com/id/app/id1042523855?see-all=reviews
App Store,id,,4488805748,2019-07-20T02:31:42Z,Shinta2626,2,,0,Bad,"Selalu crash tiap masuk tidak bisa refresh 
Makin hari makin parah
Padahal koneksi Internet baik baik saja
Tolong segera diperbaiki
Trims",,"Halo, Bunda Shinta. Terima kasih atas reviewnya. Kami sudah menyampaikan masalah ini ke tim terkait dan sudah berhasil diperbaiki. Jika Bunda masih mengalami hal yang sama, bantu kami dengan melaporkan masalah dan detail akun Bunda di app.feedback@theasianparent.com. Terima kasih! (Jangan lupa bintang 5 ya, Bun~ hehe)",https://apps.apple.com/id/app/id1042523855?see-all=reviews
App Store,id,,4469272051,2019-07-16T10:38:20Z,veephans,2,,0,Update mulu,Bgus si tapi update mulu ckckckc,,"Halo, Bunda. Terima kasih atas masukannya. Update ini dilakukan supaya Bunda bisa lebih nyaman lagi menggunakan app kami. Mohon maaf atas ketidaknyamanannya. Jangan lupa bintang 5-nya, Bun. 😊",https://apps.apple.com/id/app/id1042523855?see-all=reviews
App Store,id,,13412985670,2025-11-18T14:30:18Z,Greyti08,3,,0,Log out sendiri,Kenapa suka keluar sendiri dan gabisa sign in lagi bbrpa kali terjadi,,"Mohon maaf atas ketidaknyamanan yang Bunda alami. Tim kami telah melakukan perbaikan dan semoga aplikasi sudah dapat diakses kembali. Jika kendala masih terjadi, mohon laporkan ke app.id@theasianparent.com . Terima kasih atas kesabarannya 🙏✨ Jika aplikasi sudah normal, kami menghargai apabila Bunda dapat memperbarui rating 💕",https://apps.apple.com/id/app/id1042523855?see-all=reviews
App Store,id,,12977618835,2025-08-05T05:19:49Z,ikhsans,3,,0,Pemberitahuan,Terlalu  banyak spam notifikasi,,"Hai, Parent! Mohon maaf untuk ketidaknyamanannya ya. Iklan sangat dibutuhkan agar aplikasi kami tetap gratis untuk pengguna, tapi jangan khawatir, kami sudah melakukan upaya untuk mengurangi frekuensi iklan yang muncul. Untuk pertanyaan lebih lanjut, bisa hubungi kami di app.id@theasianparent.com. Terima kasih 😊",https://apps.apple.com/id/app/id1042523855?see-all=reviews
App Store,id,,12960593403,2025-07-31T22:27:11Z,Mama’s cat,3,,0,Ads,Too much pop up ads,,"Hai, Parent! Mohon maaf untuk ketidaknyamanannya ya. Iklan sangat dibutuhkan agar aplikasi kami tetap gratis untuk pengguna, tapi jangan khawatir, kami sudah melakukan upaya untuk mengurangi frekuensi iklan yang muncul. Untuk pertanyaan lebih lanjut, bisa hubungi kami di app.id@theasianparent.com. Terima kasih 😊",https://apps.apple.com/id/app/id1042523855?see-all=reviews
App Store,id,,12459115248,2025-03-24T15:21:32Z,Whdiwowmjdofl,3,,0,Update terus,APLIKASI BAGUS TAPI KENAPA APAAPA MINTA DI UPDATE TERUS ASLI BIKIN BETE,,"Halo Parent Whdiwowmjdofl! Sebelumnya terima kasih atas umpan baliknya. Update diberikan untuk memastikan bahwa pengalaman Parent memakai app kami lancar tanpa kendala. Semoga pengalaman Parent memakai app kami selalu lancar ya! Kira-kira ada lagi nggak sih hal yang perlu kami kembangkan biar Parent bisa memberikan app kami bintang 5?😊 Parent dapat memberikan kami masukan ke app.id@theasianparent.com, yaa!",https://apps.apple.com/id/app/id1042523855?see-all=reviews
App Store,id,,12268945423,2025-02-04T09:01:41Z,otoyiibdb,3,,0,Lag,"ngelag banget dibukanya, ditungguin loading gak muncul2 itu tulisan perkembangan anaknya",,"Hi Parent otoyiibdb! Terima kasih telah melaporkan kendala ini, ya. Kami minta maaf atas ketidaknyamanannya. Tim kami sedang melakukan investigasi dan segera memperbaiki masalah ini. Jika memungkinkan, mohon kirimkan detail permasalahan ke karena akan sangat membantu kami mempercepat proses perbaikan. Terima kasih 😊",https://apps.apple.com/id/app/id1042523855?see-all=reviews
App Store,id,,12178316256,2025-01-13T06:20:45Z,Ademm2020,3,,0,Suka lemot,"Hallo , knp ya skrg suka susah bgt buka apk ny",,Halo Parent Ademm2020! Apakah kami bisa mengetahui kesusahan yang Parent hadapi ketika membuka aplikasi kami? Parent dapat mengirimkan screenshot/tangkapan layar dan detail masalah ke app.id@theasianparent.com agar kami dapat dengan cepat membantu Parent menyelesaikan masalah ini ya. Terima kasih atas umpan baliknya!,https://apps.apple.com/id/app/id1042523855?see-all=reviews
App Store,id,,12155663084,2025-01-07T13:35:27Z,Melawati123,3,,0,Terlalu sering minta diperbarui aplikasi nya,"Awal awal nyaman pake aplikasi ini, tapi lama kelamaan sering banget aplikasinya harus diperbaharui 👎🏻, terus kalo ada notif dari aplikasi ini judul nya suka bikin Down dan bikin khawatir buat para ibu dan bumil👎🏻",,"Hi Bunda Melawati123! Terima kasih atas masukannya. Kami mohon maaf jika ada pesan notifikasi kami yang menyebabkan ketidaknyamanan, ya. Tim kami akan melakukan evaluasi dan perbaikan agar notifikasi di masa mendatang lebih positif dan relevan untuk Bunda. Kami sangat menghargai masukan yang diberikan, dan harap terus dukung kami dalam memberikan pengalaman terbaik. Terima kasih 😊",https://apps.apple.com/id/app/id1042523855?see-all=reviews
App Store,id,,11835980276,2024-10-15T09:02:40Z,Novadebby,3,,0,Notifikasi,Sering banget dapat notifikasi yang bikin dagdigdug. Kayak sengaja klik bait gtu loh biar kita buka apps nya. Apasih. Jangan gtu lah,,"Hi Parent Novadebby! Terima kasih atas masukannya. Kami mohon maaf jika ada pesan notifikasi kami yang menyebabkan ketidaknyamanan, ya. Tim kami akan melakukan evaluasi dan perbaikan agar notifikasi di masa mendatang lebih positif dan relevan untuk Parent. Kami sangat menghargai masukan yang diberikan, dan harap terus dukung kami dalam memberikan pengalaman terbaik. Terima kasih 😊",https://apps.apple.com/id/app/id1042523855?see-all=reviews
App Store,id,,11735579612,2024-09-17T23:30:14Z,Civita claudia,3,,0,Pembaharuan berulang,Males bgt baru di perbarui suruh perbarui trsss-.-,,Halo Bunda! Sebelumnya terima kasih atas umpan baliknya. Update diberikan untuk memastikan bahwa pengalaman Bunda memakai app kami lancar tanpa kendala. Semoga pengalaman Bunda memakai app kami selalu lancar ya! Kira-kira ada lagi nggak sih Bun hal yang perlu kami kembangkan biar Bunda bisa memberikan app kami bintang 5?😊,https://apps.apple.com/id/app/id1042523855?see-all=reviews
App Store,id,,11661581125,2024-08-28T09:04:43Z,sinta1597,3,,0,Terlalu sering update,Hampir tiap saat update app,,"Halo Bunda! Sebelumnya terima kasih atas rating & umpan baliknya. Update diberikan untuk memastikan bahwa pengalaman Bunda memakai app kami lancar tanpa kendala. Semoga pengalaman Bunda memakai app kami selalu lancar karena Bunda rajin meng-update app, ya! Kira-kira ada lagi nggak sih Bun hal yang perlu kami kembangkan biar Bunda bisa memberikan app kami bintang 5?😊",https://apps.apple.com/id/app/id1042523855?see-all=reviews
App Store,id,,11535301935,2024-07-26T01:32:52Z,Putri prihatiningsih,3,,0,Aplikasinya bagus,"Aplikasinya bagus tetapi pas saya login susah, padahal menurut saya hp saya sudah cukup bagus",,"Hi Parent! Kami mohon maaf atas kendala login yang dihadapi, namun kendala ini telah kami perbaiki dan Parent seharusnya sudah bisa login kembali sekarang. Jika masih mengalami masalah ini atau membutuhkan bantuan lebih lanjut, jangan ragu untuk menghubungi kami di kayla.azzahra@theasianparent.com. Terima kasih 😊",https://apps.apple.com/id/app/id1042523855?see-all=reviews
App Store,id,,11349650353,2024-06-06T11:51:45Z,E-SIGN,3,,0,Error,"Kok makin kesini aplikasinya jadi sering crash ya. Dari mulai cari topik2 utama yg mudah dan sering dibahas pun di search ngga muncul. Lalu, jika ingin membuat postingan berupa info/sharing/diskusi selalu error atau dibilang ada yang salah. Sayang bgt padahal aplikasinya sudah bagus loh",,"Halo Parent, mohon maaf atas masalah yang Parent hadapi. Untuk mengatasinya, silakan membersihkan cache aplikasi ya. Selain itu, silakan update app Parent ke versi terbaru agar Parent tidak mengalami hal ini lagi ke depannya. Tim kami selalu berupaya untuk memastikan hal ini tidak terjadi lagi. Bila masih mengalami masalah yang sama, silakan kirim detail akun Parent ke kayla.azzahra@theasianparent.com. Terima kasih 😊",https://apps.apple.com/id/app/id1042523855?see-all=reviews
App Store,id,,11318420390,2024-05-29T02:08:32Z,atasnamacintaaa,3,,0,Fitur pencarian tidak menemukan kata kunci,Kenapa sekarang tidak bisa menggunakan fitur pencarian? Kata kunci yang dimasukkan tidak dapat ditemukan,,"Hi Parent! Terima kasih telah melaporkan kendala ini, ya. Kami minta maaf atas ketidaknyamanannya. Tim kami sedang melakukan investigasi dan segera memperbaiki masalah ini. Jika memungkinkan, mohon kirimkan detail permasalahan ke kayla.azzahra@theasianparent.com karena akan sangat membantu kami mempercepat proses perbaikan. Terima kasih 😊",https://apps.apple.com/id/app/id1042523855?see-all=reviews
App Store,id,,10948011855,2024-02-17T09:10:11Z,fahilman,3,,0,App slow,"Hi. Kenapa ya beberapa hari ini aplikasinya jadi slow gitu? Saya kira karena sinyal, tp ternyata udah ganti wifi jg tetap lamaaa kebuka halan per halamannya itu. Saya pakai versi terakhir. Mudah2an bs segera ditindaklanjuti. Terima kasih.",,"Halo Parent, mohon maaf atas masalah yang Parent hadapi. Untuk mengatasinya, silakan membersihkan cache aplikasi ya. Selain itu, silakan update app Parent ke versi terbaru agar Parent tidak mengalami hal ini lagi ke depannya. Tim kami selalu berupaya untuk memastikan hal ini tidak terjadi lagi. Bila masih mengalami masalah yang sama, silakan kirim detail akun Parent ke kayla.azzahra@theasianparent.com. Terima kasih 😊",https://apps.apple.com/id/app/id1042523855?see-all=reviews
App Store,ph,,13147512442,2025-09-17T07:51:30Z,Mischelleann,1,,0,Not working properly,Pag may notification or reminder bakit pag click hindi naman lumalabas sa app..hindi nagwowork ng maayos..,,"We regret that you aren’t finding our app helpful. You can write to us at app.feedback@theasianparent.com to give your suggestions.  We request you to check our pregnancy or baby tracker & community page which is a perfect place to ask questions, and share tips with other parents just like you.  Please consider encouraging us with a 5★! 😊 ",https://apps.apple.com/ph/app/id1042523855?see-all=reviews
App Store,ph,,11725650077,2024-09-15T05:40:06Z,MamaDar11,1,,0,Lost sleep tracker history,"I’ve been using this app from when I was pregnant. My baby is now 15mos. I’ve been tracking her sleep. When I updated the app, I’ve lost all of my sleep log. I’ve been trying to reach out thru the app but it won’t send so now I need to review in the app store hoping to reach you. The help option in your app is not working. I can’t send an email. Please help me retrieve the log in the sleep tracker.",,"Hi Parent. Sorry for the trouble you have experienced. Please send an email with your feedback and account details to app.feedback@theasianparent.com, so that we can help to resolve the issue without delay. Thank you! 😊 Do encourage us further with a 5-star rating!",https://apps.apple.com/ph/app/id1042523855?see-all=reviews
App Store,ph,,10612549956,2023-11-22T13:38:24Z,Zaby3,1,,0,Very useful,10/10,,"Hi Parents, thank you for your support. If you like our app, please give us 5 ★ ratings! Don't forget to invite other pregnant mothers to join the parenting community on theAsianparent app as well! 😊  Explore interesting features such as pregnancy and baby tracker to use with respect to your pregnancy or parenting phase.",https://apps.apple.com/ph/app/id1042523855?see-all=reviews
App Store,ph,,7814973225,2021-09-17T10:13:32Z,yamlehcar,1,,0,Cant use the app,"I dont usually review apps, but this one is really frustrating to use. It doesnt proceed to next page. The “done” button was too low on my screen I cant even tap it. Im using iphoneX. I was never really able to register and use this app. It has a lot of empty spaces on the upper part of screen but the clickable parts are bit at the bottom part. P.S I keep the app updated hoping to be able to use it someday. Pls fix this",,"Hello, Parent! Thank you for the feedback and suggestions. We have conveyed this to the related team. Look forward to our next app updates. Thank you! 😊",https://apps.apple.com/ph/app/id1042523855?see-all=reviews
App Store,ph,,5745217136,2020-04-01T10:05:41Z,Joycee014,1,,0,Cannot open the app,"Im having a problem in opening the app. I’ve been using it and all of a sudden, it doesnt show anything as I open it. I tred to uninstall and install it again but i cannot log in anymore. :( this app is really a great help for me esp im FTM. Hope you could fix it. Thank you",,"Hi Parent, we truly appreciate your review! We take all feedback very seriously, so if you have any suggestions on how we could improve and enhance your user experience, please share them with us by emailing us at app.feedback@theasianparent.com. Please consider encouraging us with a 5★! 😊",https://apps.apple.com/ph/app/id1042523855?see-all=reviews
App Store,ph,,5419618191,2020-01-18T16:28:37Z,DeweyDonut,1,,0,PLEASE DONT ALLOW ANONYMOUS USERs,"This app is really helpful to all the pregnant moms and soon tobe moms out there. It gives us more knowledge on what to do in different kind of situations about pregnancy and how to take care of our newborn baby. BAD thing about this app allow people to use this app and marked them selves ANONYMOUS most of this anonymous users always comment negatively , racist content which is NOT HELPFUL. I hope this app will be more strict about the information of a person using the app. I hope the management review the reports for all anonymous users and BLOCKED THEM COMPLETELY",,"Hi Parent! Thanks for your feedback ❤️ The purpose of being able to post anonymously is to help parents who are hesitant to discuss sensitive matters using their real name. But, if you see an unpleasant post or comment from an anonymous user, email us at app.feedback@theasianparent.com. Encourage us more by giving 5 stars. Thank you!",https://apps.apple.com/ph/app/id1042523855?see-all=reviews
App Store,ph,,4903864268,2019-10-07T09:23:40Z,iamcms,1,,0,Spam,Someone reported my account “spam” but as you look at my account I dont think i did anything bad at all! I love this app but this is very unfair and im unstalling it now!!!!!giving this 0,,"Hi, Parent! Thank you for your positive feedback. We hope our app features may help you and your baby. Anyway, don’t forget to invite your gang to join theAsianparent app community too! 😊",https://apps.apple.com/ph/app/id1042523855?see-all=reviews
App Store,ph,,9325632354,2022-11-25T03:01:28Z,krystaljungggginsm,2,,0,Toxic community,"I had to delete the app tho the app itself is great, the community is VERY VERY TOXIC, it stresses me out. As a first time mom, I had lots of questions to ask to the community in hopes of the more experienced moms helping me but all I get are nasty, disrespectful, and sarcastic responses. I hope the app moderator filters the comments and posts more.",,"Hi Parent! We apologise for your bad experience. We do not tolerate bullying or abusive behaviour. We are currently taking steps to help you report such experiences to us so that we can take further action. We will keep you posted. Do encourage us with a 5★ rating and keep using our various app features like baby tracker, contraction timer, etc.",https://apps.apple.com/ph/app/id1042523855?see-all=reviews
App Store,ph,,8479933116,2022-03-21T13:42:12Z,cesssss101,2,,0,the search button,can’t search anything using the search button,,"Hello, Parent! Thank you for the feedback and suggestions. We have conveyed this to the related team. Look forward to our next app updates. Thank you! 😊",https://apps.apple.com/ph/app/id1042523855?see-all=reviews
App Store,ph,,7688451392,2021-08-13T14:38:04Z,amberbluishstar,2,,0,Contest,Contests are available. Unfortunately the announcement date of winners is not fulfilled. Many contest have been played but still no winner. Even the polls are the same. Like 4 or more,,Hey! The contest winners were announced already and they received their prizes as well. But thank you for the feedback and suggestions. We have conveyed this to the related team. Look forward to our next app updates. Thank you! 😊,https://apps.apple.com/ph/app/id1042523855?see-all=reviews
App Store,ph,,5928591429,2020-05-10T18:20:17Z,GorgeousNess001,2,,0,App not Easy to Use,"I cant search other parents using their full names on the search areas. And when I participate on some contests, theres a link that needs to be clicked it will go back to the log in section and when you logged in, it will go back again. It’s terrible",,"Hi, Parent. We apologize for the inconvenience. Our team has now fixed the issue. Please clear your cache and try once again. If you still experience the same problem after clearing the cache, do email us at app.feedback@theasianparent.com. Thank you and please encourage us with a 5★ rating! 😊",https://apps.apple.com/ph/app/id1042523855?see-all=reviews
App Store,ph,,4840879948,2019-09-26T14:40:15Z,JD Viñas,2,,0,Bookmarked Articles,I can’t read a bookmark that I saved. Please fix. Thanks.,,"Hi Parent! We're sorry for the inconvenience. Sometimes the bookmark screen will take time to show in the list. Can you check once again? If you still face the same problem, please don't hesitate to contact us via app.feedback@theasianparent.com. Thank you!",https://apps.apple.com/ph/app/id1042523855?see-all=reviews
App Store,ph,,11695550438,2024-09-06T16:30:49Z,Crys.P,3,,0,Still can do better,"I'm not always up to date with how many weeks along I am, so the app is helpful for reminding me. It also gives updates on the baby's development, but sometimes they can be a bit confusing. For example, it might say the baby's eyes are open now, and then a few weeks later, it says the same thing again. Also, the ""size comparisons"" aren't that useful when they refer to things like strainers, conductors' batons,soprano recorders or haba ng kable. Not everyone has seen these or they come in different sizes. It would be more helpful if they used more common examples, like fruits or objects that most people are familiar with.",,"Hi Parent. Sorry for the trouble you have experienced. Please send an email with your feedback and account details to app.feedback@theasianparent.com, so that we can help to resolve the issue without delay. Thank you! 😊 Do encourage us further with a 5-star rating!",https://apps.apple.com/ph/app/id1042523855?see-all=reviews
App Store,ph,,9972557086,2023-05-28T02:15:21Z,selly_27,3,,0,App Freezing,"The app is great, it helps me on tracking when I last fed and changed the diaper of mu baby. However, after the recent update, the app keeps freezing whenever I try to go to the feeding and diaper tracker. Please fix it.",,"Hi Parent. Sorry for the trouble you have experienced. Please send an email with your feedback and account details to app.feedback@theasianparent.com, so that we can help to resolve the issue without delay. Thank you! 😊 Do encourage us further with a 5-star rating!",https://apps.apple.com/ph/app/id1042523855?see-all=reviews
App Store,ph,,8650755619,2022-05-08T17:31:59Z,AziFlixFan,3,,0,Sign up screen cannot get past childs BirthDate,I cannot completely register in my new device for this app as the next/submit button is not viewable after I input my childs birthdate.,,"Hi Parent. Sorry for the trouble you have experienced. Please send an email with your feedback and account details to app.feedback@theasianparent.com, so that we can help to resolve the issue without delay. Thank you! 😊 Do encourage us further with a 5-star rating!",https://apps.apple.com/ph/app/id1042523855?see-all=reviews
App Store,ph,,11857057745,2024-10-21T02:08:02Z,Kim DCP,4,,0,Amazing app,Amazing app. It wouldve been better ifbyou guys can add an option for twin pregnancy! My wife is currently carrying twins. So it would be much be better if you guys can add that option,,"Hi Parents, thank you for your support. If you like our app, please give us 5 ★ ratings! Don't forget to invite other pregnant mothers to join the parenting community on theAsianparent app as well! 😊  Explore interesting features such as pregnancy and baby tracker to use with respect to your pregnancy or parenting phase.",https://apps.apple.com/ph/app/id1042523855?see-all=reviews
App Store,ph,,8591524201,2022-04-21T17:06:57Z,Kakay012,4,,0,Preggy,I have a lot of learning about pregnant ❤️,,"Hi, Parent! Thanks for your wonderful review! What would encourage us even more is a 5-star review from you. We hope you keep loving our pregnancy & baby tracker app and its features  like contraction timer, checklist, etc as you continue along your parenting journey. Don't forget to tell your fellow parents to join theAsianparent community! 😊 ",https://apps.apple.com/ph/app/id1042523855?see-all=reviews
App Store,ph,,8381483916,2022-02-21T18:37:08Z,kcals17,4,,0,Kcals17,👍👍👍👍👍,,"Hi Parents, thank you for your support. If you like our app, please give us 5 ★ ratings! Don't forget to invite other pregnant mothers to join the parenting community on theAsianparent app as well! 😊  Explore interesting features such as pregnancy and baby tracker to use with respect to your pregnancy or parenting phase.",https://apps.apple.com/ph/app/id1042523855?see-all=reviews
App Store,ph,,8298625320,2022-01-30T06:52:18Z,edenchantress,4,,0,Very helpful for mommies out there but feeds is a bit confusing,Been using it for a week and still cannot quite understand the homefeeds. I cannot know when was the post has happened like there is a post that says answered 6 minutes ago but when I read some of the comments on the upper right corner it says 6 months ago. What is that? Hope to improve this issue.,,"Hi Parents, thank you for your support. If you like our app, please give us 5 ★ ratings! Don't forget to invite other pregnant mothers to join the parenting community on theAsianparent app as well! 😊  Explore interesting features such as pregnancy and baby tracker to use with respect to your pregnancy or parenting phase.",https://apps.apple.com/ph/app/id1042523855?see-all=reviews
App Store,ph,,8222303864,2022-01-09T17:14:25Z,untog101,4,,0,Photobooth,I can’t view my uploaded pictures in photobooth when I click my photos from my profile.,,"Hi, Parent. We apologize for the inconvenience you may have experienced with our pregnancy & parenting app. Our team has now fixed the issue. Please clear your cache and try once again. If you still experience the same problem after clearing the cache, write to us at app.feedback@theasianparent.com. Please encourage us with a 5★ rating! 😊",https://apps.apple.com/ph/app/id1042523855?see-all=reviews
App Store,ph,,7150673346,2021-03-27T13:26:02Z,Chichoy123,4,,0,Review,Nakaka enjoy kasi ang daming games/contest. Kahit di ako lucky or napipili masaya pa din sumali. 😁,,"Hi Parents, thank you for your support. If you like our app, please give us 5 ★ ratings! Don't forget to invite other pregnant mothers to join the parenting community on theAsianparent app as well! 😊  Explore interesting features such as pregnancy and baby tracker to use with respect to your pregnancy or parenting phase.",https://apps.apple.com/ph/app/id1042523855?see-all=reviews
App Store,ph,,7022298640,2021-02-21T18:14:51Z,Faith D A,4,,0,Great App!,Great app and community! I love how this app can be a big help for mommas out there!,,"Hi, Parent! Thanks for your wonderful review! What would encourage us even more is a 5-star review from you. We hope you keep loving our pregnancy & baby tracker app and its features  like contraction timer, checklist, etc as you continue along your parenting journey. Don't forget to tell your fellow parents to join theAsianparent community! 😊 ",https://apps.apple.com/ph/app/id1042523855?see-all=reviews
App Store,ph,,4146503419,2019-05-14T02:08:43Z,ChachaMV,4,,2,Good App but need some improvement,"Sometimes when replying to a post via comment section I noticed that the original post your are replying to is cut to some portion, though there is an option to view the original post, most of the time it does not work. Hope this can be considered for the next update. Some original post are long and need to close and reopen just to reread to be able to reply correctly. Good app though, helps alot.",,"Hi, We are happy that you find this app is helpful for you. We hope that our app features may help you and your baby. Anyway, If you still face the same problem, don't hesitate to email us your problem and account detail to feedback@theasianparent.com. Thank you!",https://apps.apple.com/ph/app/id1042523855?see-all=reviews
App Store,ph,,14394387723,2026-08-06T10:16:43Z,cinna.shine,5,,0,Friendly User,Easy to use and understand.,,,https://apps.apple.com/ph/app/id1042523855?see-all=reviews
App Store,ph,,14114293558,2026-05-28T04:20:35Z,Myrna Lou Melendres,5,,0,"This app is perfect for moms, especially first-time moms like me! 🤍","Super daming pwedeng gawin, explore, and i-view inside the app. Very informative, engaging, and mom-friendly talaga. I love how helpful and easy it is to use — parang may instant guide and support ka anytime. Such a big help in navigating motherhood!",,"Hi Parent! Your glowing review warms our heart - we really appreciate it ❤️ We hope our exclusive pregnancy & baby tracker continue to find our app useful as we accompany you on your parenting journey. We promise to keep improving your experience, too. Don't forget to invite your fellow parents cum friends to join theAsianparent app community! 😊",https://apps.apple.com/ph/app/id1042523855?see-all=reviews
App Store,ph,,14067092352,2026-05-15T13:02:33Z,kekeareyouriding,5,,0,Super helpful,Super helpful,,"Hi, Parent! Thank you for your positive feedback. We hope our pregnancy tracker helps you with your pregnancy and the baby tracker with your baby's growth as you cross many beautiful milestones together. Please invite fellow parents & parents-to-be to join theAsianparent app community too! 😊",https://apps.apple.com/ph/app/id1042523855?see-all=reviews
App Store,ph,,13787574586,2026-02-25T13:41:28Z,AhdaGhaliMara,5,,0,Super helpful!,Dami kang matututunan and marami kang makikita na alam mong naging experience mo din and nakakatulong kadin sakanila kahit sa maliit na bagay.,,"Hi, Parent! Thank you for your positive feedback. We hope our pregnancy tracker helps you with your pregnancy and the baby tracker with your baby's growth as you cross many beautiful milestones together. Please invite fellow parents & parents-to-be to join theAsianparent app community too! 😊",https://apps.apple.com/ph/app/id1042523855?see-all=reviews
App Store,ph,,13417486580,2025-11-19T18:43:01Z,Mmmmmm143,5,,0,My bestfriend,"Very helpful lalo na sa mga moms na wala masyadong mom friends. Search mo lang dito case mo, makakahanap ka ng sagot and peace of mind.",,"Hi, Parent! Thank you for your positive feedback. We hope our pregnancy tracker helps you with your pregnancy and the baby tracker with your baby's growth as you cross many beautiful milestones together. Please invite fellow parents & parents-to-be to join theAsianparent app community too! 😊",https://apps.apple.com/ph/app/id1042523855?see-all=reviews
App Store,ph,,13002016009,2025-08-11T08:24:30Z,Piapia28,5,,0,Nice,Good,,"Hi, Parent! Thank you for your positive feedback. We hope our pregnancy tracker helps you with your pregnancy and the baby tracker with your baby's growth as you cross many beautiful milestones together. Please invite fellow parents & parents-to-be to join theAsianparent app community too! 😊",https://apps.apple.com/ph/app/id1042523855?see-all=reviews
App Store,ph,,12600329257,2025-04-29T19:14:48Z,Jenrelyn,5,,0,Thank you,Sobrang helpful para sa mga first time momm,,"Hi Parent! Your glowing review warms our heart - we really appreciate it ❤️ We hope our exclusive pregnancy & baby tracker continue to find our app useful as we accompany you on your parenting journey. We promise to keep improving your experience, too. Don't forget to invite your fellow parents cum friends to join theAsianparent app community! 😊",https://apps.apple.com/ph/app/id1042523855?see-all=reviews
App Store,th,,14127737184,2026-05-31T15:43:09Z,ซารังงงง,1,,0,แจ้งเตือนบ่อยมาก,แจ้งเตือนบ่อยเกินไปค่ะ,,,https://apps.apple.com/th/app/id1042523855?see-all=reviews
App Store,th,,13905768551,2026-03-31T04:52:17Z,Dzzommmmmm,1,,0,แย่,ปัจจุบันแอพแย่มาก ตั้งค่าวันเดือนปี ไม่ได้เลย,,ต้องขออภัยในความไม่สะดวกก่อนหน้านี้ด้วยนะคะ ขณะนี้ระบบได้รับการอัปเดตเวอร์ชันใหม่เรียบร้อยแล้ว คุณแม่สามารถเข้าใช้งานได้ตามปกติเลยค่ะ หากติดปัญหาตรงไหนสอบถามเพิ่มเติมได้ทันทีนะคะ,https://apps.apple.com/th/app/id1042523855?see-all=reviews
App Store,th,,13679963385,2026-01-27T02:40:41Z,แอมพรร,1,,0,ไม่สามารถบันทึกการนอนและการเปลี่ยนผ้าออกได้,ช่วยแก้ไขให้หน่อยค่ะจะบันทึกการนอนและการเปลี่ยนผ้าอ้อมของลูกแต่ขึ้นว่ามีข้อผิดพลาดตลอดไม่สามารถบันทึกได้,,ต้องขออภัยในความไม่สะดวกก่อนหน้านี้ด้วยนะคะ ขณะนี้ระบบได้รับการอัปเดตเวอร์ชันใหม่เรียบร้อยแล้ว คุณแม่สามารถเข้าใช้งานได้ตามปกติเลยค่ะ หากยังพบปัญหาหรือต้องการความช่วยเหลือเพิ่มเติม สามารถทักแชทแจ้งเรื่องผ่านทาง Facebook: theAsianparent Thailand ได้ทันทีนะคะ ทีมงานยินดีดูแลค่ะ,https://apps.apple.com/th/app/id1042523855?see-all=reviews
App Store,th,,13042401537,2025-08-21T08:32:27Z,Waran00,1,,0,ปรับปรุงแอพหน่อยค่ะ,ทำไมเข้าแอพแล้วชอบค้างคะ หน้าที่เป็นนับอายุลูกค้่งอยู่ที่5ขวบเกือบ11เดือน ปรับปรุงแอพหน่อยค่ะ เป็นแบบนี้มาเป็นปีแล้ว,,ต้องขออภัยในความไม่สะดวกก่อนหน้านี้ด้วยนะคะ ขณะนี้ระบบได้รับการอัปเดตเวอร์ชันใหม่เรียบร้อยแล้ว คุณแม่สามารถเข้าใช้งานได้ตามปกติเลยค่ะ หากยังพบปัญหาหรือต้องการความช่วยเหลือเพิ่มเติม สามารถทักแชทแจ้งเรื่องผ่านทาง Facebook: theAsianparent Thailand ได้ทันทีนะคะ ทีมงานยินดีดูแลค่ะ,https://apps.apple.com/th/app/id1042523855?see-all=reviews
App Store,th,,13020695597,2025-08-15T21:08:54Z,ณดานะโม,1,,0,ดูรูปทารกไม่ได้,ปกติจะดูรูปทารกตรงนี้ได้ เเต่เกิดปัญหาพอกดเข้าไปดูได้เเปปเดียว รูปหาย เป็นภาพสีเหลืองว่างเปล่า เเก้ไขได้มั้ยคะ,,ต้องขออภัยในความไม่สะดวกก่อนหน้านี้ด้วยนะคะ ขณะนี้ระบบได้รับการอัปเดตเวอร์ชันใหม่เรียบร้อยแล้ว คุณลูกค้าสามารถเข้าใช้งานได้ตามปกติเลยค่ะ หากยังพบปัญหาหรือต้องการความช่วยเหลือเพิ่มเติม สามารถทักแชทแจ้งเรื่องผ่านทาง Facebook: theAsianparent Thailand ได้ทันทีนะคะ ทีมงานยินดีดูแลค่ะ,https://apps.apple.com/th/app/id1042523855?see-all=reviews
App Store,th,,12788632801,2025-06-18T12:48:15Z,กุ้งนาง333,1,,0,ใช้ไม่ได้ค่ะสมัครแล้วหน้า2เด้งออก,ใช้ไม่ได้,,ต้องขออภัยในความไม่สะดวกก่อนหน้านี้ด้วยนะคะ ขณะนี้ระบบได้รับการอัปเดตเวอร์ชันใหม่เรียบร้อยแล้ว คุณแม่สามารถเข้าใช้งานได้ตามปกติเลยค่ะ หากติดปัญหาตรงไหนสอบถามเพิ่มเติมได้ทันทีนะคะ,https://apps.apple.com/th/app/id1042523855?see-all=reviews
App Store,th,,12733638606,2025-06-04T04:44:06Z,PreawSarocha,1,,0,ค้างตลอด,ค้าง ใส่ข้อมลูแล้วบอกผิดพลาด พยามใช้แอพตั้งแต่ท้องอ่อนๆจนตอนนี้5เดือนแล้วยังเข้าแอพไม่ได้ เสียเวลา,,ต้องขออภัยในความไม่สะดวกก่อนหน้านี้ด้วยนะคะ ขณะนี้ระบบได้รับการอัปเดตเวอร์ชันใหม่เรียบร้อยแล้ว คุณแม่สามารถเข้าใช้งานได้ตามปกติเลยค่ะ หากยังพบปัญหาหรือต้องการความช่วยเหลือเพิ่มเติม สามารถทักแชทแจ้งเรื่องผ่านทาง Facebook: theAsianparent Thailand ได้ทันทีนะคะ ทีมงานยินดีดูแลค่ะ,https://apps.apple.com/th/app/id1042523855?see-all=reviews
App Store,th,,12706564436,2025-05-28T05:14:16Z,จิมจิมจมจิมจมจมจืม,1,,0,ทำไม,ทำไมเวลากดดูดูอะไรไม่ได้เลยค่ะขึ้นว่าเกิดข้อผิดพลาดตลอดเลยลบแล้วโหลดใหม่เป็น 10 รอบก็ขึ้นเหมือนเดิม,,ต้องขออภัยในความไม่สะดวกก่อนหน้านี้ด้วยนะคะ ขณะนี้ระบบได้รับการอัปเดตเวอร์ชันใหม่เรียบร้อยแล้ว คุณแม่สามารถเข้าใช้งานได้ตามปกติเลยค่ะ หากยังพบปัญหาหรือต้องการความช่วยเหลือเพิ่มเติม สามารถทักแชทแจ้งเรื่องผ่านทาง Facebook: theAsianparent Thailand ได้ทันทีนะคะ ทีมงานยินดีดูแลค่ะ,https://apps.apple.com/th/app/id1042523855?see-all=reviews
App Store,th,,12702795082,2025-05-27T04:55:13Z,ออยเม้นท์,1,,0,กดดูตรงลูกของฉันไม่ได้ มันไม่ขึ้นภาพให้ค่ะ,กดดูตรงลูกของฉันไม่ได้ มันไม่ขึ้นภาพให้ค่ะ,,ต้องขออภัยในความไม่สะดวกก่อนหน้านี้ด้วยนะคะ ขณะนี้ระบบได้รับการอัปเดตเวอร์ชันใหม่เรียบร้อยแล้ว คุณแม่สามารถเข้าใช้งานได้ตามปกติเลยค่ะ หากยังพบปัญหาหรือต้องการความช่วยเหลือเพิ่มเติม สามารถทักแชทแจ้งเรื่องผ่านทาง Facebook: theAsianparent Thailand ได้ทันทีนะคะ ทีมงานยินดีดูแลค่ะ,https://apps.apple.com/th/app/id1042523855?see-all=reviews
App Store,th,,12650749322,2025-05-13T08:15:32Z,kannisa tama,1,,0,แอปมีปัญหาทำไรไม่ได้เลย,มีปัญหา,,ต้องขออภัยในความไม่สะดวกก่อนหน้านี้ด้วยนะคะ ขณะนี้ระบบได้รับการอัปเดตเวอร์ชันใหม่เรียบร้อยแล้ว คุณแม่สามารถเข้าใช้งานได้ตามปกติเลยค่ะ หากยังพบปัญหาหรือต้องการความช่วยเหลือเพิ่มเติม สามารถทักแชทแจ้งเรื่องผ่านทาง Facebook: theAsianparent Thailand ได้ทันทีนะคะ ทีมงานยินดีดูแลค่ะ,https://apps.apple.com/th/app/id1042523855?see-all=reviews
App Store,th,,12617418431,2025-05-04T06:52:12Z,กัาวยยร,1,,0,.,เข้าใช้งานไม่ได้ค่ะ,,ต้องขออภัยในความไม่สะดวกก่อนหน้านี้ด้วยนะคะ ขณะนี้ระบบได้รับการอัปเดตเวอร์ชันใหม่เรียบร้อยแล้ว คุณแม่สามารถเข้าใช้งานได้ตามปกติเลยค่ะ หากยังพบปัญหาหรือต้องการความช่วยเหลือเพิ่มเติม สามารถทักแชทแจ้งเรื่องผ่านทาง Facebook: theAsianparent Thailand ได้ทันทีนะคะ ทีมงานยินดีดูแลค่ะ,https://apps.apple.com/th/app/id1042523855?see-all=reviews
App Store,th,,12608584038,2025-05-01T23:17:07Z,ไม่บอกได้ไหมจ๊ะ,1,,0,เข้าแอปแล้วค้าง ใช้งานยาก,แอปให้ใส่ข้อมูลใหม่ตลอด แล้วก็ค้าง เห็นคอมเพลนแบบนร้เมื่แ 5 ปีที่แล้ว ตอนนี้ก็ยังเป็นอยู่ น่ารำคาญมาก ลบแอปทิ้งไปหลายรอบก็ไม่หาย จะตัดใจเลิกอยากใช้ละ,,ต้องขออภัยในความไม่สะดวกก่อนหน้านี้ด้วยนะคะ ขณะนี้ระบบได้รับการอัปเดตเวอร์ชันใหม่เรียบร้อยแล้ว คุณแม่สามารถเข้าใช้งานได้ตามปกติเลยค่ะ หากยังพบปัญหาหรือต้องการความช่วยเหลือเพิ่มเติม สามารถทักแชทแจ้งเรื่องผ่านทาง Facebook: theAsianparent Thailand ได้ทันทีนะคะ ทีมงานยินดีดูแลค่ะ,https://apps.apple.com/th/app/id1042523855?see-all=reviews
App Store,th,,12602235834,2025-04-30T09:15:13Z,อาหมวยกิม,1,,0,อยากทราบ,อยากทราบว่าเปลี่ยนภาษาไทยได้ไหมคะ,,ต้องขออภัยในความไม่สะดวกก่อนหน้านี้ด้วยนะคะ ขณะนี้ระบบได้รับการอัปเดตเวอร์ชันใหม่เรียบร้อยแล้ว คุณแม่สามารถเข้าใช้งานได้ตามปกติเลยค่ะ หากยังพบปัญหาหรือต้องการความช่วยเหลือเพิ่มเติม สามารถทักแชทแจ้งเรื่องผ่านทาง Facebook: theAsianparent Thailand ได้ทันทีนะคะ ทีมงานยินดีดูแลค่ะ,https://apps.apple.com/th/app/id1042523855?see-all=reviews
App Store,th,,12599273853,2025-04-29T13:24:39Z,เดซี่แดน,1,,0,ภาษา,เป็นภาษาอังกฤษ,,ต้องขออภัยในความไม่สะดวกก่อนหน้านี้ด้วยนะคะ ขณะนี้ระบบได้รับการอัปเดตเวอร์ชันใหม่เรียบร้อยแล้ว คุณแม่สามารถเข้าใช้งานได้ตามปกติเลยค่ะ หากยังพบปัญหาหรือต้องการความช่วยเหลือเพิ่มเติม สามารถทักแชทแจ้งเรื่องผ่านทาง Facebook: theAsianparent Thailand ได้ทันทีนะคะ ทีมงานยินดีดูแลค่ะ,https://apps.apple.com/th/app/id1042523855?see-all=reviews
App Store,th,,12570722431,2025-04-21T21:32:07Z,mlegillslick,1,,0,เข้าใช้งานลงทะเบียนไม่ได้,ทะเบียนไม่ได้ บอกเกิดข้อผิดพลาด สรุปมันใช้งานได้รึไม่ได้ ลองหลายครั้งแล้วก็ตาม,,ต้องขออภัยในความไม่สะดวกก่อนหน้านี้ด้วยนะคะ ขณะนี้ระบบได้รับการอัปเดตเวอร์ชันใหม่เรียบร้อยแล้ว คุณแม่สามารถเข้าใช้งานได้ตามปกติเลยค่ะ หากยังพบปัญหาหรือต้องการความช่วยเหลือเพิ่มเติม สามารถทักแชทแจ้งเรื่องผ่านทาง Facebook: theAsianparent Thailand ได้ทันทีนะคะ ทีมงานยินดีดูแลค่ะ,https://apps.apple.com/th/app/id1042523855?see-all=reviews
App Store,th,,12463141293,2025-03-25T15:26:32Z,ช้าเกินนนน,1,,0,ช้าาาา,ช้าาาาาามาก,,ต้องขออภัยในความไม่สะดวกก่อนหน้านี้ด้วยนะคะ ขณะนี้ระบบได้รับการอัปเดตเวอร์ชันใหม่เรียบร้อยแล้ว คุณลูกค้าสามารถเข้าใช้งานได้ตามปกติเลยค่ะ หากยังพบปัญหาหรือต้องการความช่วยเหลือเพิ่มเติม สามารถทักแชทแจ้งเรื่องผ่านทาง Facebook: theAsianparent Thailand ได้ทันทีนะคะ ทีมงานยินดีดูแลค่ะ,https://apps.apple.com/th/app/id1042523855?see-all=reviews
App Store,th,,12438399409,2025-03-19T11:15:32Z,ลีลุบ,1,,0,สมัครไม่ได้,ใส่ข้อมูลลูกคนเล็กแต่เราพึ่งมีแต่กดไม่ได้ค่ะต้องทำยังไงคะ,,ต้องขออภัยในความไม่สะดวกก่อนหน้านี้ด้วยนะคะ ขณะนี้ระบบได้รับการอัปเดตเวอร์ชันใหม่เรียบร้อยแล้ว คุณแม่สามารถเข้าใช้งานได้ตามปกติเลยค่ะ หากยังพบปัญหาหรือต้องการความช่วยเหลือเพิ่มเติม สามารถทักแชทแจ้งเรื่องผ่านทาง Facebook: theAsianparent Thailand ได้ทันทีนะคะ ทีมงานยินดีดูแลค่ะ,https://apps.apple.com/th/app/id1042523855?see-all=reviews
App Store,th,,12388437710,2025-03-06T13:13:05Z,บาล็อค,1,,0,สมัครไม่ได้,ทำไมสมัครแล้วถึงใส่ข้อมูลไม่ได้ค่ะ,,ต้องขออภัยในความไม่สะดวกก่อนหน้านี้ด้วยนะคะ ขณะนี้ระบบได้รับการอัปเดตเวอร์ชันใหม่เรียบร้อยแล้ว คุณแม่สามารถเข้าใช้งานได้ตามปกติเลยค่ะ หากยังพบปัญหาหรือต้องการความช่วยเหลือเพิ่มเติม สามารถทักแชทแจ้งเรื่องผ่านทาง Facebook: theAsianparent Thailand ได้ทันทีนะคะ ทีมงานยินดีดูแลค่ะ,https://apps.apple.com/th/app/id1042523855?see-all=reviews
App Store,th,,12382853652,2025-03-05T00:45:26Z,Nancy345,1,,0,แฝงขอข้อมูลส่วนบุคคล,มีการแฝงให้ถ่าบภาพบัตรประชาชนลงในแอป ไม่ปลอดภัย,,ต้องขออภัยในความไม่สะดวกก่อนหน้านี้ด้วยนะคะ ขณะนี้ระบบได้รับการอัปเดตเวอร์ชันใหม่เรียบร้อยแล้ว คุณแม่สามารถเข้าใช้งานได้ตามปกติเลยค่ะ หากยังพบปัญหาหรือต้องการความช่วยเหลือเพิ่มเติม สามารถทักแชทแจ้งเรื่องผ่านทาง Facebook: theAsianparent Thailand ได้ทันทีนะคะ ทีมงานยินดีดูแลค่ะ,https://apps.apple.com/th/app/id1042523855?see-all=reviews
App Store,th,,12316397209,2025-02-16T04:24:30Z,ใบฟ้อน,1,,0,แอคมั่ว,ล็อคอินเฟส ไปเข้าแอคคนอื่นมั่วตลอดเลยค่ะ,,ต้องขออภัยในความไม่สะดวกก่อนหน้านี้ด้วยนะคะ ขณะนี้ระบบได้รับการอัปเดตเวอร์ชันใหม่เรียบร้อยแล้ว คุณแม่สามารถเข้าใช้งานได้ตามปกติเลยค่ะ หากยังพบปัญหาหรือต้องการความช่วยเหลือเพิ่มเติม สามารถทักแชทแจ้งเรื่องผ่านทาง Facebook: theAsianparent Thailand ได้ทันทีนะคะ ทีมงานยินดีดูแลค่ะ,https://apps.apple.com/th/app/id1042523855?see-all=reviews
App Store,th,,12311509999,2025-02-14T22:59:01Z,ไม่ได้พูดเล่น,1,,0,ตัวคำนวนอายุเด็กกับคำอธิบายไม่ตรงกัน,อายุเด็กกับคำอธิบายด้านล่างไม่ตรงกันโดยคำอธิบายจะร่นลงตอนแรกน้อยกว่า 1 วัน ตอนนี้เพิ่มเป็นน้อยกว่าอายุ 2 วันแล้วต้องคอยสังเกต แย่มากค่ะ,,ขออภัยสำหรับปัญหาที่เกิดขึ้นด้วยนะคะ เราจะรายงานปัญหานี้ไปยังทีมพัฒนาแอพเพื่อปรับปรุงให้ดียิ่งขึ้นต่อไป ถ้าเห็นว่าแอพตั้งครรภ์และเลี้ยงลูกของเรามีประโยชน์ อย่าลืมบอกต่อคุณพ่อคุณแม่ท่านอื่น ๆ ด้วยนะคะ หวังว่าคุณจะกลับมาติดตามการตั้งครรภ์หรือตรวจครรภ์ เพื่อเช็กพัฒนาการลูกน้อยในครรภ์จากแอปของเราทุกวันค่ะ 😊,https://apps.apple.com/th/app/id1042523855?see-all=reviews
App Store,th,,12261641135,2025-02-02T14:10:23Z,กระมน,1,,0,แย่มาก,แย่มากแอปเอ๋อๆรวนๆอยู่ไม่ได้เรื่องค่ะ,,ต้องขออภัยในความไม่สะดวกก่อนหน้านี้ด้วยนะคะ ขณะนี้ระบบได้รับการอัปเดตเวอร์ชันใหม่เรียบร้อยแล้ว คุณแม่สามารถเข้าใช้งานได้ตามปกติเลยค่ะ หากยังพบปัญหาหรือต้องการความช่วยเหลือเพิ่มเติม สามารถทักแชทแจ้งเรื่องผ่านทาง Facebook: theAsianparent Thailand ได้ทันทีนะคะ ทีมงานยินดีดูแลค่ะ,https://apps.apple.com/th/app/id1042523855?see-all=reviews
App Store,th,,12259718998,2025-02-02T02:42:56Z,Jantakan Kanlaworn,1,,0,ภาษา,ในแอปเป็นภาษาอังกฤษหมดเลยค่ะ แก้ไขให้หน่อยได้มั้ยค่ะ,,ต้องขออภัยในความไม่สะดวกก่อนหน้านี้ด้วยนะคะ ขณะนี้ระบบได้รับการอัปเดตเวอร์ชันใหม่เรียบร้อยแล้ว คุณแม่สามารถเข้าใช้งานได้ตามปกติเลยค่ะ หากยังพบปัญหาหรือต้องการความช่วยเหลือเพิ่มเติม สามารถทักแชทแจ้งเรื่องผ่านทาง Facebook: theAsianparent Thailand ได้ทันทีนะคะ ทีมงานยินดีดูแลค่ะ,https://apps.apple.com/th/app/id1042523855?see-all=reviews
App Store,th,,12255639648,2025-02-01T04:35:36Z,อัญชิสา เขมทโรนนท์,1,,0,แรกๆก็ดี,ใช้ไปสักพัก เป็นภาษาอังกฤษ จบเลย ไม่ใช้ละ,,ต้องขออภัยในความไม่สะดวกก่อนหน้านี้ด้วยนะคะ ขณะนี้ระบบได้รับการอัปเดตเวอร์ชันใหม่เรียบร้อยแล้ว คุณแม่สามารถเข้าใช้งานได้ตามปกติเลยค่ะ หากยังพบปัญหาหรือต้องการความช่วยเหลือเพิ่มเติม สามารถทักแชทแจ้งเรื่องผ่านทาง Facebook: theAsianparent Thailand ได้ทันทีนะคะ ทีมงานยินดีดูแลค่ะ,https://apps.apple.com/th/app/id1042523855?see-all=reviews
App Store,th,,12210584672,2025-01-21T06:08:12Z,Aaaaaaaaaaaazuy,1,,0,ลงทะเบียนยุ่งยากใส่รหัสไม่ผ่านสักที,ทำตามที่แอปแจ้งทุกอย่าง,,สวัสดีค่ะ ขออภัยสำหรับปัญหาที่เกิดขึ้นด้วยค่ะ โปรดแคปหน้าจอส่งอีเมลพร้อมรายละเอียดบัญชีของคุณไปที่ app.feedback@theasianparent.com เพื่อให้เราสามารถช่วยเหลือได้ทันทีค่ะ 😊 หวังว่าคุณจะสนับสนุนแอพตั้งครรภ์และเลี้ยงลูกของเราต่อไปด้วยการเพิ่มคะแนน 5 ดาว และกลับมาติดตามการตั้งครรภ์หรือตรวจครรภ์ เพื่อเช็กพัฒนาการลูกน้อยในครรภ์จากแอปของเราทุกวันนะคะ,https://apps.apple.com/th/app/id1042523855?see-all=reviews
App Store,th,,12210235911,2025-01-21T03:40:50Z,Phykk,1,,0,วันที่ไม่ตรง,วันที่ไม่ตรง แก้ไม่ได้,,สวัสดีค่ะ ขออภัยสำหรับปัญหาที่เกิดขึ้นด้วยค่ะ โปรดแคปหน้าจอส่งอีเมลพร้อมรายละเอียดบัญชีของคุณไปที่ app.feedback@theasianparent.com เพื่อให้เราสามารถช่วยเหลือได้ทันทีค่ะ 😊 หวังว่าคุณจะสนับสนุนแอพตั้งครรภ์และเลี้ยงลูกของเราต่อไปด้วยการเพิ่มคะแนน 5 ดาว และกลับมาติดตามการตั้งครรภ์หรือตรวจครรภ์ เพื่อเช็กพัฒนาการลูกน้อยในครรภ์จากแอปของเราทุกวันนะคะ,https://apps.apple.com/th/app/id1042523855?see-all=reviews
App Store,th,,12209838448,2025-01-21T01:08:57Z,ส้ะ‘มาย,1,,0,บัญชีอื่น,แอพเปนอะไรก็ไม่รู้ค่ะ พอออกจากแอพแล้ว แล้วเข้าไปอีกทีก็เปนบัญชีของใครก็ไม่รู้ค่ะ อยากทราบสาเหตุค่ะ,,สวัสดีค่ะ ขออภัยสำหรับปัญหาที่เกิดขึ้นด้วยค่ะ โปรดแคปหน้าจอส่งอีเมลพร้อมรายละเอียดบัญชีของคุณไปที่ app.feedback@theasianparent.com เพื่อให้เราสามารถช่วยเหลือได้ทันทีค่ะ 😊 หวังว่าคุณจะสนับสนุนแอพตั้งครรภ์และเลี้ยงลูกของเราต่อไปด้วยการเพิ่มคะแนน 5 ดาว และกลับมาติดตามการตั้งครรภ์หรือตรวจครรภ์ เพื่อเช็กพัฒนาการลูกน้อยในครรภ์จากแอปของเราทุกวันนะคะ,https://apps.apple.com/th/app/id1042523855?see-all=reviews
App Store,th,,11912570471,2024-11-04T19:21:18Z,Chalita Aum,1,,0,Login เข้าไม่ได้,"Login เข้าแอพไม่ได้เลยค่ะ ใช้ทุกอย่าง Gmail , Apple ID , Facebook",,,https://apps.apple.com/th/app/id1042523855?see-all=reviews
App Store,th,,11823569168,2024-10-12T00:39:57Z,Tanara1,1,,0,ใส่ข้อมูลยาก,ใส่ข้อมูลยาก,,สวัสดีค่ะคุณพ่อคุณแม่ ขอบคุณสำหรับคำแนะนำและขออภัยที่ทำให้รู้สึกไม่ประทับใจหลังจากใช้งานแอพตั้งครรภ์และเลี้ยงลูกของเรา เราจะพยายามปรับปรุงเพื่อให้คุณสามารถตรวจครรภ์ ติดตามการตั้งครรภ์ หรือพัฒนาการลูกน้อยในครรภ์ และเลี้ยงดูลูกน้อยได้ง่ายยิ่งขึ้น อย่าลืมกลับมาใช้งานแอปของเราใหม่ในครั้งหน้าและให้คะแนน 5 ดาวกับเรานะคะ 😊,https://apps.apple.com/th/app/id1042523855?see-all=reviews
App Store,th,,11743534031,2024-09-20T06:07:37Z,Nistha Tha,1,,0,คอมมูนิตี้ประสาอะไร,ระบบห้ามเม้นท์ซ้ำมันไร้สาระมาก เอาออกไปเถอะถ้าไม่สามารถเขียนให้ระบบฉลาดกว่านี้ ตอบเหมือนกันแค่ประโยคเดียวส่วนบริบทอื่นแตกต่างก็บอกว่าซ้ำให้แก้ไข ถามจริงใครจะไปจำได้ว่าเคยตอบอะไรไป อยากให้มีคอมมูนิตี้จริงมั้ยแบบนี้ ขอบเขตที่คุยก็แคบๆ เรื่องคนท้อง มันจะมีคำตอบแตกต่างอะไรกันมาก จะให้ตอบเป็นสูตรคณิตฯหรอ,,ขออภัยสำหรับปัญหาที่เกิดขึ้นด้วยค่ะ รบกวนแจ้งรายละเอียดไปที่ app.feedback@theasianparent.com เพื่อให้ทีมงานตรวจสอบอย่างละเอียดอีกครั้งค่ะ ถ้าเห็นว่าแอพตั้งครรภ์และเลี้ยงลูกของเรามีประโยชน์ อย่าลืมบอกต่อคุณพ่อคุณแม่ท่านอื่น ๆ ด้วยนะคะ หวังว่าคุณจะกลับมาติดตามการตั้งครรภ์หรือตรวจครรภ์ เพื่อเช็กพัฒนาการลูกน้อยในครรภ์จากแอปของเราทุกวันค่ะ 😊,https://apps.apple.com/th/app/id1042523855?see-all=reviews
App Store,th,,11688414740,2024-09-04T15:54:29Z,K.kulpinya,1,,0,เข้าเเอพไม่ได้,ใส่ทุกอย่างเเล้ว อีเมล เบอร์ ลืมรหัสก็เปลี่ยนไม่ได้อีเมล เเอปเปิ้ลไอดี เฟสก็เข้าไม่ได้เล่นไม่ได้เลยเเก้ไขด่วนค่ะ,,ขออภัยสำหรับปัญหาที่เกิดขึ้นด้วยค่ะ รบกวนแจ้งรายละเอียดไปที่ app.feedback@theasianparent.com เพื่อให้ทีมงานตรวจสอบอย่างละเอียดอีกครั้งค่ะ ถ้าเห็นว่าแอพตั้งครรภ์และเลี้ยงลูกของเรามีประโยชน์ อย่าลืมบอกต่อคุณพ่อคุณแม่ท่านอื่น ๆ ด้วยนะคะ หวังว่าคุณจะกลับมาติดตามการตั้งครรภ์หรือตรวจครรภ์ เพื่อเช็กพัฒนาการลูกน้อยในครรภ์จากแอปของเราทุกวันค่ะ 😊,https://apps.apple.com/th/app/id1042523855?see-all=reviews
App Store,th,,11686632767,2024-09-04T04:07:04Z,jugjung,1,,0,ค้างตลอด,เข้าไปหน้าแอฟ ให้ใส่ข้อมูลวันคลอดตลอดแล้วไปไหนต่อไม่ได้เลย ตั้งแต่เริ่มโหลดมาก็เป็นแล้ว ไม่มีคนพัฒนาแอฟเลย,,ขออภัยสำหรับปัญหาที่เกิดขึ้นด้วยค่ะ รบกวนแจ้งรายละเอียดไปที่ app.feedback@theasianparent.com เพื่อให้ทีมงานตรวจสอบอย่างละเอียดอีกครั้งค่ะ ถ้าเห็นว่าแอพตั้งครรภ์และเลี้ยงลูกของเรามีประโยชน์ อย่าลืมบอกต่อคุณพ่อคุณแม่ท่านอื่น ๆ ด้วยนะคะ หวังว่าคุณจะกลับมาติดตามการตั้งครรภ์หรือตรวจครรภ์ เพื่อเช็กพัฒนาการลูกน้อยในครรภ์จากแอปของเราทุกวันค่ะ 😊,https://apps.apple.com/th/app/id1042523855?see-all=reviews
App Store,th,,11529934081,2024-07-24T15:46:19Z,กีต้าร์_k3,1,,0,เวลาตอบคำถามชอบขึ้นว่าตอบแล้วทั้งๆที่ยังไม่เคยตอบ,ฝากปรับปรุงตรงนี้ด้วยค่ะแอพเป็นบ่อยมาก เน็ตก็ดีแต่จะชอบขึ้นว่าไม่มีสัญญาณเน็ตพอกดตกลงจะส่งคำตอบที่แม่ๆเขาถามก็ชอบขึ้นว่าตอบไปแล้ว บางคำถามยังไม่เคยตอบด้วยซ้ำพอไปตอบจะชอบขึ้นว่าตอบแล้ว ต้องพิมพ์ใหม่ทั้งหมด และพิมพ์ให้สั้นกว่าเดิม คือบางเรื่องมันก็ต้องตอบยาวๆอะค่ะถึงจะรู้เรื่อง,,,https://apps.apple.com/th/app/id1042523855?see-all=reviews
App Store,th,,11503238781,2024-07-17T12:31:47Z,Sinee_Yu,1,,0,แอ็พบัคมาก,ลูกสาวอายุ 9 เดือน ใส่วันเกิด ปีเกิดถูกต้องแต่ข้อมูลขึ้นว่าลูกสาว 5 ขวบ เปลี่ยนไม่ได้ ทำอะไรไม่ได้ จะเก็บแอ็พไว้ใข้ติดตามพัฒนาการลูกคงต้องลบทิ้ง,,,https://apps.apple.com/th/app/id1042523855?see-all=reviews
App Store,th,,11462694597,2024-07-06T14:17:49Z,เปรียงจ้ะ,1,,0,ระบบช้า,ระบบช้า,,ขออภัยสำหรับปัญหาที่เกิดขึ้นด้วยค่ะ รบกวนแจ้งรายละเอียดไปที่ app.feedback@theasianparent.com เพื่อให้ทีมงานตรวจสอบอย่างละเอียดอีกครั้งค่ะ ถ้าเห็นว่าแอพตั้งครรภ์และเลี้ยงลูกของเรามีประโยชน์ อย่าลืมบอกต่อคุณพ่อคุณแม่ท่านอื่น ๆ ด้วยนะคะ หวังว่าคุณจะกลับมาติดตามการตั้งครรภ์หรือตรวจครรภ์ เพื่อเช็กพัฒนาการลูกน้อยในครรภ์จากแอปของเราทุกวันค่ะ 😊,https://apps.apple.com/th/app/id1042523855?see-all=reviews
App Store,th,,11417124195,2024-06-24T10:04:22Z,อิ๋ว44,1,,0,การแจ้งเตือน,แย่มากชอบแจ้งเตือนให้แม่ใจหาย ให้แม่กลัวค่ะ,,สวัสดีค่ะ ขอบคุณสำหรับความคิดเห็นของคุณ เราขออภัยในความไม่สะดวกที่เกิดจากการแจ้งเตือนที่น่ากลัวเกินไป เราจะนำความคิดเห็นของคุณไปพิจารณาเพื่อปรับปรุงประสบการณ์ผู้ใช้ ขอบคุณค่ะ,https://apps.apple.com/th/app/id1042523855?see-all=reviews
App Store,th,,11289881305,2024-05-21T05:27:21Z,ใบหญ้าา,1,,0,เข้าแอพไม่ได้,คือเข้าแอพแล้วลบบัณชีเข้าอีกไม่ได้ทำไงค่ะ ช่วยแก้ให้หน่อยค่ะ ออกแล้วเข้าไม่ได้ด้วยจ้า แก้ไข้ทีค่ะ,,สวัสดีค่ะ ขออภัยสำหรับปัญหาที่เกิดขึ้นด้วยค่ะ โปรดแคปหน้าจอส่งอีเมลพร้อมรายละเอียดบัญชีของคุณไปที่ app.feedback@theasianparent.com เพื่อให้เราสามารถช่วยเหลือได้ทันทีค่ะ 😊 หวังว่าคุณจะสนับสนุนแอพตั้งครรภ์และเลี้ยงลูกของเราต่อไปด้วยการเพิ่มคะแนน 5 ดาว และกลับมาติดตามการตั้งครรภ์หรือตรวจครรภ์ เพื่อเช็กพัฒนาการลูกน้อยในครรภ์จากแอปของเราทุกวันนะคะ,https://apps.apple.com/th/app/id1042523855?see-all=reviews
App Store,th,,11287351184,2024-05-20T12:23:32Z,ถ้าพี่ไม่ได้,1,,0,ใช้ไม่ได้,กดถัดไปไม่ได้ 😡🤬,,สวัสดีค่ะ ขออภัยสำหรับปัญหาที่เกิดขึ้นด้วยค่ะ โปรดแคปหน้าจอส่งอีเมลพร้อมรายละเอียดบัญชีของคุณไปที่ app.feedback@theasianparent.com เพื่อให้เราสามารถช่วยเหลือได้ทันทีค่ะ 😊 หวังว่าคุณจะสนับสนุนแอพตั้งครรภ์และเลี้ยงลูกของเราต่อไปด้วยการเพิ่มคะแนน 5 ดาว และกลับมาติดตามการตั้งครรภ์หรือตรวจครรภ์ เพื่อเช็กพัฒนาการลูกน้อยในครรภ์จากแอปของเราทุกวันนะคะ,https://apps.apple.com/th/app/id1042523855?see-all=reviews
App Store,th,,11113574768,2024-04-02T14:58:33Z,ค้างเวลากรอก,1,,0,ค้าง,กรอกข้อมูลไม่ได้ ค้างมากก,,ขออภัยสำหรับปัญหาที่เกิดขึ้นด้วยนะคะ เราจะรายงานปัญหานี้ไปยังทีมพัฒนาแอพเพื่อปรับปรุงให้ดียิ่งขึ้นต่อไป ถ้าเห็นว่าแอพตั้งครรภ์และเลี้ยงลูกของเรามีประโยชน์ อย่าลืมบอกต่อคุณพ่อคุณแม่ท่านอื่น ๆ ด้วยนะคะ หวังว่าคุณจะกลับมาติดตามการตั้งครรภ์หรือตรวจครรภ์ เพื่อเช็กพัฒนาการลูกน้อยในครรภ์จากแอปของเราทุกวันค่ะ 😊,https://apps.apple.com/th/app/id1042523855?see-all=reviews
App Store,th,,11021065748,2024-03-08T10:10:24Z,ออาอ,1,,0,คำนวณอายุผิด,ลูกอายุ 1เดือน แอพบอป 5ปี,,สวัสดีค่ะ ขออภัยสำหรับปัญหาที่เกิดขึ้นด้วยค่ะ โปรดแคปหน้าจอส่งอีเมลพร้อมรายละเอียดบัญชีของคุณไปที่ app.feedback@theasianparent.com เพื่อให้เราสามารถช่วยเหลือได้ทันทีค่ะ 😊 หวังว่าคุณจะสนับสนุนแอพตั้งครรภ์และเลี้ยงลูกของเราต่อไปด้วยการเพิ่มคะแนน 5 ดาว และกลับมาติดตามการตั้งครรภ์หรือตรวจครรภ์ เพื่อเช็กพัฒนาการลูกน้อยในครรภ์จากแอปของเราทุกวันนะคะ,https://apps.apple.com/th/app/id1042523855?see-all=reviews
App Store,th,,10954833960,2024-02-19T03:39:22Z,hfcjjnj,1,,0,ค้าง,ก่อนหน้านี้ใช้ได้ดีปกติ แต่ตอนนี้เข้าไม่ได้ค้างหน้าเดิมนานมาก รบกวนทีมงานเร่งแก้ไขด้วยค่ะ,,สวัสดีค่ะคุณพ่อคุณแม่ ขอบคุณสำหรับคำแนะนำและขออภัยที่ทำให้รู้สึกไม่ประทับใจหลังจากใช้งานแอพตั้งครรภ์และเลี้ยงลูกของเรา เราจะพยายามปรับปรุงเพื่อให้คุณสามารถตรวจครรภ์ ติดตามการตั้งครรภ์ หรือพัฒนาการลูกน้อยในครรภ์ และเลี้ยงดูลูกน้อยได้ง่ายยิ่งขึ้น อย่าลืมกลับมาใช้งานแอปของเราใหม่ในครั้งหน้าและให้คะแนน 5 ดาวกับเรานะคะ 😊,https://apps.apple.com/th/app/id1042523855?see-all=reviews
App Store,th,,10948017902,2024-02-17T09:12:42Z,ดืกนดทสกวแทดนกท,1,,0,รำคาญโฆษณา,โฆษณาไร้สาระพร่ำเพรื่อมาก,,สวัสดี ผู้ปกครอง เราต้องขออภัยในความไม่สะดวกที่เกิดขึ้น😔 โฆษณามีความจำเป็นสำหรับเราในการรักษาความพร้อมใช้งานของแอปโดยไม่คิดค่าใช้จ่ายใดๆ สำหรับผู้ใช้ของเรา อย่างไรก็ตาม เราให้ความสำคัญกับความคิดเห็นของคุณและได้ดำเนินการเพื่อลดโฆษณา สำหรับคำถามเพิ่มเติม ติดต่อเราได้ที่ app.feedback@tickledmedia.com ขอบคุณค่ะ 😊,https://apps.apple.com/th/app/id1042523855?see-all=reviews
App Store,th,,10912171651,2024-02-07T13:12:21Z,ซีจูนคนสวย,1,,0,ช่วยปรับปรุงหน่อย,เข้าแอบรอโหลดนานมากแอบค้างอีกปรับปรุงหน่อยจะเข้าดูก็ดูไม่ได้รอนานเกิน,,ขออภัยสำหรับปัญหาที่เกิดขึ้นด้วยนะคะ เราจะรายงานปัญหานี้ไปยังทีมพัฒนาแอพเพื่อปรับปรุงให้ดียิ่งขึ้นต่อไป ถ้าเห็นว่าแอพตั้งครรภ์และเลี้ยงลูกของเรามีประโยชน์ อย่าลืมบอกต่อคุณพ่อคุณแม่ท่านอื่น ๆ ด้วยนะคะ หวังว่าคุณจะกลับมาติดตามการตั้งครรภ์หรือตรวจครรภ์ เพื่อเช็กพัฒนาการลูกน้อยในครรภ์จากแอปของเราทุกวันค่ะ 😊,https://apps.apple.com/th/app/id1042523855?see-all=reviews
App Store,th,,10868359178,2024-01-27T03:42:23Z,Meijixx,1,,0,เข้าระบบไม่ได้ค่ะ,iPhone ใช้ไม่ได้ค่ะ กดปุ่มถัดไปไม่ได้เข้าระบบไม่ได้ค่ะ,,ขออภัยสำหรับปัญหาที่เกิดขึ้นด้วยค่ะ รบกวนแจ้งรายละเอียดไปที่ app.feedback@theasianparent.com เพื่อให้ทีมงานตรวจสอบอย่างละเอียดอีกครั้งค่ะ ถ้าเห็นว่าแอพตั้งครรภ์และเลี้ยงลูกของเรามีประโยชน์ อย่าลืมบอกต่อคุณพ่อคุณแม่ท่านอื่น ๆ ด้วยนะคะ หวังว่าคุณจะกลับมาติดตามการตั้งครรภ์หรือตรวจครรภ์ เพื่อเช็กพัฒนาการลูกน้อยในครรภ์จากแอปของเราทุกวันค่ะ 😊,https://apps.apple.com/th/app/id1042523855?see-all=reviews
App Store,th,,10823832788,2024-01-15T07:03:02Z,อิงค์อิง,1,,0,โฆษณาเยอะเกิน,พอกดเข้าอ่านความคิดเห็นของแม่ๆหลายคน พอจะกดกลับไปหน้าฟีดโฆษณาตลอดเลย ทุกครั้งที่กดเข้าดูเชยจนโหลดแอพอื่นมาแทบแล้วรำคาญโฆษณา,,สวัสดี ผู้ปกครอง เราต้องขออภัยในความไม่สะดวกที่เกิดขึ้น😔 โฆษณามีความจำเป็นสำหรับเราในการรักษาความพร้อมใช้งานของแอปโดยไม่คิดค่าใช้จ่ายใดๆ สำหรับผู้ใช้ของเรา อย่างไรก็ตาม เราให้ความสำคัญกับความคิดเห็นของคุณและได้ดำเนินการเพื่อลดโฆษณา สำหรับคำถามเพิ่มเติม ติดต่อเราได้ที่ app.feedback@tickledmedia.com ขอบคุณค่ะ 😊,https://apps.apple.com/th/app/id1042523855?see-all=reviews
App Store,th,,10813266605,2024-01-12T13:16:06Z,Kuykuyyy,1,,0,ปรับปรุงด่วน,มีภาษาอังกฤษกับภาษาไทยผสมกันไปหมด เปลี่ยนให้เป็นภาษาไทยแล้วก็ยังเป็นเหมือนเดิม ตรงพัฒนาการเป็นภาษาอังกฤษ แก้ด่วนๆเป็นมาเดือนแล้ว,,สวัสดีค่ะ วิธีการเปลี่ยนให้เป็นภาษาไทย เพียงแค่ตั้งค่าในหน้าโปรไฟล์ คลิกที่รูปโปรไฟล์มุมซ้ายบน และเลื่อนมาที่ Edit Profile เลือกภาษาไทยและประเทศไทยแล้วกด save ค่ะ 😊 หวังว่าคุณจะสนับสนุนแอพตั้งครรภ์และเลี้ยงลูกของเราต่อไปด้วยการเพิ่มคะแนน 5 ดาว และติดตามการตั้งครรภ์หรือตรวจครรภ์ เพื่อเช็กพัฒนาการลูกน้อยในครรภ์จากแอปของเราทุกวันนะคะ,https://apps.apple.com/th/app/id1042523855?see-all=reviews
App Store,th,,10800973141,2024-01-09T04:07:09Z,hooey_girl,1,,0,Too much advertising notifications,So annoying. Too much advertising notifications,,"Hi, Parent. Thank you for your review. We apologize for the inconvenience caused by the excessive notifications. We'll take your feedback into consideration to improve the user experience. In the mean time, please send a screenshot of the issue to app.feedback@theasianparent.com to help us investigate and assist you better. Thank you.",https://apps.apple.com/th/app/id1042523855?see-all=reviews
App Store,th,,10776869920,2024-01-03T01:22:41Z,เบื่อเฟสบุคเวอร์ชั่นใหม่,1,,0,ลงวันเกิดลูก ระบบคำนวนผิด,ลงวันเกิดลูกเพิ่ง 8 เดือนระบบบอก 5 ปี วันเดือนปีเกิดก็ตรง ติดตามพัฒนาการตามช่วงวัยไม่ได้เลย ต้องหมุน ย้อน เปลี่ยนหน้าก็กลับมา 5 ปี อีก,,ขออภัยสำหรับปัญหาที่เกิดขึ้นด้วยค่ะ รบกวนแจ้งรายละเอียดไปที่ app.feedback@theasianparent.com เพื่อให้ทีมงานตรวจสอบอย่างละเอียดอีกครั้งค่ะ ถ้าเห็นว่าแอพตั้งครรภ์และเลี้ยงลูกของเรามีประโยชน์ อย่าลืมบอกต่อคุณพ่อคุณแม่ท่านอื่น ๆ ด้วยนะคะ หวังว่าคุณจะกลับมาติดตามการตั้งครรภ์หรือตรวจครรภ์ เพื่อเช็กพัฒนาการลูกน้อยในครรภ์จากแอปของเราทุกวันค่ะ 😊,https://apps.apple.com/th/app/id1042523855?see-all=reviews
App Store,th,,10722318044,2023-12-20T12:49:51Z,แคท 1,1,,0,ใส่เบอร๋มือถือ บอกไม่อัพเดท แลกของรางวัลไม่ได้,แลกของรางวัลไม่ได้,,ขออภัยสำหรับปัญหาที่เกิดขึ้นด้วยค่ะ รบกวนแจ้งรายละเอียดไปที่ app.feedback@theasianparent.com เพื่อให้ทีมงานตรวจสอบอย่างละเอียดอีกครั้งค่ะ ถ้าเห็นว่าแอพตั้งครรภ์และเลี้ยงลูกของเรามีประโยชน์ อย่าลืมบอกต่อคุณพ่อคุณแม่ท่านอื่น ๆ ด้วยนะคะ หวังว่าคุณจะกลับมาติดตามการตั้งครรภ์หรือตรวจครรภ์ เพื่อเช็กพัฒนาการลูกน้อยในครรภ์จากแอปของเราทุกวันค่ะ 😊,https://apps.apple.com/th/app/id1042523855?see-all=reviews
App Store,th,,10715690590,2023-12-19T05:40:21Z,JS2755,1,,0,นับลูกดิ้น,นับลูกดิ้นหายไปไหน,,ขออภัยสำหรับปัญหาที่เกิดขึ้นด้วยนะคะ เราจะรายงานปัญหานี้ไปยังทีมพัฒนาแอพเพื่อปรับปรุงให้ดียิ่งขึ้นต่อไป ถ้าเห็นว่าแอพตั้งครรภ์และเลี้ยงลูกของเรามีประโยชน์ อย่าลืมบอกต่อคุณพ่อคุณแม่ท่านอื่น ๆ ด้วยนะคะ หวังว่าคุณจะกลับมาติดตามการตั้งครรภ์หรือตรวจครรภ์ เพื่อเช็กพัฒนาการลูกน้อยในครรภ์จากแอปของเราทุกวันค่ะ 😊,https://apps.apple.com/th/app/id1042523855?see-all=reviews
App Store,th,,10618472746,2023-11-24T04:25:04Z,พ’แพรว,1,,0,ดูรูปพัฒนาการเด็กไม่ได้,ดูรูปพัฒนาการเด็กไม่ได้,,สวัสดีค่ะ ขออภัยสำหรับปัญหาที่เกิดขึ้นด้วยค่ะ โปรดแคปหน้าจอส่งอีเมลพร้อมรายละเอียดบัญชีของคุณไปที่ app.feedback@theasianparent.com เพื่อให้เราสามารถช่วยเหลือได้ทันทีค่ะ 😊 หวังว่าคุณจะสนับสนุนแอพตั้งครรภ์และเลี้ยงลูกของเราต่อไปด้วยการเพิ่มคะแนน 5 ดาว และกลับมาติดตามการตั้งครรภ์หรือตรวจครรภ์ เพื่อเช็กพัฒนาการลูกน้อยในครรภ์จากแอปของเราทุกวันนะคะ,https://apps.apple.com/th/app/id1042523855?see-all=reviews
App Store,th,,10453876823,2023-10-08T23:44:37Z,sayrobearto,1,,0,กรุณาแก้ไขดูรูปทารกได้แค่ 2 วิแล้วภาพหาย,กรุณาแก้ไขดูรูปทารกได้แค่ 2 วิแล้วภาพหาย,,สวัสดีค่ะ ขออภัยสำหรับปัญหาที่เกิดขึ้นด้วยค่ะ โปรดแคปหน้าจอส่งอีเมลพร้อมรายละเอียดบัญชีของคุณไปที่ app.feedback@theasianparent.com เพื่อให้เราสามารถช่วยเหลือได้ทันทีค่ะ 😊 หวังว่าคุณจะสนับสนุนแอพตั้งครรภ์และเลี้ยงลูกของเราต่อไปด้วยการเพิ่มคะแนน 5 ดาว และกลับมาติดตามการตั้งครรภ์หรือตรวจครรภ์ เพื่อเช็กพัฒนาการลูกน้อยในครรภ์จากแอปของเราทุกวันนะคะ,https://apps.apple.com/th/app/id1042523855?see-all=reviews
App Store,th,,10427130337,2023-10-01T14:17:24Z,พพพพพี,1,,0,แอพค้างตลอด,ขึ้นว่าข้อผิดพลาดๆ หลายรอบๆ เข้าไม่ได้เลย อ่านข้อความอะไรก็ไม่ได้ พัฒนาแก้ไขด่วน!,,สวัสดีค่ะคุณพ่อคุณแม่ ขอบคุณสำหรับคำแนะนำและขออภัยที่ทำให้รู้สึกไม่ประทับใจหลังจากใช้งานแอพตั้งครรภ์และเลี้ยงลูกของเรา เราจะพยายามปรับปรุงเพื่อให้คุณสามารถตรวจครรภ์ ติดตามการตั้งครรภ์ หรือพัฒนาการลูกน้อยในครรภ์ และเลี้ยงดูลูกน้อยได้ง่ายยิ่งขึ้น อย่าลืมกลับมาใช้งานแอปของเราใหม่ในครั้งหน้าและให้คะแนน 5 ดาวกับเรานะคะ 😊,https://apps.apple.com/th/app/id1042523855?see-all=reviews
App Store,th,,10332810879,2023-09-04T10:52:53Z,AomJPrommasit,1,,0,เปิดอ่านบทความไม่ได้,เปิดอ่านบทความไม่ได้,,สวัสดีค่ะ ขออภัยที่ทำให้รู้สึกไม่ประทับใจหลังจากใช้งานแอพตั้งครรภ์และเลี้ยงลูกของเรา เราจะพยายามปรับปรุงเพื่อให้คุณสามารถอ่านบทความการตรวจครรภ์ ติดตามการตั้งครรภ์ พัฒนาการลูกน้อยในครรภ์ การเลี้ยงดูลูกน้อย หรือบทความอื่น ๆ ได้สะดวกง่ายดายยิ่งขึ้น อย่าลืมกลับมาใช้งานแอปของเราใหม่ในครั้งหน้าและให้คะแนน 5 ดาวกับเรานะคะ 😊,https://apps.apple.com/th/app/id1042523855?see-all=reviews
App Store,th,,10315000609,2023-08-30T09:40:44Z,นันตชัย,1,,0,รูป,รูปเด็กทารกไม่ขึ้นคะ,,,https://apps.apple.com/th/app/id1042523855?see-all=reviews
App Store,th,,10308599569,2023-08-28T14:18:18Z,ดีมากคะ มีประโยชน์,1,,0,แอปค้าง ผิดพลาดบ่อย ควรปรับปรุงค่ะ,แอปค้าง ผิดพลาดบ่อย ควรปรับปรุงค่ะ,,,https://apps.apple.com/th/app/id1042523855?see-all=reviews
App Store,th,,10274595449,2023-08-19T03:50:15Z,Sunisa254703,1,,0,แอปมีปัญหาในการใช้ค่ะ,ดูการเจริญเติบโตของลูกในแอปไม่ได้เลยค่ะ,,,https://apps.apple.com/th/app/id1042523855?see-all=reviews
App Store,th,,10267856511,2023-08-17T09:24:07Z,ขนมปังสัขยา,1,,0,ทำไมถึงดูรูปว่ากี่สัปดาห์ไม่ได้คะ,ทำไมถึงดูรูปว่ากี่สัปดาห์ไม่ได้คะ,,,https://apps.apple.com/th/app/id1042523855?see-all=reviews
App Store,th,,10264094296,2023-08-16T10:14:28Z,mint 21,1,,0,ค้างบ่อยมากค่ะ ดูอะไรไม่ได้เลย,แก้ไขหน่อยค่ะ,,,https://apps.apple.com/th/app/id1042523855?see-all=reviews
App Store,th,,10212045478,2023-08-02T17:27:57Z,งดีดี,1,,0,เข้าไม่ได้ค่ะ,เข้าแอปไม่ได้,,สวัสดีค่ะ ขออภัยสำหรับปัญหาที่เกิดขึ้นด้วยค่ะ โปรดอัดคลิปภาพหน้าจอพร้อมรายละเอียดบัญชีของคุณส่งไปที่ app.feedback@theasianparent.com เพื่อให้เราสามารถช่วยเหลือได้ทันทีค่ะ 😊 หวังว่าคุณจะสนับสนุนแอปตั้งครรภ์และเลี้ยงลูกของเราต่อไปนะคะ,https://apps.apple.com/th/app/id1042523855?see-all=reviews
App Store,th,,10148968510,2023-07-17T03:51:36Z,Mildtcn,1,,0,แอพแย่มากค่ะ,โหลดมาแรกๆใช้ดีค่ะ แอพเสถียรดี หลังๆมารูป3มิติดูไม่ได้ ล่าสุดอายุครรภ์30วีคแต่แอปขึ้นไมาเกิน3สัปดาห์ แก้ไขด้วยนะคะ มีอีกหลายจุดเลย,,,https://apps.apple.com/th/app/id1042523855?see-all=reviews
App Store,th,,10113828973,2023-07-07T14:05:55Z,wangwern,1,,0,การแจ้งเตือน,"เวลามีการแจ้งเตือนมา หัวข้อน่าสนใจมากค่ะ พอกดเด้งเข้ามา เลื่อนหาหัวข้อที่แจ้งเตือน งงมากค่ะ ไม่เข้าใจเหมือนกัน
อ่ะ…!!!! ทีนี้พอให้แสดงความคิดเห็น จะส่งให้ป้อนชื่อเล่น ป้อนชื่ออะไรไปก็ไม่ได้เลย งง???",,,https://apps.apple.com/th/app/id1042523855?see-all=reviews
App Store,th,,10101453812,2023-07-04T02:45:56Z,จุด2จุด,1,,0,ค้าง,คือกดอ่านอะไรไม่ได้เลยเกี่ยวกะพัฒนาการของลูกค้างหมด เเต่หน้าอื่นอ่านได้หมด ต้องการมาดูพัฒนาการลูกค่ะ ปรับปรุงด้วย,,,https://apps.apple.com/th/app/id1042523855?see-all=reviews
App Store,th,,10050719553,2023-06-19T17:07:48Z,กอล์ฟ และ อุ้ม,1,,0,รูปสามมิติหาย,พอดีกดดูตรงพัฒนาการของลูก  รูปสามมิติ มันเด้งหายไปตลอดเลยครับ แก้ไขยังไงครับ โหลดกี่เครื่องก็เป็น,,,https://apps.apple.com/th/app/id1042523855?see-all=reviews
App Store,th,,10027989158,2023-06-13T02:56:55Z,🧸🍪🥐,1,,0,ค้างบ่อยไปไหม,แอพค้างบ่อยเกินอีกหน่อยคนคงเปลี่ยนไปใช้แอพอื่นถ้าแอพยังค้างบ่อยๆอยู่แบบนี้เริ่มจะไม่อยากใช้ละ👎🏻,,,https://apps.apple.com/th/app/id1042523855?see-all=reviews
App Store,th,,10027972528,2023-06-13T02:48:59Z,Srinarin,1,,0,sign in doesnt work. is this a scam?,…,,"Hi there, thank you for flagging this — and no, we can assure you this is not a scam! We're sorry for the frustration and confusion the sign-in issue has caused. To investigate further, please send us an email: app.id@theasianparent.com.",https://apps.apple.com/th/app/id1042523855?see-all=reviews
App Store,th,,10027930502,2023-06-13T02:29:17Z,หวายยยยยยยยย,1,,0,แอพมีปัญหาค่ะ,เข้าไม่ได้เลยหมุนแล้วหมุนอีกลบแอพ4-5รอบแล้วเข้าสู่ระบบใหม่ยังไงก็เข้าไม่ได้ตอนแรกคิดว่าเป็นเฉพาะเครื่องตัวเองแต่พอลองเอาของแฟนโหลดของแฟนก็เป็นเหมือนกันเลย,,,https://apps.apple.com/th/app/id1042523855?see-all=reviews
App Store,th,,10003210707,2023-06-05T22:18:36Z,แม่ของน้องมาร์เวล,1,,0,แอพค้าง,เข้าใช้งานบันทึกการให้นม ตามผ้าอ้อม ตามการนอนไม่ได้เลย แก้ไขด่วน กดเข้าก็ค้าง,,,https://apps.apple.com/th/app/id1042523855?see-all=reviews
App Store,th,,9967600624,2023-05-26T15:35:31Z,คุนเเม่,1,,0,ดาวเดียวพอ,ห่วยเเตก ห่วยเเตกมากค่ะกดติดตามทารกก็ไม่ขึ้นให้,,,https://apps.apple.com/th/app/id1042523855?see-all=reviews
App Store,th,,9894320784,2023-05-05T07:50:20Z,MayChanakan,1,,0,กดเข้าดูรูปไม่ได้เป็นเพราะอะไรคะ กดดูแล้วหาย,…,,,https://apps.apple.com/th/app/id1042523855?see-all=reviews
App Store,th,,9838390048,2023-04-19T14:00:48Z,June thida,1,,0,เข้าแอพไม่ได้,ดาวน์โหลดแอพแล้วเข้าใช้ไม่ได้เลยลบดาวน์โหลดใหม่กลายรอบมากช่วยแก้ไขด้วยค่ะ,,สวัสดีค่ะ ขออภัยสำหรับปัญหาที่เกิดขึ้นด้วยค่ะ โปรดอัดคลิปภาพหน้าจอพร้อมรายละเอียดบัญชีของคุณส่งไปที่ app.feedback@theasianparent.com เพื่อให้เราสามารถช่วยเหลือได้ทันทีค่ะ 😊 หวังว่าคุณจะสนับสนุนแอปตั้งครรภ์และเลี้ยงลูกของเราต่อไปนะคะ,https://apps.apple.com/th/app/id1042523855?see-all=reviews
App Store,th,,9775159215,2023-04-01T13:32:17Z,ddaaafff,1,,0,เข้าระบบไม่ได้ แอปค้าง,เข้าระบบไม่ได้ แอปค้าง,,สวัสดีค่ะ ขออภัยสำหรับปัญหาที่เกิดขึ้นด้วยค่ะ โปรดอัดคลิปภาพหน้าจอพร้อมรายละเอียดบัญชีของคุณส่งไปที่ app.feedback@theasianparent.com เพื่อให้เราสามารถช่วยเหลือได้ทันทีค่ะ 😊 หวังว่าคุณจะสนับสนุนแอปตั้งครรภ์และเลี้ยงลูกของเราต่อไปนะคะ,https://apps.apple.com/th/app/id1042523855?see-all=reviews
App Store,th,,9738898474,2023-03-22T06:02:59Z,Eungeung12,1,,0,อายุไม่ตรง,ปีเกิดลูกไม่ตรงกับอายุบัจจุปัน เกิด2023 แต่ในแอปอายุ5ขวบ,,สวัสดีค่ะ เนื่องจากแอปจะนับอายุลูกตามปฏิทินที่คุณแม่ตั้งในโทรศัพท์ เช่น คุณแม่ตั้งเป็น พ.ศ. แอปก็จะนับตาม พ.ศ. แนะนำให้คุณแม่ใส่ข้อมูล วันเดือนปีเกิดของลูกให้ตรงตาม ค.ศ. หรือ พ.ศ. แบบเดียวกับที่ตั้งค่าไว้ในโทรศัพท์ค่ะ จากนั้นลอง Log Out และ Log In เข้าไปใหม่จะทำให้วันที่ตรงกับความเป็นจริงค่ะ ❤️,https://apps.apple.com/th/app/id1042523855?see-all=reviews
App Store,th,,9737045603,2023-03-21T16:02:35Z,นิรึดราม่า,1,,0,เข้าแอป,เข้าแอปไม่ได้ค่ะ,,สวัสดีค่ะ ขออภัยสำหรับปัญหาที่เกิดขึ้นด้วยค่ะ โปรดแคปหน้าจอพร้อมรายละเอียดบัญชีของคุณส่งไปที่ app.feedback@theasianparent.com เพื่อให้เราสามารถช่วยเหลือได้ทันทีค่ะ 😊 หวังว่าคุณจะสนับสนุนแอปตั้งครรภ์และเลี้ยงลูกของเราต่อไปนะคะ,https://apps.apple.com/th/app/id1042523855?see-all=reviews
App Store,th,,9605171683,2023-02-11T04:38:40Z,phonthipphoolukdan,1,,0,เข้าระบบไม่ได้,เคยเข้าระบบไปแล้ว1รอบ แล้วลบบัญชีค่ะ พอจะเข้าไปอีกรอบเข้าไม่ได้ ตอนแรกล็อคอินด้วย เฟสบุ๊ค แล้วจะล็อคอินด้วย google แต่เข้าไม่ได้ มันหมุน รอนานมาก แต่ก็เข้าไม่ได้ค่ะ,,สวัสดีค่ะ ทางทีมงานขออภัยสำหรับปัญหาที่เกิดขึ้นด้วยนะคะ โปรดแคปหน้าจอพร้อมรายละเอียดบัญชีของคุณส่งไปที่ app.feedback@theasianparent.com เพื่อให้เราสามารถช่วยเหลือได้ทันทีค่ะ,https://apps.apple.com/th/app/id1042523855?see-all=reviews
App Store,th,,9580367004,2023-02-04T01:49:11Z,ศุทธินีแสนบุตร,1,,0,ติดตามพัฒนาการไม่ได้,ลูก2.3ขวบกับ1.1ขวบ ในแอพไปขึ้น5ปี ทั้งๆที่ตั้งค่าวันเดือนปีเกิดลูกแล้วนะ,,สวัสดีค่ะ เนื่องจากแอปจะนับอายุลูกตามปฏิทินที่คุณแม่ตั้งในโทรศัพท์ เช่น คุณแม่ตั้งเป็น พ.ศ. แอปก็จะนับตาม พ.ศ. แนะนำให้คุณแม่ใส่ข้อมูล วันเดือนปีเกิดของลูกให้ตรงตาม ค.ศ. หรือ พ.ศ. แบบเดียวกับที่ตั้งค่าไว้ในโทรศัพท์ค่ะ จากนั้นลอง Log Out และ Log In เข้าไปใหม่จะทำให้วันที่ตรงกับความเป็นจริงค่ะ ❤️,https://apps.apple.com/th/app/id1042523855?see-all=reviews
App Store,th,,9516829611,2023-01-17T10:58:03Z,การกนก,1,,0,เข้าแอฟค้างตลอดเลยค่ะ,ขอบคุณค่ะ,,ขออภัยสำหรับปัญหาที่เกิดขึ้นด้วยนะคะ ทางแอดมินได้รายงานปัญหานี้ไปยังทีมพัฒนาแอปแล้ว เราจะพยายามปรับปรุงเพื่อให้คุณสามารถอ่านบทความการตรวจครรภ์ ติดตามการตั้งครรภ์ พัฒนาการลูกน้อยในครรภ์ การเลี้ยงดูลูกน้อย บทความสุขภาพของทารก หรือบทความอื่น ๆ ได้สะดวกง่ายดายยิ่งขึ้น อย่าลืมกลับมาใช้งานแอปของเราใหม่ในครั้งหน้าและให้คะแนน 5 ดาวกับเรานะคะ 😊,https://apps.apple.com/th/app/id1042523855?see-all=reviews
App Store,th,,9369192413,2022-12-07T05:14:56Z,cgubdyj,1,,0,แย่,เข้าใช้งานไม่ได้กดเชื่อต่อกับเฟสบุ๊คก้ไม่เชื่อต่อให้แย่มากๆลบหลายรอบก้เข้าไม่ได้,,สวัสดีค่ะ ทางทีมงานขออภัยสำหรับปัญหาที่เกิดขึ้นด้วยนะคะ โปรดแคปหน้าจอพร้อมรายละเอียดบัญชีของคุณส่งไปที่ app.feedback@theasianparent.com เพื่อให้เราสามารถช่วยเหลือได้ทันทีค่ะ,https://apps.apple.com/th/app/id1042523855?see-all=reviews
App Store,th,,9340988201,2022-11-29T08:55:49Z,kk_ty,1,,0,แอปเป็นอะไร,App กรอกข้อมูลแล้วเลื่อนไม่ได้เลย พอใส่วันที่ก็กดอะไรต่อไม่ได้ อายุเด็กประมวลผลออกมาก็ผิด,,สวัสดีค่ะ ขออภัยสำหรับปัญหาที่เกิดขึ้นด้วยค่ะ โปรดแคปหน้าจอพร้อมรายละเอียดบัญชีของคุณส่งไปที่ app.feedback@theasianparent.com เพื่อให้เราสามารถช่วยเหลือได้ทันทีค่ะ,https://apps.apple.com/th/app/id1042523855?see-all=reviews
App Store,th,,9249004464,2022-11-03T00:47:25Z,เพชรมาลี,1,,0,ล็อคอิน,ล็อคอินไม่ได้หลายรอบมาก ลบแล้วโหลดใหม่ก็ไม่ได้,,สวัสดีค่ะ ขออภัยสำหรับปัญหาที่เกิดขึ้นด้วยค่ะ โปรดแคปหน้าจอพร้อมรายละเอียดบัญชีของคุณส่งไปที่ app.feedback@theasianparent.com เพื่อให้เราสามารถช่วยเหลือได้ทันทีค่ะ,https://apps.apple.com/th/app/id1042523855?see-all=reviews
App Store,th,,9236252879,2022-10-30T06:29:27Z,อกหกไกก,1,,0,ทำไมเข้าไม่ได้ซะละ,ทำไมเข้าไม่ได้ซะละ,,สวัสดีค่ะ ขออภัยในความไม่สะดวกด้วยนะคะ เนื่องจากเป็นช่วงเวลาที่ระบบเกิดความขัดข้อง ทำให้ไม่สามารถลงทะเบียนเข้าแอปพลิเคชันได้ในช่วงเวลาสั้นๆ ขณะนี้ทางทีมงานได้แก้ไขเรียบร้อยแล้ว ตอนนี้ผู้ใช้สามารถเข้าใช้งานได้ตามปกติค่ะ หากคุณประทับใจการช่วยเหลือในครั้งนี้ รวมถึงชื่นชอบแอปพลิเคชันของเรา อย่าลืมพิจารณาให้คะแนน 5 ★★★★★ กับเรานะคะ แต่ถ้ายังคงพบปัญหาเดิม สามารถแคปภาพหน้าจอและแจ้งรายละเอียดเข้ามาได้ทางอีเมล bugsfreshdesk@tickledmedia.com แอดมินจะช่วยเหลือโดยเร็วที่สุดค่ะ,https://apps.apple.com/th/app/id1042523855?see-all=reviews
App Store,th,,9059380013,2022-09-06T23:09:19Z,จันทืมา,1,,0,ใช่งานไม่ได้,ทำไมใช้งานแอปไม่ได้เลยค้างแล้วก็ลบโหลดใหม่แล้วก็ล็อคอินไม่ได้เลย,,สวัสดีค่ะ ขออภัยสำหรับปัญหาที่เกิดขึ้นด้วยค่ะ โปรดแคปหน้าจอพร้อมรายละเอียดบัญชีของคุณส่งไปที่ app.feedback@theasianparent.com เพื่อให้เราสามารถช่วยเหลือได้ทันทีค่ะ ,https://apps.apple.com/th/app/id1042523855?see-all=reviews
App Store,th,,8832942862,2022-07-02T13:15:58Z,แ มร้ง,1,,0,โฆษณาแทรกระหว่างเพลง,ลูกสะดุ้งตื่นนนนนน ควยยเอ้ยยยย เด้งมาหาบิดาท่านหรือครับ,,สวัสดีค่ะคุณพ่อคุณแม่ ขออภัยที่ทำให้รู้สึกไม่ประทับใจหลังจากใช้งานแอพตั้งครรภ์และเลี้ยงลูกของเรานะคะ ทางเรารับทราบคำติชมของท่านแล้ว และกำลังดำเนินการปรับปรุงเพื่อให้คุณสามารถติดตามพัฒนาการและเลี้ยงดูลูกน้อยได้ง่ายยิ่งขึ้น โปรดติดตามการอัปเดตแอปครั้งต่อไปของเราได้เลยค่ะ,https://apps.apple.com/th/app/id1042523855?see-all=reviews
App Store,th,,8786062244,2022-06-18T12:35:09Z,ไปป์111,1,,0,บอกทีค่ะ,พยายามแล้วไม่ได้สักที เอาเชื่อมกับเฟส เด้งออกตลอดเข้าไม่ได้ เป็นมาสักพักแล้ว ลบโหลดใหม่ก็เป็นเหมือน ต้องทำยังไงค่ะ,,สวัสดีค่ะ ขออภัยสำหรับปัญหาที่เกิดขึ้นด้วยนะคะ โปรดแคปหน้าจอส่งอีเมลพร้อมรายละเอียดบัญชีของคุณไปที่ app.feedback@theasianparent.com เพื่อให้เราสามารถช่วยเหลือได้ทันทีค่ะ 😊 ,https://apps.apple.com/th/app/id1042523855?see-all=reviews
App Store,th,,8643392434,2022-05-06T15:45:59Z,toddybumbim,1,,0,อายุไม่ตรง,โหลดแอปมาเข้าใหม่แล้วอายุลูกไม่ตรงค่ะ,,"สวัสดีค่ะ ขออภัยกับปัญหาที่เกิดขึ้นด้วยนะคะ เบื้องต้นทางเรามีข้อแนะนำดังนี้ค่ะ 

1. ไปที่ โปรไฟล์ติดตาม
2. กดที่ > แก้ไข
3. กดที่  > ระบุวันเกิด และวันกำหนดคลอดให้ตรงกัน

หากยังพบปัญหาอยู่ รบกวนคุณแม่ติดต่อเข้ามาทาง Facebook: theAsianparent Thailand เพื่อให้ทางทีมงานสามารถตรวจสอบโดยละเอียดอีกครั้งค่ะ ขอบคุณค่ะ",https://apps.apple.com/th/app/id1042523855?see-all=reviews
App Store,th,,8634965979,2022-05-04T03:54:24Z,ทิทิทาสวาเกยนา,1,,0,มันไม่รันสัปดาห์ให้,มันไม่รันสัปดาห์,,ขออภัยในความไม่สะดวกด้วยนะคะ เบื้องต้นแนะนำให้ log out ออกจากระบบ แล้ว log in เข้าระบบอีกครั้งค่ะ หากยังพบปัญหาเดิม สามารถแคปภาพหน้าจอที่เกิดปัญหา แล้วแจ้งเข้ามาได้ที่ Facebook: theAsianparent Thailand เพื่อทำการตรวจสอบอย่างละเอียดอีกครั้งค่ะ,https://apps.apple.com/th/app/id1042523855?see-all=reviews
App Store,th,,8612586985,2022-04-27T20:00:10Z,bannjvh,1,,0,เข้าระบบไม่ได้เลย,เข้าระบบใข้งานแอพไม่ได้เลยคะ ไม่ว่าจะล็อคอินกับ เฟส กับ Apple ID หรือ อีเมลไม่ได้ทุกช่องทางคะ แก้ยังไงคะอยากใช้แอพนี้มาก,,ต้องขออภัยสำหรับปัญหาที่เกิดขึ้นด้วยนะคะ เบื้องต้นรบกวนผู้ใช้งานลบและทำการติดตั้งใหม่อีกครั้งค่ะ หากยังพบปัญหาอยู่รบกวนผู้ใช้แจ้งรายละเอียดเข้ามาที่ Facebook : theAsianparent Thailand เพื่อให้ทำการตรวจสอบอย่างละเอียดอีกครั้งค่ะ ขอบคุณค่ะ,https://apps.apple.com/th/app/id1042523855?see-all=reviews
App Store,th,,8608469228,2022-04-26T15:07:37Z,แพรวคิน,1,,0,กดล็อกอินไม่ได้เลยค่ะ กดเเล้วเด้งออก,🥺,,ต้องขออภัยสำหรับปัญหาที่เกิดขึ้นด้วยนะคะ เบื้องต้นรบกวนผู้ใช้งานลบและทำการติดตั้งใหม่อีกครั้งค่ะ หากยังพบปัญหาอยู่รบกวนผู้ใช้แจ้งรายละเอียดเข้ามาที่ Facebook : theAsianparent Thailand เพื่อให้ทำการตรวจสอบอย่างละเอียดอีกครั้งค่ะ ขอบคุณค่ะ,https://apps.apple.com/th/app/id1042523855?see-all=reviews
App Store,th,,8552734315,2022-04-10T15:07:44Z,faii_cm,1,,0,งานinfluไม่ขึ้น,ลบแอปละโหลดใหม่ งานinfluไม่ขึ้นเลยค่ะ,,ต้องขออภัยสำหรับปัญหาที่เกิดขึ้นด้วยนะคะ รบกวนผู้ใช้แจ้งรายละเอียดเข้ามาที่ Facebook : theAsianparent Thailand เพื่อให้ทำการตรวจสอบอย่างละเอียดอีกครั้งค่ะ ขอบคุณค่ะ,https://apps.apple.com/th/app/id1042523855?see-all=reviews
App Store,th,,8510151369,2022-03-30T00:55:08Z,Kkkkkkkkkkkod,1,,0,อายุลูกในแอป,ออกคำนวณอายุจากอะไรคะ อายุลูกเกินไป 5 ปีกว่าๆ แก้ไข้ให้ด้วยนะคะ,,สวัสดีค่ะ สำหรับการนับอายุไม่ตรง รบกวนผู้ใช้งานลองเข้าไปแก้ไขโปรไฟล์ กรอกวันเดือนปีเกิดด้วยปี ค.ศ. นะคะ เนื่องจากแอปพลิเคชันของเราจะใช้ปี ค.ศ.เป็นหลักค่ะ หากยังพบปัญหาอยู่รบกวนผู้ใช้แจ้งรายละเอียดเข้ามาที่ Facebook : theAsianparent Thailand เพื่อให้ทำการตรวจสอบอย่างละเอียดอีกครั้งค่ะ ขอบคุณค่ะ,https://apps.apple.com/th/app/id1042523855?see-all=reviews
App Store,th,,8478637543,2022-03-21T04:42:30Z,J.MaryJane,1,,0,มีโฆษณาคั่น ระหว่างเปิดเพลงกล่อมเด็ก,"อัพเดตใหม่ เดือน3/22
มีโฆษณาพูดแทรก เวลาเปิดเพลงกล่อมเด็ก   ไม่ดีเลยค่ะ  มันขัดจังหวะการหลับ สะดุ้งตื่นเพราะได้ยินเสียงเพลงขัดทุกรอบ !!!!   ตกใจน่ะสิคะ   ทำเกี่ยวกับเรื่องเด็ก  น่าจะทราบว่า เด็กหลับได้ ต้องไม่มีเสียงรบกวน มันตกใจนะคะ  อยากจะซื้อแอปเพื่อเลี่ยงโฆษณา ก็ไม่มีให้ซื้ออีก",,ต้องขออภัยสำหรับปัญหาที่เกิดขึ้นด้วยนะคะ ทางทีมงานได้แจ้งปัญหาไปยังทีมพัฒนาให้ทำการแก้ไขแล้ว เราขอน้อมรับคำติชมและจะนำไปปรับปรุงแก้ไขต่อไปค่ะ,https://apps.apple.com/th/app/id1042523855?see-all=reviews
App Store,th,,8325730422,2022-02-06T14:55:30Z,ชมเดช,1,,0,เข้าแอพไม่ได้,ใส่ข้อมูลไปแล้วเข้าไม่ได้เลย,,ต้องขออภัยสำหรับปัญหาที่เกิดขึ้นด้วยนะคะ เบื้องต้นรบกวนผู้ใช้งานลบและทำการติดตั้งใหม่อีกครั้งค่ะหากยังพบปัญหาอยู่รบกวนผู้ใช้แจ้งรายละเอียดเข้ามาที่ Facebook : theAsianparent Thailand เพื่อให้ทำการตรวจสอบอย่างละเอียดอีกครั้งค่ะ ขอบคุณค่ะ,https://apps.apple.com/th/app/id1042523855?see-all=reviews
App Store,th,,8001803894,2021-11-08T11:41:51Z,Miwmiwwwwwww,1,,1,อายุไม่ตรงแก้ไม่ได้,แอปมั่วลูกเกิดปี63 ปีนี้64  ลุก5ขวบเหรอ?,,ต้องขออภัยสำหรับปัญหาที่เกิดขึ้นด้วยนะคะ รบกวนคุณแม่แจ้งอีเมลให้เราเพื่อแก้ไขต่อค่ะ,https://apps.apple.com/th/app/id1042523855?see-all=reviews
App Store,th,,7984309484,2021-11-03T12:28:25Z,siripornn,1,,0,เข้าใช้งานแอพไม่ได้,เข้าใช้งานแอพไม่ได้เลยค่ะ ขึ้นโหลดมา3 วันแล้ว,,ต้องขออภัยสำหรับปัญหาที่เกิดขึ้นด้วยนะคะ รบกวนคุณแม่แจ้งอีเมลให้เราเพื่อแก้ไขต่อค่ะ,https://apps.apple.com/th/app/id1042523855?see-all=reviews
App Store,th,,7945219933,2021-10-23T13:07:56Z,Supa7173,1,,0,เข้าแอพไม่ได้ค่ะ,ทำยังไงคะ เชื่อมแล้วเข้าไม่ได้เลยค่ะ,,ต้องขออภัยสำหรับปัญหาที่เกิดขึ้นด้วยนะคะ รบกวนคุณแม่แจ้งอีเมลให้เราเพื่อแก้ไขต่อค่ะ,https://apps.apple.com/th/app/id1042523855?see-all=reviews
App Store,th,,7864849142,2021-10-01T10:01:38Z,ออยออยออย,1,,0,เข้าแอปไม่ได้,เข้าแอปไม่ได้ค่ะ งงมาก ตอนแรกใช้งานปกติ หลังๆเด้งๆ แล้ววันนี้ เข้าไม่ได้,,สวัสดีค่ะ ต้องขออภัยสำหรับปัญหาที่เกิดขึ้นด้วยนะคะ หากยังพบปัญหาอยู่รบกวนคุณแม่แจ้ง ID หรืออีเมลที่ใช้ลงทะเบียนกับแอปพลิเคชั่นของเรา เข้ามาทางช่องทางนี้ เพื่อที่เราจะได้ทำการตรวจสอบอย่างละเอียดอีกครั้งค่ะ ขอบคุณค่ะ,https://apps.apple.com/th/app/id1042523855?see-all=reviews
App Store,th,,7558769712,2021-07-10T00:40:55Z,kbdsg,1,,0,แอพเป็นภาษาอังกฤษ,เนื้อหาในแอพเปลี่ยนเป็นภาษาอังกฤษทั้งหมดเลย ทั้งๆที่เปลี่ยนไปตั้งค่าให้เป็นภาษาไทยแล้ว,,ต้องขออภัยสำหรับปัญหาที่เกิดขึ้นด้วยนะคะ เบื้องต้นรบกวนผู้ใช้งานลบและทำการติดตั้งใหม่อีกครั้งค่ะหากยังพบปัญหาอยู่รบกวนผู้ใช้แจ้งรายละเอียดเข้ามาที่ Facebook : theAsianparent Thailand เพื่อให้ทำการตรวจสอบอย่างละเอียดอีกครั้งค่ะ ขอบคุณค่ะ,https://apps.apple.com/th/app/id1042523855?see-all=reviews
App Store,th,,7393573838,2021-05-27T08:14:31Z,เมย์. ย,1,,0,เเย่มาก,เข้าไม่ได้เลยโหลดนานมากลบติดตั้งใหม่ก็เข้านะบบไมาได้,,"ต้องขออภัยสำหรับปัญหาที่เกิดขึ้นด้วยนะคะ ทางทีมงานได้แจ้งปัญหาไปยังทีมพัฒนาให้ทำการแก้ไขแล้ว เราขอน้อมรับคำติชมและจะนำไปปรับปรุงแก้ไขต่อไปค่ะ

ยังไงถ้าชอบแอปพลิเคชันของเราล่ะก็อย่าลืมให้กำลังใจทีมงานด้วยการให้ 5 ดาวนะคะ 😍
",https://apps.apple.com/th/app/id1042523855?see-all=reviews
App Store,th,,7327512022,2021-05-12T00:49:50Z,ip6p sa,1,,0,บอกวันอายุผิด,อยู่ๆแอพก็มาคำนวนว่าถูก6ปี ทั้งๆที่6เดือน รายละเอียดผิดเยอะมาก แล้วไม่แก้ไขด้วย,,ต้องขออภัยสำหรับปัญหาที่เกิดขึ้นด้วยนะคะ ทางทีมงานได้แจ้งปัญหาไปยังทีมพัฒนาให้ทำการแก้ไขแล้ว เราขอน้อมรับคำติชมและจะนำไปปรับปรุงแก้ไขต่อไปค่ะ,https://apps.apple.com/th/app/id1042523855?see-all=reviews
App Store,th,,7135203847,2021-03-23T12:36:15Z,กริบบบ,1,,0,ไม่ควรอัพเดท,อัพเดทใหม่ แย่มากกกกกกกกกกกกก,,ต้องขออภัยสำหรับปัญหาที่เกิดขึ้นด้วยนะคะ ทางทีมงานได้แจ้งปัญหาไปยังทีมพัฒนาให้ทำการแก้ไขแล้ว เราขอน้อมรับคำติชมและจะนำไปปรับปรุงแก้ไขต่อไปค่ะ,https://apps.apple.com/th/app/id1042523855?see-all=reviews
App Store,th,,7105901667,2021-03-15T14:54:58Z,lemon220863,1,,0,ติดตามพัฒนาการน้องไม่ได้,แอปแย่มาก ใส่ข้อมูลน้องถูกทุกอย่าง แต่ขึ้นหน้าหลักว่าน้องอายุ 5 ปี 11 เดือน 19 วัน ทั้งที่น้องอายุ 5 เดือน,,ต้องขออภัยสำหรับปัญหาที่เกิดขึ้นด้วยนะคะ ทางทีมงานได้แจ้งปัญหาไปยังทีมพัฒนาให้ทำการแก้ไขแล้ว หากยังพบปัญหาอยู่รบกวนผู้ใช้งานแจ้งรายละเอียดเข้ามาที่ Facebook : theAsianparent Thailand เพื่อให้ทำการตรวจสอบอย่างละเอียดอีกครั้งค่ะ ขอบคุณค่ะ ,https://apps.apple.com/th/app/id1042523855?see-all=reviews
App Store,th,,6951818438,2021-02-04T07:50:34Z,จุ๊กกู้ววว,1,,1,ภาษาที่ใช้ในแอป,คือแอปอยู่ๆก็เป็นภาษาอังกษฤค่ะ ทั้งๆที่ในตั้งค่าตั้งเป็นภาษาไทย แก้ไขยังไงคะ,,"สวัสดีค่ะผู้ใช้งานสามารถเปลี่ยนภาษาได้โดยการเข้าไปตั้งค่าในหน้าโปรไฟล์ โดยคลิกที่รูปโปรไฟล์มุมซ้ายบน และเลื่อนหาหัวข้อ Edit Profile และเลือกภาษาไทยค่ะ 
",https://apps.apple.com/th/app/id1042523855?see-all=reviews
App Store,th,,6950979146,2021-02-04T02:31:21Z,แอนนา 678,1,,0,ข้อมูลอายุไม่ถูกต้อง,เราใส่ข้อมูลวันเกิดน้องถูกต้องแล้ว แต่ระบบกลับแสดงว่าน้องอายุ 5 ปี 11 เดือนทั้งคู่เลยค่ะ ใส่อายุน้องปี 2020 2018 นะคะ ทำให้ดูข้อมูลพัฒนาการน้องไม่ได้เลย แก้ไขได้มั้ย,,ต้องขออภัยสำหรับปัญหาที่เกิดขึ้นด้วยนะคะ ทางทีมงานได้แจ้งปัญหาไปยังทีมพัฒนาให้ทำการแก้ไขแล้ว เราขอน้อมรับคำติชมและจะนำไปปรับปรุงแก้ไขต่อไปค่ะ,https://apps.apple.com/th/app/id1042523855?see-all=reviews
App Store,th,,6828197101,2021-01-04T02:24:12Z,Cakekeg,1,,0,iosภาพในเม้นเบลอ กดเลิกติดตามโพสไม่ได้,ใส่รูปเวลาคอมเม้นท์ รูปเบลอมากเหมือนโดนลดความละเอียด แต่ก็ลดเยอะเกิ้นนนจนดูไม่ออกว่ารูปอะไร,,ต้องขออภัยสำหรับปัญหาที่เกิดขึ้นด้วยนะคะ ทางทีมงานได้แจ้งปัญหาไปยังทีมพัฒนาให้ทำการแก้ไขแล้ว เราขอน้อมรับคำติชมและจะนำไปปรับปรุงแก้ไขต่อไปค่ะ,https://apps.apple.com/th/app/id1042523855?see-all=reviews
App Store,th,,6823032555,2021-01-02T18:31:36Z,อัยรี่,1,,0,การใช้งานของแอพพลิเคชั่น,"เเอพพลิเคชั่นที่ใช้เป็นภาษาไทย
แต่พออัพเดทระบบก็เป็นภาษาอังกฤษทุกอย่าง
เข้าไปแก้ไขให้เป็นภาษาไทยแล้ว บางส่วนก็ยังเป็นภาษาอังกฤษอยู่ดี ต้องลบเเอพแล้วสมัครใหม่ กรอกข้อมูลใหม่ เก็บคะแนนใหม่ เริ่มต้นใหม่ทุกอย่างเลย",,ต้องขออภัยสำหรับปัญหาที่เกิดขึ้นด้วยนะคะ ทางทีมงานจะแจ้งปัญหาไปยังทีมพัฒนาเพื่อให้ทำการแก้ไข เราขอน้อมรับคำติชมและจะนำไปปรับปรุงแก้ไขต่อไปค่ะ,https://apps.apple.com/th/app/id1042523855?see-all=reviews
App Store,th,,6662978318,2020-11-19T15:25:54Z,โยวี่,1,,0,ทำไมลงติดตามในหัวข้อคลอดแล้วไม่ได้ พอลงข้อมูลเสร็จบันทึกไม่ได้,แก้ไขด้วย,,ต้องขออภัยสำหรับปัญหาที่เกิดขึ้นด้วยนะคะ ทางทีมงานจะทำการแจ้งปัญหาไปยังทีมพัฒนาให้ทำการแก้ไข เราขอน้อมรับคำติชมและจะนำไปปรับปรุงแก้ไขต่อไปค่ะ,https://apps.apple.com/th/app/id1042523855?see-all=reviews
App Store,th,,6565354592,2020-10-23T12:58:08Z,หนูอิ๊ก,1,,0,ใช่แอฟแล้วค้างค่ะ,ดูข้อมูลไม่ได้,,ต้องขออภัยสำหรับปัญหาที่เกิดขึ้นด้วยนะคะ ทางทีมงานจะทำการแจ้งปัญหาไปยังทีมพัฒนา เพื่อให้ทำการแก้ไข เราขอน้อมรับคำติชมและจะนำไปปรับปรุงแก้ไขต่อไปค่ะ,https://apps.apple.com/th/app/id1042523855?see-all=reviews
App Store,th,,6555371889,2020-10-20T15:03:19Z,-แม่,1,,0,เดี๋ยวเป็นภาษาไทย เดี๋ยวเป็นภาษาอังกฤษงงมากเปลี่ยนไปเปลี่ยนมา,ไม่ดี,,สวัสดีค่ะผู้ใช้งานสามารถเปลี่ยนภาษาได้โดยการเข้าไปตั้งค่าในหน้าโปรไฟล์ โดยคลิกที่รูปโปรไฟล์มุมซ้ายบน และเลื่อนหาหัวข้อ Edit Profile และเลือกภาษาไทยค่ะ ,https://apps.apple.com/th/app/id1042523855?see-all=reviews
App Store,th,,6438867098,2020-09-17T16:21:46Z,มินิจุด,1,,0,ห่วย,เข้าไปอ่านใน gogle พอให้เเตะอ่านในเเอป พอเเตะกลับไม่ขึ้น,,ต้องขออภัยสำหรับปัญหาที่เกิดขึ้นด้วยนะคะ ทางทีมงานจะทำการแจ้งปัญหาไปยังทีมพัฒนาให้ทำการแก้ไข เราขอน้อมรับคำติชมและจะนำไปปรับปรุงแก้ไขต่อไปค่ะ,https://apps.apple.com/th/app/id1042523855?see-all=reviews
App Store,th,,6436956233,2020-09-17T02:55:40Z,KHRNM,1,,0,ควรลิ้งจากเว็บ,ค่อจะอ่านบทความในเว็บบอกเกินจำนวนต่อว่าให้อ่านต่อในแอพ พอกด เด้งมาหน้าแอพ แต่!!!!บทความนั้นอยู่ไหนก็ไม่รู้ เข้ามาแต่หน้าแอพปกติ คือจะมันอ่านต่อยังไงละต้องอ่านไหน,,ต้องขออภัยสำหรับปัญหาที่เกิดขึ้นด้วยนะคะ ทางทีมงานจะทำการแจ้งปัญหาไปยังทีมพัฒนาให้ทำการแก้ไข เราขอน้อมรับคำติชมและจะนำไปปรับปรุงแก้ไขต่อไปค่ะ,https://apps.apple.com/th/app/id1042523855?see-all=reviews
App Store,th,,6409974565,2020-09-09T03:43:31Z,BC Era,1,,0,อยู่ดีๆก็เข้าไม่ได้,พอ log out แล้ว log in เข้าใหม่ก็เข้าไม่ได้ (log in ผ่าน Facebook) แต่พอ log in ผ่าน Google account เข้าได้ ไม่รู้ว่า account ที่ใช้ log in ผ่าน Facebook โดนบล๊อคหรือเปล่า 🙄,,ขออภัยในความไม่สะดวกนะคะ รบกวนผู้ใช้แจ้งรายละเอียดเข้ามาที่ Facebook : theAsianparent Thailand เพื่อให้ทำการตรวจสอบอย่างละเอียดอีกครั้งค่ะ ขอบคุณค่ะ,https://apps.apple.com/th/app/id1042523855?see-all=reviews
App Store,th,,6337104267,2020-08-19T11:02:40Z,รอแะ,1,,0,อยากถาม,เคยโหลดนะคะ แต่เผลอลบแล้วจะกลับมาโหลดคือไม่ยอมให้โหลดต้องใส่วิธีชำระเงินและต้องมีเงินในนั้นด้วยถึงจะโหลดได้ไม่มีเงินไม่ยอมให้โหลด นี่คือไม่ได้โหลดฟรีแล้วหรอคะ?,,ขออภัยในความไม่สะดวกนะคะ โดยปกติแล้วหากเข้าใช้งานไม่ได้อาจเกิดจากการที่ผู้ใช้งานทำผิดกฎการใช้งานมากกว่า 3 ครั้ง จึงทำให้บัญชีผู้ใช้ถูกแบนออกจากระบบ หากเป็นกรณีนี้รบกวนสมัครใช้งานด้วยบัญชีใหม่ หากใช้บัญชีอื่นแล้วยังพบปัญหาอยู่รบกวนผู้ใช้แจ้งรายละเอียดเข้ามาที่ Facebook : theAsianparent Thailand เพื่อให้ทำการตรวจสอบอย่างละเอียดอีกครั้งค่ะ ขอบคุณค่ะ ,https://apps.apple.com/th/app/id1042523855?see-all=reviews
App Store,th,,6301800928,2020-08-10T09:38:57Z,wimonnnnnpan,1,,0,การเข้าแอพแย่มากที่สุด,ควรปรับปรุงโดยด่วนที่สุด!!!!!!!!!!!!!!,,ต้องขออภัยสำหรับปัญหาที่เกิดขึ้นด้วยนะคะ ทางทีมงานได้แจ้งปัญหาไปยังทีมพัฒนาให้ทำการแก้ไขแล้ว เราขอน้อมรับคำติชมและจะนำไปปรับปรุงแก้ไขต่อไปค่ะ,https://apps.apple.com/th/app/id1042523855?see-all=reviews
App Store,th,,6074912300,2020-06-14T14:17:16Z,Uาvuา,1,,0,ทำแอพยังยังไง,ใส่ข้อมูลอะไรก้อไม่ได้ห่วยแตกสุดๆ,,ต้องขออภัยสำหรับปัญหาที่เกิดขึ้นด้วยนะคะ ขณะนี้ได้มีการแก้ไขปัญหาที่เกิดขึ้นแล้ว หากยังพบปัญหาอยู่รบกวนผู้ใช้งานแจ้งรายละเอียดเข้ามาที่ Facebook : theAsianparent Thailand เพื่อให้ทำการตรวจสอบอย่างละเอียดอีกครั้งค่ะ ขอบคุณค่ะ ,https://apps.apple.com/th/app/id1042523855?see-all=reviews
App Store,th,,5827115711,2020-04-18T00:34:16Z,Alica A,1,,0,Error,Always shown 43 weeks after updated even its just 28 weeks !?,,ต้องขออภัยสำหรับปัญหาที่เกิดขึ้นด้วยนะคะ ขณะนี้ได้มีการแก้ไขปัญหาที่เกิดขึ้นแล้ว หากยังพบปัญหาอยู่รบกวนผู้ใช้งานแจ้งรายละเอียดเข้ามาที่ Facebook : theAsianparent Thailand เพื่อให้ทำการตรวจสอบอย่างละเอียดอีกครั้งค่ะ ขอบคุณค่ะ ,https://apps.apple.com/th/app/id1042523855?see-all=reviews
App Store,th,,5814259099,2020-04-15T09:22:05Z,ไอด้า14,1,,0,ลงสตอรี่ไม่ได้,ทำไมลงสตอรี่ไม่ได้คะ อัพเดทใหม่แล้ว,,ต้องขออภัยสำหรับปัญหาที่เกิดขึ้นด้วยนะคะ ขณะนี้ได้มีการแก้ไขปัญหาที่เกิดขึ้นแล้ว หากยังพบปัญหาอยู่รบกวนผู้ใช้งานแจ้งรายละเอียดเข้ามาที่ Facebook : theAsianparent Thailand เพื่อให้ทำการตรวจสอบอย่างละเอียดอีกครั้งค่ะ ขอบคุณค่ะ ,https://apps.apple.com/th/app/id1042523855?see-all=reviews
App Store,th,,5799063587,2020-04-12T03:45:30Z,โบ๊ท&ไบค์,1,,0,อายุไม่ตรงกับที่เราลงข้อมูล,ลูก2เดือน. แต่เลขอายุขึ้น5ขวบ11เดือน,,ต้องขออภัยสำหรับปัญหาที่เกิดขึ้นด้วยนะคะ ขณะนี้ได้มีการแก้ไขปัญหาที่เกิดขึ้นแล้ว หากยังพบปัญหาอยู่รบกวนผู้ใช้งานแจ้งรายละเอียดเข้ามาที่ Facebook : theAsianparent Thailand เพื่อให้ทำการตรวจสอบอย่างละเอียดอีกครั้งค่ะ ขอบคุณค่ะ ,https://apps.apple.com/th/app/id1042523855?see-all=reviews
App Store,th,,5733993826,2020-03-30T04:36:46Z,olmvfyi,1,,0,แย่มาก,อัพเดตอะไร กดเข้าไม่ได้เลย เด้งออกตลอด ปรับปรุงด้วย แบบนี้ไม่ต้องอัพซะดีกว่านะ แย่,,"ต้องขออภัยสำหรับปัญหาที่เกิดขึ้นด้วยนะคะ ทางเราขอน้อมรับคำติชมและจะนำไปปรับปรุงแก้ไขต่อไปค่ะ
",https://apps.apple.com/th/app/id1042523855?see-all=reviews
App Store,th,,5639538707,2020-03-10T03:16:56Z,kanya_kang,1,,0,การใช้งาน,เวลามีการแจ้งเตือนบทความที่น่าสนใจที่หน้าจอ แล้วกดเข้าไปอ่านจากหน้าจอ ปรากฏว่าเด้งไปหน้าหลัก แล้วบทความที่จะอ่านคือไม่มี แบบนี้ไม่โอเคค่ะ พอจะอ่าน แต่หาไม่เจอ เรื่องอื่นดีหมด เสียเรื่องกดเข้าไปอ่านเวลาแจ้งเตือนนี้แหละ,,ขอบคุณที่ชื่นชอบแอปพลิเคชั่นของเราค่ะ ถ้าเห็นว่าแอปพลิเคชั่นของเรามีประโยชน์ล่ะก็อย่าลืมแบ่งปันให้คุณพ่อคุณแม่ท่านอื่น ๆ ด้วยนะคะ 😊,https://apps.apple.com/th/app/id1042523855?see-all=reviews
App Store,th,,5585386755,2020-02-27T03:06:21Z,suwim10,1,,0,การลิ้งค์หัวข้อมายังแอฟ,พยายามลิ้งค์บทความที่ต้องการบนgoogle แล้วแอฟบังคับให้กดอ่านในแอฟพอกดลิ้งค์เข้าไปก็ไม่เจอบทความทำไมถึงไม่ลิ้งค์ไปหน้าบทความเลยคะ,,เวลาเปิดอ่านผ่านเบราเซอร์สามารถคลิกที่จุดสามจุดมุมซ้ายบนเพื่อเลือกเปิดในแอปได้นะคะ จะไดเรคไปยังหน้าบทความที่ต้องการอ่านทันทีค่ะ ต้องขออภัยในความไม่สะดวกด้วยนะคะ,https://apps.apple.com/th/app/id1042523855?see-all=reviews
App Store,th,,5482758741,2020-02-03T12:30:50Z,Jkk2037,1,,0,กดติดตามการตั้งครรภ์ ไม่ได้,กดติดตามการตั้งครรภ์ ไม่ได้กดเข้าไปให้ใส่ข้อมูลตลอดเลยไม่มีกราฟฟิกรูปเด็กเหมือนในโฆษณาแอฟเลยครับ,,ขออภัยในความไม่สะดวกนะคะ หากยังพบปัญหาอยู่รบกวนผู้ใช้แจ้งรายละเอียดเข้ามาที่ Facebook : theAsianparent Thailand เพื่อให้ทำการตรวจสอบอย่างละเอียดอีกครั้งค่ะ ขอบคุณค่ะ,https://apps.apple.com/th/app/id1042523855?see-all=reviews
App Store,th,,5426898257,2020-01-20T12:08:53Z,FahLoyweha,1,,0,จะสมัครvip mumกรอกข้อมูลครบหมดแล้ว แต่ขึ้นว่ากรอกไม่ครบ,"จะสมัคร vip mum ค่ะ กรอกข้อมูลครบหมดทุกช่องแล้วแต่พอกดยืนยันดันขึ้นมาว่ากรุณากรอกวันกำหนดคลอดที่ถูกต้อง
ลองเปลี่ยนวันที่ ปิดแอพแล้วเข้าใหม่ ล็อกเอาท์แล้วเข้าใหม่ ก็ยังทำไม่ได้เหมือนเดิมค่ะ",,ต้องขออภัยสำหรับปัญหาที่เกิดขึ้นด้วยนะคะ ทางเราขอน้อมรับคำติชมและจะนำไปปรับปรุงแก้ไขต่อไปค่ะ,https://apps.apple.com/th/app/id1042523855?see-all=reviews
App Store,th,,5424146162,2020-01-19T18:25:29Z,Kwangzeed,1,,0,อ่านในเว็บแล้วเด้งให้อ่านต่อในแอพ พอเข้าแอพทำไมไม่ลิงค์กระทู้นั้น,ช่วยแก้ไขด้วยค่ะ บางครั้ง ต้องการอ่านข้อมูลต่อแล้วหาไม่เจอ.,,"ต้องขออภัยสำหรับปัญหาที่เกิดขึ้นด้วยนะคะ ทางเราขอน้อมรับคำติชมและจะนำไปปรับปรุงแก้ไขต่อไปค่ะ",https://apps.apple.com/th/app/id1042523855?see-all=reviews
App Store,th,,5410436311,2020-01-16T11:48:27Z,phawineedeemdeen,1,,0,แอฟฮ่วย,ใส่วันเดือนปีแล้วเด้งกลับเป็นปัจจุบัน. แล้วจะสร้างมาเพื่ออะไรกันค่ะ แย่มากๆๆค่ะ,,"ต้องขออภัยสำหรับปัญหาที่เกิดขึ้นด้วยนะคะ ทางเราขอน้อมรับคำติชมและจะนำไปปรับปรุงแก้ไขต่อไปค่ะ",https://apps.apple.com/th/app/id1042523855?see-all=reviews
App Store,th,,5359962787,2020-01-04T14:07:10Z,เมโยมิ,1,,0,เด้งค่ะ,เด้งค่ะ เข้าไม่ได้,,ต้องขออภัยสำหรับปัญหาที่เกิดขึ้นด้วยนะคะ หากยังพบปัญหาอยู่รบกวนผู้ใช้งานลบและทำการติดตั้งใหม่อีกครั้งค่ะ,https://apps.apple.com/th/app/id1042523855?see-all=reviews
App Store,th,,5269514688,2019-12-14T01:15:40Z,สเวกยกบวำ,1,,0,เฉยๆ,"หาข้อมูลในเว็บแล้วทำไมต้องบังคับให้โหลดด้วย เพื่อ!
แล้วจะมีในเว็บทำไม",,"ต้องขออภัยสำหรับปัญหาที่เกิดขึ้นด้วยนะคะ ทางเราขอน้อมรับคำติชมและจะนำไปปรับปรุงแก้ไขต่อไปค่ะ
",https://apps.apple.com/th/app/id1042523855?see-all=reviews
App Store,th,,5096128354,2019-11-07T01:50:12Z,galemie,1,,0,เข้าแอพไม่ได้,ใช้เวลาเข้าแอพนานมากค่ะ ตอนนี้ยังเข้าไม่ได้เลย,,ขออภัยในความไม่สะดวกนะคะ รบกวนผู้ใช้แจ้งรายละเอียดเข้ามาที่ Facebook : theAsianparent Thailand เพื่อให้ทำการตรวจสอบอย่างละเอียดอีกครั้งค่ะ ขอบคุณค่ะ,https://apps.apple.com/th/app/id1042523855?see-all=reviews
App Store,th,,5057678324,2019-10-31T22:25:05Z,nnapatts,1,,0,อ่านบทความต่อในแอป,อ่านบทความในเว็บครบแล้ว มาอ่านต่อในแอปหาบทความไม่เจอ ทำอย่างไวค่ะ,,คุณแม่สามารถเสิร์ชหาบทความหรือหัวข้อที่สนใจในแอปได้เลยค่ะ,https://apps.apple.com/th/app/id1042523855?see-all=reviews
App Store,th,,4923014453,2019-10-11T11:50:34Z,กัสจังงงงงง,1,,0,ช่วยสกรีนคนใช้แอฟด้วย,เป็นแอฟที่คุณแม่วัยใสเยอะมาก คนมาโพสต์ก็มีแต่คำถามไร้สาระ,,ต้องขออภัยสำหรับปัญหาที่เกิดขึ้นด้วยนะคะ ทางเราขอน้อมรับคำติชมและจะนำไปปรับปรุงแก้ไขต่อไปค่ะ,https://apps.apple.com/th/app/id1042523855?see-all=reviews
App Store,th,,4878941160,2019-10-03T17:29:26Z,อ่ออ่้,1,,0,ห่วย,จะอ่านบทความให้โหลด พอโหลดก็ไม่เห็นมี,,สวัสดีค่ะ คุณแม่สามารถเสิร์ชหาบทความที่ต้องการในแอปได้นะคะ,https://apps.apple.com/th/app/id1042523855?see-all=reviews
App Store,th,,4854192237,2019-09-28T16:59:48Z,prittacha,1,,0,App ห่วยมาก ไม่ต้องโหลด เสียสุขภาพจิต,"คำถามจากทางบ้าน ไม่มีการกรองก่อน ที่สำคัญคือ ไม่มีแพทย์ให้คำปรึกษา หน้า feed จึงมีแต่โพสขยะ โพสระบาย/ขอกำลังใจ แม่วัยใสที่หาความมั่นใจ คุณแม่ล่าแต้มขยันโพสเอาของรางวัลที่จะโพสแต่รูปท้องและคอยถามคนอื่นว่า ท้องเล็กไปมั้ย ท้องลักษณะนี้เพศอะไร และคำถามเรื่องความเชื่อโบราณต่างๆ ไม่มีความรู้ด้านการแพทย์มาเลย comment ของผู้ติบก็แบ่งเป็น2กลุ่ม คนที่ตามด่า และคนที่โพสเอาคะแนน

Comment ทางแอดมินไปแล้ว ทางนั้นอ้างว่าส่วนใหญ่เป็นคุณแม่มือใหม่ อาจจะมีความสงสัยคล้ายๆกัน เลยบอกให้ ทำ FAQ ไปเลย ก็เงียบหาย ไม่ปรับปรุง 

บทความมีน้อยมาก search ก็ห่วยมาก และตอนนี้ตอนนี้ก็จำกัดให้อ่านวันละ3บทความเท่านั้น แล้วบังคับโหลดแอป

เวอร์ชั่นล่าสุดยิ่งห่วย config หน้า feed ให้โชว์แต่โพสเดิมๆ feed เรียงจากคนที่ตอบคนล่าสุดอีกต่างหาก เวอร์ชั่นก่อน pregnancy tracker มีประโยชน์มาก ตอนนี้ config ห่วย อ่านก็ไม่ได้ บังคับตอบคำถามอีก ไม่งั้นคำถามก็จะบังข้อมูลอยู่แบบนั้น

บายยยยยยยยยยยยย",,"สวัสดีค่ะคุณแม่ ต้องขออภัยด้วยนะคะหากมีส่วนใดที่ทำให้ไม่พอใจ ในเรื่องของคำถามเนื่องจากเราต้องการให้เป็นพื้นที่ที่เปิดกว้างสำหรับคุณพ่อคุณแม่ทุกท่านทางเราจึงไม่มีการลบคำถามใด หากคำถามนั้นไม่ได้ขัดต่อข้อกำหนดในการใช้งาน สำหรับเรื่อง FAQ ทางแอปได้มีการรวบรวมทำเป็นอัลบั้มภาพให้แล้วนะคะและจะมีอัปเดตเพิ่มเรื่อย ๆ สามารถเข้าไปดูได้ค่ะ ส่วนบทความที่คุณแม่แจ้งว่ามีน้อยทางเราขอเรียนให้ทราบว่าเรามีบทความมากกว่าหนึ่งหมื่นบทความค่ะ สามารถอ่านในแอปได้ไม่จำกัด

สำหรับหน้าฟีดเรามีให้เลือกระหว่างหน้าฟีดทั่วไป โพสต์ล่าสุด และกำลังได้รับความนิยม สามารถเลือกดูได้ตามความชอบนะคะ 

ในส่วนของ Pregnancy Tracker นั้น เราไม่เคยมีในเรื่องของการบังคับตอบคำถามใด ๆ นะคะ หากคุณแม่พบปัญหารบกวนแคปรูปภาพแล้วแจ้งแอดมินมาทาง inbox เพจ theAsianparent เพื่อให้ทำการตรวจสอบด้วยค่ะ 

ขอบคุณค่ะ",https://apps.apple.com/th/app/id1042523855?see-all=reviews
App Store,th,,4829316915,2019-09-23T18:29:37Z,k mdhbd,1,,0,ค้าง,แอพค้างบ่อยจังช่วงนี้ เข้าทีไร ก็หน้าขาว ไม่โหลดไรเลย เลื่อนกดอะไรก็ไม่ได้ เป็นบ่อยจนไม่ได้เข้าหลายวันแล้วค่ะ เว่อชั่นก็ล่าสุดละนะ,,ต้องขออภัยสำหรับปัญหาที่เกิดขึ้นด้วยนะคะ ไม่ทราบว่าตอนนี้ใช้งานได้ปกติหรือยังคะ เบื้องต้นเราได้แจ้งทีมพัฒนาเพื่อทำการตรวจเช็คและแก้ไขปัญหาให้แล้วค่ะ,https://apps.apple.com/th/app/id1042523855?see-all=reviews
App Store,th,,4785552106,2019-09-15T16:21:12Z,ชรัญญา,1,,0,ตัวเลือกของภาษา,น่าจะมีภาษาไทยด้วยบางคนอาจไม่เก่งภาษาอังกฤษ,,สวัสดีค่ะ ผู้ใช้งานสามารถเปลี่ยนภาษาได้ด้วยการคลิกที่แถบเมนูมุมซ้ายบน > คลิกที่รูปโปรไฟล์ > แก้ไขประวัติ(edit profile) > แล้วเลือกภาษา(Language) กับประเทศ(Country)ให้เป็น ไทย และกดเซฟค่ะ,https://apps.apple.com/th/app/id1042523855?see-all=reviews
App Store,th,,4760369360,2019-09-11T09:33:44Z,po9890,1,,0,เปลี่ยนภาษา,มีแต่ภาษาอังกฤษ ภาษาไทยเปลี่ยนยังไง,,สวัสดีค่ะ ผู้ใช้งานสามารถเปลี่ยนภาษาได้ด้วยการคลิกที่แถบเมนูมุมซ้ายบน > คลิกที่รูปโปรไฟล์ > แก้ไขประวัติ(edit profile) > แล้วเลือกภาษา(Language) กับประเทศ(Country)ให้เป็น ไทย และกดเซฟค่ะ,https://apps.apple.com/th/app/id1042523855?see-all=reviews
App Store,th,,4700641910,2019-08-31T06:45:32Z,Latenktenk,1,,0,แอพนี้คืออะไร,ได้อีเมลล์มาฉบับหนึ่งซึ่งระบุว่าเป็นcontent  premium ต้องโหลดแอพมาเพื่ออ่าน พอโหลดแอพมาเสร็จ ลองเปิดดู คือยังหา content ภาษาไทยไม่เจอซักฉบับเลยค่ะ งงในงง การใช้งานคือยังไงเหรอคะ,,สวัสดีค่ะ ผู้ใช้งานสามารถเปลี่ยนภาษาได้ด้วยการคลิกที่แถบเมนูมุมซ้ายบน > คลิกที่รูปโปรไฟล์ > แก้ไขประวัติ(edit profile) > แล้วเลือกภาษา(Language) กับประเทศ(Country)ให้เป็น ไทย และกดเซฟค่ะ,https://apps.apple.com/th/app/id1042523855?see-all=reviews
App Store,th,,4680581858,2019-08-27T08:41:17Z,ชุติแสง,1,,0,อ่านกระทู้ไม่ได้,กดอ่านกระทู้ไม่ได้ พอกดเข้าไปข้อความก็หายหมด,,ขออภัยในความไม่สะดวกนะคะ ขณะนี้ทางเราได้ทำการแก้ไขปัญหาที่บทความเปิดอ่านไม่ได้แล้วนะคะ รบกวนผู้ใช้งานตรวจสอบอีกครั้งหากยังพบปัญหาอยู่รบกวนแจ้งรายละเอียดเข้ามาที่ อีเมล info@tickledmedia.com หรือ Facebook : theAsianparent Thailand เพื่อให้ทำการตรวจสอบอย่างละเอียดอีกครั้งค่ะ ขอบคุณค่ะ,https://apps.apple.com/th/app/id1042523855?see-all=reviews
App Store,th,,4680220595,2019-08-27T06:24:06Z,แจ๊คจ้า,1,,0,เปิดอ่านบทความในแอฟไม่ได้,เปิดอ่านบทความในแอฟไม่ได้ช่วยแก้ไขด่วนๆค่ะ,,ขออภัยในความไม่สะดวกนะคะ ขณะนี้ทางเราได้ทำการแก้ไขปัญหาที่บทความเปิดอ่านไม่ได้แล้วนะคะ รบกวนผู้ใช้งานตรวจสอบอีกครั้งหากยังพบปัญหาอยู่รบกวนแจ้งรายละเอียดเข้ามาที่ อีเมล info@tickledmedia.com หรือ Facebook : theAsianparent Thailand เพื่อให้ทำการตรวจสอบอย่างละเอียดอีกครั้งค่ะ ขอบคุณค่ะ,https://apps.apple.com/th/app/id1042523855?see-all=reviews
App Store,th,,4673534312,2019-08-25T20:04:19Z,สสสสสยยนร,1,,0,อัพเดตรอบนี้แย่มาก,ติดตามการตั้งครรภ์ ข้อมูลไม่ตรงเลย ตั้งครรภ์8เดือน ลูกตัวเท่ามันแกว? คงเป็นมันแกวยักษ์แน่เลยค่ะ  ใช้งานยากขึ้นด้วย งงมาก  ตรงติดตามการตั้งครรภ์แบบเดิมดีกว่าค่ะ,,ต้องขออภัยในความผิดพลาดที่เกิดขึ้นด้วยนะคะ ด้วยนะคะทางทีมงานจะรีบแก้ไขให้โดยเร็วค่ะ,https://apps.apple.com/th/app/id1042523855?see-all=reviews
App Store,th,,4622678648,2019-08-16T03:09:08Z,อัจฉรา มุคสิงห์,1,,0,ทำไมโพสไม่ได้คะ,พิมข้อมูลอะไรเสร็จ กำลังจะโพส แต่เลือกห้องไม่ได้ หมายความว่าไงคะ โดนบล็อกโพสหรอคะ ยังไม่ได้ทำไรผิดกดเลยนะคะ,,"ขออภัยในความไม่สะดวกด้วยนะคะ ไม่ทราบว่าหน้าจอขึ้นว่าอย่างไรคะ รบกวนผู้ใช้ส่งอีเมลแจ้งรายละเอียดมาที่ info@tickledmedia.com หรือส่ง inbox มาที่เพจ theAsianparent Thailand เพื่อให้แอดมินทำการตรวจสอบด้วยค่ะ ขอบคุณค่ะ
",https://apps.apple.com/th/app/id1042523855?see-all=reviews
App Store,th,,4482330287,2019-07-19T00:03:29Z,ios ใช้ไมค์ไม่ได้,1,,0,ปรับปรุงระบบหน่อยค่ะ,แอปดีค่ะ แต่ระบบห่วยไปนิด เวลาซ่อนโพสต์ไปแต่มันยังทำไมเด้งขึ้นหน้าฟีดเหมือนเดิม อยากให้มีระบบบล๊อคผู้โพสต์ที่เราไม่ต้องการเห็นด้วย เวลากดรายงานโพสต์ที่ไม่เหมาะสม เหมือนมีไม่ไรเกิดขึ้นเลย ปรับปรุงด่วนด้วยค่ะ,,"ขออภัยสำหรับปัญหาที่เกิดขึ้นด้วยค่ะ ในส่วนของการซ่อนโพสต์ทางเราได้แจ้งไปยังทีมพัฒนาเพื่อทำการตรวจสอบให้แล้ว และต้องขอบคุณสำหรับคำแนะนำนะคะ ทางเราจะนำไปพิจารณาและเพิ่มในระบบต่อไปค่ะ 
",https://apps.apple.com/th/app/id1042523855?see-all=reviews
App Store,th,,4420098446,2019-07-06T15:10:29Z,นุ่ทราย,1,,0,อัพเดจแล้วไม่เห็นข้อมูล,พออัพเดจแล้ว เราไม่สามารถอ่านเนื้อหาในแอพได้เลย เซง,,ต้องขออภัยสำหรับปัญหาที่เกิดขึ้นด้วยนะคะ ไม่ทราบว่าตอนนี้ใช้งานได้ปกติหรือยังคะ เบื้องต้นเราได้แจ้งทีมพัฒนาเพื่อทำการตรวจเช็คและแก้ไขปัญหาให้แล้วค่ะ,https://apps.apple.com/th/app/id1042523855?see-all=reviews
App Store,th,,4404902112,2019-07-03T11:29:02Z,Nane-villain,1,,0,อัพเดทบ่อยมากกก,คือไม่เข้าใจคนพัฒนา แอฟ เข้าแอฟทีไร ให้แต่อัพเดท อาทิตย์หนึ่งนับครั้งได้เรย อัพเดทบ่อยจนไม่อยากเข้าแอฟเรย เพราะจะแจ้งเตือนให้อัพเดตน่าแอพตลอด ของแอพอื่นเข้าไม่มีหรอกมาเด้งขึ้นน่าแอพให้อัพเดทตลอดแบบนี้,,ต้องขออภัยด้วยนะคะ เนื่องจากว่าแอปของเราอยู่ในระหว่างเพิ่มฟีเจอร์ใหม่จึงอาจจะมีการอัปเดตบ่อยขึ้นในช่วงนี้ แนะนำให้คุณ Nane-villain เปิดอัปเดตอัตโนมัติไว้นะคะเพื่อจะได้ไม่ต้องรออัปเดตทุกครั้งก่อนใช้งานค่ะ,https://apps.apple.com/th/app/id1042523855?see-all=reviews
App Store,th,,4401438052,2019-07-02T15:25:59Z,vivanida,1,,0,อัปเดท,อัปเดทบ่อยไปนะบางที,,ต้องขออภัยสำหรับปัญหาที่เกิดขึ้นด้วยนะคะ ทางเราขอน้อมรับคำติชมและจะนำไปปรับปรุงแก้ไขต่อไปค่ะ,https://apps.apple.com/th/app/id1042523855?see-all=reviews
App Store,th,,4230797385,2019-05-29T16:05:37Z,justtorishop,1,,0,อัพเดทใหม่เปิดแอพกี่ครั้งก็ไม่โหลดสักอย่างเลยค่ะอะไรก็ไม่ขึ้น,2-3 อัพเดทล่าสุดแย่ลงเรื่อยๆเลยค่ะ แอพใช้ไม่ได้เลย,,ขออภัยในปัญหาที่เกิดขึ้นด้วยนะคะ รบกวนผู้ใช้งานแจ้งรายละเอียด ชื่อผู้ใช้งานหรืออีเมลที่ใช้ลงทะเบียนเพื่อให้ทีมงานทำการตรวจเช็ค ขอบคุณค่ะ,https://apps.apple.com/th/app/id1042523855?see-all=reviews
App Store,th,,3985034108,2019-04-08T03:59:07Z,เหม๋ง,1,,0,การอัปเดทรายวัน,"การอัปเดทรายวัน เกี่ยวกับลูกของฉัน พอกดเข้าไปอ่านแล้ว ข้อความยาวๆหายไปเหลือข้อมูลไห้อ่านไม่เต็มเลย
กดดูข้อมูลเพิ่มเติมก้อไม่มีค่ะ",,ทางเราได้ทำการตรวจสอบปัญหาที่เกิดขึ้นแล้วนะคะ ปัญหานี้เกิดจากการสาเหตุว่าแอปพลิเคชันที่ใช้อยู่นั้นเป็นเวอร์ชั่นเก่า รบกวนผู้ใช้งานอัปเดตแอปพลิเคชันให้เป็นเวอร์ชันล่าสุดเพื่อแก้ไขปัญหาที่เกิดขึ้นนะคะ ขอบคุณค่ะ,https://apps.apple.com/th/app/id1042523855?see-all=reviews
App Store,th,,3914728126,2019-03-23T03:54:47Z,น้พ,1,,0,รบกวนมมากจะอ่านพันทิพ ลำคาญค่ะ,ลำคาญ,,ต้องขออภัยสำหรับปัญหาที่เกิดขึ้นด้วยนะคะ ทางเราขอน้อมรับคำติชมและจะนำไปปรับปรุงแก้ไขต่อไปค่ะ,https://apps.apple.com/th/app/id1042523855?see-all=reviews
App Store,th,,3904042393,2019-03-20T13:12:38Z,Imtubtim,1,,0,แย่มาก,แย่มากโหลดแอปแล้ว อ่านบทความอยู่ดีๆ ก็ให้โหลดอีกแล้ว,,ต้องขออภัยสำหรับปัญหาที่เกิดขึ้นด้วยนะคะ ทางเราขอน้อมรับคำติชมและจะนำไปปรับปรุงแก้ไขต่อไปค่ะ,https://apps.apple.com/th/app/id1042523855?see-all=reviews
App Store,th,,3653416174,2019-01-15T15:56:29Z,นิสรา,1,,5,เสียง,อัพเดทใหม่ แล้วเสียงวีดีโอหายค่ะ,,ต้องขออภัยด้วยนะคะ ตอนนี้ทางเราได้ทำการแก้ไขปัญหาที่เกิดขึ้นแล้วค่ะ,https://apps.apple.com/th/app/id1042523855?see-all=reviews
App Store,th,,3610179690,2019-01-04T07:22:44Z,thipparat M,1,,0,มีโฆษณาบ่อย เยอะ จนน่ารำคาญมากๆ,น่ารำคาญ โฆษณาเยอะกว่าเนื้อหาสาระอีก เน้นแต่ขายของ,,ขอบคุณสำหรับคำแนะนำติชมนะคะ เราจะดำเนินการพัฒนาและปรับปรุงเรื่องการแสดงเนื้อหาของโฆษณา รวมไปถึงเฝ้าติดตามโพสต์ที่เกี่ยวกับการโฆษณาขายของจากผู้ใช้ท่านอื่นๆ และดำเนินการแก้ไข เพื่อให้เหมาะสมและเป็นที่พึงพอใจของผู้ใช้งานต่อไปค่ะ,https://apps.apple.com/th/app/id1042523855?see-all=reviews
App Store,th,,1563872569,2017-03-14T00:11:04Z,กำมะทานสา,1,,0,ใช้งานไม่ได้,ไม่ควรปล่อยให้โหลดนะ,,ต้องขออภัยด้วยนะคะ หากพบปัญหาในการใช้งานใด ๆ สามารถแจ้งได้เลยค่ะ,https://apps.apple.com/th/app/id1042523855?see-all=reviews
App Store,th,,13751215480,2026-02-15T09:18:14Z,Creamme17,2,,0,ใส่วันที่ประจำเดือนมาวันแรกครั้งสุดท้าย,ใส่แล้วจะเลื่อนขึ้นแล้วกดถัดไปไม่ได้ค่ะ,,ต้องขออภัยในความไม่สะดวกก่อนหน้านี้ด้วยนะคะ ขณะนี้ระบบได้รับการอัปเดตเวอร์ชันใหม่เรียบร้อยแล้ว คุณแม่สามารถเข้าใช้งานได้ตามปกติเลยค่ะ หากติดปัญหาตรงไหนสอบถามเพิ่มเติมได้ทันทีนะคะ ,https://apps.apple.com/th/app/id1042523855?see-all=reviews
App Store,th,,13412705102,2025-11-18T13:09:00Z,นิววว  ว  ว,2,,0,แอปเข้าไม่ได้,แอปเข้าไม่ได้,,ต้องขออภัยในความไม่สะดวกก่อนหน้านี้ด้วยนะคะ ขณะนี้ระบบได้รับการอัปเดตเวอร์ชันใหม่เรียบร้อยแล้ว คุณแม่สามารถเข้าใช้งานได้ตามปกติเลยค่ะ หากยังพบปัญหาหรือต้องการความช่วยเหลือเพิ่มเติม สามารถทักแชทแจ้งเรื่องผ่านทาง Facebook: theAsianparent Thailand ได้ทันทีนะคะ ทีมงานยินดีดูแลค่ะ,https://apps.apple.com/th/app/id1042523855?see-all=reviews
App Store,th,,12745330294,2025-06-07T06:21:35Z,ชื่อมีความสุข,2,,0,เเอพ,แอพพเข้าไม่ได้ค่ะ กดสมัครแล้วระบุยังไม่เคยมีลูก เข้าระบบไม่ได้ค่ะ,,ต้องขออภัยในความไม่สะดวกก่อนหน้านี้ด้วยนะคะ ขณะนี้ระบบได้รับการอัปเดตเวอร์ชันใหม่เรียบร้อยแล้ว คุณแม่สามารถเข้าใช้งานได้ตามปกติเลยค่ะ หากยังพบปัญหาหรือต้องการความช่วยเหลือเพิ่มเติม สามารถทักแชทแจ้งเรื่องผ่านทาง Facebook: theAsianparent Thailand ได้ทันทีนะคะ ทีมงานยินดีดูแลค่ะ,https://apps.apple.com/th/app/id1042523855?see-all=reviews
App Store,th,,12473542905,2025-03-28T07:56:48Z,ปูเป้ สิริพร,2,,0,แอพ,มันขึ้นว่าทางแอฟมีความผิดพลาดกรุณาลองภายหลัง เด้งขึ้นหลายรอบมากตอนกรอกข้อมูล,,ต้องขออภัยในความไม่สะดวกก่อนหน้านี้ด้วยนะคะ ขณะนี้ระบบได้รับการอัปเดตเวอร์ชันใหม่เรียบร้อยแล้ว คุณแม่สามารถเข้าใช้งานได้ตามปกติเลยค่ะ หากยังพบปัญหาหรือต้องการความช่วยเหลือเพิ่มเติม สามารถทักแชทแจ้งเรื่องผ่านทาง Facebook: theAsianparent Thailand ได้ทันทีนะคะ ทีมงานยินดีดูแลค่ะ,https://apps.apple.com/th/app/id1042523855?see-all=reviews
App Store,th,,12224284928,2025-01-24T10:10:54Z,ฟีมมมมมมม,2,,0,คำถาม,ทำไมใช้แล้วเปลี่ยนเป็นโปรไฟล์ของคนอื่นคะ ทั้งๆที่ก็ล็อกอินด้วยข้อมูลตัวเอง พอเข้ามาอีกทีเป็นข้อมูลของใครก็ไม่รู้ ลบโหลดใหม่หลายรอบแล้วค่ะ,,สวัสดีค่ะ ขออภัยสำหรับปัญหาที่เกิดขึ้นด้วยค่ะ โปรดแคปหน้าจอส่งอีเมลพร้อมรายละเอียดบัญชีของคุณไปที่ app.feedback@theasianparent.com เพื่อให้เราสามารถช่วยเหลือได้ทันทีค่ะ 😊 หวังว่าคุณจะสนับสนุนแอพตั้งครรภ์และเลี้ยงลูกของเราต่อไปด้วยการเพิ่มคะแนน 5 ดาว และกลับมาติดตามการตั้งครรภ์หรือตรวจครรภ์ เพื่อเช็กพัฒนาการลูกน้อยในครรภ์จากแอปของเราทุกวันนะคะ,https://apps.apple.com/th/app/id1042523855?see-all=reviews
App Store,th,,12208279965,2025-01-20T16:21:29Z,ฝ้าย1523,2,,0,แม่และเด็ก,มีประโยชนเป็นแม่มือใหม่ค่ะสงสัยตรงไหนก็ถามแม่ๆท่านอื่นๆ,,ขอบคุณที่ชื่นชอบแอปพลิเคชันของเราค่ะ ❤️ ถ้าเห็นว่าแอพตั้งครรภ์และเลี้ยงลูกของเรามีประโยชน์ ได้โปรดบอกต่อไปยังคุณพ่อคุณแม่ท่านอื่น ๆ ด้วยนะคะ และอย่าลืมเข้ามาติดตามการตั้งครรภ์หรือตรวจครรภ์ เพื่อเช็กพัฒนาการลูกน้อยในครรภ์ทุกวันนะคะ,https://apps.apple.com/th/app/id1042523855?see-all=reviews
App Store,th,,11951881501,2024-11-15T09:02:56Z,P3J0FK,2,,1,แอพช้ามาก,แอพช้ามากกกกกก กว่าจะดูนั้นนี่ในแอพได้กดเข้าไปแล้วหมุนอยู่นั้น จนต้องไปใช้แอพอื่น,,ขออภัยสำหรับปัญหาที่เกิดขึ้นด้วยนะคะ เราจะรายงานปัญหานี้ไปยังทีมพัฒนาแอพเพื่อปรับปรุงให้ดียิ่งขึ้นต่อไป ถ้าเห็นว่าแอพตั้งครรภ์และเลี้ยงลูกของเรามีประโยชน์ อย่าลืมบอกต่อคุณพ่อคุณแม่ท่านอื่น ๆ ด้วยนะคะ หวังว่าคุณจะกลับมาติดตามการตั้งครรภ์หรือตรวจครรภ์ เพื่อเช็กพัฒนาการลูกน้อยในครรภ์จากแอปของเราทุกวันค่ะ 😊,https://apps.apple.com/th/app/id1042523855?see-all=reviews
App Store,th,,11726107303,2024-09-15T09:02:50Z,NMm111000,2,,0,แอพค้างมากค่ะ,แอพค้างไม่ไหว เข้าไปดูอะไรไม่ได้เลยค่ะ,,ขออภัยสำหรับปัญหาที่เกิดขึ้นด้วยนะคะ เราจะรายงานปัญหานี้ไปยังทีมพัฒนาแอพเพื่อปรับปรุงให้ดียิ่งขึ้นต่อไป ถ้าเห็นว่าแอพตั้งครรภ์และเลี้ยงลูกของเรามีประโยชน์ อย่าลืมบอกต่อคุณพ่อคุณแม่ท่านอื่น ๆ ด้วยนะคะ หวังว่าคุณจะกลับมาติดตามการตั้งครรภ์หรือตรวจครรภ์ เพื่อเช็กพัฒนาการลูกน้อยในครรภ์จากแอปของเราทุกวันค่ะ 😊,https://apps.apple.com/th/app/id1042523855?see-all=reviews
App Store,th,,11279700027,2024-05-18T09:05:12Z,เเมวจีจี้,2,,0,เเก้ไขด้วยเด้อ,เน็ตก็ปกติดีนะคะ เเต่ทำไมเเอปถึงไดเหมุนๆไม่ทำงานอยู่อย่างไง อีกอย่างการนับไตรมาสหายไปไหนเอากลับมาา😭,,ขออภัยสำหรับปัญหาที่เกิดขึ้นด้วยนะคะ ทางทีมได้ทำการแก้ไขเส้นไตรมาสให้กลับมาเรียบร้อยแล้ว ขออภัยในความไม่สะดวกด้วยนะคะ 🙏🏻,https://apps.apple.com/th/app/id1042523855?see-all=reviews
App Store,th,,11110468574,2024-04-01T17:58:20Z,ปราย.,2,,0,แอพห่วยๆ,ตั้งวันอะไรก็ไม่ได้ ห่วยแตก,,ขออภัยสำหรับปัญหาที่เกิดขึ้นด้วยค่ะ รบกวนแจ้งรายละเอียดไปที่ app.feedback@theasianparent.com เพื่อให้ทีมงานตรวจสอบอย่างละเอียดอีกครั้งค่ะ ถ้าเห็นว่าแอพตั้งครรภ์และเลี้ยงลูกของเรามีประโยชน์ อย่าลืมบอกต่อคุณพ่อคุณแม่ท่านอื่น ๆ ด้วยนะคะ หวังว่าคุณจะกลับมาติดตามการตั้งครรภ์หรือตรวจครรภ์ เพื่อเช็กพัฒนาการลูกน้อยในครรภ์จากแอปของเราทุกวันค่ะ 😊,https://apps.apple.com/th/app/id1042523855?see-all=reviews
App Store,th,,10952241743,2024-02-18T11:50:29Z,คุณ สายใจ,2,,0,ค้าง หมุน เข้าไม่ได้,แอพค้างบ่อยมาก เข้าไม่ได้ค้าง หมุนแล้วก็หาย แจ้งเตือนมีข้ออผิดพลาดตลอด แก้ไขด้วยค่ะ,,สวัสดีค่ะคุณพ่อคุณแม่ ขอบคุณสำหรับคำแนะนำและขออภัยที่ทำให้รู้สึกไม่ประทับใจหลังจากใช้งานแอพตั้งครรภ์และเลี้ยงลูกของเรา เราจะพยายามปรับปรุงเพื่อให้คุณสามารถตรวจครรภ์ ติดตามการตั้งครรภ์ หรือพัฒนาการลูกน้อยในครรภ์ และเลี้ยงดูลูกน้อยได้ง่ายยิ่งขึ้น อย่าลืมกลับมาใช้งานแอปของเราใหม่ในครั้งหน้าและให้คะแนน 5 ดาวกับเรานะคะ 😊,https://apps.apple.com/th/app/id1042523855?see-all=reviews
App Store,th,,10951786970,2024-02-18T08:50:28Z,ช่วยกันหน่อยนะ,2,,0,ค้าง,โหลดช้ามาก ค้างทั้งวัน ลบแอพโหลดใหม่ไม่ได้ผล,,สวัสดีค่ะคุณพ่อคุณแม่ ขอบคุณสำหรับคำแนะนำและขออภัยที่ทำให้รู้สึกไม่ประทับใจหลังจากใช้งานแอพตั้งครรภ์และเลี้ยงลูกของเรา เราจะพยายามปรับปรุงเพื่อให้คุณสามารถตรวจครรภ์ ติดตามการตั้งครรภ์ หรือพัฒนาการลูกน้อยในครรภ์ และเลี้ยงดูลูกน้อยได้ง่ายยิ่งขึ้น อย่าลืมกลับมาใช้งานแอปของเราใหม่ในครั้งหน้าและให้คะแนน 5 ดาวกับเรานะคะ 😊,https://apps.apple.com/th/app/id1042523855?see-all=reviews
App Store,th,,10808770423,2024-01-11T07:29:38Z,Mgyis,2,,0,อายุไม่ตรง,ทำไมอายุลูกไม่ตรงค่ะ เกิด2020 ตอนนี้สามขวบกว่าแต่ในแอป ขึ้นเป็น5ขวบ11เดือน,,ขออภัยสำหรับปัญหาที่เกิดขึ้นด้วยค่ะ รบกวนแจ้งรายละเอียดไปที่ app.feedback@theasianparent.com เพื่อให้ทีมงานตรวจสอบอย่างละเอียดอีกครั้งค่ะ ถ้าเห็นว่าแอพตั้งครรภ์และเลี้ยงลูกของเรามีประโยชน์ อย่าลืมบอกต่อคุณพ่อคุณแม่ท่านอื่น ๆ ด้วยนะคะ หวังว่าคุณจะกลับมาติดตามการตั้งครรภ์หรือตรวจครรภ์ เพื่อเช็กพัฒนาการลูกน้อยในครรภ์จากแอปของเราทุกวันค่ะ 😊,https://apps.apple.com/th/app/id1042523855?see-all=reviews
App Store,th,,10735063916,2023-12-23T13:12:24Z,sgvbbnb,2,,0,ใช้อยู่ดีๆ กลายเป็นภาษาอังกฤษค่ะ แก้เท่าไรก็ไม่หายค่ะ,ใช้อยู่ดีๆ กลายเป็นภาษาอังกฤษค่ะ แก้เท่าไรก็ไม่หายค่ะ,,"สวัสดีค่ะ คุณแม่สามารถเปลี่ยนภาษาได้ที่หน้าโปรไฟล์ จะมีปุ่มให้กดเปลี่ยนภาษาค่ะ 
โปรดให้กำลังใจทีมงานของเรา ด้วยการให้คะแนน 5 ★★★★★ ในครั้งหน้า เพื่อเราจะได้พัฒนาแอปให้โดนใจคุณมากยิ่งขึ้นค่ะ 😍",https://apps.apple.com/th/app/id1042523855?see-all=reviews
App Store,th,,10682612216,2023-12-11T16:39:33Z,NJoYz,2,,0,อายุลูกผิด,ใส่ข้อมูลวันเกิดลูก เกิดปี 2023 ตอนนี้ต้อง 5 เดือน ในแอปขึ้นเป็น 5 ขวบ แก้ไขแอปด้วยนะคะ,,ขออภัยสำหรับปัญหาที่เกิดขึ้นด้วยค่ะ รบกวนแจ้งรายละเอียดไปที่ app.feedback@theasianparent.com เพื่อให้ทีมงานตรวจสอบอย่างละเอียดอีกครั้งค่ะ ถ้าเห็นว่าแอพตั้งครรภ์และเลี้ยงลูกของเรามีประโยชน์ อย่าลืมบอกต่อคุณพ่อคุณแม่ท่านอื่น ๆ ด้วยนะคะ หวังว่าคุณจะกลับมาติดตามการตั้งครรภ์หรือตรวจครรภ์ เพื่อเช็กพัฒนาการลูกน้อยในครรภ์จากแอปของเราทุกวันค่ะ 😊,https://apps.apple.com/th/app/id1042523855?see-all=reviews
App Store,th,,10605475099,2023-11-20T13:34:01Z,Kuyylotto,2,,0,.,ดูภาพลูกจองฉันไม่ได้ ลองลบแล้วโหลดใหม่ก็ยังไม่หาย ยังเด้งออกเหมือนเดิม,,ขออภัยสำหรับปัญหาที่เกิดขึ้นด้วยค่ะ รบกวนแจ้งรายละเอียดไปที่ app.feedback@theasianparent.com เพื่อให้ทีมงานตรวจสอบอย่างละเอียดอีกครั้งค่ะ ถ้าเห็นว่าแอพตั้งครรภ์และเลี้ยงลูกของเรามีประโยชน์ อย่าลืมบอกต่อคุณพ่อคุณแม่ท่านอื่น ๆ ด้วยนะคะ หวังว่าคุณจะกลับมาติดตามการตั้งครรภ์หรือตรวจครรภ์ เพื่อเช็กพัฒนาการลูกน้อยในครรภ์จากแอปของเราทุกวันค่ะ 😊,https://apps.apple.com/th/app/id1042523855?see-all=reviews
App Store,th,,10401535082,2023-09-24T09:01:53Z,คุณโบ19998,2,,0,แอพค้างตลอดเลย,แอพค้าง  ใช้งานไม่สะดวกเพราะค้างบ่อย,,สวัสดีค่ะคุณพ่อคุณแม่ ขอบคุณสำหรับคำแนะนำและขออภัยที่ทำให้รู้สึกไม่ประทับใจหลังจากใช้งานแอพตั้งครรภ์และเลี้ยงลูกของเรา เราจะพยายามปรับปรุงเพื่อให้คุณสามารถตรวจครรภ์ ติดตามการตั้งครรภ์ หรือพัฒนาการลูกน้อยในครรภ์ และเลี้ยงดูลูกน้อยได้ง่ายยิ่งขึ้น อย่าลืมกลับมาใช้งานแอปของเราใหม่ในครั้งหน้าและให้คะแนน 5 ดาวกับเรานะคะ 😊,https://apps.apple.com/th/app/id1042523855?see-all=reviews
App Store,th,,10363151756,2023-09-13T07:12:06Z,M90ssssssssss,2,,0,ล็อคอินไม่ได้,"ล็อคอินไม่ได้โดยไม่ทราบสาเหตุ
เชื่อมกับเฟส เมลไม่ได้ เด้งออกตลอด :(",,ขออภัยสำหรับปัญหาที่เกิดขึ้นด้วยค่ะ รบกวนแจ้งรายละเอียดไปที่ app.feedback@theasianparent.com เพื่อให้ทีมงานตรวจสอบอย่างละเอียดอีกครั้งค่ะ ถ้าเห็นว่าแอพตั้งครรภ์และเลี้ยงลูกของเรามีประโยชน์ อย่าลืมบอกต่อคุณพ่อคุณแม่ท่านอื่น ๆ ด้วยนะคะ หวังว่าคุณจะกลับมาติดตามการตั้งครรภ์หรือตรวจครรภ์ เพื่อเช็กพัฒนาการลูกน้อยในครรภ์จากแอปของเราทุกวันค่ะ 😊,https://apps.apple.com/th/app/id1042523855?see-all=reviews
App Store,th,,10319349227,2023-08-31T14:05:03Z,Phonkh,2,,0,ลูกของฉัน,กดดูที่ลูกของฉัน ช่วงแรกๆกดดูได้ พอหลังๆไม่ขึ้นเลย รูปหายไปเลย,,,https://apps.apple.com/th/app/id1042523855?see-all=reviews
App Store,th,,10163217676,2023-07-21T00:05:32Z,κωαиɢッ,2,,0,ภาพลูกของฉันไม่สามารถดูได้,แก้ไขให้หน่อยค่ะ,,,https://apps.apple.com/th/app/id1042523855?see-all=reviews
App Store,th,,10154140935,2023-07-18T14:08:56Z,saly_74,2,,0,แอพไม่สเถียร,แอพไม่สเถียร,,,https://apps.apple.com/th/app/id1042523855?see-all=reviews
App Store,th,,10118380508,2023-07-08T19:15:15Z,พี่'ปุ้ย,2,,0,ค้างบ่อย,แอพไม่สเถียรเท่าแต่ก่อน อัพโหลดนาน ค้างบ่อยมาก จะกดเข้าดูตัวอย่างขนาดทารก พอกดเข้าไป ขึ้นรูปแล้วก็หาย,,,https://apps.apple.com/th/app/id1042523855?see-all=reviews
App Store,th,,10096172813,2023-07-02T14:43:55Z,ssushse,2,,0,แอปไม่เสถียร,แอปไม่เสถียร บางครั้งก่ตีกลับไปที่คุณยังไม่ตั้งครรภ์ทั้งที่26wแล้ว แอปหลุดบ่อย โหลดบ่อยทั้งที่เน็ตเร็วและเชื่อมต่อไม่ได้ ข้อดีคือได้พูดคุยแลกเปลี่ยนกับแม่ๆบ้านอื่น,,,https://apps.apple.com/th/app/id1042523855?see-all=reviews
App Store,th,,10075819373,2023-06-26T22:17:23Z,Yaeyoo2528,2,,1,คำนวณอายุลูกไม่ตรงค่ะ ลูก9เดือน แอพบอก5ปี,คำนวณอายุลูกไม่ตรงค่ะ ลูก9เดือน แอพบอก5ปี,,,https://apps.apple.com/th/app/id1042523855?see-all=reviews
App Store,th,,10053408765,2023-06-20T13:04:58Z,arada milk,2,,0,ปรับปรุงด่วน,เป็นแอพที่มีประโยชน์ดีนะคะ แต่แอพerrorบ่อยมากกกก ค้างบ่อยมากกก ปรับปรุงด่วนค่ะก่อนที่จะเปลี่ยนใจไปใช้แอพอื่น,,,https://apps.apple.com/th/app/id1042523855?see-all=reviews
App Store,th,,10053377969,2023-06-20T12:54:31Z,Bb0891796232,2,,0,แอปไม่ค่อยเสถียร,ข้อมูลในแอปค่อนข้างดีค่ะ มีครบ แต่แอปชอบค้างเวลาเข้าใช้งาน ใช่ไม่ค่อยได้ หากแอปเสถียรกว่านี้จะดีมากเลยจ้า,,,https://apps.apple.com/th/app/id1042523855?see-all=reviews
App Store,th,,10035990218,2023-06-15T11:43:44Z,123mabfod,2,,0,ติดตามทารกรูปภาพ 3 D,3D ขึ้นมาแค่ชั่วคราวก็หายไป กดเข้าดูใหม่ก็เป็นแบบเดิมไม่สามารถดูรูปได้,,,https://apps.apple.com/th/app/id1042523855?see-all=reviews
App Store,th,,9992910371,2023-06-02T23:43:36Z,ปอน้ำมนต์,2,,0,แอพค้างค่ะ เข้าไปกรอกข้อมูลทุกส่วนไม่ได้เลย,รบกวนตรวจสอบให้หน่อยคะ,,,https://apps.apple.com/th/app/id1042523855?see-all=reviews
App Store,th,,9973980345,2023-05-28T12:41:35Z,Othsu,2,,0,กดดูรูปเด็กตามเดือนแต่ละเดือนรูปขึ้นมาแปบเดียวแล้วก็รูปหาย,รูปหาย,,,https://apps.apple.com/th/app/id1042523855?see-all=reviews
App Store,th,,9934262714,2023-05-16T22:57:41Z,Noon2543,2,,0,ดูตรงลูกของฉันไม่ได้,ลองกดเข้าไปแล้วมันไม่ขึ้นรูปเหมือนแต่ก่อนเลยค่า กดเข้าไปแล้วมันก็มืดเลย แต่อย่างอื่นปกติดี ถ้ากลับมาดูได้เหมือนเดิมจะเพิ่มดาวให้นะค่า,,,https://apps.apple.com/th/app/id1042523855?see-all=reviews
App Store,th,,9809969407,2023-04-11T11:01:03Z,Kin114.i,2,,0,ติดตามไม่ขึ้น,การติดตามทารกไม่สามารถเพิ่มการติดตามได้,,สวัสดีค่ะ ขออภัยสำหรับปัญหาที่เกิดขึ้นด้วยค่ะ โปรดแคปหน้าจอพร้อมรายละเอียดบัญชีของคุณส่งไปที่ app.feedback@theasianparent.com เพื่อให้เราสามารถช่วยเหลือได้ทันทีค่ะ 😊 หวังว่าคุณจะสนับสนุนแอปตั้งครรภ์และเลี้ยงลูกของเราต่อไปด้วยการเพิ่มคะแนน 5 ดาว และกลับมาติดตามการตั้งครรภ์หรือตรวจครรภ์ เพื่อเช็กพัฒนาการและสุขภาพของทารกในครรภ์จากแอปของเราทุกวันนะคะ,https://apps.apple.com/th/app/id1042523855?see-all=reviews
App Store,th,,9703140472,2023-03-11T19:30:27Z,JJNCYW,2,,1,มีเดียหายไป,เพลงกล่อมหายไปค่ะ แก้ด้วยนะคะ,,สวัสดีค่ะ ขออภัยสำหรับความไม่สะดวกที่เกิดขึ้นด้วยนะคะ ทางทีมงานมีความจำเป็นต้องปิดปรับปรุงฟีเจอร์มีเดียชั่วคราว เพื่อพัฒนาให้สามารถใช้งานได้ดียิ่งขึ้นในอนาคตนั่นเองค่ะ😊 อย่าลืมกลับมาใช้งานแอปของเราใหม่ในครั้งหน้าและให้คะแนน 5 ดาวกับเรานะคะ โปรดติดตามการอัปเดตแอปครั้งต่อไปของเราได้เลยค่ะ! ❤️,https://apps.apple.com/th/app/id1042523855?see-all=reviews
App Store,th,,9593187397,2023-02-07T16:11:09Z,@frm,2,,0,การประมวลผล ไม่ตรงกับข้อมูลจริง,ไม่ตรงอายุจริง,,สวัสดีค่ะ เนื่องจากแอปจะนับอายุลูกตามปฏิทินที่คุณแม่ตั้งในโทรศัพท์ เช่น คุณแม่ตั้งเป็น พ.ศ. แอปก็จะนับตาม พ.ศ. แนะนำให้คุณแม่ใส่ข้อมูล วันเดือนปีเกิดของลูกให้ตรงตาม ค.ศ. หรือ พ.ศ. แบบเดียวกับที่ตั้งค่าไว้ในโทรศัพท์ค่ะ จากนั้นลอง Log Out และ Log In เข้าไปใหม่จะทำให้วันที่ตรงกับความเป็นจริงค่ะ ❤️ ,https://apps.apple.com/th/app/id1042523855?see-all=reviews
App Store,th,,9517051875,2023-01-17T12:24:39Z,ybiwe,2,,0,เปิดแอปแล้วเด้งค่ะ,เปิดแอปแล้วเด้งออก,,ขออภัยสำหรับปัญหาที่เกิดขึ้นด้วยนะคะ ทางแอดมินได้รายงานปัญหานี้ไปยังทีมพัฒนาแอปแล้ว เราจะพยายามปรับปรุงเพื่อให้คุณสามารถอ่านบทความการตรวจครรภ์ ติดตามการตั้งครรภ์ พัฒนาการลูกน้อยในครรภ์ การเลี้ยงดูลูกน้อย บทความสุขภาพของทารก หรือบทความอื่น ๆ ได้สะดวกง่ายดายยิ่งขึ้น อย่าลืมกลับมาใช้งานแอปของเราใหม่ในครั้งหน้าและให้คะแนน 5 ดาวกับเรานะคะ 😊,https://apps.apple.com/th/app/id1042523855?see-all=reviews
App Store,th,,9476997009,2023-01-06T09:26:04Z,Maleelynn,2,,0,แอพแปลกๆ,ฉันลงว่าลูกของฉัน เกิด กค. 65 แต่แอพกลับใส่อายุว่า 5ปี ฉันงงมากเลย,,"สวัสดีค่ะ เนื่องจากแอปจะนับอายุลูกตามปฏิทินที่คุณแม่ตั้งในโทรศัพท์ เช่น คุณแม่ตั้งเป็น พ.ศ. แอปก็จะนับตาม พ.ศ. แนะนำให้คุณแม่ใส่ข้อมูล วันเดือนปีเกิดของลูกให้ตรงตาม ค.ศ. หรือ พ.ศ. แบบเดียวกับที่ตั้งค่าไว้ในโทรศัพท์ค่ะ จากนั้นลอง Log Out และ Log In เข้าไปใหม่จะทำให้วันที่ตรงกับความเป็นจริงค่ะ ❤️",https://apps.apple.com/th/app/id1042523855?see-all=reviews
App Store,th,,9236060777,2022-10-30T04:54:24Z,ice.nnp,2,,0,ลงทะเบียนเข้า app ไม่ได้,ใช้ iOS ลองเข้าด้วย Facebook  / google / iCloud แต่เข้าไม่ได้เลยต้องแก้ยังไงคะ,,สวัสดีค่ะ ขออภัยในความไม่สะดวกด้วยนะคะ เนื่องจากเป็นช่วงเวลาที่ระบบเกิดความขัดข้อง ทำให้ไม่สามารถลงทะเบียนเข้าแอปพลิเคชันได้ในช่วงเวลาสั้นๆ ขณะนี้ทางทีมงานได้แก้ไขเรียบร้อยแล้ว ตอนนี้ผู้ใช้สามารถเข้าใช้งานได้ตามปกติค่ะ หากคุณประทับใจการช่วยเหลือในครั้งนี้ รวมถึงชื่นชอบแอปพลิเคชันของเรา อย่าลืมพิจารณาให้คะแนน 5 ★★★★★ กับเรานะคะ แต่ถ้ายังคงพบปัญหาเดิม สามารถแคปภาพหน้าจอและแจ้งรายละเอียดเข้ามาได้ทางอีเมล bugsfreshdesk@tickledmedia.com แอดมินจะช่วยเหลือโดยเร็วที่สุดค่ะ,https://apps.apple.com/th/app/id1042523855?see-all=reviews
App Store,th,,8689458159,2022-05-20T10:59:54Z,kattidaporn,2,,0,เข้าล็อคอินไม่ได้,พอเข้าล็อคอิน ค้าง เข้าไม่ได้เลย,,ต้องขออภัยสำหรับปัญหาที่เกิดขึ้นด้วยนะคะ เบื้องต้นรบกวนผู้ใช้งานลบและทำการติดตั้งใหม่อีกครั้งค่ะ หากยังพบปัญหาอยู่รบกวนผู้ใช้แจ้งรายละเอียดเข้ามาที่ Facebook : theAsianparent Thailand เพื่อให้ทำการตรวจสอบอย่างละเอียดอีกครั้งค่ะ ขอบคุณค่ะ,https://apps.apple.com/th/app/id1042523855?see-all=reviews
App Store,th,,8575339243,2022-04-17T00:50:49Z,g29j11jj18,2,,0,เปลี่ยนภาษาไม่ได้,อยากเปลี่ยนเมนูเปนถาษาไทย,,สวัสดีค่ะผู้ใช้งานสามารถเปลี่ยนภาษาได้โดยการเข้าไปตั้งค่าในหน้าโปรไฟล์ โดยคลิกที่รูปโปรไฟล์มุมซ้ายบน และเลื่อนหาหัวข้อ Edit Profile และเลือกภาษาไทยค่ะ,https://apps.apple.com/th/app/id1042523855?see-all=reviews
App Store,th,,8559973282,2022-04-12T17:04:59Z,babyrilakkuma.,2,,0,เกิดปัญหา,ตอบคอมเม้นและสร้างโพสต์ไม่ได้ ไม่ทราบว่าเกิดจากอะไร ขึ้นว่ามีข้อผิดพลาดตลอด,,ต้องขออภัยสำหรับปัญหาที่เกิดขึ้นด้วยนะคะ เบื้องต้นรบกวนผู้ใช้งานลบและทำการติดตั้งใหม่อีกครั้งค่ะ หากยังพบปัญหาอยู่รบกวนผู้ใช้แจ้งรายละเอียดเข้ามาที่ Facebook : theAsianparent Thailand เพื่อให้ทำการตรวจสอบอย่างละเอียดอีกครั้งค่ะ ขอบคุณค่ะ,https://apps.apple.com/th/app/id1042523855?see-all=reviews
App Store,th,,8220945037,2022-01-09T09:18:25Z,phloilada,2,,0,ติดตามพัฒนาการลูกไม่ได้เลยค่ะ เข้าแอพไม่ได้เลยค่ะ,ติดตามพัฒนาการลูกไม่ได้เลยค่ะ เข้าแอพไม่ได้เลยค่ะ,,ต้องขออภัยสำหรับปัญหาที่เกิดขึ้นด้วยนะคะ ขณะนี้ได้มีการแก้ไขปัญหาที่เกิดขึ้นแล้ว หากยังพบปัญหาอยู่รบกวนผู้ใช้งานแจ้งรายละเอียดเข้ามาที่ Facebook : theAsianparent Thailand เพื่อให้ทำการตรวจสอบอย่างละเอียดอีกครั้งค่ะ ขอบคุณค่ะ ,https://apps.apple.com/th/app/id1042523855?see-all=reviews
App Store,th,,7495408389,2021-06-23T02:49:22Z,PLOYxPLAY,2,,0,แอปดูข้อมูลยากมากขึ้น,"ชอบเวอร์ชั่นเก่ามากกว่า อันนี้ ดูข้อมูลยาก หาข้อมูลก็ยาก การถามตอบเหมือนซ่อนไว้ ข้อมูลเป็นวิดีโอ แต่สุดท้ายก็ต้องอ่านอยู่ดี ทำไมไม่ทำเป็นบทความให้อ่าน พร้อมรายละเอียดข้อมูลไปเลย 
พอเปลี่ยนเวอร์ชั่นทำให้ใช้งานแอปนี้น้อยลง",,,https://apps.apple.com/th/app/id1042523855?see-all=reviews
App Store,th,,7392443553,2021-05-27T00:26:12Z,trsjl,2,,0,เเอพค้าง,เข้าตั้งเเต่เช้าเเล้วค่ะ ไม่ได้สักที เเอพเป็นอะไรค่ะ อัพเดพก็อัพเดพเเร้ว เเต่ยังเข้าไม่ได้เลย ช่วยเเก้ไขหน่อยได้ไหมค่ะ,,"ต้องขออภัยสำหรับปัญหาที่เกิดขึ้นด้วยนะคะ ทางทีมงานได้แจ้งปัญหาไปยังทีมพัฒนาให้ทำการแก้ไขแล้ว เราขอน้อมรับคำติชมและจะนำไปปรับปรุงแก้ไขต่อไปค่ะ

ยังไงถ้าชอบแอปพลิเคชันของเราล่ะก็อย่าลืมให้กำลังใจทีมงานด้วยการให้ 5 ดาวนะคะ 😍
",https://apps.apple.com/th/app/id1042523855?see-all=reviews
App Store,th,,7064492662,2021-03-04T15:21:12Z,Tip Punnapha,2,,0,ภาษาและการเปิดแอพ,"ภาษาเป็นภาษาอังกฤษ แล้วจะให้เลือกภาษาทำไม
เปิดแอพนานมากกว่าจะเปิดได้",,"ต้องขออภัยสำหรับปัญหาที่เกิดขึ้นด้วยนะคะ ผู้ใช้งานสามารถเปลี่ยนภาษาได้โดยการเข้าไปตั้งค่าในหน้าโปรไฟล์ โดยคลิกที่รูปโปรไฟล์มุมซ้ายบน และเลื่อนหาหัวข้อ Edit Profile และเลือกภาษาไทยค่ะ 
หากยังพบปัญหาอยู่รบกวนผู้ใช้งานแจ้งรายละเอียดเข้ามาที่ Facebook : theAsianparent Thailand เพื่อให้ทำการตรวจสอบอย่างละเอียดอีกครั้งค่ะ ขอบคุณค่",https://apps.apple.com/th/app/id1042523855?see-all=reviews
App Store,th,,7033875843,2021-02-24T18:23:34Z,nskygn,2,,0,ภาษา,ปรับปรุงภาษาในแอพด้วยค่ะ,,"ต้องขออภัยสำหรับปัญหาที่เกิดขึ้นด้วยนะคะ ทางทีมงานได้แจ้งปัญหาไปยังทีมพัฒนาให้ทำการแก้ไขแล้ว เราขอน้อมรับคำติชมและจะนำไปปรับปรุงแก้ไขต่อไปค่ะ
",https://apps.apple.com/th/app/id1042523855?see-all=reviews
App Store,th,,6623003710,2020-11-08T16:59:22Z,🥺😍🥺😍,2,,0,ลบเเล้วโหลดใหม่มีบัญชีอยู่เเล้วเข้าไม่ได้ค่ะ,บัญชีเขื่อมกับเฟสไว้พอลบละโหลดใหม่กดเชื่อมเฟสอีกทีเข้าไม่ได้ค่ะค้างหมุนตลอดเลยยเสียใจ,,ต้องขออภัยสำหรับปัญหาที่เกิดขึ้นด้วยนะคะ ทางทีมงานจะทำการแจ้งปัญหาไปยังทีมพัฒนาเพื่อให้ทำการแก้ไข เราขอน้อมรับคำติชมและจะนำไปปรับปรุงแก้ไขต่อไปค่ะ,https://apps.apple.com/th/app/id1042523855?see-all=reviews
App Store,th,,6389234671,2020-09-03T01:36:10Z,ยุ้มยิ้ม,2,,0,ค้างบ่อยมากก เด้งออกบ่อยมากก,ค้างบ่อย เด้งบ่อย,,ต้องขออภัยสำหรับปัญหาที่เกิดขึ้นด้วยนะคะ ทางทีมงานได้แจ้งปัญหาไปยังทีมพัฒนาให้ทำการแก้ไขแล้ว เราขอน้อมรับคำติชมและจะนำไปปรับปรุงแก้ไขต่อไปค่ะ,https://apps.apple.com/th/app/id1042523855?see-all=reviews
App Store,th,,6166255471,2020-07-07T01:56:44Z,kun5011123,2,,0,เด้ง,ทำไมอัปเดตใหม่ จะเข้าแล้วมันเด้งออกตลอดเลยค่ะ,,ต้องขออภัยสำหรับปัญหาที่เกิดขึ้นด้วยนะคะ ทางทีมงานได้แจ้งปัญหาไปยังทีมพัฒนาให้ทำการแก้ไขแล้ว เราขอน้อมรับคำติชมและจะนำไปปรับปรุงแก้ไขต่อไปค่ะ,https://apps.apple.com/th/app/id1042523855?see-all=reviews
App Store,th,,5939078002,2020-05-13T08:14:02Z,จิบบบบบบบบ,2,,0,.,"กดติดตามการตั้งครรถ์ละเก้งกลับมาหน้าเดิมค่ะ 
มันไม่รองรับหรือเปล่าคะ",,ต้องขออภัยสำหรับปัญหาที่เกิดขึ้นด้วยนะคะ เบื้องต้นรบกวนผู้ใช้งานลบและทำการติดตั้งใหม่อีกครั้งค่ะหากยังพบปัญหาอยู่รบกวนผู้ใช้แจ้งรายละเอียดเข้ามาที่ Facebook : theAsianparent Thailand เพื่อให้ทำการตรวจสอบอย่างละเอียดอีกครั้งค่ะ ขอบคุณค่ะ,https://apps.apple.com/th/app/id1042523855?see-all=reviews
App Store,th,,5890288300,2020-05-01T21:36:23Z,Pug Chanon,2,,0,อ่านในเวปได้แค่3 พอกดเข้าแอพ ไม่ยอมไปที่บทความ,ปรับปรุงด่วนครับ,,เวลาเปิดอ่านผ่านเบราเซอร์สามารถคลิกที่จุดสามจุดมุมขวาบนเพื่อเลือกเปิดในแอปได้นะคะ จะไดเรคไปยังหน้าบทความที่ต้องการอ่านทันทีค่ะ,https://apps.apple.com/th/app/id1042523855?see-all=reviews
App Store,th,,5680437422,2020-03-19T05:22:09Z,Emotoris,2,,0,แอปรวนบ่อยมาก,ข้อมูลลูกที่บันทึกไว้ เปิดเข้าแอปมาไม่เคยตรงกันสักครั้ง,,ต้องขออภัยสำหรับปัญหาที่เกิดขึ้นด้วยนะคะ ทางเราขอน้อมรับคำติชมและจะนำไปปรับปรุงแก้ไขต่อไปค่ะ,https://apps.apple.com/th/app/id1042523855?see-all=reviews
App Store,th,,5586139759,2020-02-27T07:16:29Z,miewmyyy,2,,0,Miewly,ตอนแรกๆก็ดี  เหมือนApp คุณแม่มีวุฒิภาวะ  หลังๆมีแต่คุณแม่วัยใส ไม่มีอะไรที่น่าติดตาม,,ต้องขออภัยสำหรับปัญหาที่เกิดขึ้นด้วยนะคะ ทางเราขอน้อมรับคำติชมและจะนำไปปรับปรุงแก้ไขต่อไปค่ะ,https://apps.apple.com/th/app/id1042523855?see-all=reviews
App Store,th,,5501387850,2020-02-08T00:57:10Z,ความหวัง,2,,0,ทำไมต้องโหลดแอฟ,เปิดอ่านในกรูเกิลไม่ได้เลย ต้องโหลดแอฟ โหลดมาก็ค้างบ่อย ☹️,,ต้องขออภัยสำหรับปัญหาที่เกิดขึ้นด้วยนะคะ ทางเราขอน้อมรับคำติชมและจะนำไปปรับปรุงแก้ไขต่อไปค่ะ,https://apps.apple.com/th/app/id1042523855?see-all=reviews
App Store,th,,5431522645,2020-01-21T16:32:24Z,kwang kwa,2,,0,เข้าแอปไม่ได้,เข้าแอปไม่ได้อับเวอร์ชั่นแล้วก็ขึ้นลงใหม่อีกครั้งตลอดเลยค่ะ,,ขออภัยในความไม่สะดวกนะคะ รบกวนผู้ใช้แจ้งรายละเอียดเข้ามาที่ Facebook : theAsianparent Thailand เพื่อให้ทำการตรวจสอบอย่างละเอียดอีกครั้งค่ะ ขอบคุณค่ะ,https://apps.apple.com/th/app/id1042523855?see-all=reviews
App Store,th,,5414197856,2020-01-17T09:40:50Z,นัฐพล จันชูมี,2,,0,ช่วยหน่อย,ทำไมต้องบังคับให้อ่านในแอพด้วยครับ ปัญหาที่ผู้ใช้เจอคือ เวลาจะเข้าไปอ่านบทความในเว็บไซต์ จะเจอหน้าต่างให้เข้าไปอ่านในแอพ พอเข้าแอพแล้วยังต้องมากดค้นหาอีกที หรือบางครั้งค้นหาไม่เจอบทความที่ต้องการจะอ่าน สิ่งที่อยากให้ผู้พัฒนาทำคือ เวลาผู้ใช้ค้นหาบทความบนเว็บไซต์ แล้วเจอหน้าต่างให้อ่านต่อในแอพ ควรจะกดลิงค์จของบทความนั้นๆ ไปยังหน้าแอพได้เลย โดยไม่ต้องให้ผู้ใช้ค้นหาเองอีกที,,"ต้องขออภัยสำหรับปัญหาที่เกิดขึ้นด้วยนะคะ ทางเราขอน้อมรับคำติชมและจะนำไปปรับปรุงแก้ไขต่อไปค่ะ",https://apps.apple.com/th/app/id1042523855?see-all=reviews
App Store,th,,5190594170,2019-11-24T09:23:28Z,paddy kp,2,,0,ใช้ยาก,ใช้งานยาก งงกับการใช้งาน,,ต้องขออภัยสำหรับปัญหาที่เกิดขึ้นด้วยนะคะ ทางเราขอน้อมรับคำติชมและจะนำไปปรับปรุงแก้ไขต่อไปค่ะ,https://apps.apple.com/th/app/id1042523855?see-all=reviews
App Store,th,,5174982787,2019-11-21T03:13:56Z,บรู๊ววววว,2,,0,แอพเปลี่ยนเป็นภาษาไทยยังไงคะ,มีแต่ภาษาอังกฤษ ไม่รู้เปลี่ยนภาษายังไง,,สวัสดีค่ะผู้ใช้งานสามารถเปลี่ยนภาษาได้โดยการเข้าไปตั้งค่าในหน้าโปรไฟล์ โดยคลิกที่รูปโปรไฟล์มุมขวาบน และเลื่อนหาหัวข้อ Change Language และเลือกภาษาไทยค่ะ ,https://apps.apple.com/th/app/id1042523855?see-all=reviews
App Store,th,,5045836303,2019-10-29T14:18:42Z,พันนี,2,,0,เหนื่อยใจ,อัฟรูปไม่ได้เลย,,ขออภัยในความไม่สะดวกนะคะ รบกวนผู้ใช้แจ้งรายละเอียดเข้ามาที่ Facebook : theAsianparent Thailand เพื่อให้ทำการตรวจสอบอย่างละเอียดอีกครั้งค่ะ ขอบคุณค่ะ,https://apps.apple.com/th/app/id1042523855?see-all=reviews
App Store,th,,4768252810,2019-09-13T05:08:30Z,Ampnjl,2,,0,เปลี่ยนภาษาไม่ได้ค่ะ,เปลี่ยนภาษาไม่ได้ค่ะ,,สวัสดีค่ะ ผู้ใช้งานสามารถเปลี่ยนภาษาได้ด้วยการคลิกที่แถบเมนูมุมซ้ายบน > คลิกที่รูปโปรไฟล์ > แก้ไขประวัติ(edit profile) > แล้วเลือกภาษา(Language) กับประเทศ(Country)ให้เป็น ไทย และกดเซฟค่ะ,https://apps.apple.com/th/app/id1042523855?see-all=reviews
App Store,th,,3841962603,2019-03-04T14:59:48Z,manamune260526,2,,0,ควรปรับปรุง,แอพแย่มากเลยค่ะ กดเข้าไปอ่านบทความเลื่อนลงปุ๊บ จอขาวทันที ทำไงก็ไม่หาย ตอนแรกคิดว่าเป็นที่เน็ต ต่อไวไฟก็ยังอ่านไม่ได้อยู่ดี พัฒนาบ้างนะคะ,,ต้องขออภัยสำหรับปัญหาที่เกิดขึ้นด้วยนะคะ เราได้แจ้งปัญหาไปยังทีมพัฒนาแล้วและจะดำเนินการแก้ไขให้เร็วที่สุดค่ะ,https://apps.apple.com/th/app/id1042523855?see-all=reviews
App Store,th,,13528723461,2025-12-18T20:54:43Z,Ch piin,3,,0,เปลี่ยนภาษาไม่ได้เลย,เปลี่ยนภาษาไม่ได้เลย,,ต้องขออภัยในความไม่สะดวกก่อนหน้านี้ด้วยนะคะ ขณะนี้ระบบได้รับการอัปเดตเวอร์ชันใหม่เรียบร้อยแล้ว คุณแม่สามารถเข้าใช้งานได้ตามปกติเลยค่ะ หากยังพบปัญหาหรือต้องการความช่วยเหลือเพิ่มเติม สามารถทักแชทแจ้งเรื่องผ่านทาง Facebook: theAsianparent Thailand ได้ทันทีนะคะ ทีมงานยินดีดูแลค่ะ,https://apps.apple.com/th/app/id1042523855?see-all=reviews
App Store,th,,12989468424,2025-08-08T03:08:38Z,Mewsmew,3,,0,วันเวลาทำไมไม่ตรง,ลูกเกิด2022 แต่ในแอพบอกลูกเราอายุ5ปี อีกคนเกิด2024 ก็บอกอายุ5ปี ออกเข้าหลายรอบมากก็ยังเป็นอยู่ ใช้มานานมาก พึ่งจะเป็น เลยลบทิ้งเลย,,ต้องขออภัยในความไม่สะดวกก่อนหน้านี้ด้วยนะคะ ขณะนี้ระบบได้รับการอัปเดตเวอร์ชันใหม่เรียบร้อยแล้ว คุณแม่สามารถเข้าใช้งานได้ตามปกติเลยค่ะ หากยังพบปัญหาหรือต้องการความช่วยเหลือเพิ่มเติม สามารถทักแชทแจ้งเรื่องผ่านทาง Facebook: theAsianparent Thailand ได้ทันทีนะคะ ทีมงานยินดีดูแลค่ะ,https://apps.apple.com/th/app/id1042523855?see-all=reviews
App Store,th,,12772611697,2025-06-14T09:02:18Z,Pritty_Romteera,3,,0,แอพค้างบ่อย,เวลากดเข้าแอพแล้วมันค้างบ่อยๆ,,ต้องขออภัยในความไม่สะดวกก่อนหน้านี้ด้วยนะคะ ขณะนี้ระบบได้รับการอัปเดตเวอร์ชันใหม่เรียบร้อยแล้ว คุณแม่สามารถเข้าใช้งานได้ตามปกติเลยค่ะ หากติดปัญหาตรงไหนสอบถามเพิ่มเติมได้ทันทีนะคะ,https://apps.apple.com/th/app/id1042523855?see-all=reviews
App Store,th,,12724195760,2025-06-01T17:03:24Z,Janay1247,3,,0,ทำไมเป็นภาษาอังกฤษ,ตั้งค่าเป็นภาษาไทยทำไมมีแต่ภาษาอังกฤษคะมีภาษาไทยปนแค่นิดหน่อย,,ต้องขออภัยในความไม่สะดวกก่อนหน้านี้ด้วยนะคะ ขณะนี้ระบบได้รับการอัปเดตเวอร์ชันใหม่เรียบร้อยแล้ว คุณแม่สามารถเข้าใช้งานได้ตามปกติเลยค่ะ หากยังพบปัญหาหรือต้องการความช่วยเหลือเพิ่มเติม สามารถทักแชทแจ้งเรื่องผ่านทาง Facebook: theAsianparent Thailand ได้ทันทีนะคะ ทีมงานยินดีดูแลค่ะ,https://apps.apple.com/th/app/id1042523855?see-all=reviews
App Store,th,,12597981650,2025-04-29T04:08:51Z,chompoochp,3,,0,แอพช้า,เข้าไปในแอพแล้วขึ้นหมุนโหลดนานมากค่ะ,,ต้องขออภัยในความไม่สะดวกก่อนหน้านี้ด้วยนะคะ ขณะนี้ระบบได้รับการอัปเดตเวอร์ชันใหม่เรียบร้อยแล้ว คุณแม่สามารถเข้าใช้งานได้ตามปกติเลยค่ะ หากยังพบปัญหาหรือต้องการความช่วยเหลือเพิ่มเติม สามารถทักแชทแจ้งเรื่องผ่านทาง Facebook: theAsianparent Thailand ได้ทันทีนะคะ ทีมงานยินดีดูแลค่ะ,https://apps.apple.com/th/app/id1042523855?see-all=reviews
App Store,th,,12595855938,2025-04-28T14:19:37Z,ปสปส,3,,0,.,แอปทั้งช้าทั้งค้างกว่าจะเข้าได้แต่ละที แต่แอปก็ดีในระดับนึงช่วยให้แม่มือใหม่รู้ในหลายๆเรื่อง แต่ติดแค่แอปชอบค้าง,,ต้องขออภัยในความไม่สะดวกก่อนหน้านี้ด้วยนะคะ ขณะนี้ระบบได้รับการอัปเดตเวอร์ชันใหม่เรียบร้อยแล้ว คุณแม่สามารถเข้าใช้งานได้ตามปกติเลยค่ะ หากยังพบปัญหาหรือต้องการความช่วยเหลือเพิ่มเติม สามารถทักแชทแจ้งเรื่องผ่านทาง Facebook: theAsianparent Thailand ได้ทันทีนะคะ ทีมงานยินดีดูแลค่ะ,https://apps.apple.com/th/app/id1042523855?see-all=reviews
App Store,th,,12529034657,2025-04-11T06:15:10Z,น้ำวรนุช,3,,0,เข้าแอปไม่ได้,เข้าระบบไม่ได้คะ ไม่รู้เป็นเพราะอะไรเลยคะ แนะนำหน่อยคะ,,ต้องขออภัยในความไม่สะดวกก่อนหน้านี้ด้วยนะคะ ขณะนี้ระบบได้รับการอัปเดตเวอร์ชันใหม่เรียบร้อยแล้ว คุณแม่สามารถเข้าใช้งานได้ตามปกติเลยค่ะ หากยังพบปัญหาหรือต้องการความช่วยเหลือเพิ่มเติม สามารถทักแชทแจ้งเรื่องผ่านทาง Facebook: theAsianparent Thailand ได้ทันทีนะคะ ทีมงานยินดีดูแลค่ะ,https://apps.apple.com/th/app/id1042523855?see-all=reviews
App Store,th,,12506053490,2025-04-05T10:16:22Z,นนภา,3,,0,ภาษาเปลี่ยนได้ไหมคะ,เปลี่ยนภาษาได้ไหมคะในแอปเป็นภาษาอังกฤษค่ะอ่านไม่ออก😀😀,,ต้องขออภัยในความไม่สะดวกก่อนหน้านี้ด้วยนะคะ ขณะนี้ระบบได้รับการอัปเดตเวอร์ชันใหม่เรียบร้อยแล้ว คุณแม่สามารถเข้าใช้งานได้ตามปกติเลยค่ะ หากยังพบปัญหาหรือต้องการความช่วยเหลือเพิ่มเติม สามารถทักแชทแจ้งเรื่องผ่านทาง Facebook: theAsianparent Thailand ได้ทันทีนะคะ ทีมงานยินดีดูแลค่ะ,https://apps.apple.com/th/app/id1042523855?see-all=reviews
App Store,th,,12502310304,2025-04-04T12:11:41Z,Mintt__,3,,0,ทำไมแอปเป็นภาษาอังกฤษ,ทำไมแอปเป็นภาษาอังกฤษ,,ต้องขออภัยในความไม่สะดวกก่อนหน้านี้ด้วยนะคะ ขณะนี้ระบบได้รับการอัปเดตเวอร์ชันใหม่เรียบร้อยแล้ว คุณแม่สามารถเข้าใช้งานได้ตามปกติเลยค่ะ หากยังพบปัญหาหรือต้องการความช่วยเหลือเพิ่มเติม สามารถทักแชทแจ้งเรื่องผ่านทาง Facebook: theAsianparent Thailand ได้ทันทีนะคะ ทีมงานยินดีดูแลค่ะ,https://apps.apple.com/th/app/id1042523855?see-all=reviews
App Store,th,,12464795176,2025-03-26T00:53:51Z,Phone'e,3,,0,แอพค้าง,ใส่ข้อมูลของลูกแล้วบอกไม่ถูกต้อง?,,ต้องขออภัยในความไม่สะดวกก่อนหน้านี้ด้วยนะคะ ขณะนี้ระบบได้รับการอัปเดตเวอร์ชันใหม่เรียบร้อยแล้ว คุณแม่สามารถเข้าใช้งานได้ตามปกติเลยค่ะ หากยังพบปัญหาหรือต้องการความช่วยเหลือเพิ่มเติม สามารถทักแชทแจ้งเรื่องผ่านทาง Facebook: theAsianparent Thailand ได้ทันทีนะคะ ทีมงานยินดีดูแลค่ะ,https://apps.apple.com/th/app/id1042523855?see-all=reviews
App Store,th,,12454549421,2025-03-23T13:16:56Z,idamhm,3,,0,แอพชอบเด้ง,เวลามีแจ้งเคือนโพส หรือบทความที่น่าสนใจชวนให้กดเข้าไปดู พอกดปุ๊บไม่ชึ้นอะไรเลย เป็นที่รอบจนอยากลบแอพออก,,ต้องขออภัยในความไม่สะดวกก่อนหน้านี้ด้วยนะคะ ขณะนี้ระบบได้รับการอัปเดตเวอร์ชันใหม่เรียบร้อยแล้ว คุณแม่สามารถเข้าใช้งานได้ตามปกติเลยค่ะ หากยังพบปัญหาหรือต้องการความช่วยเหลือเพิ่มเติม สามารถทักแชทแจ้งเรื่องผ่านทาง Facebook: theAsianparent Thailand ได้ทันทีนะคะ ทีมงานยินดีดูแลค่ะ,https://apps.apple.com/th/app/id1042523855?see-all=reviews
App Store,vn,,8779813571,2022-06-16T14:35:21Z,Bắc Đẩu Sao,1,,0,Cập nhật lỗi,"Có những hửu ích nhiều nhưng giờ trang toàn tiếng Anh, lại xen lẫn vài câu tiếng Việt.",,"Xin chào, cám ơn sự ủng hộ của bạn. Nếu bạn thích app, hãy đánh giá 5★ động viên chúng tôi nhé! Và đừng quên mời bạn bè cùng kết nối với cộng đồng trên app theAsianparent 😊",https://apps.apple.com/vn/app/id1042523855?see-all=reviews
App Store,vn,,7492192092,2021-06-22T06:31:26Z,Zzzz....zzzz,1,,0,Hình ảnh,"Không hiện 1 hình ảnh nào ạ , mặc dù mạng khoẻ",,"Rất xin lỗi bố/mẹ, hiện app đang cố gắng khắc phục vấn đề. Rất mong các bố/mẹ thông cảm cho. Chúng tôi xin lỗi vì bất cứ sự bất tiện này. Hiện chúng tôi đang cố gắng hết sức để tìm ra lỗi để khắc phục vấn đề một cách sớm nhất. Rất mong bố/mẹ hãy tham khảo các mục khác của ứng dụng.",https://apps.apple.com/vn/app/id1042523855?see-all=reviews
App Store,vn,,5226338846,2019-12-02T22:34:19Z,Đinh Anh Khoa,1,,0,Đứa nào cũng 5 tuổi.. Sàm,No good,,Chào phụ huynh! Cảm ơn phản hôi của bạn. Bạn có thể cho chúng tôi biết những gì chúng tôi có thể cải thiện để bạn có thể nhận được nhiều lợi ích hơn từ ứng dụng của chúng tôi không? Đừng ngần ngại gửi email cho chúng tôi để app.feedback@theasianparent.com. Chúng tôi hi vọng được phản hồi từ bạn sớm! Cảm ơn bạn!,https://apps.apple.com/vn/app/id1042523855?see-all=reviews
App Store,vn,,8061330976,2021-11-25T11:59:13Z,JennyTran2019,2,,0,Không đọc bài được,Chọn bài đọc mà ko thể đọc được!!! Lúc nào cũng chỉ hiện hình con cò hix!!!,,"Chào bạn, xin lỗi vì sự bất tiện này! 😔 Bạn có thể cho biết bạn dùng điện thoại gì và lỗi xảy ra với bài viết nào không? Bạn cũng có thể liên hệ app.feedback@theasianparent.com hoặc mục ""Trợ giúp & Phản hồi"" trong app để được hỗ trợ nhanh nhất. Cảm ơn bạn! ",https://apps.apple.com/vn/app/id1042523855?see-all=reviews
App Store,vn,,7603998772,2021-07-22T05:09:08Z,review ứng dụng tốt,2,,1,Không ổn định,"Các bài viết trên app lúc đọc được, lúc k đọc đc. Đề nghị nâng cấp app",,"Rất xin lỗi bố/mẹ, hiện app đang cố gắng khắc phục vấn đề. Rất mong các bố/mẹ thông cảm cho. Chúng tôi xin lỗi vì bất cứ sự bất tiện này. Hiện chúng tôi đang cố gắng hết sức để tìm ra lỗi để khắc phục vấn đề một cách sớm nhất. Rất mong bố/mẹ hãy tham khảo các mục khác của ứng dụng.",https://apps.apple.com/vn/app/id1042523855?see-all=reviews
App Store,vn,,5674284158,2020-03-17T20:51:56Z,tuan ia,2,,0,Tuấn le,Ok,,"Xin chào, cám ơn sự ủng hộ của bạn. Nếu bạn thích app, hãy đánh giá 5★ động viên chúng tôi nhé! Và đừng quên mời bạn bè cùng kết nối với cộng đồng trên app theAsianparent 😊",https://apps.apple.com/vn/app/id1042523855?see-all=reviews
App Store,vn,,5258829273,2019-12-11T09:25:29Z,kiên tiền tỷ,2,,0,Nhận xét,Có lẽ hay hơn khi có tiếng Việt,,"Cám ơn bạn đã sử dụng App và đồng hành cùng chúng tôi. Xin lỗi nếu bạn có bất tiện khi truy cập. Bạn vui lòng vào màn hình bên trái, có Profile rồi chọn Edit Profile và choose language là tiếng Việt. Tiếp tục đồng hành cùng cộng đồng cha mẹ trên TheAsianparent nhé",https://apps.apple.com/vn/app/id1042523855?see-all=reviews
App Store,vn,,4648554388,2019-08-21T06:43:15Z,Mây 03,2,,0,Khó,Mong có chế độ tiếng Việt .,,"Cám ơn bạn đã tải và sử dụng App. Xin lỗi nếu có những phiền toái bạn thấy trên App.
Bạn vào góc trái màn hình, nơi có 3 thanh ngang, bấm vào, hiện ra tên bạn, nhấn vào và Edit profile, chọn ngôn ngữ là tiếng Việt. Tiếp tục ủng hộ và đồng hành cùng theAsianparent nhé!  🙂",https://apps.apple.com/vn/app/id1042523855?see-all=reviews
App Store,vn,,7822505395,2021-09-19T12:38:40Z,trangdtd,3,,0,Đánh giá,Mọi thông tin đều hữu ích tuy nhiên tôi không nhìn thấy được mini game và các bài báo,,"Chào bạn, cảm ơn bạn đã ghé qua để đánh giá app! Bạn có thể chia sẻ thêm cảm nhận của mình về trải nghiệm sử dụng app không? Chúng tôi rất mong nhận được ý kiến của bạn để ngày càng hoàn thiện hơn. Cảm ơn bạn rất nhiều!",https://apps.apple.com/vn/app/id1042523855?see-all=reviews
App Store,vn,,7612626148,2021-07-24T12:43:37Z,trea bdtj,3,,0,😢,Không đọc được các bài viết dù đã cập nhập,,"Rất xin lỗi bố/mẹ, hiện app đang cố gắng khắc phục vấn đề. Rất mong các bố/mẹ thông cảm cho. Chúng tôi xin lỗi vì bất cứ sự bất tiện này. Hiện chúng tôi đang cố gắng hết sức để tìm ra lỗi để khắc phục vấn đề một cách sớm nhất. Rất mong bố/mẹ hãy tham khảo các mục khác của ứng dụng. ",https://apps.apple.com/vn/app/id1042523855?see-all=reviews
App Store,vn,,7608609956,2021-07-23T11:18:00Z,haanh.meow,3,,0,Không xem được bài viết,"Lỗi chẳng đọc được bài nào cả. Chán thật, lỗi bao nhiêu lâu rồi mà k thấy fix",,"Rất xin lỗi bố/mẹ, hiện app đang cố gắng khắc phục vấn đề. Rất mong các bố/mẹ thông cảm cho. Chúng tôi xin lỗi vì bất cứ sự bất tiện này. Hiện chúng tôi đang cố gắng hết sức để tìm ra lỗi để khắc phục vấn đề một cách sớm nhất. Rất mong bố/mẹ hãy tham khảo các mục khác của ứng dụng. ",https://apps.apple.com/vn/app/id1042523855?see-all=reviews
App Store,vn,,7430352099,2021-06-05T17:34:47Z,Soi2511,3,,0,Lỗi,Lỗi không đọc được bài báo trong app. Làm ơn fix lại ạ,,"Rất xin lỗi bố/mẹ, hiện app đang cố gắng khắc phục vấn đề. Rất mong các bố/mẹ thông cảm cho. Chúng tôi xin lỗi vì bất cứ sự bất tiện này. Hiện chúng tôi đang cố gắng hết sức để tìm ra lỗi để khắc phục vấn đề một cách sớm nhất. Rất mong bố/mẹ hãy tham khảo các mục khác của ứng dụng. ",https://apps.apple.com/vn/app/id1042523855?see-all=reviews
App Store,vn,,6892680041,2021-01-20T15:19:50Z,chtruong,3,,0,Ki cài được tiêng việt trên iphone amind,Ki cài được tiêng việt trên iphone amind,,"Cám ơn đánh giá của bạn, chúng tôi đã có hướng dẫn đổi ngôn ngữ trên app, bạn vui lòng nhấn thanh công cụ tìm kiếm ở trên đầu trang chủ - đánh ""THAY ĐỔI NGÔN NGỮ"" - Tìm kiếm trong bài đăng và sau đó sẽ được nhìn thấy bài viết đã hướng dẫn thay đổi. Bạn hãy thử nhé. Nếu thực hiện thành công, hãy quay lại để đánh giá chúng tôi 5 sao bạn nhé. ",https://apps.apple.com/vn/app/id1042523855?see-all=reviews
App Store,vn,,5651278326,2020-03-12T18:04:15Z,meishyy,3,,0,Tạm ổn,App dịch sang tiếng việt để những người mù ngoại ngữ như mình hiểu thì tốt quá,,"Cám ơn đánh giá của bạn, chúng tôi đã có hướng dẫn đổi ngôn ngữ trên app, bạn vui lòng nhấn thanh công cụ tìm kiếm ở trên đầu trang chủ - đánh ""THAY ĐỔI NGÔN NGỮ"" - Tìm kiếm trong bài đăng và sau đó sẽ được nhìn thấy bài viết đã hướng dẫn thay đổi. Bạn hãy thử nhé. Nếu thực hiện thành công, hãy quay lại để đánh giá chúng tôi 5 sao bạn nhé.

Tiếp tục đồng hành cùng cộng đồng cha mẹ lớn nhất Đông Nam Á của chúng tôi nhé. Cảm ơn bạn! Nhưng đừng quên cho 5 ★! 😊",https://apps.apple.com/vn/app/id1042523855?see-all=reviews
App Store,vn,,8649329634,2022-05-08T09:09:14Z,ttat2002,4,,0,Ttat,Tốt,,"Cảm ơn bạn rất nhiều! Rất vui vì bạn thấy ứng dụng hữu ích. Chúc bạn và gia đình luôn mạnh khỏe, hạnh phúc! ",https://apps.apple.com/vn/app/id1042523855?see-all=reviews
App Store,vn,,8429586618,2022-03-07T09:26:58Z,chaopazzi,4,,0,Chaopazzi,Hữu dụng và đáng theo dõi,,"Cảm ơn bạn rất nhiều vì lời khen! Chúng tôi rất vui khi biết ứng dụng hữu dụng và đáng để theo dõi đối với bạn. Cảm ơn sự ủng hộ, và chúc bạn cùng gia đình luôn mạnh khỏe, hạnh phúc! ",https://apps.apple.com/vn/app/id1042523855?see-all=reviews
App Store,vn,,8407983803,2022-03-01T07:04:49Z,Nhungnhi,4,,0,"App hay, bổ ích, theo dõi được sự phát triển của con","App hay, bổ ích, theo dõi được sự phát triển của con",,"Cảm ơn bạn rất nhiều vì đánh giá này! Chúng tôi rất vui khi biết ứng dụng đã giúp bạn theo dõi được sự phát triển của con một cách hữu ích. Cảm ơn sự ủng hộ của bạn, và chúc bé luôn khỏe mạnh, phát triển tốt mỗi ngày!",https://apps.apple.com/vn/app/id1042523855?see-all=reviews
App Store,vn,,7402561955,2021-05-29T14:53:53Z,ki chi ki chi,4,,0,...,Ứng dụng hay. Nhưng từ khi nâng cấp hay thay đổi gì đó mà bây giờ không đọc được báo gì hết.,,"Chào bạn, xin lỗi vì sự bất tiện này! Bạn dùng điện thoại gì và phiên bản app nào vậy? Bạn có thể liên hệ [email protected] hoặc mục ""Trợ giúp & Phản hồi"" để được hỗ trợ nhanh nhất nhé. Cảm ơn bạn",https://apps.apple.com/vn/app/id1042523855?see-all=reviews
App Store,vn,,6714888855,2020-12-04T02:44:47Z,Lua Dung Manh,4,,0,làm sao để thay đổi sang tiếng việt?,ứng dụng khá hay và bổ ích chỉ là mình chưa chuyển đổi được sang tiếng việt để dễ nghiên cứu thôi,,"Xin chào bố mẹ, hiện admin đã đăng bài hướng dẫn tính năng đổi ngôn ngữ - Xin vui lòng làm theo các bước sau:
- Trên đầu trang chủ sẽ có thanh tìm kiếm iccon 
- Nhấp vào và đánh chữ ""THAY ĐỔI NGÔN NGỮ""
- Chọn trong mục bài đăng/bài viết
- Nhấn xem HD đổi ngôn ngữ. 

Bố mẹ hãy thử và nếu thành công hay quay lại đánh giá 5 sao cho theAsianparent nhé. Xin chân thành cám ơn đánh giá chân thành của bố mẹ. ",https://apps.apple.com/vn/app/id1042523855?see-all=reviews
App Store,vn,,6281330284,2020-08-05T03:50:22Z,Khang baby,4,,0,Ứng dụng tuyệt vời,"Ứng dụng hay, là nơi trai đổi hữu ích",,"Xin chào, cám ơn sự ủng hộ của bạn. Nếu bạn thích app, hãy đánh giá 5★ động viên chúng tôi nhé! Và đừng quên mời bạn bè cùng kết nối với cộng đồng trên app theAsianparent 😊",https://apps.apple.com/vn/app/id1042523855?see-all=reviews
App Store,in,,8357548269,2022-02-15T08:29:51Z,nickname 290220,2,,0,Not a great app,The app is only good to track the pregnancy . There is no use of it otherwise since indians cannot use the points it makes literally no sense to log in everyday. Also people post about things like poker and stock markets and everything not related to parenting . Not a great app for indians .,,Thank you again for your honest review — feedback like this genuinely helps us improve for our Indian users.,https://apps.apple.com/in/app/id1042523855?see-all=reviews
App Store,in,,9595431102,2023-02-08T09:21:31Z,raj.4488,4,,0,Nice Informative app,"Great App , nice informative app",,"Thank you so much! We're glad you're finding the app informative and helpful. Thanks for the support, and wishing you and your family all the best! ",https://apps.apple.com/in/app/id1042523855?see-all=reviews
App Store,in,,1477278971,2016-11-02T12:20:54Z,Vicson1922,4,,0,Nice app,"Very very useful app..
Questions are answered very quickly..

Nice!!",,"Glad you like the app. This encourages us to do even better! Check out our new features, and if you like them, we would love a more positive review!",https://apps.apple.com/in/app/id1042523855?see-all=reviews
App Store,in,,12336017043,2025-02-21T04:18:15Z,sayni mummy,5,,0,Awesome App,😊❤️🎉,,Thank you so much for your great reviews! Hope our app helps you enjoy your pregnancy and parenting life!,https://apps.apple.com/in/app/id1042523855?see-all=reviews
App Store,in,,9718511617,2023-03-16T08:42:26Z,ToBeFather,5,,0,One stop solution for the Parenting tips,Thank you theAsianParent,,"Thank you so much for the kind words! We're really glad the app has become your one-stop solution for parenting tips — that's exactly what we aim for, whether it's tracking milestones, connecting with the community, or finding helpful advice for every stage. Thanks for the support, and wishing you and your family all the best! ",https://apps.apple.com/in/app/id1042523855?see-all=reviews
App Store,in,,9678543054,2023-03-04T15:35:50Z,priti hooda,5,,0,Great app,I was using this app since my pregnancy started still I m using this aap . Very useful and helpful for growing baby . Go for it,,"Thank you so much for being with us since the very beginning of your pregnancy journey — that means a lot to us! We're so glad the app has continued to be useful and helpful as your baby grows, and we truly appreciate you recommending it to others. Wishing you and your little one continued health and happiness ahead!",https://apps.apple.com/in/app/id1042523855?see-all=reviews
App Store,in,,9341263560,2022-11-29T10:59:05Z,nishbd.2020,5,,0,Great,Loved it,,"Thank you so much! We're so glad you loved it. Thanks for the support, and wishing you all the best on your journey!",https://apps.apple.com/in/app/id1042523855?see-all=reviews
App Store,in,,8705572288,2022-05-25T06:21:43Z,Adi_manav93,5,,0,Probably the most helpful parenting guide,"I’ve tried a couple of similar parenting support apps but I really like how detailed this one is. From helping track each day of pregnancy and sharing helpful tips, to bringing millions of parents in one place to help each other out, this has everything. And it’s super-convenient to use. 10/10",,"Thank you so much for this thoughtful review! It really means a lot to hear that after trying other parenting apps, this one stood out for you — from the detailed day-by-day pregnancy tracking and tips, to bringing millions of parents together in one place to support each other. That sense of community and convenience is exactly what we strive for, so a 10/10 from you truly makes our day.
Thank you for choosing us on this journey, and wishing you and your family all the best!",https://apps.apple.com/in/app/id1042523855?see-all=reviews
App Store,in,,6971798371,2021-02-09T03:17:29Z,rajangupta1987,5,,0,Good one,😀,,"Thank you so much! We're glad you're enjoying the app. Thanks for the support, and wishing you and your family all the best! ",https://apps.apple.com/in/app/id1042523855?see-all=reviews
App Store,in,,6094003895,2020-06-19T02:13:56Z,Anj_90,5,,0,Best Guide for motherhood and parenting,This app has made my life so guided when it comes to parenting. It has become my go to source to all things parenting :),,"Hi, Parent! Thank you for your positive feedback. We hope our app keeps helping you and your baby grow and thrive as you cross many beautiful milestones together. Please invite your squad to join theAsianparent app community too! 😊",https://apps.apple.com/in/app/id1042523855?see-all=reviews
App Store,in,,1617071716,2017-05-18T09:41:02Z,Anay B,5,,0,Amazing app,"Great app for parents. A virtual support group that feels almost real. The chat feature is really useful.

Update: the growth wheel is extremely useful to keep track of the baby's growth",,"Hi, Parent! Thank you for your positive feedback. We are happy that you find this app is helpful for you. We hope that our app features may help you and your baby. Anyway, don’t forget to invite your gang to join theAsianparent app community too! 😊",https://apps.apple.com/in/app/id1042523855?see-all=reviews
App Store,in,,1616030150,2017-05-17T06:53:20Z,Amrita Mukhopadhyay,5,,0,Excellent app,I am addicted to this app. Thanks to its user friendly features and community bonding that helps solve all problems and share joy!,,Glad you like the app. Feedback like this lets us know that we are doing a good job and it encourages us to do even better! Please check out our new features. We hope you find them useful!,https://apps.apple.com/in/app/id1042523855?see-all=reviews
App Store,us,,8530679733,2022-04-04T12:30:26Z,Banni Bestina,1,,0,Lots of bully,"Once again a very bad rating given to me since this app hasn’t changed all that much. The reports to annoying users/posts could take forever. Some of them are really unpleasant, I’ve read comments using explicit words such as who**, slu*, in this very parenting app. The policy for this unpleasantness is only point deduction when obviously people like this doesnt deserve any kind of platform to spread their nasty negativity.",,"Hi Parent, we truly appreciate your review! We take all feedback very seriously, so if you have any suggestions on how we could improve and enhance your user experience, please share them with us by emailing us at app.feedback@theasianparent.com. Please consider encouraging us with a 5★! 😊",https://apps.apple.com/us/app/id1042523855?see-all=reviews
App Store,us,,8421622348,2022-03-05T04:56:09Z,RandomHouse3,1,,0,"Cannot login, cannot create account",Email option is just not working on the app while it has been working well on the website.,,"Hello Dear User!

We apologise for the trouble you have experienced. Please send an email with a screenshot or a screen recording highlighting your issue and account details to app.feedback@theasianparent.com, so that we can help to resolve the issue without delay. 
Thank you! 😊 Do encourage us further with a 5-star rating!
",https://apps.apple.com/us/app/id1042523855?see-all=reviews
App Store,us,,5074613753,2019-11-02T23:37:58Z,Phan Bo,4,,0,Where is your help in this app?,"This app is useful but it is not good enough.
I can not find the “helps” in the apps interface when i got the problems.

How can i change to Vietnamese interface in this app?",,"Hi, Parent. Thank you for your feedback. You’re able to change language on our app. You can go to your profile > edit profile > change language to Vietnamese Language. Thank you and I hope it helps.",https://apps.apple.com/us/app/id1042523855?see-all=reviews
App Store,us,,9062933960,2022-09-08T02:58:37Z,Kissa1997!,5,,0,You will obtain so much knowledge. ❤️,Priceless.,,"Hai, Parent Kissa1997! Terima kasih atas review positifnya ❤️ Semoga Anda bisa menggunakan semua fitur aplikasi theAsianparent dengan baik ya! Jangan ragu juga untuk bertanya seputar perkembangan janin, persiapan kehamilan, tips pregnancy, rekomendasi makanan anak, gizi balita dan topik ibu hamil dan menjadi parent di komunitas kami 😊
",https://apps.apple.com/us/app/id1042523855?see-all=reviews
App Store,us,,8684767675,2022-05-18T23:08:21Z,Krissana Bay,5,,0,excellent,excellent,,"Hai, Parent Krissana Bay! Terima kasih atas review positifnya ❤️ Semoga Anda bisa menggunakan semua fitur aplikasi theAsianparent dengan baik ya! Jangan ragu juga untuk bertanya seputar perkembangan janin, persiapan kehamilan, tips pregnancy, rekomendasi makanan anak, gizi balita dan topik ibu hamil dan menjadi parent di komunitas kami 😊
",https://apps.apple.com/us/app/id1042523855?see-all=reviews
App Store,us,,6325149150,2020-08-16T07:39:37Z,mạnh 👍👍👍,5,,0,Mạnh 👍👍👍,"Ứng dụng rất hay, hữu ích, dễ sử dụng lại có quà rất hấp dẫn",,"Cảm ơn bạn rất nhiều vì đánh giá này! Chúng tôi rất vui khi biết ứng dụng vừa hay, hữu ích, dễ sử dụng, lại có những phần quà hấp dẫn khiến bạn thích thú. Cảm ơn sự ủng hộ của bạn, và chúc bạn cùng gia đình luôn mạnh khỏe, hạnh phúc! ",https://apps.apple.com/us/app/id1042523855?see-all=reviews
App Store,us,,6022528974,2020-06-01T16:53:52Z,Darti_Kirei,5,,0,Terima kasih :),❤️❤️❤️,,"Hai Parent! Terima kasih di atas review yang positif. ❤ Kami sangat menghargainya. Semoga semua ciri-ciri dalam aplikasi theAsianparent dapat memberi manfaat kepada anda, bayi dan keluarga! Oh ya, jangan lupa ajak sekali geng anda untuk sama-sama aktif dalam aplikasi ini ya? 😊 ",https://apps.apple.com/us/app/id1042523855?see-all=reviews
App Store,us,,5833151179,2020-04-19T07:15:49Z,😎😎❤️❤️🎶🎶🎶,5,,0,Tốt,"Ứng dụng rất cần thiết, giao diện hiện đại",,Cám ơn đánh giá của bạn! Chúng tôi luôn nỗ lực cải tiến các tính năng của App và đem tới người dùng trải nghiệm mượt trên App. Tiếp tục đồng hành cùng hơn 25 triệu cha mẹ trên toàn Châu Á nhé! Nhiều phần quà và giải thưởng hấp dẫn cho bé và gia đình đang vẫy chờ!,https://apps.apple.com/us/app/id1042523855?see-all=reviews
App Store,us,,3692095698,2019-01-25T09:36:03Z,Himymfvygv,5,,0,Great app!,Everything a parent needs! Feels like baby is with me sharing how he feels and guiding me along. Love it!,,Glad you like the app. This encourages us to do even better!,https://apps.apple.com/us/app/id1042523855?see-all=reviews
App Store,us,,3624642226,2019-01-08T01:53:05Z,Dkeifjfndkslse,5,,0,Really helpful for new parents,Answers a lot of questions about parenthood and lets you see what milestones you can look forward to. Also great to connect with other parents and journey with them,,Glad you like the app. This encourages us to do even better! Please check out our new features. We hope you find them useful!,https://apps.apple.com/us/app/id1042523855?see-all=reviews
App Store,us,,3614325496,2019-01-05T08:59:22Z,Munim033,5,,0,Good app for new parents,It’s a good platform to connect to new parents,,Glad you like the app. This encourages us to do even better! Please check out our new features. We hope you find them useful!,https://apps.apple.com/us/app/id1042523855?see-all=reviews
App Store,us,,1616033241,2017-05-17T06:57:24Z,rajangupta1987,5,,1,Super awesome wheel,It's like baby talking to me. Great job guys.,,Glad you like the app. Feedback like this lets us know that we are doing a good job and it encourages us to do even better! Please check out our new features. We hope you find them useful!,https://apps.apple.com/us/app/id1042523855?see-all=reviews
App Store,us,,1391541586,2016-06-09T13:53:11Z,Philana Wong,5,,1,Great app for mummies,Great app for mummies!!! Try it out!!,,Glad you like the app. Feedback like this lets us know that we are doing a good job and it encourages us to do even better! Please check out our new features. We hope you find them useful!,https://apps.apple.com/us/app/id1042523855?see-all=reviews
App Store,us,,1380861470,2016-05-19T09:30:11Z,chiran30,5,,1,A must have app!!,This app is super useful and provides extremely relevant information for anything parenting. People on this platform are very open-minded and provide really good quality answers!! Love the app!!,,Glad you like the app. Feedback like this lets us know that we are doing a good job and it encourages us to do even better! Please check out our new features. We hope you find them useful!,https://apps.apple.com/us/app/id1042523855?see-all=reviews