stage,area,tap_path,item,kind,count,size_or_aspect,placeholder_now,version,source_file,notes
parenting,Door: Sleep,My Child tab > 'Current | V3' pill > V3 home > 'Sleep' door > 'Sleep' section > area tiles,Area cover cards (7 areas),illustration,7,"9:16 portrait cover card in a 2-column grid (_PpCoverCard, Image.asset when `cover` is set)",drawn-placeholder,new,lib/screens/post_pregnancy/pp_sleep_content.dart + pp_section_screen.dart,"`cover` is null on every area; the tile paints the section's tinted ground with a drawn mark. Spec asked for 'Insta-style cover image' per area. Areas: How much sleep does she need? | She keeps waking at night | Her sleep suddenly got worse | Getting her to sleep | Keeping her safe while she sleeps | The things that worry you | Music, lori and sleep sounds"
parenting,Door: Sleep,"My Child tab > 'Current | V3' pill > V3 home > 'Sleep' door > 'Sleep' section > 'How much sleep does she need?' > 'Newborn sleep, 0 to 3 months'","Newborn, 0 to 3 months",infographic,1,"full-width chart card (title, subtitle, label/value rows, note)",drawn-placeholder,new,lib/screens/post_pregnancy/pp_sleep_content.dart,Rendered today as text rows; numbers carry REQUIRED_REVIEW in several sections - needs clinical sign-off and optionally a designed infographic
parenting,Door: Sleep,My Child tab > 'Current | V3' pill > V3 home > 'Sleep' door > 'Sleep' section > 'How much sleep does she need?' > 'Sleep at 3 to 6 months',3 to 6 months,infographic,1,"full-width chart card (title, subtitle, label/value rows, note)",drawn-placeholder,new,lib/screens/post_pregnancy/pp_sleep_content.dart,Rendered today as text rows; numbers carry REQUIRED_REVIEW in several sections - needs clinical sign-off and optionally a designed infographic
parenting,Door: Sleep,My Child tab > 'Current | V3' pill > V3 home > 'Sleep' door > 'Sleep' section > 'How much sleep does she need?' > 'Sleep at 6 to 12 months',6 to 12 months,infographic,1,"full-width chart card (title, subtitle, label/value rows, note)",drawn-placeholder,new,lib/screens/post_pregnancy/pp_sleep_content.dart,Rendered today as text rows; numbers carry REQUIRED_REVIEW in several sections - needs clinical sign-off and optionally a designed infographic
parenting,Door: Sleep,My Child tab > 'Current | V3' pill > V3 home > 'Sleep' door > 'Sleep' section > 'How much sleep does she need?' > 'Sleep for a 1 to 3 year old',"Toddler, 1 to 3 years",infographic,1,"full-width chart card (title, subtitle, label/value rows, note)",drawn-placeholder,new,lib/screens/post_pregnancy/pp_sleep_content.dart,Rendered today as text rows; numbers carry REQUIRED_REVIEW in several sections - needs clinical sign-off and optionally a designed infographic
parenting,Door: Sleep,My Child tab > 'Current | V3' pill > V3 home > 'Sleep' door > 'Sleep' section > 'How much sleep does she need?' > 'Sleep for a 3 to 5 year old',"Preschooler, 3 to 5 years",infographic,1,"full-width chart card (title, subtitle, label/value rows, note)",drawn-placeholder,new,lib/screens/post_pregnancy/pp_sleep_content.dart,Rendered today as text rows; numbers carry REQUIRED_REVIEW in several sections - needs clinical sign-off and optionally a designed infographic
parenting,Door: Sleep,My Child tab > 'Current | V3' pill > V3 home > 'Sleep' door > 'Sleep' section > 'How much sleep does she need?' > 'Why her sleep is not like yours',How much sleep does she really need?,video,1,"16:9 (PvVideoPlaceholder, hoisted to top of page); stated length 8 MIN",drawn-placeholder,new,lib/screens/post_pregnancy/pp_sleep_content.dart,slotId=sleep/needs_by_age; no file exists; placeholder is non-tappable and marked coming soon; needs a filmed video + 16:9 thumbnail
parenting,Door: Sleep,My Child tab > 'Current | V3' pill > V3 home > 'Sleep' door > 'Sleep' section > 'She keeps waking at night' > 'What is normal night waking',"""Night waking is normal."" What actually helped us",video,1,"16:9 (PvVideoPlaceholder, hoisted to top of page); stated length 9 MIN",drawn-placeholder,new,lib/screens/post_pregnancy/pp_sleep_content.dart,slotId=sleep/real_parents_night_waking; no file exists; placeholder is non-tappable and marked coming soon; needs a filmed video + 16:9 thumbnail
parenting,Door: Sleep,My Child tab > 'Current | V3' pill > V3 home > 'Sleep' door > 'Sleep' section > 'She keeps waking at night' > 'Gentle ways to settle her',"Gentle settling, demonstrated",video,1,"16:9 (PvVideoPlaceholder, hoisted to top of page); stated length 11 MIN",drawn-placeholder,new,lib/screens/post_pregnancy/pp_sleep_content.dart,slotId=sleep/settling_demo; no file exists; placeholder is non-tappable and marked coming soon; needs a filmed video + 16:9 thumbnail
parenting,Door: Sleep,My Child tab > 'Current | V3' pill > V3 home > 'Sleep' door > 'Sleep' section > 'Her sleep suddenly got worse' > 'What is a sleep regression',"Sleep regressions, explained",video,1,"16:9 (PvVideoPlaceholder, hoisted to top of page); stated length 10 MIN",drawn-placeholder,new,lib/screens/post_pregnancy/pp_sleep_content.dart,slotId=sleep/regressions_explainer; no file exists; placeholder is non-tappable and marked coming soon; needs a filmed video + 16:9 thumbnail
parenting,Door: Sleep,My Child tab > 'Current | V3' pill > V3 home > 'Sleep' door > 'Sleep' section > 'Her sleep suddenly got worse' > 'What is a sleep regression',When they typically hit,infographic,1,"full-width chart card (title, subtitle, label/value rows, note)",drawn-placeholder,new,lib/screens/post_pregnancy/pp_sleep_content.dart,Rendered today as text rows; numbers carry REQUIRED_REVIEW in several sections - needs clinical sign-off and optionally a designed infographic
parenting,Door: Sleep,My Child tab > 'Current | V3' pill > V3 home > 'Sleep' door > 'Sleep' section > 'Her sleep suddenly got worse' > 'The 4 month regression',The quick facts,infographic,1,"full-width chart card (title, subtitle, label/value rows, note)",drawn-placeholder,new,lib/screens/post_pregnancy/pp_sleep_content.dart,Rendered today as text rows; numbers carry REQUIRED_REVIEW in several sections - needs clinical sign-off and optionally a designed infographic
parenting,Door: Sleep,My Child tab > 'Current | V3' pill > V3 home > 'Sleep' door > 'Sleep' section > 'Her sleep suddenly got worse' > 'The 8 to 10 month regression',The quick facts,infographic,1,"full-width chart card (title, subtitle, label/value rows, note)",drawn-placeholder,new,lib/screens/post_pregnancy/pp_sleep_content.dart,Rendered today as text rows; numbers carry REQUIRED_REVIEW in several sections - needs clinical sign-off and optionally a designed infographic
parenting,Door: Sleep,"My Child tab > 'Current | V3' pill > V3 home > 'Sleep' door > 'Sleep' section > 'Her sleep suddenly got worse' > 'The toddler sleep wobbles, 18 months and 2 years'",The quick facts,infographic,1,"full-width chart card (title, subtitle, label/value rows, note)",drawn-placeholder,new,lib/screens/post_pregnancy/pp_sleep_content.dart,Rendered today as text rows; numbers carry REQUIRED_REVIEW in several sections - needs clinical sign-off and optionally a designed infographic
parenting,Door: Sleep,My Child tab > 'Current | V3' pill > V3 home > 'Sleep' door > 'Sleep' section > 'Getting her to sleep' > 'A calming bedtime routine',"A bedtime routine and malish, follow along",video,1,"16:9 (PvVideoPlaceholder, hoisted to top of page); stated length 14 MIN",drawn-placeholder,new,lib/screens/post_pregnancy/pp_sleep_content.dart,slotId=sleep/bedtime_malish_followalong; no file exists; placeholder is non-tappable and marked coming soon; needs a filmed video + 16:9 thumbnail
parenting,Door: Sleep,My Child tab > 'Current | V3' pill > V3 home > 'Sleep' door > 'Sleep' section > 'Keeping her safe while she sleeps' > 'Safer bed-sharing',"Safe sleep, set up in a real Indian bedroom",video,1,"16:9 (PvVideoPlaceholder, hoisted to top of page); stated length 9 MIN",drawn-placeholder,new,lib/screens/post_pregnancy/pp_sleep_content.dart,slotId=sleep/safe_sleep_setup; no file exists; placeholder is non-tappable and marked coming soon; needs a filmed video + 16:9 thumbnail
parenting,Door: Sleep,"My Child tab > 'Current | V3' pill > V3 home > 'Sleep' door > 'Sleep' section > 'Keeping her safe while she sleeps' > 'Too warm, and how to tell'",What to dress her in for sleep,infographic,1,"full-width chart card (title, subtitle, label/value rows, note)",drawn-placeholder,new,lib/screens/post_pregnancy/pp_sleep_content.dart,Rendered today as text rows; numbers carry REQUIRED_REVIEW in several sections - needs clinical sign-off and optionally a designed infographic
parenting,Door: Sleep,My Child tab > 'Current | V3' pill > V3 home > 'Sleep' door > 'Sleep' section > 'The things that worry you' > 'She only sleeps on me',"The drowsy transfer, shown slowly",video,1,"16:9 (PvVideoPlaceholder, hoisted to top of page); stated length 4 MIN",drawn-placeholder,new,lib/screens/post_pregnancy/pp_sleep_content.dart,slotId=sleep/drowsy_transfer; no file exists; placeholder is non-tappable and marked coming soon; needs a filmed video + 16:9 thumbnail
parenting,Door: Sleep,"My Child tab > 'Current | V3' pill > V3 home > 'Sleep' door > 'Sleep' section > 'Music, lori and sleep sounds' > 'Does music actually help babies sleep?'","How loud is too loud, actually",video,1,"16:9 (PvVideoPlaceholder, hoisted to top of page); stated length 3 MIN",drawn-placeholder,new,lib/screens/post_pregnancy/pp_sleep_content.dart,slotId=sleep/sound_volume; no file exists; placeholder is non-tappable and marked coming soon; needs a filmed video + 16:9 thumbnail
parenting,Door: Growing and learning,My Child tab > 'Current | V3' pill > V3 home > 'Development' door > 'Growing and learning' section > area tiles,Area cover cards (4 areas),illustration,4,"9:16 portrait cover card in a 2-column grid (_PpCoverCard, Image.asset when `cover` is set)",drawn-placeholder,new,lib/screens/post_pregnancy/pp_development_content.dart + pp_section_screen.dart,"`cover` is null on every area; the tile paints the section's tinted ground with a drawn mark. Spec asked for 'Insta-style cover image' per area. Areas: Is my child on track? | When will my baby sit, crawl, walk, talk? | What can I do to help? | Talking and understanding"
parenting,Door: Growing and learning,My Child tab > 'Current | V3' pill > V3 home > 'Development' door > 'Growing and learning' section > 'Is my child on track?' > 'The normal range is much wider than you think',Why every baby has their own timeline,video,1,"16:9 (PvVideoPlaceholder, hoisted to top of page); stated length 7 MIN",drawn-placeholder,new,lib/screens/post_pregnancy/pp_development_content.dart,slotId=development/on_track_reassurance; no file exists; placeholder is non-tappable and marked coming soon; needs a filmed video + 16:9 thumbnail
parenting,Door: Growing and learning,My Child tab > 'Current | V3' pill > V3 home > 'Development' door > 'Growing and learning' section > 'Is my child on track?' > 'When something is genuinely worth checking',"When to wait, and when to ask",video,1,"16:9 (PvVideoPlaceholder, hoisted to top of page); stated length 7 MIN",drawn-placeholder,new,lib/screens/post_pregnancy/pp_development_content.dart,slotId=development/worth_checking; no file exists; placeholder is non-tappable and marked coming soon; needs a filmed video + 16:9 thumbnail
parenting,Door: Growing and learning,My Child tab > 'Current | V3' pill > V3 home > 'Development' door > 'Growing and learning' section > 'Is my child on track?' > 'If your baby was born early',Reading a chart at corrected age,infographic,1,"full-width chart card (title, subtitle, label/value rows, note)",drawn-placeholder,new,lib/screens/post_pregnancy/pp_development_content.dart,Rendered today as text rows; numbers carry REQUIRED_REVIEW in several sections - needs clinical sign-off and optionally a designed infographic
parenting,Door: Growing and learning,"My Child tab > 'Current | V3' pill > V3 home > 'Development' door > 'Growing and learning' section > 'When will my baby sit, crawl, walk, talk?' > 'When will my baby roll over?'",Rolling over,infographic,1,"full-width chart card (title, subtitle, label/value rows, note)",drawn-placeholder,new,lib/screens/post_pregnancy/pp_development_content.dart,Rendered today as text rows; numbers carry REQUIRED_REVIEW in several sections - needs clinical sign-off and optionally a designed infographic
parenting,Door: Growing and learning,"My Child tab > 'Current | V3' pill > V3 home > 'Development' door > 'Growing and learning' section > 'When will my baby sit, crawl, walk, talk?' > 'When will my baby sit up?'",Sitting up,infographic,1,"full-width chart card (title, subtitle, label/value rows, note)",drawn-placeholder,new,lib/screens/post_pregnancy/pp_development_content.dart,Rendered today as text rows; numbers carry REQUIRED_REVIEW in several sections - needs clinical sign-off and optionally a designed infographic
parenting,Door: Growing and learning,"My Child tab > 'Current | V3' pill > V3 home > 'Development' door > 'Growing and learning' section > 'When will my baby sit, crawl, walk, talk?' > 'When will my baby crawl?'",Helping your baby get moving,video,1,"16:9 (PvVideoPlaceholder, hoisted to top of page); stated length 9 MIN",drawn-placeholder,new,lib/screens/post_pregnancy/pp_development_content.dart,slotId=development/helping_baby_move; no file exists; placeholder is non-tappable and marked coming soon; needs a filmed video + 16:9 thumbnail
parenting,Door: Growing and learning,"My Child tab > 'Current | V3' pill > V3 home > 'Development' door > 'Growing and learning' section > 'When will my baby sit, crawl, walk, talk?' > 'When will my baby crawl?'",Crawling and other ways of moving,infographic,1,"full-width chart card (title, subtitle, label/value rows, note)",drawn-placeholder,new,lib/screens/post_pregnancy/pp_development_content.dart,Rendered today as text rows; numbers carry REQUIRED_REVIEW in several sections - needs clinical sign-off and optionally a designed infographic
parenting,Door: Growing and learning,"My Child tab > 'Current | V3' pill > V3 home > 'Development' door > 'Growing and learning' section > 'When will my baby sit, crawl, walk, talk?' > 'When will my baby pull up and stand?'","Pulling up, standing, cruising",infographic,1,"full-width chart card (title, subtitle, label/value rows, note)",drawn-placeholder,new,lib/screens/post_pregnancy/pp_development_content.dart,Rendered today as text rows; numbers carry REQUIRED_REVIEW in several sections - needs clinical sign-off and optionally a designed infographic
parenting,Door: Growing and learning,"My Child tab > 'Current | V3' pill > V3 home > 'Development' door > 'Growing and learning' section > 'When will my baby sit, crawl, walk, talk?' > 'When will my baby walk?'",The last few weeks before walking,video,1,"16:9 (PvVideoPlaceholder, hoisted to top of page); stated length 8 MIN",drawn-placeholder,new,lib/screens/post_pregnancy/pp_development_content.dart,slotId=development/helping_baby_walk; no file exists; placeholder is non-tappable and marked coming soon; needs a filmed video + 16:9 thumbnail
parenting,Door: Growing and learning,"My Child tab > 'Current | V3' pill > V3 home > 'Development' door > 'Growing and learning' section > 'When will my baby sit, crawl, walk, talk?' > 'When will my baby walk?'",First steps,infographic,1,"full-width chart card (title, subtitle, label/value rows, note)",drawn-placeholder,new,lib/screens/post_pregnancy/pp_development_content.dart,Rendered today as text rows; numbers carry REQUIRED_REVIEW in several sections - needs clinical sign-off and optionally a designed infographic
parenting,Door: Growing and learning,"My Child tab > 'Current | V3' pill > V3 home > 'Development' door > 'Growing and learning' section > 'When will my baby sit, crawl, walk, talk?' > 'When will my baby point and wave?'",Early gestures,infographic,1,"full-width chart card (title, subtitle, label/value rows, note)",drawn-placeholder,new,lib/screens/post_pregnancy/pp_development_content.dart,Rendered today as text rows; numbers carry REQUIRED_REVIEW in several sections - needs clinical sign-off and optionally a designed infographic
parenting,Door: Growing and learning,"My Child tab > 'Current | V3' pill > V3 home > 'Development' door > 'Growing and learning' section > 'When will my baby sit, crawl, walk, talk?' > 'When will my baby say their first word?'",What a first word actually sounds like,video,1,"16:9 (PvVideoPlaceholder, hoisted to top of page); stated length 8 MIN",drawn-placeholder,new,lib/screens/post_pregnancy/pp_development_content.dart,slotId=development/first_words_explainer; no file exists; placeholder is non-tappable and marked coming soon; needs a filmed video + 16:9 thumbnail
parenting,Door: Growing and learning,"My Child tab > 'Current | V3' pill > V3 home > 'Development' door > 'Growing and learning' section > 'When will my baby sit, crawl, walk, talk?' > 'When will my baby say their first word?'",The road to first words,infographic,1,"full-width chart card (title, subtitle, label/value rows, note)",drawn-placeholder,new,lib/screens/post_pregnancy/pp_development_content.dart,Rendered today as text rows; numbers carry REQUIRED_REVIEW in several sections - needs clinical sign-off and optionally a designed infographic
parenting,Door: Growing and learning,"My Child tab > 'Current | V3' pill > V3 home > 'Development' door > 'Growing and learning' section > 'When will my baby sit, crawl, walk, talk?' > 'When will my baby feed themselves?'",Feeding themselves,infographic,1,"full-width chart card (title, subtitle, label/value rows, note)",drawn-placeholder,new,lib/screens/post_pregnancy/pp_development_content.dart,Rendered today as text rows; numbers carry REQUIRED_REVIEW in several sections - needs clinical sign-off and optionally a designed infographic
parenting,Door: Growing and learning,My Child tab > 'Current | V3' pill > V3 home > 'Development' door > 'Growing and learning' section > 'What can I do to help?' > 'How play builds the brain',"Serve and return, shown with real babies",video,1,"16:9 (PvVideoPlaceholder, hoisted to top of page); stated length 10 MIN",drawn-placeholder,new,lib/screens/post_pregnancy/pp_development_content.dart,slotId=development/play_builds_brain; no file exists; placeholder is non-tappable and marked coming soon; needs a filmed video + 16:9 thumbnail
parenting,Door: Growing and learning,"My Child tab > 'Current | V3' pill > V3 home > 'Development' door > 'Growing and learning' section > 'Talking and understanding' > 'What talking looks like, month by month'","The normal range for talking, explained",video,1,"16:9 (PvVideoPlaceholder, hoisted to top of page); stated length 11 MIN",drawn-placeholder,new,lib/screens/post_pregnancy/pp_development_content.dart,slotId=development/speech_normal_range; no file exists; placeholder is non-tappable and marked coming soon; needs a filmed video + 16:9 thumbnail
parenting,Door: Growing and learning,"My Child tab > 'Current | V3' pill > V3 home > 'Development' door > 'Growing and learning' section > 'Talking and understanding' > 'What talking looks like, month by month'",6 to 12 months,infographic,1,"full-width chart card (title, subtitle, label/value rows, note)",drawn-placeholder,new,lib/screens/post_pregnancy/pp_development_content.dart,Rendered today as text rows; numbers carry REQUIRED_REVIEW in several sections - needs clinical sign-off and optionally a designed infographic
parenting,Door: Growing and learning,"My Child tab > 'Current | V3' pill > V3 home > 'Development' door > 'Growing and learning' section > 'Talking and understanding' > 'What talking looks like, month by month'",12 to 18 months,infographic,1,"full-width chart card (title, subtitle, label/value rows, note)",drawn-placeholder,new,lib/screens/post_pregnancy/pp_development_content.dart,Rendered today as text rows; numbers carry REQUIRED_REVIEW in several sections - needs clinical sign-off and optionally a designed infographic
parenting,Door: Growing and learning,"My Child tab > 'Current | V3' pill > V3 home > 'Development' door > 'Growing and learning' section > 'Talking and understanding' > 'What talking looks like, month by month'",18 to 24 months,infographic,1,"full-width chart card (title, subtitle, label/value rows, note)",drawn-placeholder,new,lib/screens/post_pregnancy/pp_development_content.dart,Rendered today as text rows; numbers carry REQUIRED_REVIEW in several sections - needs clinical sign-off and optionally a designed infographic
parenting,Door: Growing and learning,"My Child tab > 'Current | V3' pill > V3 home > 'Development' door > 'Growing and learning' section > 'Talking and understanding' > 'What talking looks like, month by month'",2 to 3 years,infographic,1,"full-width chart card (title, subtitle, label/value rows, note)",drawn-placeholder,new,lib/screens/post_pregnancy/pp_development_content.dart,Rendered today as text rows; numbers carry REQUIRED_REVIEW in several sections - needs clinical sign-off and optionally a designed infographic
parenting,Door: Toilet learning,My Child tab > 'Current | V3' pill > V3 home > 'Potty training' door > 'Toilet learning' section > area tiles,Area cover cards (7 areas),illustration,7,"9:16 portrait cover card in a 2-column grid (_PpCoverCard, Image.asset when `cover` is set)",drawn-placeholder,new,lib/screens/post_pregnancy/pp_potty_content.dart + pp_section_screen.dart,"`cover` is null on every area; the tile paints the section's tinted ground with a drawn mark. Spec asked for 'Insta-style cover image' per area. Areas: How long does this actually take? | Catching the su-su | Is she ready yet? | Starting out, day by day | Accidents, refusals and going backwards | Things to do together | Dry nights, and doing it herself"
parenting,Door: Toilet learning,My Child tab > 'Current | V3' pill > V3 home > 'Potty training' door > 'Toilet learning' section > 'How long does this actually take?' > 'How long this actually takes',How long this really takes,video,1,"16:9 (PvVideoPlaceholder, hoisted to top of page); stated length 5 MIN",drawn-placeholder,new,lib/screens/post_pregnancy/pp_potty_content.dart,slotId=potty/real_timeline; no file exists; placeholder is non-tappable and marked coming soon; needs a filmed video + 16:9 thumbnail
parenting,Door: Toilet learning,My Child tab > 'Current | V3' pill > V3 home > 'Potty training' door > 'Toilet learning' section > 'How long does this actually take?' > 'How long this actually takes',"What usually happens, and roughly when",infographic,1,"full-width chart card (title, subtitle, label/value rows, note)",drawn-placeholder,new,lib/screens/post_pregnancy/pp_potty_content.dart,Rendered today as text rows; numbers carry REQUIRED_REVIEW in several sections - needs clinical sign-off and optionally a designed infographic
parenting,Door: Toilet learning,My Child tab > 'Current | V3' pill > V3 home > 'Potty training' door > 'Toilet learning' section > 'Catching the su-su' > 'What is su-su cueing?',"Cue-based holding, shown properly",video,1,"16:9 (PvVideoPlaceholder, hoisted to top of page); stated length 5 MIN",drawn-placeholder,new,lib/screens/post_pregnancy/pp_potty_content.dart,slotId=potty/su_su_cue_demo; no file exists; placeholder is non-tappable and marked coming soon; needs a filmed video + 16:9 thumbnail
parenting,Door: Toilet learning,My Child tab > 'Current | V3' pill > V3 home > 'Potty training' door > 'Toilet learning' section > 'Is she ready yet?' > 'The signs she is ready',What readiness actually looks like,video,1,"16:9 (PvVideoPlaceholder, hoisted to top of page); stated length 6 MIN",drawn-placeholder,new,lib/screens/post_pregnancy/pp_potty_content.dart,slotId=potty/readiness_signs; no file exists; placeholder is non-tappable and marked coming soon; needs a filmed video + 16:9 thumbnail
parenting,Door: Toilet learning,"My Child tab > 'Current | V3' pill > V3 home > 'Potty training' door > 'Toilet learning' section > 'Starting out, day by day' > 'The daily routine'","A real potty routine, start to finish",video,1,"16:9 (PvVideoPlaceholder, hoisted to top of page); stated length 9 MIN",drawn-placeholder,new,lib/screens/post_pregnancy/pp_potty_content.dart,slotId=potty/routine_walkthrough; no file exists; placeholder is non-tappable and marked coming soon; needs a filmed video + 16:9 thumbnail
parenting,Door: Toilet learning,"My Child tab > 'Current | V3' pill > V3 home > 'Potty training' door > 'Toilet learning' section > 'Accidents, refusals and going backwards' > 'Accidents are normal'",Staying calm through an accident,video,1,"16:9 (PvVideoPlaceholder, hoisted to top of page); stated length 5 MIN",drawn-placeholder,new,lib/screens/post_pregnancy/pp_potty_content.dart,slotId=potty/calm_through_accidents; no file exists; placeholder is non-tappable and marked coming soon; needs a filmed video + 16:9 thumbnail
parenting,Door: Toilet learning,My Child tab > 'Current | V3' pill > V3 home > 'Potty training' door > 'Toilet learning' section > 'Things to do together' > 'Draw the potty steps',"Teaching the toy, and the chart",video,1,"16:9 (PvVideoPlaceholder, hoisted to top of page); stated length 3 MIN",drawn-placeholder,new,lib/screens/post_pregnancy/pp_potty_content.dart,slotId=potty/activities_together; no file exists; placeholder is non-tappable and marked coming soon; needs a filmed video + 16:9 thumbnail
parenting,Door: Toilet learning,"My Child tab > 'Current | V3' pill > V3 home > 'Potty training' door > 'Toilet learning' section > 'Dry nights, and doing it herself' > 'Dry nights come later'",Why dry nights take so long,video,1,"16:9 (PvVideoPlaceholder, hoisted to top of page); stated length 7 MIN",drawn-placeholder,new,lib/screens/post_pregnancy/pp_potty_content.dart,slotId=potty/night_dryness; no file exists; placeholder is non-tappable and marked coming soon; needs a filmed video + 16:9 thumbnail
parenting,Door: Toilet learning,"My Child tab > 'Current | V3' pill > V3 home > 'Potty training' door > 'Toilet learning' section > 'Dry nights, and doing it herself' > 'Dry nights come later'",When dry nights usually arrive,infographic,1,"full-width chart card (title, subtitle, label/value rows, note)",drawn-placeholder,new,lib/screens/post_pregnancy/pp_potty_content.dart,Rendered today as text rows; numbers carry REQUIRED_REVIEW in several sections - needs clinical sign-off and optionally a designed infographic
parenting,Door: Jaapa: Your First 40 Days,My Child tab > 'Current | V3' pill > V3 home > 'The first 40 days' door > 'Jaapa: Your First 40 Days' section > area tiles,Area cover cards (10 areas),illustration,10,"9:16 portrait cover card in a 2-column grid (_PpCoverCard, Image.asset when `cover` is set)",drawn-placeholder,new,lib/screens/post_pregnancy/pp_first40_content.dart + pp_section_screen.dart,"`cover` is null on every area; the tile paints the section's tinted ground with a drawn mark. Spec asked for 'Insta-style cover image' per area. Areas: Din by Din: Your 40-Day Guide | When to Rush to the Doctor | Samjho Your Newborn | Feeding & Sleep in the Early Days | Malish, Jhula & Soothing | Is My Baby OK? | Maa Ki Dekhbhaal: Healing After Birth | Puchho ParentVeda | The Jaapa Course | Jaapa Essentials"
parenting,Door: Jaapa: Your First 40 Days,My Child tab > 'Current | V3' pill > V3 home > 'The first 40 days' door > 'Jaapa: Your First 40 Days' section > 'Din by Din: Your 40-Day Guide' > 'Days 1 to 7: the first week',"Your first 40 days, gently explained",video,1,"16:9 (PvVideoPlaceholder, hoisted to top of page); stated length 8 MIN",drawn-placeholder,new,lib/screens/post_pregnancy/pp_first40_content.dart,slotId=first40/welcome_intro; no file exists; placeholder is non-tappable and marked coming soon; needs a filmed video + 16:9 thumbnail
parenting,Door: Jaapa: Your First 40 Days,My Child tab > 'Current | V3' pill > V3 home > 'The first 40 days' door > 'Jaapa: Your First 40 Days' section > 'Din by Din: Your 40-Day Guide' > 'Days 1 to 7: the first week',What is normal in week 1,infographic,1,"full-width chart card (title, subtitle, label/value rows, note)",drawn-placeholder,new,lib/screens/post_pregnancy/pp_first40_content.dart,Rendered today as text rows; numbers carry REQUIRED_REVIEW in several sections - needs clinical sign-off and optionally a designed infographic
parenting,Door: Jaapa: Your First 40 Days,My Child tab > 'Current | V3' pill > V3 home > 'The first 40 days' door > 'Jaapa: Your First 40 Days' section > 'Din by Din: Your 40-Day Guide' > 'Days 8 to 15: finding the feed',What is normal in week 2,infographic,1,"full-width chart card (title, subtitle, label/value rows, note)",drawn-placeholder,new,lib/screens/post_pregnancy/pp_first40_content.dart,Rendered today as text rows; numbers carry REQUIRED_REVIEW in several sections - needs clinical sign-off and optionally a designed infographic
parenting,Door: Jaapa: Your First 40 Days,My Child tab > 'Current | V3' pill > V3 home > 'The first 40 days' door > 'Jaapa: Your First 40 Days' section > 'Din by Din: Your 40-Day Guide' > 'Days 16 to 30: the long evenings',What is normal in weeks 3 and 4,infographic,1,"full-width chart card (title, subtitle, label/value rows, note)",drawn-placeholder,new,lib/screens/post_pregnancy/pp_first40_content.dart,Rendered today as text rows; numbers carry REQUIRED_REVIEW in several sections - needs clinical sign-off and optionally a designed infographic
parenting,Door: Jaapa: Your First 40 Days,My Child tab > 'Current | V3' pill > V3 home > 'The first 40 days' door > 'Jaapa: Your First 40 Days' section > 'Din by Din: Your 40-Day Guide' > 'Days 31 to 40: a rhythm appears',What is normal now,infographic,1,"full-width chart card (title, subtitle, label/value rows, note)",drawn-placeholder,new,lib/screens/post_pregnancy/pp_first40_content.dart,Rendered today as text rows; numbers carry REQUIRED_REVIEW in several sections - needs clinical sign-off and optionally a designed infographic
parenting,Door: Jaapa: Your First 40 Days,My Child tab > 'Current | V3' pill > V3 home > 'The first 40 days' door > 'Jaapa: Your First 40 Days' section > 'When to Rush to the Doctor' > 'When to rush to the doctor',The signs that mean go now,video,1,"16:9 (PvVideoPlaceholder, hoisted to top of page); stated length 6 MIN",drawn-placeholder,new,lib/screens/post_pregnancy/pp_first40_content.dart,slotId=first40/red_flags; no file exists; placeholder is non-tappable and marked coming soon; needs a filmed video + 16:9 thumbnail
parenting,Door: Jaapa: Your First 40 Days,My Child tab > 'Current | V3' pill > V3 home > 'The first 40 days' door > 'Jaapa: Your First 40 Days' section > 'When to Rush to the Doctor' > 'When to rush to the doctor',"The numbers, if you have been asked for them",infographic,1,"full-width chart card (title, subtitle, label/value rows, note)",drawn-placeholder,new,lib/screens/post_pregnancy/pp_first40_content.dart,Rendered today as text rows; numbers carry REQUIRED_REVIEW in several sections - needs clinical sign-off and optionally a designed infographic
parenting,Door: Jaapa: Your First 40 Days,My Child tab > 'Current | V3' pill > V3 home > 'The first 40 days' door > 'Jaapa: Your First 40 Days' section > 'Samjho Your Newborn' > 'Looking after the cord stump',"Cord care, without the fear",video,1,"16:9 (PvVideoPlaceholder, hoisted to top of page); stated length 4 MIN",drawn-placeholder,new,lib/screens/post_pregnancy/pp_first40_content.dart,slotId=first40/cord_care; no file exists; placeholder is non-tappable and marked coming soon; needs a filmed video + 16:9 thumbnail
parenting,Door: Jaapa: Your First 40 Days,"My Child tab > 'Current | V3' pill > V3 home > 'The first 40 days' door > 'Jaapa: Your First 40 Days' section > 'Samjho Your Newborn' > 'Nappies, and what his poop should look like'","What to expect, day by day",infographic,1,"full-width chart card (title, subtitle, label/value rows, note)",drawn-placeholder,new,lib/screens/post_pregnancy/pp_first40_content.dart,Rendered today as text rows; numbers carry REQUIRED_REVIEW in several sections - needs clinical sign-off and optionally a designed infographic
parenting,Door: Jaapa: Your First 40 Days,"My Child tab > 'Current | V3' pill > V3 home > 'The first 40 days' door > 'Jaapa: Your First 40 Days' section > 'Samjho Your Newborn' > 'Is he too hot, or too cold?'",What to dress him in,infographic,1,"full-width chart card (title, subtitle, label/value rows, note)",drawn-placeholder,new,lib/screens/post_pregnancy/pp_first40_content.dart,Rendered today as text rows; numbers carry REQUIRED_REVIEW in several sections - needs clinical sign-off and optionally a designed infographic
parenting,Door: Jaapa: Your First 40 Days,My Child tab > 'Current | V3' pill > V3 home > 'The first 40 days' door > 'Jaapa: Your First 40 Days' section > 'Samjho Your Newborn' > 'Jaundice: what to watch and when it matters',The usual timeline,infographic,1,"full-width chart card (title, subtitle, label/value rows, note)",drawn-placeholder,new,lib/screens/post_pregnancy/pp_first40_content.dart,Rendered today as text rows; numbers carry REQUIRED_REVIEW in several sections - needs clinical sign-off and optionally a designed infographic
parenting,Door: Jaapa: Your First 40 Days,My Child tab > 'Current | V3' pill > V3 home > 'The first 40 days' door > 'Jaapa: Your First 40 Days' section > 'Feeding & Sleep in the Early Days' > 'Getting the latch right',"A deep latch, shown properly",video,1,"16:9 (PvVideoPlaceholder, hoisted to top of page); stated length 7 MIN",drawn-placeholder,new,lib/screens/post_pregnancy/pp_first40_content.dart,slotId=first40/latch_demo; no file exists; placeholder is non-tappable and marked coming soon; needs a filmed video + 16:9 thumbnail
parenting,Door: Jaapa: Your First 40 Days,My Child tab > 'Current | V3' pill > V3 home > 'The first 40 days' door > 'Jaapa: Your First 40 Days' section > 'Feeding & Sleep in the Early Days' > 'How often should he feed?',What normal looks like,infographic,1,"full-width chart card (title, subtitle, label/value rows, note)",drawn-placeholder,new,lib/screens/post_pregnancy/pp_first40_content.dart,Rendered today as text rows; numbers carry REQUIRED_REVIEW in several sections - needs clinical sign-off and optionally a designed infographic
parenting,Door: Jaapa: Your First 40 Days,My Child tab > 'Current | V3' pill > V3 home > 'The first 40 days' door > 'Jaapa: Your First 40 Days' section > 'Feeding & Sleep in the Early Days' > 'Is he getting enough?',The signs he is getting enough,infographic,1,"full-width chart card (title, subtitle, label/value rows, note)",drawn-placeholder,new,lib/screens/post_pregnancy/pp_first40_content.dart,Rendered today as text rows; numbers carry REQUIRED_REVIEW in several sections - needs clinical sign-off and optionally a designed infographic
parenting,Door: Jaapa: Your First 40 Days,"My Child tab > 'Current | V3' pill > V3 home > 'The first 40 days' door > 'Jaapa: Your First 40 Days' section > 'Feeding & Sleep in the Early Days' > 'Newborn sleep, honestly'","Newborn sleep, 0 to 6 weeks",infographic,1,"full-width chart card (title, subtitle, label/value rows, note)",drawn-placeholder,new,lib/screens/post_pregnancy/pp_first40_content.dart,Rendered today as text rows; numbers carry REQUIRED_REVIEW in several sections - needs clinical sign-off and optionally a designed infographic
parenting,Door: Jaapa: Your First 40 Days,"My Child tab > 'Current | V3' pill > V3 home > 'The first 40 days' door > 'Jaapa: Your First 40 Days' section > 'Malish, Jhula & Soothing' > 'Malish, step by step'","Malish, the full sequence",video,1,"16:9 (PvVideoPlaceholder, hoisted to top of page); stated length 10 MIN",drawn-placeholder,new,lib/screens/post_pregnancy/pp_first40_content.dart,slotId=first40/malish_demo; no file exists; placeholder is non-tappable and marked coming soon; needs a filmed video + 16:9 thumbnail
parenting,Door: Jaapa: Your First 40 Days,"My Child tab > 'Current | V3' pill > V3 home > 'The first 40 days' door > 'Jaapa: Your First 40 Days' section > 'Malish, Jhula & Soothing' > 'Malish, step by step'",The practical numbers,infographic,1,"full-width chart card (title, subtitle, label/value rows, note)",drawn-placeholder,new,lib/screens/post_pregnancy/pp_first40_content.dart,Rendered today as text rows; numbers carry REQUIRED_REVIEW in several sections - needs clinical sign-off and optionally a designed infographic
parenting,Door: Jaapa: Your First 40 Days,"My Child tab > 'Current | V3' pill > V3 home > 'The first 40 days' door > 'Jaapa: Your First 40 Days' section > 'Malish, Jhula & Soothing' > 'Carrying him, and the jhula'",Wrapping and carrying him safely,video,1,"16:9 (PvVideoPlaceholder, hoisted to top of page); stated length 9 MIN",drawn-placeholder,new,lib/screens/post_pregnancy/pp_first40_content.dart,slotId=first40/jhula_demo; no file exists; placeholder is non-tappable and marked coming soon; needs a filmed video + 16:9 thumbnail
parenting,Door: Jaapa: Your First 40 Days,My Child tab > 'Current | V3' pill > V3 home > 'The first 40 days' door > 'Jaapa: Your First 40 Days' section > 'Is My Baby OK?' > 'The quick daily check',The ten-second check,video,1,"16:9 (PvVideoPlaceholder, hoisted to top of page); stated length 4 MIN",drawn-placeholder,new,lib/screens/post_pregnancy/pp_first40_content.dart,slotId=first40/quick_check; no file exists; placeholder is non-tappable and marked coming soon; needs a filmed video + 16:9 thumbnail
parenting,Door: Jaapa: Your First 40 Days,My Child tab > 'Current | V3' pill > V3 home > 'The first 40 days' door > 'Jaapa: Your First 40 Days' section > 'Is My Baby OK?' > 'The quick daily check',The four checks,infographic,1,"full-width chart card (title, subtitle, label/value rows, note)",drawn-placeholder,new,lib/screens/post_pregnancy/pp_first40_content.dart,Rendered today as text rows; numbers carry REQUIRED_REVIEW in several sections - needs clinical sign-off and optionally a designed infographic
parenting,Door: Jaapa: Your First 40 Days,My Child tab > 'Current | V3' pill > V3 home > 'The first 40 days' door > 'Jaapa: Your First 40 Days' section > 'Maa Ki Dekhbhaal: Healing After Birth' > 'Your bleeding: what is normal',Your body in the first weeks,video,1,"16:9 (PvVideoPlaceholder, hoisted to top of page); stated length 9 MIN",drawn-placeholder,new,lib/screens/post_pregnancy/pp_first40_content.dart,slotId=first40/recovery_basics; no file exists; placeholder is non-tappable and marked coming soon; needs a filmed video + 16:9 thumbnail
parenting,Door: Jaapa: Your First 40 Days,My Child tab > 'Current | V3' pill > V3 home > 'The first 40 days' door > 'Jaapa: Your First 40 Days' section > 'Maa Ki Dekhbhaal: Healing After Birth' > 'Your bleeding: what is normal',The usual course,infographic,1,"full-width chart card (title, subtitle, label/value rows, note)",drawn-placeholder,new,lib/screens/post_pregnancy/pp_first40_content.dart,Rendered today as text rows; numbers carry REQUIRED_REVIEW in several sections - needs clinical sign-off and optionally a designed infographic
parenting,Door: Jaapa: Your First 40 Days,My Child tab > 'Current | V3' pill > V3 home > 'The first 40 days' door > 'Jaapa: Your First 40 Days' section > 'Maa Ki Dekhbhaal: Healing After Birth' > 'When to call your own doctor',The numbers for you,infographic,1,"full-width chart card (title, subtitle, label/value rows, note)",drawn-placeholder,new,lib/screens/post_pregnancy/pp_first40_content.dart,Rendered today as text rows; numbers carry REQUIRED_REVIEW in several sections - needs clinical sign-off and optionally a designed infographic
parenting,Door: Jaapa: Your First 40 Days,"My Child tab > 'Current | V3' pill > V3 home > 'The first 40 days' door > 'Jaapa: Your First 40 Days' section > 'Puchho ParentVeda' > 'Ask anything, at any hour'",What other mothers ask in the first week,video,1,"16:9 (PvVideoPlaceholder, hoisted to top of page); stated length 7 MIN",drawn-placeholder,new,lib/screens/post_pregnancy/pp_first40_content.dart,slotId=first40/common_questions; no file exists; placeholder is non-tappable and marked coming soon; needs a filmed video + 16:9 thumbnail
parenting,Door: Jaapa: Your First 40 Days,My Child tab > 'Current | V3' pill > V3 home > 'The first 40 days' door > 'Jaapa: Your First 40 Days' section > 'The Jaapa Course' > 'The First 40 Days course',What the jaapa course covers,video,1,"16:9 (PvVideoPlaceholder, hoisted to top of page); stated length 3 MIN",drawn-placeholder,new,lib/screens/post_pregnancy/pp_first40_content.dart,slotId=first40/course_preview; no file exists; placeholder is non-tappable and marked coming soon; needs a filmed video + 16:9 thumbnail
parenting,Door: Jaapa: Your First 40 Days,My Child tab > 'Current | V3' pill > V3 home > 'The first 40 days' door > 'Jaapa: Your First 40 Days' section > 'The Jaapa Course' > 'The First 40 Days course',What it costs,infographic,1,"full-width chart card (title, subtitle, label/value rows, note)",drawn-placeholder,new,lib/screens/post_pregnancy/pp_first40_content.dart,Rendered today as text rows; numbers carry REQUIRED_REVIEW in several sections - needs clinical sign-off and optionally a designed infographic
parenting,Door: Jaapa: Your First 40 Days,My Child tab > 'Current | V3' pill > V3 home > 'The first 40 days' door > 'Jaapa: Your First 40 Days' section > 'Jaapa Essentials' > 'What you actually need',What you actually need in the first forty days,video,1,"16:9 (PvVideoPlaceholder, hoisted to top of page); stated length 5 MIN",drawn-placeholder,new,lib/screens/post_pregnancy/pp_first40_content.dart,slotId=first40/essentials; no file exists; placeholder is non-tappable and marked coming soon; needs a filmed video + 16:9 thumbnail
parenting,Door: Jaapa: Your First 40 Days,"My Child tab > 'Current | V3' pill > V3 home > 'The first 40 days' door > 'Jaapa: Your First 40 Days' section > 'Jaapa Essentials' > 'Which swaddle, and how many?'","How many, and what fabric",infographic,1,"full-width chart card (title, subtitle, label/value rows, note)",drawn-placeholder,new,lib/screens/post_pregnancy/pp_first40_content.dart,Rendered today as text rows; numbers carry REQUIRED_REVIEW in several sections - needs clinical sign-off and optionally a designed infographic
parenting,"Door: You, Maa","My Child tab > 'Current | V3' pill > V3 home > 'You (Your own recovery)' door > 'You, Maa' section > area tiles",Area cover cards (10 areas),illustration,10,"9:16 portrait cover card in a 2-column grid (_PpCoverCard, Image.asset when `cover` is set)",drawn-placeholder,new,lib/screens/post_pregnancy/pp_you_maa_content.dart + pp_section_screen.dart,"`cover` is null on every area; the tile paints the section's tinted ground with a drawn mark. Spec asked for 'Insta-style cover image' per area. Areas: How are you today, Maa? | What is happening to my body? | I do not feel like myself | Leaks, heaviness and your pelvic floor | Moving again, at your own pace | Have you eaten today? | The healing kitchen | The people in your house | Going back, and finding yourself again | You are not the only one"
parenting,"Door: You, Maa","My Child tab > 'Current | V3' pill > V3 home > 'You (Your own recovery)' door > 'You, Maa' section > 'How are you today, Maa?' > 'I am having thoughts that frighten me'",When it is more than tiredness,video,1,"16:9 (PvVideoPlaceholder, hoisted to top of page); stated length 6 MIN",drawn-placeholder,new,lib/screens/post_pregnancy/pp_you_maa_content.dart,slotId=you/more_than_tired; no file exists; placeholder is non-tappable and marked coming soon; needs a filmed video + 16:9 thumbnail
parenting,"Door: You, Maa","My Child tab > 'Current | V3' pill > V3 home > 'You (Your own recovery)' door > 'You, Maa' section > 'What is happening to my body?' > 'When to call a doctor, not wait'","What your body is doing, week by week",video,1,"16:9 (PvVideoPlaceholder, hoisted to top of page); stated length 7 MIN",drawn-placeholder,new,lib/screens/post_pregnancy/pp_you_maa_content.dart,slotId=you/body_recovery; no file exists; placeholder is non-tappable and marked coming soon; needs a filmed video + 16:9 thumbnail
parenting,"Door: You, Maa","My Child tab > 'Current | V3' pill > V3 home > 'You (Your own recovery)' door > 'You, Maa' section > 'What is happening to my body?' > 'The bleeding, and what is normal'",Roughly how it goes,infographic,1,"full-width chart card (title, subtitle, label/value rows, note)",drawn-placeholder,new,lib/screens/post_pregnancy/pp_you_maa_content.dart,Rendered today as text rows; numbers carry REQUIRED_REVIEW in several sections - needs clinical sign-off and optionally a designed infographic
parenting,"Door: You, Maa","My Child tab > 'Current | V3' pill > V3 home > 'You (Your own recovery)' door > 'You, Maa' section > 'What is happening to my body?' > 'When will I feel normal, and what is worth checking'",Roughly what settles when,infographic,1,"full-width chart card (title, subtitle, label/value rows, note)",drawn-placeholder,new,lib/screens/post_pregnancy/pp_you_maa_content.dart,Rendered today as text rows; numbers carry REQUIRED_REVIEW in several sections - needs clinical sign-off and optionally a designed infographic
parenting,"Door: You, Maa","My Child tab > 'Current | V3' pill > V3 home > 'You (Your own recovery)' door > 'You, Maa' section > 'I do not feel like myself' > 'How do you feel right now?'",I feel low,video,1,"16:9 (PvVideoPlaceholder, hoisted to top of page); stated length 5 MIN",drawn-placeholder,new,lib/screens/post_pregnancy/pp_you_maa_content.dart,slotId=you_maa/feel_low; no file exists; placeholder is non-tappable and marked coming soon; needs a filmed video + 16:9 thumbnail
parenting,"Door: You, Maa","My Child tab > 'Current | V3' pill > V3 home > 'You (Your own recovery)' door > 'You, Maa' section > 'I do not feel like myself' > 'How do you feel right now?'",I cannot stop crying,video,1,"16:9 (PvVideoPlaceholder, hoisted to top of page); stated length 4 MIN",drawn-placeholder,new,lib/screens/post_pregnancy/pp_you_maa_content.dart,slotId=you_maa/feel_crying; no file exists; placeholder is non-tappable and marked coming soon; needs a filmed video + 16:9 thumbnail
parenting,"Door: You, Maa","My Child tab > 'Current | V3' pill > V3 home > 'You (Your own recovery)' door > 'You, Maa' section > 'I do not feel like myself' > 'How do you feel right now?'",I feel nothing at all,video,1,"16:9 (PvVideoPlaceholder, hoisted to top of page); stated length 5 MIN",drawn-placeholder,new,lib/screens/post_pregnancy/pp_you_maa_content.dart,slotId=you_maa/feel_numb; no file exists; placeholder is non-tappable and marked coming soon; needs a filmed video + 16:9 thumbnail
parenting,"Door: You, Maa","My Child tab > 'Current | V3' pill > V3 home > 'You (Your own recovery)' door > 'You, Maa' section > 'I do not feel like myself' > 'How do you feel right now?'",I am full of rage,video,1,"16:9 (PvVideoPlaceholder, hoisted to top of page); stated length 5 MIN",drawn-placeholder,new,lib/screens/post_pregnancy/pp_you_maa_content.dart,slotId=you_maa/feel_rage; no file exists; placeholder is non-tappable and marked coming soon; needs a filmed video + 16:9 thumbnail
parenting,"Door: You, Maa","My Child tab > 'Current | V3' pill > V3 home > 'You (Your own recovery)' door > 'You, Maa' section > 'I do not feel like myself' > 'How do you feel right now?'",I am anxious every minute,video,1,"16:9 (PvVideoPlaceholder, hoisted to top of page); stated length 6 MIN",drawn-placeholder,new,lib/screens/post_pregnancy/pp_you_maa_content.dart,slotId=you_maa/feel_anxious; no file exists; placeholder is non-tappable and marked coming soon; needs a filmed video + 16:9 thumbnail
parenting,"Door: You, Maa","My Child tab > 'Current | V3' pill > V3 home > 'You (Your own recovery)' door > 'You, Maa' section > 'I do not feel like myself' > 'How do you feel right now?'",I do not recognise myself,video,1,"16:9 (PvVideoPlaceholder, hoisted to top of page); stated length 6 MIN",drawn-placeholder,new,lib/screens/post_pregnancy/pp_you_maa_content.dart,slotId=you_maa/feel_identity; no file exists; placeholder is non-tappable and marked coming soon; needs a filmed video + 16:9 thumbnail
parenting,"Door: You, Maa","My Child tab > 'Current | V3' pill > V3 home > 'You (Your own recovery)' door > 'You, Maa' section > 'I do not feel like myself' > 'How do you feel right now?'",I feel guilty all the time,video,1,"16:9 (PvVideoPlaceholder, hoisted to top of page); stated length 4 MIN",drawn-placeholder,new,lib/screens/post_pregnancy/pp_you_maa_content.dart,slotId=you_maa/feel_guilty; no file exists; placeholder is non-tappable and marked coming soon; needs a filmed video + 16:9 thumbnail
parenting,"Door: You, Maa","My Child tab > 'Current | V3' pill > V3 home > 'You (Your own recovery)' door > 'You, Maa' section > 'I do not feel like myself' > 'How do you feel right now?'",I feel completely alone,video,1,"16:9 (PvVideoPlaceholder, hoisted to top of page); stated length 5 MIN",drawn-placeholder,new,lib/screens/post_pregnancy/pp_you_maa_content.dart,slotId=you_maa/feel_alone; no file exists; placeholder is non-tappable and marked coming soon; needs a filmed video + 16:9 thumbnail
parenting,"Door: You, Maa","My Child tab > 'Current | V3' pill > V3 home > 'You (Your own recovery)' door > 'You, Maa' section > 'I do not feel like myself' > 'How do you feel right now?'",I get thoughts that scare me,video,1,"16:9 (PvVideoPlaceholder, hoisted to top of page); stated length 6 MIN",drawn-placeholder,new,lib/screens/post_pregnancy/pp_you_maa_content.dart,slotId=you_maa/feel_intrusive; no file exists; placeholder is non-tappable and marked coming soon; needs a filmed video + 16:9 thumbnail
parenting,"Door: You, Maa","My Child tab > 'Current | V3' pill > V3 home > 'You (Your own recovery)' door > 'You, Maa' section > 'I do not feel like myself' > 'How do you feel right now?'","I resent my baby, or my husband",video,1,"16:9 (PvVideoPlaceholder, hoisted to top of page); stated length 5 MIN",drawn-placeholder,new,lib/screens/post_pregnancy/pp_you_maa_content.dart,slotId=you_maa/feel_resentment; no file exists; placeholder is non-tappable and marked coming soon; needs a filmed video + 16:9 thumbnail
parenting,"Door: You, Maa","My Child tab > 'Current | V3' pill > V3 home > 'You (Your own recovery)' door > 'You, Maa' section > 'I do not feel like myself' > 'Who am I now?'",Finding yourself again,video,1,"16:9 (PvVideoPlaceholder, hoisted to top of page); stated length 14 MIN",drawn-placeholder,new,lib/screens/post_pregnancy/pp_you_maa_content.dart,slotId=you_maa/identity_talk; no file exists; placeholder is non-tappable and marked coming soon; needs a filmed video + 16:9 thumbnail
parenting,"Door: You, Maa","My Child tab > 'Current | V3' pill > V3 home > 'You (Your own recovery)' door > 'You, Maa' section > 'Leaks, heaviness and your pelvic floor' > 'What your pelvic floor is, and why it matters'",What it went through,infographic,1,"full-width chart card (title, subtitle, label/value rows, note)",drawn-placeholder,new,lib/screens/post_pregnancy/pp_you_maa_content.dart,Rendered today as text rows; numbers carry REQUIRED_REVIEW in several sections - needs clinical sign-off and optionally a designed infographic
parenting,"Door: You, Maa","My Child tab > 'Current | V3' pill > V3 home > 'You (Your own recovery)' door > 'You, Maa' section > 'Leaks, heaviness and your pelvic floor' > 'Belly breathing, the foundation'","Belly breathing, demonstrated",video,1,"16:9 (PvVideoPlaceholder, hoisted to top of page); stated length 5 MIN",drawn-placeholder,new,lib/screens/post_pregnancy/pp_you_maa_content.dart,slotId=you_maa/pf_breathing; no file exists; placeholder is non-tappable and marked coming soon; needs a filmed video + 16:9 thumbnail
parenting,"Door: You, Maa","My Child tab > 'Current | V3' pill > V3 home > 'You (Your own recovery)' door > 'You, Maa' section > 'Leaks, heaviness and your pelvic floor' > 'Kegels, done correctly'",Finding the right muscle,video,1,"16:9 (PvVideoPlaceholder, hoisted to top of page); stated length 7 MIN",drawn-placeholder,new,lib/screens/post_pregnancy/pp_you_maa_content.dart,slotId=you_maa/pf_find_muscle; no file exists; placeholder is non-tappable and marked coming soon; needs a filmed video + 16:9 thumbnail
parenting,"Door: You, Maa","My Child tab > 'Current | V3' pill > V3 home > 'You (Your own recovery)' door > 'You, Maa' section > 'Leaks, heaviness and your pelvic floor' > 'Making it harder: long holds and quick flicks'",Long holds and quick flicks,video,1,"16:9 (PvVideoPlaceholder, hoisted to top of page); stated length 8 MIN",drawn-placeholder,new,lib/screens/post_pregnancy/pp_you_maa_content.dart,slotId=you_maa/pf_progression; no file exists; placeholder is non-tappable and marked coming soon; needs a filmed video + 16:9 thumbnail
parenting,"Door: You, Maa","My Child tab > 'Current | V3' pill > V3 home > 'You (Your own recovery)' door > 'You, Maa' section > 'Leaks, heaviness and your pelvic floor' > 'Connecting breath, pelvic floor and deep core'","Breath, pelvic floor and core together",video,1,"16:9 (PvVideoPlaceholder, hoisted to top of page); stated length 9 MIN",drawn-placeholder,new,lib/screens/post_pregnancy/pp_you_maa_content.dart,slotId=you_maa/pf_connect; no file exists; placeholder is non-tappable and marked coming soon; needs a filmed video + 16:9 thumbnail
parenting,"Door: You, Maa","My Child tab > 'Current | V3' pill > V3 home > 'You (Your own recovery)' door > 'You, Maa' section > 'Moving again, at your own pace' > 'Walking, which is doing more than you think'",Your first walk out with her,video,1,"16:9 (PvVideoPlaceholder, hoisted to top of page); stated length 6 MIN",drawn-placeholder,new,lib/screens/post_pregnancy/pp_you_maa_content.dart,slotId=youmaa/move_first_walk; no file exists; placeholder is non-tappable and marked coming soon; needs a filmed video + 16:9 thumbnail
parenting,"Door: You, Maa","My Child tab > 'Current | V3' pill > V3 home > 'You (Your own recovery)' door > 'You, Maa' section > 'Moving again, at your own pace' > 'Waking up your deep core'",Finding your deep core again,video,1,"16:9 (PvVideoPlaceholder, hoisted to top of page); stated length 8 MIN",drawn-placeholder,new,lib/screens/post_pregnancy/pp_you_maa_content.dart,slotId=youmaa/move_core_reconnect; no file exists; placeholder is non-tappable and marked coming soon; needs a filmed video + 16:9 thumbnail
parenting,"Door: You, Maa","My Child tab > 'Current | V3' pill > V3 home > 'You (Your own recovery)' door > 'You, Maa' section > 'Moving again, at your own pace' > 'Moving after a caesarean'","Post caesarean recovery, follow along",video,1,"16:9 (PvVideoPlaceholder, hoisted to top of page); stated length 20 MIN",drawn-placeholder,new,lib/screens/post_pregnancy/pp_you_maa_content.dart,slotId=youmaa/move_csection_followalong; no file exists; placeholder is non-tappable and marked coming soon; needs a filmed video + 16:9 thumbnail
parenting,"Door: You, Maa","My Child tab > 'Current | V3' pill > V3 home > 'You (Your own recovery)' door > 'You, Maa' section > 'Have you eaten today?' > 'What your body actually needs right now'",Eating when you have no hands free,video,1,"16:9 (PvVideoPlaceholder, hoisted to top of page); stated length 5 MIN",drawn-placeholder,new,lib/screens/post_pregnancy/pp_you_maa_content.dart,slotId=you/eating_postpartum; no file exists; placeholder is non-tappable and marked coming soon; needs a filmed video + 16:9 thumbnail
parenting,"Door: You, Maa","My Child tab > 'Current | V3' pill > V3 home > 'You (Your own recovery)' door > 'You, Maa' section > 'Have you eaten today?' > 'What your body actually needs right now'","What actually matters, in order",infographic,1,"full-width chart card (title, subtitle, label/value rows, note)",drawn-placeholder,new,lib/screens/post_pregnancy/pp_you_maa_content.dart,Rendered today as text rows; numbers carry REQUIRED_REVIEW in several sections - needs clinical sign-off and optionally a designed infographic
parenting,"Door: You, Maa","My Child tab > 'Current | V3' pill > V3 home > 'You (Your own recovery)' door > 'You, Maa' section > 'Have you eaten today?' > 'Calcium, your bones, and the sun you never see'",Where calcium actually comes from,infographic,1,"full-width chart card (title, subtitle, label/value rows, note)",drawn-placeholder,new,lib/screens/post_pregnancy/pp_you_maa_content.dart,Rendered today as text rows; numbers carry REQUIRED_REVIEW in several sections - needs clinical sign-off and optionally a designed infographic
parenting,"Door: You, Maa","My Child tab > 'Current | V3' pill > V3 home > 'You (Your own recovery)' door > 'You, Maa' section > 'The healing kitchen' > 'What jaapa food is actually doing'",What the jaapa kitchen gets right,infographic,1,"full-width chart card (title, subtitle, label/value rows, note)",drawn-placeholder,new,lib/screens/post_pregnancy/pp_you_maa_content.dart,Rendered today as text rows; numbers carry REQUIRED_REVIEW in several sections - needs clinical sign-off and optionally a designed infographic
parenting,"Door: You, Maa","My Child tab > 'Current | V3' pill > V3 home > 'You (Your own recovery)' door > 'You, Maa' section > 'The healing kitchen' > 'Gond ke laddoo'","Gond ke laddoo, start to finish",video,1,"16:9 (PvVideoPlaceholder, hoisted to top of page); stated length 9 MIN",drawn-placeholder,new,lib/screens/post_pregnancy/pp_you_maa_content.dart,slotId=youmaa/recipe_gond_laddoo; no file exists; placeholder is non-tappable and marked coming soon; needs a filmed video + 16:9 thumbnail
parenting,"Door: You, Maa","My Child tab > 'Current | V3' pill > V3 home > 'You (Your own recovery)' door > 'You, Maa' section > 'The healing kitchen' > 'Gond ke laddoo'","What you need, for about twenty laddoo",infographic,1,"full-width chart card (title, subtitle, label/value rows, note)",drawn-placeholder,new,lib/screens/post_pregnancy/pp_you_maa_content.dart,Rendered today as text rows; numbers carry REQUIRED_REVIEW in several sections - needs clinical sign-off and optionally a designed infographic
parenting,"Door: You, Maa","My Child tab > 'Current | V3' pill > V3 home > 'You (Your own recovery)' door > 'You, Maa' section > 'The healing kitchen' > 'Methi laddoo, and the truth about methi for milk'",Methi laddoo without the bitterness,video,1,"16:9 (PvVideoPlaceholder, hoisted to top of page); stated length 8 MIN",drawn-placeholder,new,lib/screens/post_pregnancy/pp_you_maa_content.dart,slotId=youmaa/recipe_methi_laddoo; no file exists; placeholder is non-tappable and marked coming soon; needs a filmed video + 16:9 thumbnail
parenting,"Door: You, Maa","My Child tab > 'Current | V3' pill > V3 home > 'You (Your own recovery)' door > 'You, Maa' section > 'The healing kitchen' > 'Methi laddoo, and the truth about methi for milk'","What you need, for about twenty laddoo",infographic,1,"full-width chart card (title, subtitle, label/value rows, note)",drawn-placeholder,new,lib/screens/post_pregnancy/pp_you_maa_content.dart,Rendered today as text rows; numbers carry REQUIRED_REVIEW in several sections - needs clinical sign-off and optionally a designed infographic
parenting,"Door: You, Maa","My Child tab > 'Current | V3' pill > V3 home > 'You (Your own recovery)' door > 'You, Maa' section > 'The healing kitchen' > 'Panjiri and harira'","Panjiri and harira, both in one go",video,1,"16:9 (PvVideoPlaceholder, hoisted to top of page); stated length 11 MIN",drawn-placeholder,new,lib/screens/post_pregnancy/pp_you_maa_content.dart,slotId=youmaa/recipe_panjiri_harira; no file exists; placeholder is non-tappable and marked coming soon; needs a filmed video + 16:9 thumbnail
parenting,"Door: You, Maa","My Child tab > 'Current | V3' pill > V3 home > 'You (Your own recovery)' door > 'You, Maa' section > 'The healing kitchen' > 'Panjiri and harira'","Panjiri, for a jar that lasts two weeks",infographic,1,"full-width chart card (title, subtitle, label/value rows, note)",drawn-placeholder,new,lib/screens/post_pregnancy/pp_you_maa_content.dart,Rendered today as text rows; numbers carry REQUIRED_REVIEW in several sections - needs clinical sign-off and optionally a designed infographic
parenting,"Door: You, Maa","My Child tab > 'Current | V3' pill > V3 home > 'You (Your own recovery)' door > 'You, Maa' section > 'The healing kitchen' > 'Panjiri and harira'","Harira, one warm glass",infographic,1,"full-width chart card (title, subtitle, label/value rows, note)",drawn-placeholder,new,lib/screens/post_pregnancy/pp_you_maa_content.dart,Rendered today as text rows; numbers carry REQUIRED_REVIEW in several sections - needs clinical sign-off and optionally a designed infographic
parenting,"Door: You, Maa","My Child tab > 'Current | V3' pill > V3 home > 'You (Your own recovery)' door > 'You, Maa' section > 'The healing kitchen' > 'Ajwain water, jeera water and the kadha'",The three waters and the kadha,video,1,"16:9 (PvVideoPlaceholder, hoisted to top of page); stated length 6 MIN",drawn-placeholder,new,lib/screens/post_pregnancy/pp_you_maa_content.dart,slotId=youmaa/recipe_kadha; no file exists; placeholder is non-tappable and marked coming soon; needs a filmed video + 16:9 thumbnail
parenting,"Door: You, Maa","My Child tab > 'Current | V3' pill > V3 home > 'You (Your own recovery)' door > 'You, Maa' section > 'The healing kitchen' > 'Ajwain water, jeera water and the kadha'","The postpartum kadha, one small cup",infographic,1,"full-width chart card (title, subtitle, label/value rows, note)",drawn-placeholder,new,lib/screens/post_pregnancy/pp_you_maa_content.dart,Rendered today as text rows; numbers carry REQUIRED_REVIEW in several sections - needs clinical sign-off and optionally a designed infographic
parenting,"Door: You, Maa","My Child tab > 'Current | V3' pill > V3 home > 'You (Your own recovery)' door > 'You, Maa' section > 'The healing kitchen' > 'Cooking for iron: dates, beetroot, palak and gur'","Khajoor and anjeer laddoo, no sugar",video,1,"16:9 (PvVideoPlaceholder, hoisted to top of page); stated length 7 MIN",drawn-placeholder,new,lib/screens/post_pregnancy/pp_you_maa_content.dart,slotId=youmaa/recipe_khajoor_laddoo; no file exists; placeholder is non-tappable and marked coming soon; needs a filmed video + 16:9 thumbnail
parenting,"Door: You, Maa","My Child tab > 'Current | V3' pill > V3 home > 'You (Your own recovery)' door > 'You, Maa' section > 'The healing kitchen' > 'Meals you can eat holding her'",Three one handed meals in half an hour,video,1,"16:9 (PvVideoPlaceholder, hoisted to top of page); stated length 12 MIN",drawn-placeholder,new,lib/screens/post_pregnancy/pp_you_maa_content.dart,slotId=youmaa/recipe_one_handed; no file exists; placeholder is non-tappable and marked coming soon; needs a filmed video + 16:9 thumbnail
parenting,"Door: You, Maa","My Child tab > 'Current | V3' pill > V3 home > 'You (Your own recovery)' door > 'You, Maa' section > 'The healing kitchen' > 'Meals you can eat holding her'",Khichdi that is actually a meal,infographic,1,"full-width chart card (title, subtitle, label/value rows, note)",drawn-placeholder,new,lib/screens/post_pregnancy/pp_you_maa_content.dart,Rendered today as text rows; numbers carry REQUIRED_REVIEW in several sections - needs clinical sign-off and optionally a designed infographic
parenting,"Door: You, Maa","My Child tab > 'Current | V3' pill > V3 home > 'You (Your own recovery)' door > 'You, Maa' section > 'The healing kitchen' > 'Foods for milk supply, honestly'","The usual suspects, and what is honestly known",infographic,1,"full-width chart card (title, subtitle, label/value rows, note)",drawn-placeholder,new,lib/screens/post_pregnancy/pp_you_maa_content.dart,Rendered today as text rows; numbers carry REQUIRED_REVIEW in several sections - needs clinical sign-off and optionally a designed infographic
parenting,"Door: You, Maa","My Child tab > 'Current | V3' pill > V3 home > 'You (Your own recovery)' door > 'You, Maa' section > 'The people in your house' > 'Visitors, and how to survive the first month of them'","Visitors, and how to have fewer of them",video,1,"16:9 (PvVideoPlaceholder, hoisted to top of page); stated length 4 MIN",drawn-placeholder,new,lib/screens/post_pregnancy/pp_you_maa_content.dart,slotId=you/visitors; no file exists; placeholder is non-tappable and marked coming soon; needs a filmed video + 16:9 thumbnail
parenting,"Door: You, Maa","My Child tab > 'Current | V3' pill > V3 home > 'You (Your own recovery)' door > 'You, Maa' section > 'Going back, and finding yourself again' > 'What your maternity leave actually entitles you to'","The four things worth asking your employer, in writing",infographic,1,"full-width chart card (title, subtitle, label/value rows, note)",drawn-placeholder,new,lib/screens/post_pregnancy/pp_you_maa_content.dart,Rendered today as text rows; numbers carry REQUIRED_REVIEW in several sections - needs clinical sign-off and optionally a designed infographic
parenting,"Door: You, Maa","My Child tab > 'Current | V3' pill > V3 home > 'You (Your own recovery)' door > 'You, Maa' section > 'Going back, and finding yourself again' > 'Pumping at work when there is no room to pump in'","Storing expressed milk, roughly",infographic,1,"full-width chart card (title, subtitle, label/value rows, note)",drawn-placeholder,new,lib/screens/post_pregnancy/pp_you_maa_content.dart,Rendered today as text rows; numbers carry REQUIRED_REVIEW in several sections - needs clinical sign-off and optionally a designed infographic
parenting,"Door: You, Maa","My Child tab > 'Current | V3' pill > V3 home > 'You (Your own recovery)' door > 'You, Maa' section > 'Going back, and finding yourself again' > 'The first week back'",Three mothers on their first week back,video,1,"16:9 (PvVideoPlaceholder, hoisted to top of page); stated length 12 MIN",drawn-placeholder,new,lib/screens/post_pregnancy/pp_you_maa_content.dart,slotId=youmaa/work_mother_story; no file exists; placeholder is non-tappable and marked coming soon; needs a filmed video + 16:9 thumbnail
parenting,"Door: You, Maa","My Child tab > 'Current | V3' pill > V3 home > 'You (Your own recovery)' door > 'You, Maa' section > 'Going back, and finding yourself again' > 'Finding yourself again'",On becoming yourself again,video,1,"16:9 (PvVideoPlaceholder, hoisted to top of page); stated length 15 MIN",drawn-placeholder,new,lib/screens/post_pregnancy/pp_you_maa_content.dart,slotId=youmaa/work_finding_self; no file exists; placeholder is non-tappable and marked coming soon; needs a filmed video + 16:9 thumbnail
parenting,"Door: You, Maa","My Child tab > 'Current | V3' pill > V3 home > 'You (Your own recovery)' door > 'You, Maa' section > 'You are not the only one' > 'The 4th trimester circle'","Other mothers, at the same point",video,1,"16:9 (PvVideoPlaceholder, hoisted to top of page); stated length 3 MIN",drawn-placeholder,new,lib/screens/post_pregnancy/pp_you_maa_content.dart,slotId=you/the_circle; no file exists; placeholder is non-tappable and marked coming soon; needs a filmed video + 16:9 thumbnail
parenting,Door: Behaviour,My Child tab > 'Current | V3' pill > V3 home > 'Behaviour & psychology' door > 'Behaviour' section > area tiles,Area cover cards (10 areas),illustration,10,"9:16 portrait cover card in a 2-column grid (_PpCoverCard, Image.asset when `cover` is set)",drawn-placeholder,new,lib/screens/post_pregnancy/pp_behaviour_content.dart + pp_behaviour_more.dart + pp_behaviour_bands.dart + pp_section_screen.dart,"`cover` is null on every area; the tile paints the section's tinted ground with a drawn mark. Spec asked for 'Insta-style cover image' per area. Areas: Why is my baby crying so much? | The first tantrums, and hitting | She says no to everything | Lying, back-talk and screens | He keeps doing this one thing | Screens, in a real house | Things that actually calm him | The ziddi child | Guiding without hitting | Three to six"
parenting,Door: Behaviour,My Child tab > 'Current | V3' pill > V3 home > 'Behaviour & psychology' door > 'Behaviour' section > 'Why is my baby crying so much?' > 'Is my baby's crying normal?',"The crying curve, explained",video,1,"16:9 (PvVideoPlaceholder, hoisted to top of page); stated length 5 MIN",drawn-placeholder,new,lib/screens/post_pregnancy/pp_behaviour_content.dart + pp_behaviour_more.dart + pp_behaviour_bands.dart,slotId=behaviour/crying_curve; no file exists; placeholder is non-tappable and marked coming soon; needs a filmed video + 16:9 thumbnail
parenting,Door: Behaviour,"My Child tab > 'Current | V3' pill > V3 home > 'Behaviour & psychology' door > 'Behaviour' section > 'The first tantrums, and hitting' > 'The first tantrums'","A tantrum, and what to do in it",video,1,"16:9 (PvVideoPlaceholder, hoisted to top of page); stated length 5 MIN",drawn-placeholder,new,lib/screens/post_pregnancy/pp_behaviour_content.dart + pp_behaviour_more.dart + pp_behaviour_bands.dart,slotId=behaviour/tantrum_moment; no file exists; placeholder is non-tappable and marked coming soon; needs a filmed video + 16:9 thumbnail
parenting,Door: Behaviour,"My Child tab > 'Current | V3' pill > V3 home > 'Behaviour & psychology' door > 'Behaviour' section > 'The first tantrums, and hitting' > 'The five steps, in the moment'","All five, in one real tantrum",video,1,"16:9 (PvVideoPlaceholder, hoisted to top of page); stated length 5 MIN",drawn-placeholder,new,lib/screens/post_pregnancy/pp_behaviour_content.dart + pp_behaviour_more.dart + pp_behaviour_bands.dart,slotId=behaviour/five_steps; no file exists; placeholder is non-tappable and marked coming soon; needs a filmed video + 16:9 thumbnail
parenting,Door: Behaviour,My Child tab > 'Current | V3' pill > V3 home > 'Behaviour & psychology' door > 'Behaviour' section > 'She says no to everything' > 'Saying no to everything',When no is the answer to everything,video,1,"16:9 (PvVideoPlaceholder, hoisted to top of page); stated length 4 MIN",drawn-placeholder,new,lib/screens/post_pregnancy/pp_behaviour_content.dart + pp_behaviour_more.dart + pp_behaviour_bands.dart,slotId=behaviour/the_no_year; no file exists; placeholder is non-tappable and marked coming soon; needs a filmed video + 16:9 thumbnail
parenting,Door: Behaviour,"My Child tab > 'Current | V3' pill > V3 home > 'Behaviour & psychology' door > 'Behaviour' section > 'Lying, back-talk and screens' > 'She told me a lie'",Why small children lie,video,1,"16:9 (PvVideoPlaceholder, hoisted to top of page); stated length 5 MIN",drawn-placeholder,new,lib/screens/post_pregnancy/pp_behaviour_content.dart + pp_behaviour_more.dart + pp_behaviour_bands.dart,slotId=behaviour/lying; no file exists; placeholder is non-tappable and marked coming soon; needs a filmed video + 16:9 thumbnail
parenting,Door: Behaviour,My Child tab > 'Current | V3' pill > V3 home > 'Behaviour & psychology' door > 'Behaviour' section > 'He keeps doing this one thing' > 'He throws everything',Why throwing is an experiment,video,1,"16:9 (PvVideoPlaceholder, hoisted to top of page); stated length 4 MIN",drawn-placeholder,new,lib/screens/post_pregnancy/pp_behaviour_content.dart + pp_behaviour_more.dart + pp_behaviour_bands.dart,slotId=behaviour/throwing; no file exists; placeholder is non-tappable and marked coming soon; needs a filmed video + 16:9 thumbnail
parenting,Door: Behaviour,"My Child tab > 'Current | V3' pill > V3 home > 'Behaviour & psychology' door > 'Behaviour' section > 'He keeps doing this one thing' > 'Anger, and hurting out of it'",Lending calm to an angry child,video,1,"16:9 (PvVideoPlaceholder, hoisted to top of page); stated length 6 MIN",drawn-placeholder,new,lib/screens/post_pregnancy/pp_behaviour_content.dart + pp_behaviour_more.dart + pp_behaviour_bands.dart,slotId=behaviour/anger; no file exists; placeholder is non-tappable and marked coming soon; needs a filmed video + 16:9 thumbnail
parenting,Door: Behaviour,"My Child tab > 'Current | V3' pill > V3 home > 'Behaviour & psychology' door > 'Behaviour' section > 'Screens, in a real house' > 'How much is too much, honestly'",What screens do and do not do at this age,video,1,"16:9 (PvVideoPlaceholder, hoisted to top of page); stated length 6 MIN",drawn-placeholder,new,lib/screens/post_pregnancy/pp_behaviour_content.dart + pp_behaviour_more.dart + pp_behaviour_bands.dart,slotId=behaviour/screen_evidence; no file exists; placeholder is non-tappable and marked coming soon; needs a filmed video + 16:9 thumbnail
parenting,Door: Behaviour,"My Child tab > 'Current | V3' pill > V3 home > 'Behaviour & psychology' door > 'Behaviour' section > 'Screens, in a real house' > 'Ending it without a meltdown'","The handover, shown",video,1,"16:9 (PvVideoPlaceholder, hoisted to top of page); stated length 3 MIN",drawn-placeholder,new,lib/screens/post_pregnancy/pp_behaviour_content.dart + pp_behaviour_more.dart + pp_behaviour_bands.dart,slotId=behaviour/screen_transition; no file exists; placeholder is non-tappable and marked coming soon; needs a filmed video + 16:9 thumbnail
parenting,Door: Behaviour,My Child tab > 'Current | V3' pill > V3 home > 'Behaviour & psychology' door > 'Behaviour' section > 'Things that actually calm him' > 'A calm-down corner',"Setting one up, in a small flat",video,1,"16:9 (PvVideoPlaceholder, hoisted to top of page); stated length 3 MIN",drawn-placeholder,new,lib/screens/post_pregnancy/pp_behaviour_content.dart + pp_behaviour_more.dart + pp_behaviour_bands.dart,slotId=behaviour/calm_corner; no file exists; placeholder is non-tappable and marked coming soon; needs a filmed video + 16:9 thumbnail
parenting,Door: Behaviour,My Child tab > 'Current | V3' pill > V3 home > 'Behaviour & psychology' door > 'Behaviour' section > 'Things that actually calm him' > 'Filling the tank',Ten minutes that change the evening,video,1,"16:9 (PvVideoPlaceholder, hoisted to top of page); stated length 4 MIN",drawn-placeholder,new,lib/screens/post_pregnancy/pp_behaviour_content.dart + pp_behaviour_more.dart + pp_behaviour_bands.dart,slotId=behaviour/connection_play; no file exists; placeholder is non-tappable and marked coming soon; needs a filmed video + 16:9 thumbnail
parenting,Door: Behaviour,My Child tab > 'Current | V3' pill > V3 home > 'Behaviour & psychology' door > 'Behaviour' section > 'The ziddi child' > 'How to handle a ziddi bachcha',Ziddi is not naughty,video,1,"16:9 (PvVideoPlaceholder, hoisted to top of page); stated length 6 MIN",drawn-placeholder,new,lib/screens/post_pregnancy/pp_behaviour_content.dart + pp_behaviour_more.dart + pp_behaviour_bands.dart,slotId=behaviour/ziddi_reframe; no file exists; placeholder is non-tappable and marked coming soon; needs a filmed video + 16:9 thumbnail
parenting,Door: Behaviour,My Child tab > 'Current | V3' pill > V3 home > 'Behaviour & psychology' door > 'Behaviour' section > 'Guiding without hitting' > 'Why hitting does not do what it looks like it does',"Calm discipline, shown",video,1,"16:9 (PvVideoPlaceholder, hoisted to top of page); stated length 7 MIN",drawn-placeholder,new,lib/screens/post_pregnancy/pp_behaviour_content.dart + pp_behaviour_more.dart + pp_behaviour_bands.dart,slotId=behaviour/calm_discipline; no file exists; placeholder is non-tappable and marked coming soon; needs a filmed video + 16:9 thumbnail
parenting,Door: Behaviour,"My Child tab > 'Current | V3' pill > V3 home > 'Behaviour & psychology' door > 'Behaviour' section > 'Three to six' > 'Big feelings, and helping him manage them'","Naming feelings, with a four-year-old",video,1,"16:9 (PvVideoPlaceholder, hoisted to top of page); stated length 5 MIN",drawn-placeholder,new,lib/screens/post_pregnancy/pp_behaviour_content.dart + pp_behaviour_more.dart + pp_behaviour_bands.dart,slotId=behaviour/big_feelings; no file exists; placeholder is non-tappable and marked coming soon; needs a filmed video + 16:9 thumbnail
parenting,Door: Traditions,My Child tab > 'Current | V3' pill > V3 home > 'Traditional & cultural' door > 'Traditions' section > area tiles,Area cover cards (7 areas),illustration,7,"9:16 portrait cover card in a 2-column grid (_PpCoverCard, Image.asset when `cover` is set)",drawn-placeholder,new,lib/screens/post_pregnancy/pp_traditions_content.dart + pp_section_screen.dart,"`cover` is null on every area; the tile paints the section's tinted ground with a drawn mark. Spec asked for 'Insta-style cover image' per area. Areas: Which ceremony is coming up now? | Welcoming her home | Her first solid meal | Hair, ears and the first birthday | Ceremonies in Muslim, Christian, Sikh, Jain and Parsi families | What it costs, and how to keep it small | Customs done with love that are not safe"
parenting,Door: Traditions,"My Child tab > 'Current | V3' pill > V3 home > 'Traditional & cultural' door > 'Traditions' section > 'Which ceremony is coming up now?' > 'The first months, in order'",The ceremonies of the first year,video,1,"16:9 (PvVideoPlaceholder, hoisted to top of page); stated length 6 MIN",drawn-placeholder,new,lib/screens/post_pregnancy/pp_traditions_content.dart,slotId=traditions/first_year_ceremonies; no file exists; placeholder is non-tappable and marked coming soon; needs a filmed video + 16:9 thumbnail
parenting,Door: Traditions,"My Child tab > 'Current | V3' pill > V3 home > 'Traditional & cultural' door > 'Traditions' section > 'Which ceremony is coming up now?' > 'The first months, in order'",The usual order,infographic,1,"full-width chart card (title, subtitle, label/value rows, note)",drawn-placeholder,new,lib/screens/post_pregnancy/pp_traditions_content.dart,Rendered today as text rows; numbers carry REQUIRED_REVIEW in several sections - needs clinical sign-off and optionally a designed infographic
parenting,Door: Traditions,My Child tab > 'Current | V3' pill > V3 home > 'Traditional & cultural' door > 'Traditions' section > 'Which ceremony is coming up now?' > 'Coming up: her first solid meal',What falls in this stretch,infographic,1,"full-width chart card (title, subtitle, label/value rows, note)",drawn-placeholder,new,lib/screens/post_pregnancy/pp_traditions_content.dart,Rendered today as text rows; numbers carry REQUIRED_REVIEW in several sections - needs clinical sign-off and optionally a designed infographic
parenting,Door: Traditions,"My Child tab > 'Current | V3' pill > V3 home > 'Traditional & cultural' door > 'Traditions' section > 'Which ceremony is coming up now?' > 'Coming up: birthday, mundan, ears'",What falls in these two years,infographic,1,"full-width chart card (title, subtitle, label/value rows, note)",drawn-placeholder,new,lib/screens/post_pregnancy/pp_traditions_content.dart,Rendered today as text rows; numbers carry REQUIRED_REVIEW in several sections - needs clinical sign-off and optionally a designed infographic
parenting,Door: Traditions,My Child tab > 'Current | V3' pill > V3 home > 'Traditional & cultural' door > 'Traditions' section > 'Which ceremony is coming up now?' > 'Coming up: the start of learning',What falls in these years,infographic,1,"full-width chart card (title, subtitle, label/value rows, note)",drawn-placeholder,new,lib/screens/post_pregnancy/pp_traditions_content.dart,Rendered today as text rows; numbers carry REQUIRED_REVIEW in several sections - needs clinical sign-off and optionally a designed infographic
parenting,Door: Traditions,"My Child tab > 'Current | V3' pill > V3 home > 'Traditional & cultural' door > 'Traditions' section > 'Welcoming her home' > 'Chatti, the sixth day'",What actually happens on chatti,video,1,"16:9 (PvVideoPlaceholder, hoisted to top of page); stated length 5 MIN",drawn-placeholder,new,lib/screens/post_pregnancy/pp_traditions_content.dart,slotId=traditions/chatti; no file exists; placeholder is non-tappable and marked coming soon; needs a filmed video + 16:9 thumbnail
parenting,Door: Traditions,"My Child tab > 'Current | V3' pill > V3 home > 'Traditional & cultural' door > 'Traditions' section > 'Welcoming her home' > 'Namkaran, the naming ceremony'","A namkaran, start to finish",video,1,"16:9 (PvVideoPlaceholder, hoisted to top of page); stated length 6 MIN",drawn-placeholder,new,lib/screens/post_pregnancy/pp_traditions_content.dart,slotId=traditions/namkaran; no file exists; placeholder is non-tappable and marked coming soon; needs a filmed video + 16:9 thumbnail
parenting,Door: Traditions,"My Child tab > 'Current | V3' pill > V3 home > 'Traditional & cultural' door > 'Traditions' section > 'Welcoming her home' > 'Jhula, the cradle ceremony'","The cradle ceremony, and setting the jhula up safely",video,1,"16:9 (PvVideoPlaceholder, hoisted to top of page); stated length 5 MIN",drawn-placeholder,new,lib/screens/post_pregnancy/pp_traditions_content.dart,slotId=traditions/jhula; no file exists; placeholder is non-tappable and marked coming soon; needs a filmed video + 16:9 thumbnail
parenting,Door: Traditions,"My Child tab > 'Current | V3' pill > V3 home > 'Traditional & cultural' door > 'Traditions' section > 'Welcoming her home' > 'Nishkramana, the first outing'","The first outing, done gently",video,1,"16:9 (PvVideoPlaceholder, hoisted to top of page); stated length 4 MIN",drawn-placeholder,new,lib/screens/post_pregnancy/pp_traditions_content.dart,slotId=traditions/nishkramana; no file exists; placeholder is non-tappable and marked coming soon; needs a filmed video + 16:9 thumbnail
parenting,Door: Traditions,"My Child tab > 'Current | V3' pill > V3 home > 'Traditional & cultural' door > 'Traditions' section > 'Her first solid meal' > 'Annaprashan, the first solid food'","An annaprashan, and the first spoon",video,1,"16:9 (PvVideoPlaceholder, hoisted to top of page); stated length 7 MIN",drawn-placeholder,new,lib/screens/post_pregnancy/pp_traditions_content.dart,slotId=traditions/annaprashan; no file exists; placeholder is non-tappable and marked coming soon; needs a filmed video + 16:9 thumbnail
parenting,Door: Traditions,"My Child tab > 'Current | V3' pill > V3 home > 'Traditional & cultural' door > 'Traditions' section > 'Hair, ears and the first birthday' > 'Mundan, the first head shaving'","A mundan, and how to hold him through it",video,1,"16:9 (PvVideoPlaceholder, hoisted to top of page); stated length 6 MIN",drawn-placeholder,new,lib/screens/post_pregnancy/pp_traditions_content.dart,slotId=traditions/mundan; no file exists; placeholder is non-tappable and marked coming soon; needs a filmed video + 16:9 thumbnail
parenting,Door: Traditions,"My Child tab > 'Current | V3' pill > V3 home > 'Traditional & cultural' door > 'Traditions' section > 'Hair, ears and the first birthday' > 'Karnavedha, ear piercing'","Ear piercing, and the six weeks after",video,1,"16:9 (PvVideoPlaceholder, hoisted to top of page); stated length 5 MIN",drawn-placeholder,new,lib/screens/post_pregnancy/pp_traditions_content.dart,slotId=traditions/karnavedha; no file exists; placeholder is non-tappable and marked coming soon; needs a filmed video + 16:9 thumbnail
parenting,Door: Traditions,"My Child tab > 'Current | V3' pill > V3 home > 'Traditional & cultural' door > 'Traditions' section > 'Hair, ears and the first birthday' > 'The first birthday'",A first birthday that suits a one year old,video,1,"16:9 (PvVideoPlaceholder, hoisted to top of page); stated length 5 MIN",drawn-placeholder,new,lib/screens/post_pregnancy/pp_traditions_content.dart,slotId=traditions/first_birthday; no file exists; placeholder is non-tappable and marked coming soon; needs a filmed video + 16:9 thumbnail
parenting,Door: Traditions,"My Child tab > 'Current | V3' pill > V3 home > 'Traditional & cultural' door > 'Traditions' section > 'Hair, ears and the first birthday' > 'Aksharabhyasam, the first letters'",Aksharabhyasam at home,video,1,"16:9 (PvVideoPlaceholder, hoisted to top of page); stated length 4 MIN",drawn-placeholder,new,lib/screens/post_pregnancy/pp_traditions_content.dart,slotId=traditions/aksharabhyasam; no file exists; placeholder is non-tappable and marked coming soon; needs a filmed video + 16:9 thumbnail
parenting,Door: Traditions,"My Child tab > 'Current | V3' pill > V3 home > 'Traditional & cultural' door > 'Traditions' section > 'Ceremonies in Muslim, Christian, Sikh, Jain and Parsi families' > 'Aqiqah, and naming in a Muslim family'","Aqiqah, explained simply",video,1,"16:9 (PvVideoPlaceholder, hoisted to top of page); stated length 6 MIN",drawn-placeholder,new,lib/screens/post_pregnancy/pp_traditions_content.dart,slotId=traditions/aqiqah; no file exists; placeholder is non-tappable and marked coming soon; needs a filmed video + 16:9 thumbnail
parenting,Door: Traditions,"My Child tab > 'Current | V3' pill > V3 home > 'Traditional & cultural' door > 'Traditions' section > 'Ceremonies in Muslim, Christian, Sikh, Jain and Parsi families' > 'Tahneek, the first sweet taste'","Tahneek, done safely",video,1,"16:9 (PvVideoPlaceholder, hoisted to top of page); stated length 3 MIN",drawn-placeholder,new,lib/screens/post_pregnancy/pp_traditions_content.dart,slotId=traditions/tahneek; no file exists; placeholder is non-tappable and marked coming soon; needs a filmed video + 16:9 thumbnail
parenting,Door: Traditions,"My Child tab > 'Current | V3' pill > V3 home > 'Traditional & cultural' door > 'Traditions' section > 'Ceremonies in Muslim, Christian, Sikh, Jain and Parsi families' > 'Baptism, christening and dedication'","A christening, start to finish",video,1,"16:9 (PvVideoPlaceholder, hoisted to top of page); stated length 5 MIN",drawn-placeholder,new,lib/screens/post_pregnancy/pp_traditions_content.dart,slotId=traditions/christening; no file exists; placeholder is non-tappable and marked coming soon; needs a filmed video + 16:9 thumbnail
parenting,Door: Traditions,"My Child tab > 'Current | V3' pill > V3 home > 'Traditional & cultural' door > 'Traditions' section > 'Ceremonies in Muslim, Christian, Sikh, Jain and Parsi families' > 'Naam Karan at the Gurdwara, and kesh'",Naam Karan at the Gurdwara,video,1,"16:9 (PvVideoPlaceholder, hoisted to top of page); stated length 5 MIN",drawn-placeholder,new,lib/screens/post_pregnancy/pp_traditions_content.dart,slotId=traditions/sikh_naming; no file exists; placeholder is non-tappable and marked coming soon; needs a filmed video + 16:9 thumbnail
parenting,Door: Traditions,"My Child tab > 'Current | V3' pill > V3 home > 'Traditional & cultural' door > 'Traditions' section > 'Ceremonies in Muslim, Christian, Sikh, Jain and Parsi families' > 'Welcomes in Jain and Parsi families'",Jain and Parsi welcomes,video,1,"16:9 (PvVideoPlaceholder, hoisted to top of page); stated length 5 MIN",drawn-placeholder,new,lib/screens/post_pregnancy/pp_traditions_content.dart,slotId=traditions/jain_parsi; no file exists; placeholder is non-tappable and marked coming soon; needs a filmed video + 16:9 thumbnail
parenting,Door: Traditions,"My Child tab > 'Current | V3' pill > V3 home > 'Traditional & cultural' door > 'Traditions' section > 'What it costs, and how to keep it small' > 'What a ceremony actually costs'",What each piece tends to cost,infographic,1,"full-width chart card (title, subtitle, label/value rows, note)",drawn-placeholder,new,lib/screens/post_pregnancy/pp_traditions_content.dart,Rendered today as text rows; numbers carry REQUIRED_REVIEW in several sections - needs clinical sign-off and optionally a designed infographic
parenting,Door: Traditions,"My Child tab > 'Current | V3' pill > V3 home > 'Traditional & cultural' door > 'Traditions' section > 'What it costs, and how to keep it small' > 'How to keep it small'","A complete ceremony in one hour, at home",video,1,"16:9 (PvVideoPlaceholder, hoisted to top of page); stated length 6 MIN",drawn-placeholder,new,lib/screens/post_pregnancy/pp_traditions_content.dart,slotId=traditions/keeping_it_small; no file exists; placeholder is non-tappable and marked coming soon; needs a filmed video + 16:9 thumbnail
parenting,Door: Traditions,"My Child tab > 'Current | V3' pill > V3 home > 'Traditional & cultural' door > 'Traditions' section > 'Customs done with love that are not safe' > 'On a newborn: kajal, honey and the cord'","Kajal, honey and the cord, explained calmly",video,1,"16:9 (PvVideoPlaceholder, hoisted to top of page); stated length 5 MIN",drawn-placeholder,new,lib/screens/post_pregnancy/pp_traditions_content.dart,slotId=traditions/newborn_customs; no file exists; placeholder is non-tappable and marked coming soon; needs a filmed video + 16:9 thumbnail
parenting,Door: Feeding,My Child tab > 'Current | V3' pill > V3 home > 'Feeding' door > 'Feeding' section > area tiles,Area cover cards (8 areas),illustration,8,"9:16 portrait cover card in a 2-column grid (_PpCoverCard, Image.asset when `cover` is set)",drawn-placeholder,new,lib/screens/post_pregnancy/pp_feeding_content.dart + pp_section_screen.dart,"`cover` is null on every area; the tile paints the section's tinted ground with a drawn mark. Spec asked for 'Insta-style cover image' per area. Areas: Feeding at the breast | Formula, bottles and doing both | Starting solids | What to feed at this age | Cooking for him | Weight gain and growing well | Baby not eating food | Keeping feeding safe"
parenting,Door: Feeding,My Child tab > 'Current | V3' pill > V3 home > 'Feeding' door > 'Feeding' section > 'Feeding at the breast' > 'Getting the latch right',A lactation counsellor shows a deep latch,video,1,"16:9 (PvVideoPlaceholder, hoisted to top of page); stated length 7 MIN",drawn-placeholder,new,lib/screens/post_pregnancy/pp_feeding_content.dart,slotId=feeding/latch_demo; no file exists; placeholder is non-tappable and marked coming soon; needs a filmed video + 16:9 thumbnail
parenting,Door: Feeding,"My Child tab > 'Current | V3' pill > V3 home > 'Feeding' door > 'Feeding' section > 'Feeding at the breast' > 'How often, and how much'",Is he getting enough?,infographic,1,"full-width chart card (title, subtitle, label/value rows, note)",drawn-placeholder,new,lib/screens/post_pregnancy/pp_feeding_content.dart,Rendered today as text rows; numbers carry REQUIRED_REVIEW in several sections - needs clinical sign-off and optionally a designed infographic
parenting,Door: Feeding,My Child tab > 'Current | V3' pill > V3 home > 'Feeding' door > 'Feeding' section > 'Feeding at the breast' > 'Pumping when you go back to work',"Hand expression and pumping, shown properly",video,1,"16:9 (PvVideoPlaceholder, hoisted to top of page); stated length 9 MIN",drawn-placeholder,new,lib/screens/post_pregnancy/pp_feeding_content.dart,slotId=feeding/pumping_demo; no file exists; placeholder is non-tappable and marked coming soon; needs a filmed video + 16:9 thumbnail
parenting,Door: Feeding,My Child tab > 'Current | V3' pill > V3 home > 'Feeding' door > 'Feeding' section > 'Feeding at the breast' > 'Pumping when you go back to work',How long expressed milk keeps,infographic,1,"full-width chart card (title, subtitle, label/value rows, note)",drawn-placeholder,new,lib/screens/post_pregnancy/pp_feeding_content.dart,Rendered today as text rows; numbers carry REQUIRED_REVIEW in several sections - needs clinical sign-off and optionally a designed infographic
parenting,Door: Feeding,"My Child tab > 'Current | V3' pill > V3 home > 'Feeding' door > 'Feeding' section > 'Formula, bottles and doing both' > 'Fed is fine, and that is not a consolation prize'",Three mothers on why they used formula,video,1,"16:9 (PvVideoPlaceholder, hoisted to top of page); stated length 8 MIN",drawn-placeholder,new,lib/screens/post_pregnancy/pp_feeding_content.dart,slotId=feeding/fed_is_fine_voices; no file exists; placeholder is non-tappable and marked coming soon; needs a filmed video + 16:9 thumbnail
parenting,Door: Feeding,"My Child tab > 'Current | V3' pill > V3 home > 'Feeding' door > 'Feeding' section > 'Formula, bottles and doing both' > 'Making up a bottle safely'","Making up a bottle, step by step",video,1,"16:9 (PvVideoPlaceholder, hoisted to top of page); stated length 6 MIN",drawn-placeholder,new,lib/screens/post_pregnancy/pp_feeding_content.dart,slotId=feeding/formula_prep_demo; no file exists; placeholder is non-tappable and marked coming soon; needs a filmed video + 16:9 thumbnail
parenting,Door: Feeding,"My Child tab > 'Current | V3' pill > V3 home > 'Feeding' door > 'Feeding' section > 'Starting solids' > 'When to start, and how to begin'","The first spoon, start to finish",video,1,"16:9 (PvVideoPlaceholder, hoisted to top of page); stated length 8 MIN",drawn-placeholder,new,lib/screens/post_pregnancy/pp_feeding_content.dart,slotId=feeding/starting_solids_demo; no file exists; placeholder is non-tappable and marked coming soon; needs a filmed video + 16:9 thumbnail
parenting,Door: Feeding,"My Child tab > 'Current | V3' pill > V3 home > 'Feeding' door > 'Feeding' section > 'Starting solids' > 'Textures, stage by stage'","Safe textures, shown at every stage",video,1,"16:9 (PvVideoPlaceholder, hoisted to top of page); stated length 10 MIN",drawn-placeholder,new,lib/screens/post_pregnancy/pp_feeding_content.dart,slotId=feeding/safe_textures_demo; no file exists; placeholder is non-tappable and marked coming soon; needs a filmed video + 16:9 thumbnail
parenting,Door: Feeding,"My Child tab > 'Current | V3' pill > V3 home > 'Feeding' door > 'Feeding' section > 'Starting solids' > 'Textures, stage by stage'","What texture, at what age",infographic,1,"full-width chart card (title, subtitle, label/value rows, note)",drawn-placeholder,new,lib/screens/post_pregnancy/pp_feeding_content.dart,Rendered today as text rows; numbers carry REQUIRED_REVIEW in several sections - needs clinical sign-off and optionally a designed infographic
parenting,Door: Feeding,"My Child tab > 'Current | V3' pill > V3 home > 'Feeding' door > 'Feeding' section > 'What to feed at this age' > 'Before 6 months, milk is the whole chart'",Birth to 6 months,infographic,1,"full-width chart card (title, subtitle, label/value rows, note)",drawn-placeholder,new,lib/screens/post_pregnancy/pp_feeding_content.dart,Rendered today as text rows; numbers carry REQUIRED_REVIEW in several sections - needs clinical sign-off and optionally a designed infographic
parenting,Door: Feeding,My Child tab > 'Current | V3' pill > V3 home > 'Feeding' door > 'Feeding' section > 'What to feed at this age' > 'A day at 6 months',"6 months, vegetarian",infographic,1,"full-width chart card (title, subtitle, label/value rows, note)",drawn-placeholder,new,lib/screens/post_pregnancy/pp_feeding_content.dart,Rendered today as text rows; numbers carry REQUIRED_REVIEW in several sections - needs clinical sign-off and optionally a designed infographic
parenting,Door: Feeding,My Child tab > 'Current | V3' pill > V3 home > 'Feeding' door > 'Feeding' section > 'What to feed at this age' > 'A day at 7 months',"7 months, vegetarian",infographic,1,"full-width chart card (title, subtitle, label/value rows, note)",drawn-placeholder,new,lib/screens/post_pregnancy/pp_feeding_content.dart,Rendered today as text rows; numbers carry REQUIRED_REVIEW in several sections - needs clinical sign-off and optionally a designed infographic
parenting,Door: Feeding,My Child tab > 'Current | V3' pill > V3 home > 'Feeding' door > 'Feeding' section > 'What to feed at this age' > 'A day at 8 months',"8 months, vegetarian",infographic,1,"full-width chart card (title, subtitle, label/value rows, note)",drawn-placeholder,new,lib/screens/post_pregnancy/pp_feeding_content.dart,Rendered today as text rows; numbers carry REQUIRED_REVIEW in several sections - needs clinical sign-off and optionally a designed infographic
parenting,Door: Feeding,My Child tab > 'Current | V3' pill > V3 home > 'Feeding' door > 'Feeding' section > 'What to feed at this age' > 'A day at 9 months',"9 months, vegetarian",infographic,1,"full-width chart card (title, subtitle, label/value rows, note)",drawn-placeholder,new,lib/screens/post_pregnancy/pp_feeding_content.dart,Rendered today as text rows; numbers carry REQUIRED_REVIEW in several sections - needs clinical sign-off and optionally a designed infographic
parenting,Door: Feeding,My Child tab > 'Current | V3' pill > V3 home > 'Feeding' door > 'Feeding' section > 'What to feed at this age' > 'A day at 10 to 12 months',"10 to 12 months, vegetarian",infographic,1,"full-width chart card (title, subtitle, label/value rows, note)",drawn-placeholder,new,lib/screens/post_pregnancy/pp_feeding_content.dart,Rendered today as text rows; numbers carry REQUIRED_REVIEW in several sections - needs clinical sign-off and optionally a designed infographic
parenting,Door: Feeding,My Child tab > 'Current | V3' pill > V3 home > 'Feeding' door > 'Feeding' section > 'What to feed at this age' > 'A day for a toddler',1 to 3 years,infographic,1,"full-width chart card (title, subtitle, label/value rows, note)",drawn-placeholder,new,lib/screens/post_pregnancy/pp_feeding_content.dart,Rendered today as text rows; numbers carry REQUIRED_REVIEW in several sections - needs clinical sign-off and optionally a designed infographic
parenting,Door: Feeding,My Child tab > 'Current | V3' pill > V3 home > 'Feeding' door > 'Feeding' section > 'What to feed at this age' > 'Non-vegetarian and regional swaps',"A day of food, walked through by age",video,1,"16:9 (PvVideoPlaceholder, hoisted to top of page); stated length 10 MIN",drawn-placeholder,new,lib/screens/post_pregnancy/pp_feeding_content.dart,slotId=feeding/age_charts_walkthrough; no file exists; placeholder is non-tappable and marked coming soon; needs a filmed video + 16:9 thumbnail
parenting,Door: Feeding,My Child tab > 'Current | V3' pill > V3 home > 'Feeding' door > 'Feeding' section > 'What to feed at this age' > 'Non-vegetarian and regional swaps',"Non-vegetarian, when and how",infographic,1,"full-width chart card (title, subtitle, label/value rows, note)",drawn-placeholder,new,lib/screens/post_pregnancy/pp_feeding_content.dart,Rendered today as text rows; numbers carry REQUIRED_REVIEW in several sections - needs clinical sign-off and optionally a designed infographic
parenting,Door: Feeding,"My Child tab > 'Current | V3' pill > V3 home > 'Feeding' door > 'Feeding' section > 'Cooking for him' > 'Ragi, khichdi, dalia and the rest'","Cook along, moong dal khichdi for a baby",video,1,"16:9 (PvVideoPlaceholder, hoisted to top of page); stated length 11 MIN",drawn-placeholder,new,lib/screens/post_pregnancy/pp_feeding_content.dart,slotId=feeding/cookalong_khichdi; no file exists; placeholder is non-tappable and marked coming soon; needs a filmed video + 16:9 thumbnail
parenting,Door: Feeding,My Child tab > 'Current | V3' pill > V3 home > 'Feeding' door > 'Feeding' section > 'Weight gain and growing well' > 'Is my baby too thin?',A paediatrician on the too-thin question,video,1,"16:9 (PvVideoPlaceholder, hoisted to top of page); stated length 9 MIN",drawn-placeholder,new,lib/screens/post_pregnancy/pp_feeding_content.dart,slotId=feeding/too_thin_explained; no file exists; placeholder is non-tappable and marked coming soon; needs a filmed video + 16:9 thumbnail
parenting,Door: Feeding,My Child tab > 'Current | V3' pill > V3 home > 'Feeding' door > 'Feeding' section > 'Baby not eating food' > 'He is not eating anything',Four parents on the year their child stopped eating,video,1,"16:9 (PvVideoPlaceholder, hoisted to top of page); stated length 9 MIN",drawn-placeholder,new,lib/screens/post_pregnancy/pp_feeding_content.dart,slotId=feeding/picky_real_parents; no file exists; placeholder is non-tappable and marked coming soon; needs a filmed video + 16:9 thumbnail
parenting,Door: Feeding,"My Child tab > 'Current | V3' pill > V3 home > 'Feeding' door > 'Feeding' section > 'Keeping feeding safe' > 'Choking, and how to cut food so it does not happen'","Choking and safe textures, shown properly",video,1,"16:9 (PvVideoPlaceholder, hoisted to top of page); stated length 12 MIN",drawn-placeholder,new,lib/screens/post_pregnancy/pp_feeding_content.dart,slotId=feeding/choking_safety_demo; no file exists; placeholder is non-tappable and marked coming soon; needs a filmed video + 16:9 thumbnail
parenting,Door: Feeding,My Child tab > 'Current | V3' pill > V3 home > 'Feeding' door > 'Feeding' section > 'Keeping feeding safe' > 'When to start water',"Water, by age",infographic,1,"full-width chart card (title, subtitle, label/value rows, note)",drawn-placeholder,new,lib/screens/post_pregnancy/pp_feeding_content.dart,Rendered today as text rows; numbers carry REQUIRED_REVIEW in several sections - needs clinical sign-off and optionally a designed infographic
parenting,Door: Health,My Child tab > 'Current | V3' pill > V3 home > 'Health & illness' door > 'Health' section > area tiles,Area cover cards (11 areas),illustration,11,"9:16 portrait cover card in a 2-column grid (_PpCoverCard, Image.asset when `cover` is set)",drawn-placeholder,new,lib/screens/post_pregnancy/pp_health_content.dart + pp_section_screen.dart,"`cover` is null on every area; the tile paints the section's tinted ground with a drawn mark. Spec asked for 'Insta-style cover image' per area. Areas: Is this an emergency? | He has a fever | Cough, cold and a blocked nose | Loose motions, vomiting and a hard tummy | A rash appeared | The other things that go around | Not sure what is wrong? | Is he up to date on his shots? | Is he growing well? | Keeping his papers together | Keeping him well"
parenting,Door: Health,"My Child tab > 'Current | V3' pill > V3 home > 'Health & illness' door > 'Health' section > 'Is this an emergency?' > 'Go now, or can it wait?'",The signs that mean go now,video,1,"16:9 (PvVideoPlaceholder, hoisted to top of page); stated length 5 MIN",drawn-placeholder,new,lib/screens/post_pregnancy/pp_health_content.dart,slotId=health/when_to_rush; no file exists; placeholder is non-tappable and marked coming soon; needs a filmed video + 16:9 thumbnail
parenting,Door: Health,My Child tab > 'Current | V3' pill > V3 home > 'Health & illness' door > 'Health' section > 'He has a fever' > 'What the number actually means',"Fever, explained in five minutes",video,1,"16:9 (PvVideoPlaceholder, hoisted to top of page); stated length 5 MIN",drawn-placeholder,new,lib/screens/post_pregnancy/pp_health_content.dart,slotId=health/fever_explainer; no file exists; placeholder is non-tappable and marked coming soon; needs a filmed video + 16:9 thumbnail
parenting,Door: Health,My Child tab > 'Current | V3' pill > V3 home > 'Health & illness' door > 'Health' section > 'He has a fever' > 'What the number actually means',Reading the number,infographic,1,"full-width chart card (title, subtitle, label/value rows, note)",drawn-placeholder,new,lib/screens/post_pregnancy/pp_health_content.dart,Rendered today as text rows; numbers carry REQUIRED_REVIEW in several sections - needs clinical sign-off and optionally a designed infographic
parenting,Door: Health,My Child tab > 'Current | V3' pill > V3 home > 'Health & illness' door > 'Health' section > 'He has a fever' > 'Paracetamol and ibuprofen: the typical ranges',"The gaps, and the ceilings",infographic,1,"full-width chart card (title, subtitle, label/value rows, note)",drawn-placeholder,new,lib/screens/post_pregnancy/pp_health_content.dart,Rendered today as text rows; numbers carry REQUIRED_REVIEW in several sections - needs clinical sign-off and optionally a designed infographic
parenting,Door: Health,"My Child tab > 'Current | V3' pill > V3 home > 'Health & illness' door > 'Health' section > 'Cough, cold and a blocked nose' > 'The common cold, and why it keeps coming back'","What is normal, roughly",infographic,1,"full-width chart card (title, subtitle, label/value rows, note)",drawn-placeholder,new,lib/screens/post_pregnancy/pp_health_content.dart,Rendered today as text rows; numbers carry REQUIRED_REVIEW in several sections - needs clinical sign-off and optionally a designed infographic
parenting,Door: Health,"My Child tab > 'Current | V3' pill > V3 home > 'Health & illness' door > 'Health' section > 'Cough, cold and a blocked nose' > 'Clearing a blocked nose'","Saline drops and a nasal aspirator, step by step",video,1,"16:9 (PvVideoPlaceholder, hoisted to top of page); stated length 4 MIN",drawn-placeholder,new,lib/screens/post_pregnancy/pp_health_content.dart,slotId=health/nose_saline; no file exists; placeholder is non-tappable and marked coming soon; needs a filmed video + 16:9 thumbnail
parenting,Door: Health,"My Child tab > 'Current | V3' pill > V3 home > 'Health & illness' door > 'Health' section > 'Cough, cold and a blocked nose' > 'When a cough is more than a cold'","Breathing too fast, roughly",infographic,1,"full-width chart card (title, subtitle, label/value rows, note)",drawn-placeholder,new,lib/screens/post_pregnancy/pp_health_content.dart,Rendered today as text rows; numbers carry REQUIRED_REVIEW in several sections - needs clinical sign-off and optionally a designed infographic
parenting,Door: Health,"My Child tab > 'Current | V3' pill > V3 home > 'Health & illness' door > 'Health' section > 'Loose motions, vomiting and a hard tummy' > 'ORS, made right'",Mixing and giving ORS,video,1,"16:9 (PvVideoPlaceholder, hoisted to top of page); stated length 4 MIN",drawn-placeholder,new,lib/screens/post_pregnancy/pp_health_content.dart,slotId=health/ors_mixing; no file exists; placeholder is non-tappable and marked coming soon; needs a filmed video + 16:9 thumbnail
parenting,Door: Health,"My Child tab > 'Current | V3' pill > V3 home > 'Health & illness' door > 'Health' section > 'Loose motions, vomiting and a hard tummy' > 'Spotting dehydration early'","The signs, in order of usefulness",infographic,1,"full-width chart card (title, subtitle, label/value rows, note)",drawn-placeholder,new,lib/screens/post_pregnancy/pp_health_content.dart,Rendered today as text rows; numbers carry REQUIRED_REVIEW in several sections - needs clinical sign-off and optionally a designed infographic
parenting,Door: Health,My Child tab > 'Current | V3' pill > V3 home > 'Health & illness' door > 'Health' section > 'A rash appeared' > 'Which rash is this?',Telling the common baby rashes apart,video,1,"16:9 (PvVideoPlaceholder, hoisted to top of page); stated length 7 MIN",drawn-placeholder,new,lib/screens/post_pregnancy/pp_health_content.dart,slotId=health/rash_identify; no file exists; placeholder is non-tappable and marked coming soon; needs a filmed video + 16:9 thumbnail
parenting,Door: Health,My Child tab > 'Current | V3' pill > V3 home > 'Health & illness' door > 'Health' section > 'The other things that go around' > 'Ear pain and ear infections',"Is it an ear infection, and how would I know",video,1,"16:9 (PvVideoPlaceholder, hoisted to top of page); stated length 5 MIN",drawn-placeholder,new,lib/screens/post_pregnancy/pp_health_content.dart,slotId=health/ear_pain; no file exists; placeholder is non-tappable and marked coming soon; needs a filmed video + 16:9 thumbnail
parenting,Door: Health,My Child tab > 'Current | V3' pill > V3 home > 'Health & illness' door > 'Health' section > 'Not sure what is wrong?' > 'Something is off and you cannot name it',When something is off and you cannot name it,video,1,"16:9 (PvVideoPlaceholder, hoisted to top of page); stated length 6 MIN",drawn-placeholder,new,lib/screens/post_pregnancy/pp_health_content.dart,slotId=health/something_off; no file exists; placeholder is non-tappable and marked coming soon; needs a filmed video + 16:9 thumbnail
parenting,Door: Health,"My Child tab > 'Current | V3' pill > V3 home > 'Health & illness' door > 'Health' section > 'Is he up to date on his shots?' > 'What is due, and when'","The visits, roughly",infographic,1,"full-width chart card (title, subtitle, label/value rows, note)",drawn-placeholder,new,lib/screens/post_pregnancy/pp_health_content.dart,Rendered today as text rows; numbers carry REQUIRED_REVIEW in several sections - needs clinical sign-off and optionally a designed infographic
parenting,Door: Health,My Child tab > 'Current | V3' pill > V3 home > 'Health & illness' door > 'Health' section > 'Is he up to date on his shots?' > 'After a shot: what is normal',The day after a vaccination,video,1,"16:9 (PvVideoPlaceholder, hoisted to top of page); stated length 4 MIN",drawn-placeholder,new,lib/screens/post_pregnancy/pp_health_content.dart,slotId=health/after_vaccine_care; no file exists; placeholder is non-tappable and marked coming soon; needs a filmed video + 16:9 thumbnail
parenting,Door: Health,My Child tab > 'Current | V3' pill > V3 home > 'Health & illness' door > 'Health' section > 'Is he growing well?' > 'The pressure to make him mota',"Rough expectations, and they are rough",infographic,1,"full-width chart card (title, subtitle, label/value rows, note)",drawn-placeholder,new,lib/screens/post_pregnancy/pp_health_content.dart,Rendered today as text rows; numbers carry REQUIRED_REVIEW in several sections - needs clinical sign-off and optionally a designed infographic
parenting,Door: Health,My Child tab > 'Current | V3' pill > V3 home > 'Health & illness' door > 'Health' section > 'Is he growing well?' > 'What a percentile actually means',What a percentile actually means,video,1,"16:9 (PvVideoPlaceholder, hoisted to top of page); stated length 4 MIN",drawn-placeholder,new,lib/screens/post_pregnancy/pp_health_content.dart,slotId=health/percentiles; no file exists; placeholder is non-tappable and marked coming soon; needs a filmed video + 16:9 thumbnail
parenting,Door: Health,My Child tab > 'Current | V3' pill > V3 home > 'Health & illness' door > 'Health' section > 'Keeping his papers together' > 'Getting the most out of seven minutes',"Seven minutes with the doctor, used well",video,1,"16:9 (PvVideoPlaceholder, hoisted to top of page); stated length 5 MIN",drawn-placeholder,new,lib/screens/post_pregnancy/pp_health_content.dart,slotId=health/doctor_visit; no file exists; placeholder is non-tappable and marked coming soon; needs a filmed video + 16:9 thumbnail
parenting,Door: Health,My Child tab > 'Current | V3' pill > V3 home > 'Health & illness' door > 'Health' section > 'Keeping him well' > 'How to give medicine to a baby',"Giving medicine safely, demonstrated",video,1,"16:9 (PvVideoPlaceholder, hoisted to top of page); stated length 5 MIN",drawn-placeholder,new,lib/screens/post_pregnancy/pp_health_content.dart,slotId=health/giving_medicine; no file exists; placeholder is non-tappable and marked coming soon; needs a filmed video + 16:9 thumbnail
parenting,Door: Early Learning,My Child tab > 'Current | V3' pill > V3 home > 'Early learning' door > 'Early Learning' section > area tiles,Area cover cards (12 areas),illustration,12,"9:16 portrait cover card in a 2-column grid (_PpCoverCard, Image.asset when `cover` is set)",drawn-placeholder,new,lib/screens/post_pregnancy/pp_early_learning_content.dart + pp_section_screen.dart,"`cover` is null on every area; the tile paints the section's tinted ground with a drawn mark. Spec asked for 'Insta-style cover image' per area. Areas: Something to do with him today | Learning through play at home | Telling him a story tonight | Little bedtime tales | Panchatantra stories | Jataka tales | Akbar and Birbal | Tenali Rama | Stories from around the world | The small habits that make a day easier | Getting ready to read, write and count | Getting ready for school"
parenting,Door: Early Learning,My Child tab > 'Current | V3' pill > V3 home > 'Early learning' door > 'Early Learning' section > 'Something to do with him today' > 'Tummy time reach',How to position a baby for tummy time,video,1,"16:9 (PvVideoPlaceholder, hoisted to top of page); stated length 4 MIN",drawn-placeholder,new,lib/screens/post_pregnancy/pp_early_learning_content.dart,slotId=learning/act/tummy_reach; no file exists; placeholder is non-tappable and marked coming soon; needs a filmed video + 16:9 thumbnail
parenting,Door: Early Learning,My Child tab > 'Current | V3' pill > V3 home > 'Early learning' door > 'Early Learning' section > 'Something to do with him today' > 'Pouring water between two glasses',Setting up a pouring tray,video,1,"16:9 (PvVideoPlaceholder, hoisted to top of page); stated length 3 MIN",drawn-placeholder,new,lib/screens/post_pregnancy/pp_early_learning_content.dart,slotId=learning/act/water_pouring; no file exists; placeholder is non-tappable and marked coming soon; needs a filmed video + 16:9 thumbnail
parenting,Door: Early Learning,My Child tab > 'Current | V3' pill > V3 home > 'Early learning' door > 'Early Learning' section > 'Something to do with him today' > 'Spooning dal from one bowl to another',Practical life at your kitchen counter,video,1,"16:9 (PvVideoPlaceholder, hoisted to top of page); stated length 5 MIN",drawn-placeholder,new,lib/screens/post_pregnancy/pp_early_learning_content.dart,slotId=learning/act/spooning_dal; no file exists; placeholder is non-tappable and marked coming soon; needs a filmed video + 16:9 thumbnail
parenting,Door: Early Learning,"My Child tab > 'Current | V3' pill > V3 home > 'Early learning' door > 'Early Learning' section > 'Something to do with him today' > 'Lines, zigzags and circles before letters'",The strokes that come before letters,video,1,"16:9 (PvVideoPlaceholder, hoisted to top of page); stated length 6 MIN",drawn-placeholder,new,lib/screens/post_pregnancy/pp_early_learning_content.dart,slotId=learning/act/prewriting_lines; no file exists; placeholder is non-tappable and marked coming soon; needs a filmed video + 16:9 thumbnail
parenting,Door: Early Learning,My Child tab > 'Current | V3' pill > V3 home > 'Early learning' door > 'Early Learning' section > 'Learning through play at home' > 'Montessori without the forty thousand rupee school',A Montessori-style corner in one bedroom,video,1,"16:9 (PvVideoPlaceholder, hoisted to top of page); stated length 8 MIN",drawn-placeholder,new,lib/screens/post_pregnancy/pp_early_learning_content.dart,slotId=learning/mont/setup_walkthrough; no file exists; placeholder is non-tappable and marked coming soon; needs a filmed video + 16:9 thumbnail
parenting,Door: Early Learning,My Child tab > 'Current | V3' pill > V3 home > 'Early learning' door > 'Early Learning' section > 'Telling him a story tonight' > 'Reading to a baby who cannot understand a word',How to tell a story to a baby who cannot talk yet,video,1,"16:9 (PvVideoPlaceholder, hoisted to top of page); stated length 4 MIN",drawn-placeholder,new,lib/screens/post_pregnancy/pp_early_learning_content.dart,slotId=early_learning/telling_a_story; no file exists; placeholder is non-tappable and marked coming soon; needs a filmed video + 16:9 thumbnail
parenting,Door: Early Learning,My Child tab > 'Current | V3' pill > V3 home > 'Early learning' door > 'Early Learning' section > 'Little bedtime tales' > 'The sleepy little elephant',"The sleepy elephant, read aloud",video,1,"16:9 (PvVideoPlaceholder, hoisted to top of page); stated length 6 MIN",drawn-placeholder,new,lib/screens/post_pregnancy/pp_early_learning_content.dart,slotId=early_learning/read_bedtime; no file exists; placeholder is non-tappable and marked coming soon; needs a filmed video + 16:9 thumbnail
parenting,Door: Early Learning,My Child tab > 'Current | V3' pill > V3 home > 'Early learning' door > 'Early Learning' section > 'Panchatantra stories' > 'The monkey and the crocodile',"The monkey and the crocodile, told properly",video,1,"16:9 (PvVideoPlaceholder, hoisted to top of page); stated length 7 MIN",drawn-placeholder,new,lib/screens/post_pregnancy/pp_early_learning_content.dart,slotId=early_learning/read_panchatantra; no file exists; placeholder is non-tappable and marked coming soon; needs a filmed video + 16:9 thumbnail
parenting,Door: Early Learning,My Child tab > 'Current | V3' pill > V3 home > 'Early learning' door > 'Early Learning' section > 'Jataka tales' > 'The monkey king who made a bridge',The monkey king who made himself the bridge,video,1,"16:9 (PvVideoPlaceholder, hoisted to top of page); stated length 6 MIN",drawn-placeholder,new,lib/screens/post_pregnancy/pp_early_learning_content.dart,slotId=early_learning/read_jataka; no file exists; placeholder is non-tappable and marked coming soon; needs a filmed video + 16:9 thumbnail
parenting,Door: Early Learning,My Child tab > 'Current | V3' pill > V3 home > 'Early learning' door > 'Early Learning' section > 'Akbar and Birbal' > 'Make this line shorter',How Birbal made the line shorter,video,1,"16:9 (PvVideoPlaceholder, hoisted to top of page); stated length 5 MIN",drawn-placeholder,new,lib/screens/post_pregnancy/pp_early_learning_content.dart,slotId=early_learning/read_birbal; no file exists; placeholder is non-tappable and marked coming soon; needs a filmed video + 16:9 thumbnail
parenting,Door: Early Learning,My Child tab > 'Current | V3' pill > V3 home > 'Early learning' door > 'Early Learning' section > 'Tenali Rama' > 'The thieves who watered the garden',Tenali Rama and the thieves in the garden,video,1,"16:9 (PvVideoPlaceholder, hoisted to top of page); stated length 5 MIN",drawn-placeholder,new,lib/screens/post_pregnancy/pp_early_learning_content.dart,slotId=early_learning/read_tenali; no file exists; placeholder is non-tappable and marked coming soon; needs a filmed video + 16:9 thumbnail
parenting,Door: Early Learning,My Child tab > 'Current | V3' pill > V3 home > 'Early learning' door > 'Early Learning' section > 'Stories from around the world' > 'The lion and the mouse',"The lion and the mouse, read aloud",video,1,"16:9 (PvVideoPlaceholder, hoisted to top of page); stated length 4 MIN",drawn-placeholder,new,lib/screens/post_pregnancy/pp_early_learning_content.dart,slotId=early_learning/read_world; no file exists; placeholder is non-tappable and marked coming soon; needs a filmed video + 16:9 thumbnail
parenting,Door: Early Learning,My Child tab > 'Current | V3' pill > V3 home > 'Early learning' door > 'Early Learning' section > 'The small habits that make a day easier' > 'Brushing his teeth',Brushing a toddler's teeth without a fight,video,1,"16:9 (PvVideoPlaceholder, hoisted to top of page); stated length 5 MIN",drawn-placeholder,new,lib/screens/post_pregnancy/pp_early_learning_content.dart,slotId=learning/habit/brushing; no file exists; placeholder is non-tappable and marked coming soon; needs a filmed video + 16:9 thumbnail
parenting,Door: Early Learning,"My Child tab > 'Current | V3' pill > V3 home > 'Early learning' door > 'Early Learning' section > 'Getting ready to read, write and count' > 'What comes before writing'",What comes before writing,video,1,"16:9 (PvVideoPlaceholder, hoisted to top of page); stated length 5 MIN",drawn-placeholder,new,lib/screens/post_pregnancy/pp_early_learning_content.dart,slotId=early_learning/prewriting; no file exists; placeholder is non-tappable and marked coming soon; needs a filmed video + 16:9 thumbnail
parenting,Door: Early Learning,My Child tab > 'Current | V3' pill > V3 home > 'Early learning' door > 'Early Learning' section > 'Getting ready for school' > 'What school readiness actually means',What readiness really means,video,1,"16:9 (PvVideoPlaceholder, hoisted to top of page); stated length 7 MIN",drawn-placeholder,new,lib/screens/post_pregnancy/pp_early_learning_content.dart,slotId=learning/school/readiness_explainer; no file exists; placeholder is non-tappable and marked coming soon; needs a filmed video + 16:9 thumbnail
parenting,Door sections (all 10),V3 home > any door,Section hero illustration,illustration,10,V3HeroField painter (shared with pregnancy/TTC),drawn-placeholder,new,lib/screens/v2/v3_hero_field.dart,By design the parenting hero has NO illustration slot (see note in v3_hero_field.dart). Only commission if that decision is reversed.
parenting,V3 home (bracket grid),My Child tab > 'Current | V3' pill > V3 home > 11 door tiles,Bracket door art,icon-art,11,grid tile art (V3BracketArt painter),drawn-placeholder,new,lib/screens/post_pregnancy/pp_home_v3.dart + lib/screens/v2/v3_bracket_art.dart,Procedural drawn art per bracket; decide whether real illustrations replace it
parenting,V3 home (bracket grid),My Child tab > 'Current | V3' pill > V3 home > 'Reads' rail,Read cover thumbnails (by collection),photo,7,300x300 px square (Image.network via v2PpReadCover),unsplash-url,new,lib/screens/post_pregnancy/pp_home_v3.dart + lib/screens/v2/v2_sections.dart,The ONLY Unsplash usage outside Journal V2; one stock photo per reading collection (7 collections)
parenting,V3 home (bracket grid),My Child tab > 'Current | V3' pill > V3 home > daily card,Daily tip / daily card art,illustration,1,V3 daily card (v3_daily_art painter),drawn-placeholder,new,lib/screens/v2/v3_daily_art.dart,Shared with pregnancy V3 home
parenting,Current home (My Child),My Child tab (Current home = MyChildScreen) > hero,Child's photo,avatar,1,circular identity photo in hero,blank,old,lib/screens/post_pregnancy/my_child_screen.dart,"User-supplied photo; seeded placeholder child ""Your baby"" until a profile is saved. Nothing to commission."
parenting,Current home (My Child),My Child tab (Current home = MyChildScreen) > 'Videos for this phase' rail,Video thumbnails,video-thumbnail,1,PpStriped height 56/72 row thumbs (drawn stripes),drawn-placeholder,old,lib/screens/post_pregnancy/my_child_screen.dart,Pulls from kWatchVideos; real thumbnails come with the Watch videos
parenting,Current home (My Child),My Child tab (Current home = MyChildScreen) > 'Products for this phase',Product thumbnails,product-image,1,48x48 PpProductImage thumb,drawn-placeholder,old,lib/screens/post_pregnancy/pp_common.dart,Same 23 products as Products tab
parenting,"Phases (""His journey"" birth-to-5)",My Child tab (Current home = MyChildScreen) > PhaseMapScreen > phase > PhaseDetailScreen,"'<Phase name>, in five minutes' explainer video",video,20,"16:9 PvVideoPlaceholder, 5 min stated",drawn-placeholder,both/shared,lib/screens/post_pregnancy/phase_detail_screen.dart,One templated video slot per phase (20 phases); no file exists
parenting,Ask Veda,My Child > 'Ask Veda anything else' / Ask FAB > AskVedaScreen,ParentVeda mark,icon-art,1,28 px brand mark (assets/brand/pv-mark.png),real-asset,both/shared,lib/screens/post_pregnancy/askveda_screen.dart,Real asset
parenting,Watch,Explore > Watch (WatchHomeScreen) > Deep Learn > WatchPlayerScreen,Why your baby's sleep changes at 4 months,video,1,"16:9 landscape ; 720s (12:00); home hero card 9:14, rail card 230 px wide, row thumb 132x84",drawn-placeholder,both/shared,lib/screens/post_pregnancy/pp_watch_data.dart,id=sleep4mo; mode=deep; category=Sleep; age=3-6 mo; presenter=Dr. Ananya Rao (Paediatrician); videoUrl=null (no real file). Dev flag kUseDevVideos substitutes one Supabase MP4 (20260401_094233_720p.mp4) for ALL videos. Needs filmed video + thumbnail
parenting,Watch,Explore > Watch (WatchHomeScreen) > Deep Learn > WatchPlayerScreen,Inside the 4-month shift: the world of events,video,1,"16:9 landscape ; 600s (10:00); home hero card 9:14, rail card 230 px wide, row thumb 132x84",drawn-placeholder,both/shared,lib/screens/post_pregnancy/pp_watch_data.dart,id=leap4brain; mode=deep; category=Brain Development; age=3-6 mo; presenter=Dr. Ananya Rao (Paediatrician); videoUrl=null (no real file). Dev flag kUseDevVideos substitutes one Supabase MP4 (20260401_094233_720p.mp4) for ALL videos. Needs filmed video + thumbnail
parenting,Watch,Explore > Watch (WatchHomeScreen) > Deep Learn > WatchPlayerScreen,"Starting solids, calmly",video,1,"16:9 landscape ; 900s (15:00); home hero card 9:14, rail card 230 px wide, row thumb 132x84",drawn-placeholder,both/shared,lib/screens/post_pregnancy/pp_watch_data.dart,id=solids101; mode=deep; category=Nutrition; age=6-12 mo; presenter=Dr. Neha Sharma (Paediatrician); videoUrl=null (no real file). Dev flag kUseDevVideos substitutes one Supabase MP4 (20260401_094233_720p.mp4) for ALL videos. Needs filmed video + thumbnail
parenting,Watch,Explore > Watch (WatchHomeScreen) > Deep Learn > WatchPlayerScreen,Tummy time that doesn't end in tears,video,1,"16:9 landscape ; 480s (8:00); home hero card 9:14, rail card 230 px wide, row thumb 132x84",drawn-placeholder,both/shared,lib/screens/post_pregnancy/pp_watch_data.dart,id=tummytime; mode=deep; category=Activities; age=3-6 mo; presenter=Dr. Meher Shah (Paediatric sleep/physio); videoUrl=null (no real file). Dev flag kUseDevVideos substitutes one Supabase MP4 (20260401_094233_720p.mp4) for ALL videos. Needs filmed video + thumbnail
parenting,Watch,Explore > Watch (WatchHomeScreen) > Deep Learn > WatchPlayerScreen,"The 4-month vaccines, explained",video,1,"16:9 landscape ; 540s (9:00); home hero card 9:14, rail card 230 px wide, row thumb 132x84",drawn-placeholder,both/shared,lib/screens/post_pregnancy/pp_watch_data.dart,id=vaccines4mo; mode=deep; category=Doctor Talks; age=3-6 mo; presenter=Dr. Neha Sharma (Paediatrician); videoUrl=null (no real file). Dev flag kUseDevVideos substitutes one Supabase MP4 (20260401_094233_720p.mp4) for ALL videos. Needs filmed video + thumbnail
parenting,Watch,Explore > Watch (WatchHomeScreen) > Deep Learn > WatchPlayerScreen,From coos to first words,video,1,"16:9 landscape ; 420s (7:00); home hero card 9:14, rail card 230 px wide, row thumb 132x84",drawn-placeholder,both/shared,lib/screens/post_pregnancy/pp_watch_data.dart,id=babbling; mode=deep; category=Language; age=3-6 mo; presenter=Dr. Kabir Sen (Child psychologist); videoUrl=null (no real file). Dev flag kUseDevVideos substitutes one Supabase MP4 (20260401_094233_720p.mp4) for ALL videos. Needs filmed video + thumbnail
parenting,Watch,Explore > Watch (WatchHomeScreen) > Deep Learn > WatchPlayerScreen,"Fever, without the panic",video,1,"16:9 landscape ; 660s (11:00); home hero card 9:14, rail card 230 px wide, row thumb 132x84",drawn-placeholder,both/shared,lib/screens/post_pregnancy/pp_watch_data.dart,id=fevercalm; mode=deep; category=Health; age=0-12 mo; presenter=Dr. Neha Sharma (Paediatrician); videoUrl=null (no real file). Dev flag kUseDevVideos substitutes one Supabase MP4 (20260401_094233_720p.mp4) for ALL videos. Needs filmed video + thumbnail
parenting,Watch,Explore > Watch (WatchHomeScreen) > Deep Learn > WatchPlayerScreen,"Five minutes for you, too",video,1,"16:9 landscape ; 480s (8:00); home hero card 9:14, rail card 230 px wide, row thumb 132x84",drawn-placeholder,both/shared,lib/screens/post_pregnancy/pp_watch_data.dart,id=mumwellness; mode=deep; category=Mental Wellness; age=All stages; presenter=Meera Iyer (Child-safety educator); videoUrl=null (no real file). Dev flag kUseDevVideos substitutes one Supabase MP4 (20260401_094233_720p.mp4) for ALL videos. Needs filmed video + thumbnail
parenting,Watch,Explore > Watch (WatchHomeScreen) > Deep Learn > WatchPlayerScreen,Priya's fourth month,video,1,"16:9 landscape ; 360s (6:00); home hero card 9:14, rail card 230 px wide, row thumb 132x84",drawn-placeholder,both/shared,lib/screens/post_pregnancy/pp_watch_data.dart,id=parentstory; mode=deep; category=Parent Stories; age=3-6 mo; presenter=Ritu Malhotra (Paediatric nutritionist); videoUrl=null (no real file). Dev flag kUseDevVideos substitutes one Supabase MP4 (20260401_094233_720p.mp4) for ALL videos. Needs filmed video + thumbnail
parenting,Watch,Explore > Watch (WatchHomeScreen) > Quick Learn toggle > QuickLearnScreen (vertical shorts feed),A 30-second tummy-time trick,video,1,"vertical 9:16 short ; 45s (0:45); home hero card 9:14, rail card 230 px wide, row thumb 132x84",drawn-placeholder,both/shared,lib/screens/post_pregnancy/pp_watch_data.dart,id=q_tummy; mode=quick; category=Activities; age=3-6 mo; presenter=Dr. Meher Shah (Paediatric sleep/physio); videoUrl=null (no real file). Dev flag kUseDevVideos substitutes one Supabase MP4 (20260401_094233_720p.mp4) for ALL videos. Needs filmed video + thumbnail
parenting,Watch,Explore > Watch (WatchHomeScreen) > Quick Learn toggle > QuickLearnScreen (vertical shorts feed),Why white noise works,video,1,"vertical 9:16 short ; 60s (1:00); home hero card 9:14, rail card 230 px wide, row thumb 132x84",drawn-placeholder,both/shared,lib/screens/post_pregnancy/pp_watch_data.dart,id=q_noise; mode=quick; category=Sleep; age=0-6 mo; presenter=Dr. Ananya Rao (Paediatrician); videoUrl=null (no real file). Dev flag kUseDevVideos substitutes one Supabase MP4 (20260401_094233_720p.mp4) for ALL videos. Needs filmed video + thumbnail
parenting,Watch,Explore > Watch (WatchHomeScreen) > Quick Learn toggle > QuickLearnScreen (vertical shorts feed),Three iron-rich first foods,video,1,"vertical 9:16 short ; 50s (0:50); home hero card 9:14, rail card 230 px wide, row thumb 132x84",drawn-placeholder,both/shared,lib/screens/post_pregnancy/pp_watch_data.dart,id=q_iron; mode=quick; category=Nutrition; age=6-12 mo; presenter=Dr. Neha Sharma (Paediatrician); videoUrl=null (no real file). Dev flag kUseDevVideos substitutes one Supabase MP4 (20260401_094233_720p.mp4) for ALL videos. Needs filmed video + thumbnail
parenting,Watch,Explore > Watch (WatchHomeScreen) > Quick Learn toggle > QuickLearnScreen (vertical shorts feed),The calm-down hold,video,1,"vertical 9:16 short ; 40s (0:40); home hero card 9:14, rail card 230 px wide, row thumb 132x84",drawn-placeholder,both/shared,lib/screens/post_pregnancy/pp_watch_data.dart,id=q_soothe; mode=quick; category=Behaviour; age=0-12 mo; presenter=Dr. Meher Shah (Paediatric sleep/physio); videoUrl=null (no real file). Dev flag kUseDevVideos substitutes one Supabase MP4 (20260401_094233_720p.mp4) for ALL videos. Needs filmed video + thumbnail
parenting,Watch,Explore > Watch (WatchHomeScreen) > Quick Learn toggle > QuickLearnScreen (vertical shorts feed),Narrate your day,video,1,"vertical 9:16 short ; 55s (0:55); home hero card 9:14, rail card 230 px wide, row thumb 132x84",drawn-placeholder,both/shared,lib/screens/post_pregnancy/pp_watch_data.dart,id=q_talk; mode=quick; category=Language; age=3-6 mo; presenter=Dr. Kabir Sen (Child psychologist); videoUrl=null (no real file). Dev flag kUseDevVideos substitutes one Supabase MP4 (20260401_094233_720p.mp4) for ALL videos. Needs filmed video + thumbnail
parenting,Watch,Explore > Watch (WatchHomeScreen) > Quick Learn toggle > QuickLearnScreen (vertical shorts feed),High-contrast play,video,1,"vertical 9:16 short ; 45s (0:45); home hero card 9:14, rail card 230 px wide, row thumb 132x84",drawn-placeholder,both/shared,lib/screens/post_pregnancy/pp_watch_data.dart,id=q_play; mode=quick; category=Play; age=0-6 mo; presenter=Dr. Kabir Sen (Child psychologist); videoUrl=null (no real file). Dev flag kUseDevVideos substitutes one Supabase MP4 (20260401_094233_720p.mp4) for ALL videos. Needs filmed video + thumbnail
parenting,Watch,Explore > Watch (WatchHomeScreen) > Quick Learn toggle > QuickLearnScreen (vertical shorts feed),A breath for you,video,1,"vertical 9:16 short ; 50s (0:50); home hero card 9:14, rail card 230 px wide, row thumb 132x84",drawn-placeholder,both/shared,lib/screens/post_pregnancy/pp_watch_data.dart,id=q_breathe; mode=quick; category=Mental Wellness; age=All stages; presenter=Meera Iyer (Child-safety educator); videoUrl=null (no real file). Dev flag kUseDevVideos substitutes one Supabase MP4 (20260401_094233_720p.mp4) for ALL videos. Needs filmed video + thumbnail
parenting,Watch,Explore > Watch (WatchHomeScreen) > Quick Learn toggle > QuickLearnScreen (vertical shorts feed),The upright burping hold,video,1,"vertical 9:16 short ; 40s (0:40); home hero card 9:14, rail card 230 px wide, row thumb 132x84",drawn-placeholder,both/shared,lib/screens/post_pregnancy/pp_watch_data.dart,id=q_burp; mode=quick; category=Health; age=0-6 mo; presenter=Dr. Neha Sharma (Paediatrician); videoUrl=null (no real file). Dev flag kUseDevVideos substitutes one Supabase MP4 (20260401_094233_720p.mp4) for ALL videos. Needs filmed video + thumbnail
parenting,Watch,Explore > Watch (WatchHomeScreen) > Quick Learn toggle > QuickLearnScreen (vertical shorts feed),A 60-second leg massage,video,1,"vertical 9:16 short ; 60s (1:00); home hero card 9:14, rail card 230 px wide, row thumb 132x84",drawn-placeholder,both/shared,lib/screens/post_pregnancy/pp_watch_data.dart,id=q_massage; mode=quick; category=Activities; age=0-12 mo; presenter=Dr. Meher Shah (Paediatric sleep/physio); videoUrl=null (no real file). Dev flag kUseDevVideos substitutes one Supabase MP4 (20260401_094233_720p.mp4) for ALL videos. Needs filmed video + thumbnail
parenting,Watch,Explore > Watch (WatchHomeScreen) > Quick Learn toggle > QuickLearnScreen (vertical shorts feed),Why singing beats talking,video,1,"vertical 9:16 short ; 45s (0:45); home hero card 9:14, rail card 230 px wide, row thumb 132x84",drawn-placeholder,both/shared,lib/screens/post_pregnancy/pp_watch_data.dart,id=q_sing; mode=quick; category=Language; age=3-6 mo; presenter=Dr. Kabir Sen (Child psychologist); videoUrl=null (no real file). Dev flag kUseDevVideos substitutes one Supabase MP4 (20260401_094233_720p.mp4) for ALL videos. Needs filmed video + thumbnail
parenting,Watch,Explore > Watch (WatchHomeScreen) > Quick Learn toggle > QuickLearnScreen (vertical shorts feed),Spotting the first tired cue,video,1,"vertical 9:16 short ; 50s (0:50); home hero card 9:14, rail card 230 px wide, row thumb 132x84",drawn-placeholder,both/shared,lib/screens/post_pregnancy/pp_watch_data.dart,id=q_sleepcue; mode=quick; category=Sleep; age=0-6 mo; presenter=Dr. Ananya Rao (Paediatrician); videoUrl=null (no real file). Dev flag kUseDevVideos substitutes one Supabase MP4 (20260401_094233_720p.mp4) for ALL videos. Needs filmed video + thumbnail
parenting,Watch,Explore > Watch (WatchHomeScreen) > Quick Learn toggle > QuickLearnScreen (vertical shorts feed),"One drawer, one weekend",video,1,"vertical 9:16 short ; 55s (0:55); home hero card 9:14, rail card 230 px wide, row thumb 132x84",drawn-placeholder,both/shared,lib/screens/post_pregnancy/pp_watch_data.dart,id=q_safe; mode=quick; category=Health; age=6-12 mo; presenter=Meera Iyer (Child-safety educator); videoUrl=null (no real file). Dev flag kUseDevVideos substitutes one Supabase MP4 (20260401_094233_720p.mp4) for ALL videos. Needs filmed video + thumbnail
parenting,Watch,Explore > Watch (WatchHomeScreen) > Podcasts rail > WatchPlayerScreen,The truth about baby sleep,video,1,audio/podcast episode 26 min; cover thumb same WatchThumb sizes,drawn-placeholder,both/shared,lib/screens/post_pregnancy/pp_watch_data.dart,id=pod_sleep; isPodcast=true; presenter=Dr. Ananya Rao (Paediatrician); no file
parenting,Watch,Explore > Watch (WatchHomeScreen) > Podcasts rail > WatchPlayerScreen,Inside the fussy leaps,video,1,audio/podcast episode 33 min; cover thumb same WatchThumb sizes,drawn-placeholder,both/shared,lib/screens/post_pregnancy/pp_watch_data.dart,id=pod_leaps; isPodcast=true; presenter=Dr. Kabir Sen (Child psychologist); no file
parenting,Watch,Explore > Watch (WatchHomeScreen) > Podcasts rail > WatchPlayerScreen,Feeding without the fear,video,1,audio/podcast episode 28 min; cover thumb same WatchThumb sizes,drawn-placeholder,both/shared,lib/screens/post_pregnancy/pp_watch_data.dart,id=pod_solids; isPodcast=true; presenter=Dr. Neha Sharma (Paediatrician); no file
parenting,Watch,Explore > Watch (WatchHomeScreen) > Podcasts rail > WatchPlayerScreen,The crying conversation,video,1,audio/podcast episode 24 min; cover thumb same WatchThumb sizes,drawn-placeholder,both/shared,lib/screens/post_pregnancy/pp_watch_data.dart,id=pod_calm; isPodcast=true; presenter=Dr. Meher Shah (Paediatric sleep/physio); no file
parenting,Watch,Explore > Watch (WatchHomeScreen) > Podcasts rail > WatchPlayerScreen,"The fourth trimester, for you",video,1,audio/podcast episode 22 min; cover thumb same WatchThumb sizes,drawn-placeholder,both/shared,lib/screens/post_pregnancy/pp_watch_data.dart,id=pod_mind; isPodcast=true; presenter=Meera Iyer (Child-safety educator); no file
parenting,Watch,Explore > Watch (WatchHomeScreen),Video thumbnails (all 26 entries),video-thumbnail,26,"WatchThumb seeded gradient: hero 9:14 portrait, rail 230 wide, row 132x84, channel header 104/72, player 50",drawn-placeholder,both/shared,lib/screens/post_pregnancy/watch_common.dart,Thumbnail field exists on none of the entries; drawn from `seed`
parenting,Read,"Explore > Read (ReadExploreScreen, new) / pp_read surface -> ReadingHomeScreen (old) > ReadingReaderScreen",Cover: Why your baby's sleep changes at 4 months,illustration,1,"ReadCover drawn tint: rail card 220 wide, reader hero 190 h, related card 158x96",drawn-placeholder,both/shared,lib/screens/post_pregnancy/reading_common.dart,id=sleepcycles; collection=sleep
parenting,Read,"Explore > Read (ReadExploreScreen, new) / pp_read surface -> ReadingHomeScreen (old) > ReadingReaderScreen","Cover: Phase 4, decoded: what the fussiness means",illustration,1,"ReadCover drawn tint: rail card 220 wide, reader hero 190 h, related card 158x96",drawn-placeholder,both/shared,lib/screens/post_pregnancy/reading_common.dart,id=leap4; collection=brain
parenting,Read,"Explore > Read (ReadExploreScreen, new) / pp_read surface -> ReadingHomeScreen (old) > ReadingReaderScreen",Cover: Starting solids without the stress,illustration,1,"ReadCover drawn tint: rail card 220 wide, reader hero 190 h, related card 158x96",drawn-placeholder,both/shared,lib/screens/post_pregnancy/reading_common.dart,id=solids; collection=feeding
parenting,Read,"Explore > Read (ReadExploreScreen, new) / pp_read surface -> ReadingHomeScreen (old) > ReadingReaderScreen",Cover: Big feelings in a small body,illustration,1,"ReadCover drawn tint: rail card 220 wide, reader hero 190 h, related card 158x96",drawn-placeholder,both/shared,lib/screens/post_pregnancy/reading_common.dart,id=tantrums; collection=behaviour
parenting,Read,"Explore > Read (ReadExploreScreen, new) / pp_read surface -> ReadingHomeScreen (old) > ReadingReaderScreen","Cover: Fever, without the fear",illustration,1,"ReadCover drawn tint: rail card 220 wide, reader hero 190 h, related card 158x96",drawn-placeholder,both/shared,lib/screens/post_pregnancy/reading_common.dart,id=fever; collection=health
parenting,Read,"Explore > Read (ReadExploreScreen, new) / pp_read surface -> ReadingHomeScreen (old) > ReadingReaderScreen",Cover: Talking to your baby before they can talk,illustration,1,"ReadCover drawn tint: rail card 220 wide, reader hero 190 h, related card 158x96",drawn-placeholder,both/shared,lib/screens/post_pregnancy/reading_common.dart,id=talking; collection=play
parenting,Read,"Explore > Read (ReadExploreScreen, new) / pp_read surface -> ReadingHomeScreen (old) > ReadingReaderScreen",Cover: The quiet case for tummy time,illustration,1,"ReadCover drawn tint: rail card 220 wide, reader hero 190 h, related card 158x96",drawn-placeholder,both/shared,lib/screens/post_pregnancy/reading_common.dart,id=tummytime; collection=play
parenting,Read,"Explore > Read (ReadExploreScreen, new) / pp_read surface -> ReadingHomeScreen (old) > ReadingReaderScreen",Cover: Drowsy but awake: the hardest skill,illustration,1,"ReadCover drawn tint: rail card 220 wide, reader hero 190 h, related card 158x96",drawn-placeholder,both/shared,lib/screens/post_pregnancy/reading_common.dart,id=drowsy; collection=sleep
parenting,Read,"Explore > Read (ReadExploreScreen, new) / pp_read surface -> ReadingHomeScreen (old) > ReadingReaderScreen",Cover: Matrescence: the birth of a mother,illustration,1,"ReadCover drawn tint: rail card 220 wide, reader hero 190 h, related card 158x96",drawn-placeholder,both/shared,lib/screens/post_pregnancy/reading_common.dart,id=matrescence; collection=parent
parenting,Read,"Explore > Read (ReadExploreScreen, new) / pp_read surface -> ReadingHomeScreen (old) > ReadingReaderScreen",Cover: C-section recovery: the full picture,illustration,1,"ReadCover drawn tint: rail card 220 wide, reader hero 190 h, related card 158x96",drawn-placeholder,both/shared,lib/screens/post_pregnancy/reading_common.dart,id=csection; collection=parent
parenting,Read,"Explore > Read (ReadExploreScreen, new) / pp_read surface -> ReadingHomeScreen (old) > ReadingReaderScreen > inside article",In-article image slots (ReadSection image:true),photo,0,PpStriped 190 h full-width inside reader,drawn-placeholder,both/shared,lib/screens/post_pregnancy/pp_reading_data.dart,0 sections flagged image:true across the 10 articles
parenting,Read (old),ReadingHomeScreen (old) / ArticleArchive,Old read covers,illustration,3,PpStriped 180 / 150 / 96 blocks,drawn-placeholder,old,lib/screens/post_pregnancy/reading_home_screen.dart,Same articles as above; no extra assets
parenting,Courses & Masterclasses,"Explore > Courses & Masterclasses (CoursesExploreScreen, new) ; pp_courses surface -> LearningHomeScreen (older merged) > LearningDetailScreen",Cover: The Complete Parenting Guide,illustration,1,PpStriped 168 h card / 200 h detail hero (radius 18-22),drawn-placeholder,both/shared,lib/screens/post_pregnancy/learning_home_screen.dart,kind=recordedCourse
parenting,Courses & Masterclasses,"Explore > Courses & Masterclasses (CoursesExploreScreen, new) ; pp_courses surface -> LearningHomeScreen (older merged) > LearningDetailScreen","Cover: The 4-Month Sleep Regression, Solved",illustration,1,PpStriped 168 h card / 200 h detail hero (radius 18-22),drawn-placeholder,both/shared,lib/screens/post_pregnancy/learning_home_screen.dart,kind=masterclass
parenting,Courses & Masterclasses,"Explore > Courses & Masterclasses (CoursesExploreScreen, new) ; pp_courses surface -> LearningHomeScreen (older merged) > LearningDetailScreen",Cover: Sleep Bootcamp,illustration,1,PpStriped 168 h card / 200 h detail hero (radius 18-22),drawn-placeholder,both/shared,lib/screens/post_pregnancy/learning_home_screen.dart,kind=liveCohort
parenting,Courses & Masterclasses,"Explore > Courses & Masterclasses (CoursesExploreScreen, new) ; pp_courses surface -> LearningHomeScreen (older merged) > LearningDetailScreen",Cover: Confident Weaning,illustration,1,PpStriped 168 h card / 200 h detail hero (radius 18-22),drawn-placeholder,both/shared,lib/screens/post_pregnancy/learning_home_screen.dart,kind=liveCohort
parenting,Courses & Masterclasses,"Explore > Courses & Masterclasses (CoursesExploreScreen, new) ; pp_courses surface -> LearningHomeScreen (older merged) > LearningDetailScreen","Cover: Calm Parent, Calm Baby",illustration,1,PpStriped 168 h card / 200 h detail hero (radius 18-22),drawn-placeholder,both/shared,lib/screens/post_pregnancy/learning_home_screen.dart,kind=liveCohort
parenting,Courses & Masterclasses,"Explore > Courses & Masterclasses (CoursesExploreScreen, new) ; pp_courses surface -> LearningHomeScreen (older merged) > LearningDetailScreen",Cover: Gentle Nights - July cohort,illustration,1,PpStriped 168 h card / 200 h detail hero (radius 18-22),drawn-placeholder,both/shared,lib/screens/post_pregnancy/learning_home_screen.dart,kind=liveCohort
parenting,Courses & Masterclasses,"Explore > Courses & Masterclasses (CoursesExploreScreen, new) ; pp_courses surface -> LearningHomeScreen (older merged) > LearningDetailScreen",Cover: Starting solids without the stress,illustration,1,PpStriped 168 h card / 200 h detail hero (radius 18-22),drawn-placeholder,both/shared,lib/screens/post_pregnancy/learning_home_screen.dart,kind=masterclass
parenting,Courses & Masterclasses,"Explore > Courses & Masterclasses (CoursesExploreScreen, new) ; pp_courses surface -> LearningHomeScreen (older merged) > LearningDetailScreen",Cover: Understanding the fussy stretches,illustration,1,PpStriped 168 h card / 200 h detail hero (radius 18-22),drawn-placeholder,both/shared,lib/screens/post_pregnancy/learning_home_screen.dart,kind=masterclass
parenting,Courses & Masterclasses,"Explore > Courses & Masterclasses (CoursesExploreScreen, new) ; pp_courses surface -> LearningHomeScreen (older merged) > LearningDetailScreen",Cover: Baby-proofing for joint families,illustration,1,PpStriped 168 h card / 200 h detail hero (radius 18-22),drawn-placeholder,both/shared,lib/screens/post_pregnancy/learning_home_screen.dart,kind=masterclass
parenting,Courses & Masterclasses,"Explore > Courses & Masterclasses (CoursesExploreScreen, new) ; pp_courses surface -> LearningHomeScreen (older merged) > LearningDetailScreen",Cover: The First 40 Days,illustration,1,PpStriped 168 h card / 200 h detail hero (radius 18-22),drawn-placeholder,both/shared,lib/screens/post_pregnancy/learning_home_screen.dart,kind=masterclass
parenting,Courses & Masterclasses,"Explore > Courses & Masterclasses (CoursesExploreScreen, new) ; pp_courses surface -> LearningHomeScreen (older merged) > LearningDetailScreen",Cover: Play & Brain,illustration,1,PpStriped 168 h card / 200 h detail hero (radius 18-22),drawn-placeholder,both/shared,lib/screens/post_pregnancy/learning_home_screen.dart,kind=recordedCourse
parenting,Courses & Masterclasses,"Explore > Courses & Masterclasses (CoursesExploreScreen, new) ; pp_courses surface -> LearningHomeScreen (older merged) > LearningDetailScreen",Cover: Motor Skills,illustration,1,PpStriped 168 h card / 200 h detail hero (radius 18-22),drawn-placeholder,both/shared,lib/screens/post_pregnancy/learning_home_screen.dart,kind=recordedCourse
parenting,Courses & Masterclasses,"Explore > Courses & Masterclasses (CoursesExploreScreen, new) ; pp_courses surface -> LearningHomeScreen (older merged) > LearningDetailScreen",Cover: Language & Communication,illustration,1,PpStriped 168 h card / 200 h detail hero (radius 18-22),drawn-placeholder,both/shared,lib/screens/post_pregnancy/learning_home_screen.dart,kind=recordedCourse
parenting,Courses & Masterclasses,"Explore > Courses & Masterclasses (CoursesExploreScreen, new) ; pp_courses surface -> LearningHomeScreen (older merged) > LearningDetailScreen","Cover: Baby Sleep, Understood",illustration,1,PpStriped 168 h card / 200 h detail hero (radius 18-22),drawn-placeholder,both/shared,lib/screens/post_pregnancy/learning_home_screen.dart,kind=recordedCourse
parenting,Courses & Masterclasses,"Explore > Courses & Masterclasses (CoursesExploreScreen, new) ; pp_courses surface -> LearningHomeScreen (older merged) > LearningDetailScreen",Cover: Parenting a Child with Special Needs,illustration,1,PpStriped 168 h card / 200 h detail hero (radius 18-22),drawn-placeholder,both/shared,lib/screens/post_pregnancy/learning_home_screen.dart,kind=recordedCourse
parenting,Courses & Masterclasses,"Explore > Courses & Masterclasses (CoursesExploreScreen, new) ; pp_courses surface -> LearningHomeScreen (older merged) > LearningDetailScreen > instructor",Instructor portraits (6 content experts),avatar,6,58x74 card portrait / 70 h header (PpStriped),drawn-placeholder,both/shared,lib/screens/post_pregnancy/learning_detail_screen.dart,"Dr. Neha Sharma, Dr. Ananya Rao, Dr. Meher Shah, Dr. Kabir Sen, Meera Iyer, Ritu Malhotra - all fictional"
parenting,Courses (recorded lessons),"Explore > Courses & Masterclasses (CoursesExploreScreen, new) ; pp_courses surface -> LearningHomeScreen (older merged) > LearningDetailScreen > 'Play & Brain' > CourseLessonScreen",Lesson video: 4-month activities,video,1,"16:9 lesson video, 12 min stated (PpStriped/PvVideo placeholder)",drawn-placeholder,both/shared,lib/screens/post_pregnancy/pp_courses_data.dart,"course=Play & Brain; lesson title + minutes only, no script, no file"
parenting,Courses (recorded lessons),"Explore > Courses & Masterclasses (CoursesExploreScreen, new) ; pp_courses surface -> LearningHomeScreen (older merged) > LearningDetailScreen > 'Play & Brain' > CourseLessonScreen",Lesson video: Reaching & hand skills,video,1,"16:9 lesson video, 10 min stated (PpStriped/PvVideo placeholder)",drawn-placeholder,both/shared,lib/screens/post_pregnancy/pp_courses_data.dart,"course=Play & Brain; lesson title + minutes only, no script, no file"
parenting,Courses (recorded lessons),"Explore > Courses & Masterclasses (CoursesExploreScreen, new) ; pp_courses surface -> LearningHomeScreen (older merged) > LearningDetailScreen > 'Play & Brain' > CourseLessonScreen",Lesson video: Sound & listening,video,1,"16:9 lesson video, 9 min stated (PpStriped/PvVideo placeholder)",drawn-placeholder,both/shared,lib/screens/post_pregnancy/pp_courses_data.dart,"course=Play & Brain; lesson title + minutes only, no script, no file"
parenting,Courses (recorded lessons),"Explore > Courses & Masterclasses (CoursesExploreScreen, new) ; pp_courses surface -> LearningHomeScreen (older merged) > LearningDetailScreen > 'Play & Brain' > CourseLessonScreen",Lesson video: High-contrast play,video,1,"16:9 lesson video, 8 min stated (PpStriped/PvVideo placeholder)",drawn-placeholder,both/shared,lib/screens/post_pregnancy/pp_courses_data.dart,"course=Play & Brain; lesson title + minutes only, no script, no file"
parenting,Courses (recorded lessons),"Explore > Courses & Masterclasses (CoursesExploreScreen, new) ; pp_courses surface -> LearningHomeScreen (older merged) > LearningDetailScreen > 'Play & Brain' > CourseLessonScreen",Lesson video: Peekaboo & object permanence,video,1,"16:9 lesson video, 11 min stated (PpStriped/PvVideo placeholder)",drawn-placeholder,both/shared,lib/screens/post_pregnancy/pp_courses_data.dart,"course=Play & Brain; lesson title + minutes only, no script, no file"
parenting,Courses (recorded lessons),"Explore > Courses & Masterclasses (CoursesExploreScreen, new) ; pp_courses surface -> LearningHomeScreen (older merged) > LearningDetailScreen > 'Motor Skills' > CourseLessonScreen",Lesson video: The road to rolling,video,1,"16:9 lesson video, 11 min stated (PpStriped/PvVideo placeholder)",drawn-placeholder,both/shared,lib/screens/post_pregnancy/pp_courses_data.dart,"course=Motor Skills; lesson title + minutes only, no script, no file"
parenting,Courses (recorded lessons),"Explore > Courses & Masterclasses (CoursesExploreScreen, new) ; pp_courses surface -> LearningHomeScreen (older merged) > LearningDetailScreen > 'Motor Skills' > CourseLessonScreen",Lesson video: Tummy-time that works,video,1,"16:9 lesson video, 9 min stated (PpStriped/PvVideo placeholder)",drawn-placeholder,both/shared,lib/screens/post_pregnancy/pp_courses_data.dart,"course=Motor Skills; lesson title + minutes only, no script, no file"
parenting,Courses (recorded lessons),"Explore > Courses & Masterclasses (CoursesExploreScreen, new) ; pp_courses surface -> LearningHomeScreen (older merged) > LearningDetailScreen > 'Motor Skills' > CourseLessonScreen",Lesson video: Sitting with support,video,1,"16:9 lesson video, 10 min stated (PpStriped/PvVideo placeholder)",drawn-placeholder,both/shared,lib/screens/post_pregnancy/pp_courses_data.dart,"course=Motor Skills; lesson title + minutes only, no script, no file"
parenting,Courses (recorded lessons),"Explore > Courses & Masterclasses (CoursesExploreScreen, new) ; pp_courses surface -> LearningHomeScreen (older merged) > LearningDetailScreen > 'Motor Skills' > CourseLessonScreen",Lesson video: Crawling begins,video,1,"16:9 lesson video, 12 min stated (PpStriped/PvVideo placeholder)",drawn-placeholder,both/shared,lib/screens/post_pregnancy/pp_courses_data.dart,"course=Motor Skills; lesson title + minutes only, no script, no file"
parenting,Courses (recorded lessons),"Explore > Courses & Masterclasses (CoursesExploreScreen, new) ; pp_courses surface -> LearningHomeScreen (older merged) > LearningDetailScreen > 'Language & Communication' > CourseLessonScreen",Lesson video: The talking baby,video,1,"16:9 lesson video, 10 min stated (PpStriped/PvVideo placeholder)",drawn-placeholder,both/shared,lib/screens/post_pregnancy/pp_courses_data.dart,"course=Language & Communication; lesson title + minutes only, no script, no file"
parenting,Courses (recorded lessons),"Explore > Courses & Masterclasses (CoursesExploreScreen, new) ; pp_courses surface -> LearningHomeScreen (older merged) > LearningDetailScreen > 'Language & Communication' > CourseLessonScreen",Lesson video: Serve & return,video,1,"16:9 lesson video, 9 min stated (PpStriped/PvVideo placeholder)",drawn-placeholder,both/shared,lib/screens/post_pregnancy/pp_courses_data.dart,"course=Language & Communication; lesson title + minutes only, no script, no file"
parenting,Courses (recorded lessons),"Explore > Courses & Masterclasses (CoursesExploreScreen, new) ; pp_courses surface -> LearningHomeScreen (older merged) > LearningDetailScreen > 'Language & Communication' > CourseLessonScreen",Lesson video: Narrate your day,video,1,"16:9 lesson video, 8 min stated (PpStriped/PvVideo placeholder)",drawn-placeholder,both/shared,lib/screens/post_pregnancy/pp_courses_data.dart,"course=Language & Communication; lesson title + minutes only, no script, no file"
parenting,Courses (recorded lessons),"Explore > Courses & Masterclasses (CoursesExploreScreen, new) ; pp_courses surface -> LearningHomeScreen (older merged) > LearningDetailScreen > 'Language & Communication' > CourseLessonScreen",Lesson video: From coos to first words,video,1,"16:9 lesson video, 11 min stated (PpStriped/PvVideo placeholder)",drawn-placeholder,both/shared,lib/screens/post_pregnancy/pp_courses_data.dart,"course=Language & Communication; lesson title + minutes only, no script, no file"
parenting,Courses (recorded lessons),"Explore > Courses & Masterclasses (CoursesExploreScreen, new) ; pp_courses surface -> LearningHomeScreen (older merged) > LearningDetailScreen > 'Sleep Bootcamp (recorded)' > CourseLessonScreen",Lesson video: Module 1 Understanding baby sleep,video,1,"16:9 lesson video, 14 min stated (PpStriped/PvVideo placeholder)",drawn-placeholder,both/shared,lib/screens/post_pregnancy/pp_courses_data.dart,"course=Sleep Bootcamp (recorded); lesson title + minutes only, no script, no file"
parenting,Courses (recorded lessons),"Explore > Courses & Masterclasses (CoursesExploreScreen, new) ; pp_courses surface -> LearningHomeScreen (older merged) > LearningDetailScreen > 'Sleep Bootcamp (recorded)' > CourseLessonScreen",Lesson video: Module 2 The 4-month regression,video,1,"16:9 lesson video, 16 min stated (PpStriped/PvVideo placeholder)",drawn-placeholder,both/shared,lib/screens/post_pregnancy/pp_courses_data.dart,"course=Sleep Bootcamp (recorded); lesson title + minutes only, no script, no file"
parenting,Courses (recorded lessons),"Explore > Courses & Masterclasses (CoursesExploreScreen, new) ; pp_courses surface -> LearningHomeScreen (older merged) > LearningDetailScreen > 'Sleep Bootcamp (recorded)' > CourseLessonScreen",Lesson video: Module 3 Drowsy but awake,video,1,"16:9 lesson video, 12 min stated (PpStriped/PvVideo placeholder)",drawn-placeholder,both/shared,lib/screens/post_pregnancy/pp_courses_data.dart,"course=Sleep Bootcamp (recorded); lesson title + minutes only, no script, no file"
parenting,Courses (recorded lessons),"Explore > Courses & Masterclasses (CoursesExploreScreen, new) ; pp_courses surface -> LearningHomeScreen (older merged) > LearningDetailScreen > 'Sleep Bootcamp (recorded)' > CourseLessonScreen",Lesson video: Module 4 Building a wind-down,video,1,"16:9 lesson video, 11 min stated (PpStriped/PvVideo placeholder)",drawn-placeholder,both/shared,lib/screens/post_pregnancy/pp_courses_data.dart,"course=Sleep Bootcamp (recorded); lesson title + minutes only, no script, no file"
parenting,Courses (retired screens),retired,Old masterclass/cohort/guides covers,illustration,8,PpStriped 150/200/58x74 blocks,drawn-placeholder,old (retired),lib/screens/post_pregnancy/masterclasses_screen.dart,No action
parenting,Yoga & Classes,Explore > Yoga & Classes (YogaHomeScreen) > YogaClassScreen ; pp_yoga surface (postnatal filter),Recorded class video: Evening Wind-Down,video,1,"25 min class video; card 210x268, hero 210 h",drawn-placeholder,both/shared,lib/screens/post_pregnancy/pp_yoga_data.dart,instructor=Nisha Pillai; no file
parenting,Yoga & Classes,Explore > Yoga & Classes (YogaHomeScreen) > YogaClassScreen ; pp_yoga surface (postnatal filter),Recorded class video: Everyday Strength & Mobility,video,1,"35 min class video; card 210x268, hero 210 h",drawn-placeholder,both/shared,lib/screens/post_pregnancy/pp_yoga_data.dart,instructor=Aditi Verma; no file
parenting,Yoga & Classes,Explore > Yoga & Classes (YogaHomeScreen) > YogaClassScreen ; pp_yoga surface (postnatal filter),Recorded class video: Open Hips for Labour,video,1,"30 min class video; card 210x268, hero 210 h",drawn-placeholder,both/shared,lib/screens/post_pregnancy/pp_yoga_data.dart,instructor=Radhika Menon; no file
parenting,Yoga & Classes,Explore > Yoga & Classes (YogaHomeScreen) > YogaClassScreen ; pp_yoga surface (postnatal filter),Recorded class video: Relief for a Pregnancy Back,video,1,"20 min class video; card 210x268, hero 210 h",drawn-placeholder,both/shared,lib/screens/post_pregnancy/pp_yoga_data.dart,instructor=Farah Sheikh; no file
parenting,Yoga & Classes,Explore > Yoga & Classes (YogaHomeScreen) > YogaClassScreen ; pp_yoga surface (postnatal filter),Recorded class video: Gentle Return to Movement,video,1,"20 min class video; card 210x268, hero 210 h",drawn-placeholder,both/shared,lib/screens/post_pregnancy/pp_yoga_data.dart,instructor=Sana Kapoor; no file
parenting,Yoga & Classes,Explore > Yoga & Classes (YogaHomeScreen) > YogaClassScreen ; pp_yoga surface (postnatal filter),Recorded class video: Baby-in-Arms Flow,video,1,"25 min class video; card 210x268, hero 210 h",drawn-placeholder,both/shared,lib/screens/post_pregnancy/pp_yoga_data.dart,instructor=Nisha Pillai; no file
parenting,Yoga & Classes,Explore > Yoga & Classes (YogaHomeScreen) > YogaClassScreen ; pp_yoga surface (postnatal filter),Recorded class video: Restorative After IVF,video,1,"30 min class video; card 210x268, hero 210 h",drawn-placeholder,both/shared,lib/screens/post_pregnancy/pp_yoga_data.dart,instructor=Kavya Reddy; no file
parenting,Yoga & Classes,Explore > Yoga & Classes (YogaHomeScreen) > YogaClassScreen ; pp_yoga surface (postnatal filter),Recorded class video: Pranayama Basics,video,1,"15 min class video; card 210x268, hero 210 h",drawn-placeholder,both/shared,lib/screens/post_pregnancy/pp_yoga_data.dart,instructor=Nisha Pillai; no file
parenting,Yoga & Classes,Explore > Yoga & Classes (YogaHomeScreen) > YogaClassScreen ; pp_yoga surface (postnatal filter),Recorded class video: 3-Minute Calm Breath,video,1,"5 min class video; card 210x268, hero 210 h",drawn-placeholder,both/shared,lib/screens/post_pregnancy/pp_yoga_data.dart,instructor=Nisha Pillai; no file
parenting,Yoga & Classes,Explore > Yoga & Classes (YogaHomeScreen) > YogaClassScreen ; pp_yoga surface (postnatal filter),Recorded class video: Sleep-Story Meditation,video,1,"15 min class video; card 210x268, hero 210 h",drawn-placeholder,both/shared,lib/screens/post_pregnancy/pp_yoga_data.dart,instructor=Nisha Pillai; no file
parenting,Yoga & Classes,Explore > Yoga & Classes (YogaHomeScreen) > YogaClassScreen ; pp_yoga surface (postnatal filter),Recorded class video: Meditation for New Mothers,video,1,"12 min class video; card 210x268, hero 210 h",drawn-placeholder,both/shared,lib/screens/post_pregnancy/pp_yoga_data.dart,instructor=Nisha Pillai; no file
parenting,Yoga & Classes,Explore > Yoga & Classes (YogaHomeScreen) > YogaClassScreen ; pp_yoga surface (postnatal filter),Recorded class video: Deep-Core Foundations,video,1,"20 min class video; card 210x268, hero 210 h",drawn-placeholder,both/shared,lib/screens/post_pregnancy/pp_yoga_data.dart,instructor=Sana Kapoor; no file
parenting,Yoga & Classes,Explore > Yoga & Classes (YogaHomeScreen) > YogaClassScreen ; pp_yoga surface (postnatal filter),Recorded class video: Pelvic-Floor Daily Ten,video,1,"10 min class video; card 210x268, hero 210 h",drawn-placeholder,both/shared,lib/screens/post_pregnancy/pp_yoga_data.dart,instructor=Meghna Rao; no file
parenting,Yoga & Classes,Explore > Yoga & Classes (YogaHomeScreen) > YogaClassScreen ; pp_yoga surface (postnatal filter),Class covers (27),photo,27,"YogaCover 210x268 card, 210 h hero, 58 h row",drawn-placeholder,both/shared,lib/screens/post_pregnancy/yoga_common.dart,Per class
parenting,Yoga & Classes,Explore > Yoga & Classes (YogaHomeScreen) > YogaClassScreen ; pp_yoga surface (postnatal filter) > YogaInstructorScreen,Instructor portraits (7),avatar,7,96x96 (instructor page) / 76 h,drawn-placeholder,both/shared,lib/screens/post_pregnancy/yoga_instructor_screen.dart,"Aditi Verma, Nisha Pillai, Radhika Menon, Farah Sheikh, Sana Kapoor, Kavya Reddy, Meghna Rao - fictional"
parenting,Community,Community tab (CommunityScreen),Member/expert avatars,avatar,0,monogram/icon avatars (no photos by design),none-rendered,both/shared,lib/screens/post_pregnancy/community_screen.dart,No images needed; posts support attachment icon (Icons.image) - user content
parenting,Recipes,"Explore > Recipes (RecipesExploreScreen, newest) ; pp_food surface -> RecipesScreen (unified) > RecipePageScreen",Recipe photo: Ragi & banana pancakes,food-image,1,hero 230 h full-width (RecipePage) ; cards 130 h / 100 h (pp_recipe_widgets),drawn-placeholder,both/shared,lib/screens/post_pregnancy/recipe_page_screen.dart,id=ragipancake; no image field with a URL exists
parenting,Recipes,"Explore > Recipes (RecipesExploreScreen, newest) ; pp_food surface -> RecipesScreen (unified) > RecipePageScreen",Recipe photo: Sweet potato mash,food-image,1,hero 230 h full-width (RecipePage) ; cards 130 h / 100 h (pp_recipe_widgets),drawn-placeholder,both/shared,lib/screens/post_pregnancy/recipe_page_screen.dart,id=sweetpotatomash; no image field with a URL exists
parenting,Recipes,"Explore > Recipes (RecipesExploreScreen, newest) ; pp_food surface -> RecipesScreen (unified) > RecipePageScreen",Recipe photo: Soft moong dal khichdi,food-image,1,hero 230 h full-width (RecipePage) ; cards 130 h / 100 h (pp_recipe_widgets),drawn-placeholder,both/shared,lib/screens/post_pregnancy/recipe_page_screen.dart,id=moongkhichdi; no image field with a URL exists
parenting,Recipes,"Explore > Recipes (RecipesExploreScreen, newest) ; pp_food surface -> RecipesScreen (unified) > RecipePageScreen",Recipe photo: Savoury vegetable oats,food-image,1,hero 230 h full-width (RecipePage) ; cards 130 h / 100 h (pp_recipe_widgets),drawn-placeholder,both/shared,lib/screens/post_pregnancy/recipe_page_screen.dart,id=veggieoats; no image field with a URL exists
parenting,Recipes,"Explore > Recipes (RecipesExploreScreen, newest) ; pp_food surface -> RecipesScreen (unified) > RecipePageScreen",Recipe photo: Paneer & veg cutlets,food-image,1,hero 230 h full-width (RecipePage) ; cards 130 h / 100 h (pp_recipe_widgets),drawn-placeholder,both/shared,lib/screens/post_pregnancy/recipe_page_screen.dart,id=paneercutlet; no image field with a URL exists
parenting,Recipes,"Explore > Recipes (RecipesExploreScreen, newest) ; pp_food surface -> RecipesScreen (unified) > RecipePageScreen",Recipe photo: Soft vegetable khichdi,food-image,1,hero 230 h full-width (RecipePage) ; cards 130 h / 100 h (pp_recipe_widgets),drawn-placeholder,both/shared,lib/screens/post_pregnancy/recipe_page_screen.dart,id=vegkhichdi; no image field with a URL exists
parenting,Recipes,"Explore > Recipes (RecipesExploreScreen, newest) ; pp_food surface -> RecipesScreen (unified) > RecipePageScreen",Recipe photo: Ragi and vegetable porridge,food-image,1,hero 230 h full-width (RecipePage) ; cards 130 h / 100 h (pp_recipe_widgets),drawn-placeholder,both/shared,lib/screens/post_pregnancy/recipe_page_screen.dart,id=ragiveg; no image field with a URL exists
parenting,Recipes,"Explore > Recipes (RecipesExploreScreen, newest) ; pp_food surface -> RecipesScreen (unified) > RecipePageScreen",Recipe photo: Dalia with soft vegetables,food-image,1,hero 230 h full-width (RecipePage) ; cards 130 h / 100 h (pp_recipe_widgets),drawn-placeholder,both/shared,lib/screens/post_pregnancy/recipe_page_screen.dart,id=daliaveg; no image field with a URL exists
parenting,Recipes,"Explore > Recipes (RecipesExploreScreen, newest) ; pp_food surface -> RecipesScreen (unified) > RecipePageScreen",Recipe photo: Soft paneer pulao,food-image,1,hero 230 h full-width (RecipePage) ; cards 130 h / 100 h (pp_recipe_widgets),drawn-placeholder,both/shared,lib/screens/post_pregnancy/recipe_page_screen.dart,id=paneerpulao; no image field with a URL exists
parenting,Recipes,"Explore > Recipes (RecipesExploreScreen, newest) ; pp_food surface -> RecipesScreen (unified) > RecipePageScreen",Recipe photo: Moong dal chilla fingers,food-image,1,hero 230 h full-width (RecipePage) ; cards 130 h / 100 h (pp_recipe_widgets),drawn-placeholder,both/shared,lib/screens/post_pregnancy/recipe_page_screen.dart,id=moongchilla; no image field with a URL exists
parenting,Recipes,"Explore > Recipes (RecipesExploreScreen, newest) ; pp_food surface -> RecipesScreen (unified) > RecipePageScreen",Recipe photo: Palak (spinach) dal,food-image,1,hero 230 h full-width (RecipePage) ; cards 130 h / 100 h (pp_recipe_widgets),drawn-placeholder,both/shared,lib/screens/post_pregnancy/recipe_page_screen.dart,id=palakdal; no image field with a URL exists
parenting,Recipes,"Explore > Recipes (RecipesExploreScreen, newest) ; pp_food surface -> RecipesScreen (unified) > RecipePageScreen","Recipe photo: Curd rice, travel-friendly",food-image,1,hero 230 h full-width (RecipePage) ; cards 130 h / 100 h (pp_recipe_widgets),drawn-placeholder,both/shared,lib/screens/post_pregnancy/recipe_page_screen.dart,id=curdrice; no image field with a URL exists
parenting,Recipes,"Explore > Recipes (RecipesExploreScreen, newest) ; pp_food surface -> RecipesScreen (unified) > RecipePageScreen",Recipe photo: Soft egg bhurji,food-image,1,hero 230 h full-width (RecipePage) ; cards 130 h / 100 h (pp_recipe_widgets),drawn-placeholder,both/shared,lib/screens/post_pregnancy/recipe_page_screen.dart,id=eggbhurji; no image field with a URL exists
parenting,Recipes,"Explore > Recipes (RecipesExploreScreen, newest) ; pp_food surface -> RecipesScreen (unified) > RecipePageScreen",Recipe photo: Ragi & banana smoothie,food-image,1,hero 230 h full-width (RecipePage) ; cards 130 h / 100 h (pp_recipe_widgets),drawn-placeholder,both/shared,lib/screens/post_pregnancy/recipe_page_screen.dart,id=ragismoothie; no image field with a URL exists
parenting,Recipes,"Explore > Recipes (RecipesExploreScreen, newest) ; pp_food surface -> RecipesScreen (unified) > RecipePageScreen",Recipe photo: Tomato & carrot soup,food-image,1,hero 230 h full-width (RecipePage) ; cards 130 h / 100 h (pp_recipe_widgets),drawn-placeholder,both/shared,lib/screens/post_pregnancy/recipe_page_screen.dart,id=tomatocarrotsoup; no image field with a URL exists
parenting,Recipes,"Explore > Recipes (RecipesExploreScreen, newest) ; pp_food surface -> RecipesScreen (unified) > RecipePageScreen",Recipe photo: Soft besan chilla,food-image,1,hero 230 h full-width (RecipePage) ; cards 130 h / 100 h (pp_recipe_widgets),drawn-placeholder,both/shared,lib/screens/post_pregnancy/recipe_page_screen.dart,id=besanchilla; no image field with a URL exists
parenting,Recipes,"Explore > Recipes (RecipesExploreScreen, newest) ; pp_food surface -> RecipesScreen (unified) > RecipePageScreen",Recipe photo: Date & banana kheer,food-image,1,hero 230 h full-width (RecipePage) ; cards 130 h / 100 h (pp_recipe_widgets),drawn-placeholder,both/shared,lib/screens/post_pregnancy/recipe_page_screen.dart,id=datekheer; no image field with a URL exists
parenting,Recipes,"Explore > Recipes (RecipesExploreScreen, newest) ; pp_food surface -> RecipesScreen (unified) > RecipePageScreen","Recipe photo: Veggie Maggi, the smarter way",food-image,1,hero 230 h full-width (RecipePage) ; cards 130 h / 100 h (pp_recipe_widgets),drawn-placeholder,both/shared,lib/screens/post_pregnancy/recipe_page_screen.dart,id=maggi; no image field with a URL exists
parenting,Recipes,"Explore > Recipes (RecipesExploreScreen, newest) ; pp_food surface -> RecipesScreen (unified) > RecipePageScreen",Recipe photo: Soft veg pulao,food-image,1,hero 230 h full-width (RecipePage) ; cards 130 h / 100 h (pp_recipe_widgets),drawn-placeholder,both/shared,lib/screens/post_pregnancy/recipe_page_screen.dart,id=vegpulao; no image field with a URL exists
parenting,Recipes,"Explore > Recipes (RecipesExploreScreen, newest) ; pp_food surface -> RecipesScreen (unified) > RecipePageScreen",Recipe photo: Clear chicken soup,food-image,1,hero 230 h full-width (RecipePage) ; cards 130 h / 100 h (pp_recipe_widgets),drawn-placeholder,both/shared,lib/screens/post_pregnancy/recipe_page_screen.dart,id=chickensoup; no image field with a URL exists
parenting,Recipes,"Explore > Recipes (RecipesExploreScreen, newest) ; pp_food surface -> RecipesScreen (unified) > RecipePageScreen",Recipe photo: Stewed prune & apple puree,food-image,1,hero 230 h full-width (RecipePage) ; cards 130 h / 100 h (pp_recipe_widgets),drawn-placeholder,both/shared,lib/screens/post_pregnancy/recipe_page_screen.dart,id=prunepuree; no image field with a URL exists
parenting,Recipes,"Explore > Recipes (RecipesExploreScreen, newest) ; pp_food surface -> RecipesScreen (unified) > RecipePageScreen","Recipe photo: Ragi porridge, loose",food-image,1,hero 230 h full-width (RecipePage) ; cards 130 h / 100 h (pp_recipe_widgets),drawn-placeholder,both/shared,lib/screens/post_pregnancy/recipe_page_screen.dart,id=ragiporridge; no image field with a URL exists
parenting,Recipes,"Explore > Recipes (RecipesExploreScreen, newest) ; pp_food surface -> RecipesScreen (unified) > RecipePageScreen",Recipe photo: Banana & rice mash,food-image,1,hero 230 h full-width (RecipePage) ; cards 130 h / 100 h (pp_recipe_widgets),drawn-placeholder,both/shared,lib/screens/post_pregnancy/recipe_page_screen.dart,id=bananarice; no image field with a URL exists
parenting,Recipes,"Explore > Recipes (RecipesExploreScreen, newest) ; pp_food surface -> RecipesScreen (unified) > RecipePageScreen",Recipe photo: Tender coconut water,food-image,1,hero 230 h full-width (RecipePage) ; cards 130 h / 100 h (pp_recipe_widgets),drawn-placeholder,both/shared,lib/screens/post_pregnancy/recipe_page_screen.dart,id=coconutwater; no image field with a URL exists
parenting,Recipes,"Explore > Recipes (RecipesExploreScreen, newest) ; pp_food surface -> RecipesScreen (unified) > RecipePageScreen",Recipe photo: Soft tomato rasam,food-image,1,hero 230 h full-width (RecipePage) ; cards 130 h / 100 h (pp_recipe_widgets),drawn-placeholder,both/shared,lib/screens/post_pregnancy/recipe_page_screen.dart,id=rasam; no image field with a URL exists
parenting,Recipes,"Explore > Recipes (RecipesExploreScreen, newest) ; pp_food surface -> RecipesScreen (unified) > RecipePageScreen",Recipe photo: Golden turmeric milk,food-image,1,hero 230 h full-width (RecipePage) ; cards 130 h / 100 h (pp_recipe_widgets),drawn-placeholder,both/shared,lib/screens/post_pregnancy/recipe_page_screen.dart,id=turmericmilk; no image field with a URL exists
parenting,Recipes,"Explore > Recipes (RecipesExploreScreen, newest) ; pp_food surface -> RecipesScreen (unified) > RecipePageScreen",Recipe photo: Moong dal water,food-image,1,hero 230 h full-width (RecipePage) ; cards 130 h / 100 h (pp_recipe_widgets),drawn-placeholder,both/shared,lib/screens/post_pregnancy/recipe_page_screen.dart,id=moongwater; no image field with a URL exists
parenting,Recipes,"Explore > Recipes (RecipesExploreScreen, newest) ; pp_food surface -> RecipesScreen (unified) > RecipePageScreen","Recipe photo: Light khichdi, extra soft",food-image,1,hero 230 h full-width (RecipePage) ; cards 130 h / 100 h (pp_recipe_widgets),drawn-placeholder,both/shared,lib/screens/post_pregnancy/recipe_page_screen.dart,id=lightkhichdi; no image field with a URL exists
parenting,Recipes,"Explore > Recipes (RecipesExploreScreen, newest) ; pp_food surface -> RecipesScreen (unified) > RecipePageScreen > 'Veggie Maggi' recipe",Recipe video (hasVideo:true),video,1,16:9 PvVideoPlaceholder,drawn-placeholder,both/shared,lib/screens/post_pregnancy/recipes_explore_screen.dart,Only recipe flagged with a video
parenting,"Recipes (Food Companion, retired)","FoodHomeScreen > FoodRecipeScreen (retired, not wired)","'<recipe>, step by step' cooking video (4 min) per recipe",video,28,"16:9 PvVideoPlaceholder, 4 min",drawn-placeholder,old (retired),lib/screens/post_pregnancy/food_recipe_screen.dart,Templated per-recipe video slot on the retired Food Companion recipe page. Would become live if cooking videos are commissioned and the slot is moved to RecipePageScreen
parenting,Products,Products tab (ProductsDiscoveryScreen) ; V3 'Buying guides' door > Compare & choose > Sleep > ProductDetailScreen,Product photo: Dozy White-Noise Soother,product-image,1,card 130 h (PpProductImage cover block) ; detail hero 230 h + gallery (imageUrls) ; compare 76/54/48 ; row thumb 48x48,drawn-placeholder,both/shared,lib/screens/post_pregnancy/pp_products_data.dart,id=dozy; brand=Dozy; imageUrl='' and imageUrls=[] -> 'PHOTO SOON' cover block. Needs hero + 2-3 gallery shots
parenting,Products,Products tab (ProductsDiscoveryScreen) ; V3 'Buying guides' door > Compare & choose > Sleep > ProductDetailScreen,Product photo: Lull Portable Soother,product-image,1,card 130 h (PpProductImage cover block) ; detail hero 230 h + gallery (imageUrls) ; compare 76/54/48 ; row thumb 48x48,drawn-placeholder,both/shared,lib/screens/post_pregnancy/pp_products_data.dart,id=lull; brand=Lull; imageUrl='' and imageUrls=[] -> 'PHOTO SOON' cover block. Needs hero + 2-3 gallery shots
parenting,Products,Products tab (ProductsDiscoveryScreen) ; V3 'Buying guides' door > Compare & choose > Sleep > ProductDetailScreen,Product photo: Hush Mini Sound Machine,product-image,1,card 130 h (PpProductImage cover block) ; detail hero 230 h + gallery (imageUrls) ; compare 76/54/48 ; row thumb 48x48,drawn-placeholder,both/shared,lib/screens/post_pregnancy/pp_products_data.dart,id=hush; brand=Hushh; imageUrl='' and imageUrls=[] -> 'PHOTO SOON' cover block. Needs hero + 2-3 gallery shots
parenting,Products,Products tab (ProductsDiscoveryScreen) ; V3 'Buying guides' door > Compare & choose > Sleep > ProductDetailScreen,Product photo: CloudTunes Soother,product-image,1,card 130 h (PpProductImage cover block) ; detail hero 230 h + gallery (imageUrls) ; compare 76/54/48 ; row thumb 48x48,drawn-placeholder,both/shared,lib/screens/post_pregnancy/pp_products_data.dart,id=cloudtunes; brand=CloudTunes; imageUrl='' and imageUrls=[] -> 'PHOTO SOON' cover block. Needs hero + 2-3 gallery shots
parenting,Products,Products tab (ProductsDiscoveryScreen) ; V3 'Buying guides' door > Compare & choose > Sleep > ProductDetailScreen,Product photo: Cosy Cotton Sleepsuit,product-image,1,card 130 h (PpProductImage cover block) ; detail hero 230 h + gallery (imageUrls) ; compare 76/54/48 ; row thumb 48x48,drawn-placeholder,both/shared,lib/screens/post_pregnancy/pp_products_data.dart,id=cosysuit; brand=Dozy; imageUrl='' and imageUrls=[] -> 'PHOTO SOON' cover block. Needs hero + 2-3 gallery shots
parenting,Products,Products tab (ProductsDiscoveryScreen) ; V3 'Buying guides' door > Compare & choose > Sleep > ProductDetailScreen,Product photo: Merino Sleep Sack,product-image,1,card 130 h (PpProductImage cover block) ; detail hero 230 h + gallery (imageUrls) ; compare 76/54/48 ; row thumb 48x48,drawn-placeholder,both/shared,lib/screens/post_pregnancy/pp_products_data.dart,id=merinosack; brand=SnuggleSack; imageUrl='' and imageUrls=[] -> 'PHOTO SOON' cover block. Needs hero + 2-3 gallery shots
parenting,Products,Products tab (ProductsDiscoveryScreen) ; V3 'Buying guides' door > Compare & choose > Sleep > ProductDetailScreen,Product photo: Hush Blackout Curtains,product-image,1,card 130 h (PpProductImage cover block) ; detail hero 230 h + gallery (imageUrls) ; compare 76/54/48 ; row thumb 48x48,drawn-placeholder,both/shared,lib/screens/post_pregnancy/pp_products_data.dart,id=hushcurtains; brand=ParentVeda; imageUrl='' and imageUrls=[] -> 'PHOTO SOON' cover block. Needs hero + 2-3 gallery shots
parenting,Products,Products tab (ProductsDiscoveryScreen) ; V3 'Buying guides' door > Compare & choose > Sleep > ProductDetailScreen,Product photo: SnuggleSack Sleep Bag,product-image,1,card 130 h (PpProductImage cover block) ; detail hero 230 h + gallery (imageUrls) ; compare 76/54/48 ; row thumb 48x48,drawn-placeholder,both/shared,lib/screens/post_pregnancy/pp_products_data.dart,id=snugglesack; brand=SnuggleSack; imageUrl='' and imageUrls=[] -> 'PHOTO SOON' cover block. Needs hero + 2-3 gallery shots
parenting,Products,Products tab (ProductsDiscoveryScreen) ; V3 'Buying guides' door > Compare & choose > Skincare > ProductDetailScreen,Product photo: Soothe Baby Lotion,product-image,1,card 130 h (PpProductImage cover block) ; detail hero 230 h + gallery (imageUrls) ; compare 76/54/48 ; row thumb 48x48,drawn-placeholder,both/shared,lib/screens/post_pregnancy/pp_products_data.dart,id=lotion; brand=ParentVeda; imageUrl='' and imageUrls=[] -> 'PHOTO SOON' cover block. Needs hero + 2-3 gallery shots
parenting,Products,Products tab (ProductsDiscoveryScreen) ; V3 'Buying guides' door > Compare & choose > Skincare > ProductDetailScreen,Product photo: Calm Zinc Rash Cream,product-image,1,card 130 h (PpProductImage cover block) ; detail hero 230 h + gallery (imageUrls) ; compare 76/54/48 ; row thumb 48x48,drawn-placeholder,both/shared,lib/screens/post_pregnancy/pp_products_data.dart,id=rashcream; brand=Sebamed; imageUrl='' and imageUrls=[] -> 'PHOTO SOON' cover block. Needs hero + 2-3 gallery shots
parenting,Products,Products tab (ProductsDiscoveryScreen) ; V3 'Buying guides' door > Compare & choose > Skincare > ProductDetailScreen,Product photo: Gentle Top-to-Toe Wash,product-image,1,card 130 h (PpProductImage cover block) ; detail hero 230 h + gallery (imageUrls) ; compare 76/54/48 ; row thumb 48x48,drawn-placeholder,both/shared,lib/screens/post_pregnancy/pp_products_data.dart,id=babywash; brand=Mustela; imageUrl='' and imageUrls=[] -> 'PHOTO SOON' cover block. Needs hero + 2-3 gallery shots
parenting,Products,Products tab (ProductsDiscoveryScreen) ; V3 'Buying guides' door > Compare & choose > Feeding > ProductDetailScreen,Product photo: Anti-Colic Feeding Bottle,product-image,1,card 130 h (PpProductImage cover block) ; detail hero 230 h + gallery (imageUrls) ; compare 76/54/48 ; row thumb 48x48,drawn-placeholder,both/shared,lib/screens/post_pregnancy/pp_products_data.dart,id=bottle; brand=Philips; imageUrl='' and imageUrls=[] -> 'PHOTO SOON' cover block. Needs hero + 2-3 gallery shots
parenting,Products,Products tab (ProductsDiscoveryScreen) ; V3 'Buying guides' door > Compare & choose > Feeding > ProductDetailScreen,Product photo: First Spoons Weaning Set,product-image,1,card 130 h (PpProductImage cover block) ; detail hero 230 h + gallery (imageUrls) ; compare 76/54/48 ; row thumb 48x48,drawn-placeholder,both/shared,lib/screens/post_pregnancy/pp_products_data.dart,id=spoons; brand=ParentVeda; imageUrl='' and imageUrls=[] -> 'PHOTO SOON' cover block. Needs hero + 2-3 gallery shots
parenting,Products,Products tab (ProductsDiscoveryScreen) ; V3 'Buying guides' door > Compare & choose > Feeding > ProductDetailScreen,Product photo: Steam Steriliser,product-image,1,card 130 h (PpProductImage cover block) ; detail hero 230 h + gallery (imageUrls) ; compare 76/54/48 ; row thumb 48x48,drawn-placeholder,both/shared,lib/screens/post_pregnancy/pp_products_data.dart,id=steriliser; brand=Philips; imageUrl='' and imageUrls=[] -> 'PHOTO SOON' cover block. Needs hero + 2-3 gallery shots
parenting,Products,Products tab (ProductsDiscoveryScreen) ; V3 'Buying guides' door > Compare & choose > Play & Development > ProductDetailScreen,Product photo: High-Contrast Play Gym,product-image,1,card 130 h (PpProductImage cover block) ; detail hero 230 h + gallery (imageUrls) ; compare 76/54/48 ; row thumb 48x48,drawn-placeholder,both/shared,lib/screens/post_pregnancy/pp_products_data.dart,id=playgym; brand=Skip Hop; imageUrl='' and imageUrls=[] -> 'PHOTO SOON' cover block. Needs hero + 2-3 gallery shots
parenting,Products,Products tab (ProductsDiscoveryScreen) ; V3 'Buying guides' door > Compare & choose > Play & Development > ProductDetailScreen,Product photo: Peekaboo Cloth Book,product-image,1,card 130 h (PpProductImage cover block) ; detail hero 230 h + gallery (imageUrls) ; compare 76/54/48 ; row thumb 48x48,drawn-placeholder,both/shared,lib/screens/post_pregnancy/pp_products_data.dart,id=clothbook; brand=ParentVeda; imageUrl='' and imageUrls=[] -> 'PHOTO SOON' cover block. Needs hero + 2-3 gallery shots
parenting,Products,Products tab (ProductsDiscoveryScreen) ; V3 'Buying guides' door > Compare & choose > Play & Development > ProductDetailScreen,Product photo: Crinkle Sensory Set,product-image,1,card 130 h (PpProductImage cover block) ; detail hero 230 h + gallery (imageUrls) ; compare 76/54/48 ; row thumb 48x48,drawn-placeholder,both/shared,lib/screens/post_pregnancy/pp_products_data.dart,id=crinkle; brand=Fisher-Price; imageUrl='' and imageUrls=[] -> 'PHOTO SOON' cover block. Needs hero + 2-3 gallery shots
parenting,Products,Products tab (ProductsDiscoveryScreen) ; V3 'Buying guides' door > Compare & choose > Health & Safety > ProductDetailScreen,Product photo: Forehead Thermometer,product-image,1,card 130 h (PpProductImage cover block) ; detail hero 230 h + gallery (imageUrls) ; compare 76/54/48 ; row thumb 48x48,drawn-placeholder,both/shared,lib/screens/post_pregnancy/pp_products_data.dart,id=thermometer; brand=Dr Trust; imageUrl='' and imageUrls=[] -> 'PHOTO SOON' cover block. Needs hero + 2-3 gallery shots
parenting,Products,Products tab (ProductsDiscoveryScreen) ; V3 'Buying guides' door > Compare & choose > Health & Safety > ProductDetailScreen,Product photo: Corner Guard Pack,product-image,1,card 130 h (PpProductImage cover block) ; detail hero 230 h + gallery (imageUrls) ; compare 76/54/48 ; row thumb 48x48,drawn-placeholder,both/shared,lib/screens/post_pregnancy/pp_products_data.dart,id=cornerguard; brand=Safe-O-Kid; imageUrl='' and imageUrls=[] -> 'PHOTO SOON' cover block. Needs hero + 2-3 gallery shots
parenting,Products,Products tab (ProductsDiscoveryScreen) ; V3 'Buying guides' door > Compare & choose > Health & Safety > ProductDetailScreen,Product photo: Baby First-Aid Kit,product-image,1,card 130 h (PpProductImage cover block) ; detail hero 230 h + gallery (imageUrls) ; compare 76/54/48 ; row thumb 48x48,drawn-placeholder,both/shared,lib/screens/post_pregnancy/pp_products_data.dart,id=firstaid; brand=ParentVeda; imageUrl='' and imageUrls=[] -> 'PHOTO SOON' cover block. Needs hero + 2-3 gallery shots
parenting,Products,Products tab (ProductsDiscoveryScreen) ; V3 'Buying guides' door > Compare & choose > On the move > ProductDetailScreen,Product photo: Featherlite Stroller,product-image,1,card 130 h (PpProductImage cover block) ; detail hero 230 h + gallery (imageUrls) ; compare 76/54/48 ; row thumb 48x48,drawn-placeholder,both/shared,lib/screens/post_pregnancy/pp_products_data.dart,id=stroller; brand=LuvLap; imageUrl='' and imageUrls=[] -> 'PHOTO SOON' cover block. Needs hero + 2-3 gallery shots
parenting,Products,Products tab (ProductsDiscoveryScreen) ; V3 'Buying guides' door > Compare & choose > On the move > ProductDetailScreen,Product photo: Ergo Baby Carrier,product-image,1,card 130 h (PpProductImage cover block) ; detail hero 230 h + gallery (imageUrls) ; compare 76/54/48 ; row thumb 48x48,drawn-placeholder,both/shared,lib/screens/post_pregnancy/pp_products_data.dart,id=carrier; brand=Ergobaby; imageUrl='' and imageUrls=[] -> 'PHOTO SOON' cover block. Needs hero + 2-3 gallery shots
parenting,Products,Products tab (ProductsDiscoveryScreen) ; V3 'Buying guides' door > Compare & choose > On the move > ProductDetailScreen,Product photo: Infant Car Seat,product-image,1,card 130 h (PpProductImage cover block) ; detail hero 230 h + gallery (imageUrls) ; compare 76/54/48 ; row thumb 48x48,drawn-placeholder,both/shared,lib/screens/post_pregnancy/pp_products_data.dart,id=carseat; brand=Chicco; imageUrl='' and imageUrls=[] -> 'PHOTO SOON' cover block. Needs hero + 2-3 gallery shots
parenting,Deals,Explore > Recommendations (RecoExploreScreen) > deals rail ; My Child home deals (old home),Deal product images (23),product-image,23,"PpDealCard 208 px wide, RecoThumb 128 h",drawn-placeholder,both/shared,lib/screens/post_pregnancy/reco_common.dart,One per deal
parenting,Recommendations,"Explore > Recommendations (RecoExploreScreen, new) > category / collection > RecoDetailScreen ; RecommendationsScreen (old) still reachable from My Child > Books","Reco image: Black, White & Red Baby Book",product-image,1,RecoThumb 128 h (rail card 214 wide); detail hero,drawn-placeholder,both/shared,lib/screens/post_pregnancy/pp_reco_data.dart,category=Books; age=0-6m
parenting,Recommendations,"Explore > Recommendations (RecoExploreScreen, new) > category / collection > RecoDetailScreen ; RecommendationsScreen (old) still reachable from My Child > Books",Reco image: Cloth Crinkle Book,product-image,1,RecoThumb 128 h (rail card 214 wide); detail hero,drawn-placeholder,both/shared,lib/screens/post_pregnancy/pp_reco_data.dart,category=Books; age=2-10m
parenting,Recommendations,"Explore > Recommendations (RecoExploreScreen, new) > category / collection > RecoDetailScreen ; RecommendationsScreen (old) still reachable from My Child > Books",Reco image: Peekaboo Baby - Indian Faces,product-image,1,RecoThumb 128 h (rail card 214 wide); detail hero,drawn-placeholder,both/shared,lib/screens/post_pregnancy/pp_reco_data.dart,category=Books; age=3-12m
parenting,Recommendations,"Explore > Recommendations (RecoExploreScreen, new) > category / collection > RecoDetailScreen ; RecommendationsScreen (old) still reachable from My Child > Books",Reco image: How Are You Feeling Today?,product-image,1,RecoThumb 128 h (rail card 214 wide); detail hero,drawn-placeholder,both/shared,lib/screens/post_pregnancy/pp_reco_data.dart,category=Books; age=18-48m
parenting,Recommendations,"Explore > Recommendations (RecoExploreScreen, new) > category / collection > RecoDetailScreen ; RecommendationsScreen (old) still reachable from My Child > Books",Reco image: First Words: Animals,product-image,1,RecoThumb 128 h (rail card 214 wide); detail hero,drawn-placeholder,both/shared,lib/screens/post_pregnancy/pp_reco_data.dart,category=Books; age=6-24m
parenting,Recommendations,"Explore > Recommendations (RecoExploreScreen, new) > category / collection > RecoDetailScreen ; RecommendationsScreen (old) still reachable from My Child > Books","Reco image: Goodnight, Little Moon",product-image,1,RecoThumb 128 h (rail card 214 wide); detail hero,drawn-placeholder,both/shared,lib/screens/post_pregnancy/pp_reco_data.dart,category=Books; age=6-36m
parenting,Recommendations,"Explore > Recommendations (RecoExploreScreen, new) > category / collection > RecoDetailScreen ; RecommendationsScreen (old) still reachable from My Child > Activities","Reco image: Peekaboo, slow and silly",illustration,1,RecoThumb 128 h (rail card 214 wide); detail hero,drawn-placeholder,both/shared,lib/screens/post_pregnancy/pp_reco_data.dart,category=Activities; age=3-12m
parenting,Recommendations,"Explore > Recommendations (RecoExploreScreen, new) > category / collection > RecoDetailScreen ; RecommendationsScreen (old) still reachable from My Child > Activities",Reco image: Tummy-time mirror play,illustration,1,RecoThumb 128 h (rail card 214 wide); detail hero,drawn-placeholder,both/shared,lib/screens/post_pregnancy/pp_reco_data.dart,category=Activities; age=0-8m
parenting,Recommendations,"Explore > Recommendations (RecoExploreScreen, new) > category / collection > RecoDetailScreen ; RecommendationsScreen (old) still reachable from My Child > Activities",Reco image: A little texture basket,illustration,1,RecoThumb 128 h (rail card 214 wide); detail hero,drawn-placeholder,both/shared,lib/screens/post_pregnancy/pp_reco_data.dart,category=Activities; age=3-18m
parenting,Recommendations,"Explore > Recommendations (RecoExploreScreen, new) > category / collection > RecoDetailScreen ; RecommendationsScreen (old) still reachable from My Child > Activities",Reco image: Roll the ball back and forth,illustration,1,RecoThumb 128 h (rail card 214 wide); detail hero,drawn-placeholder,both/shared,lib/screens/post_pregnancy/pp_reco_data.dart,category=Activities; age=6-18m
parenting,Recommendations,"Explore > Recommendations (RecoExploreScreen, new) > category / collection > RecoDetailScreen ; RecommendationsScreen (old) still reachable from My Child > Activities",Reco image: Edible finger painting,illustration,1,RecoThumb 128 h (rail card 214 wide); detail hero,drawn-placeholder,both/shared,lib/screens/post_pregnancy/pp_reco_data.dart,category=Activities; age=8-30m
parenting,Recommendations,"Explore > Recommendations (RecoExploreScreen, new) > category / collection > RecoDetailScreen ; RecommendationsScreen (old) still reachable from My Child > Toys",Reco image: Wooden grasping ring,product-image,1,RecoThumb 128 h (rail card 214 wide); detail hero,drawn-placeholder,both/shared,lib/screens/post_pregnancy/pp_reco_data.dart,category=Toys; age=3-12m
parenting,Recommendations,"Explore > Recommendations (RecoExploreScreen, new) > category / collection > RecoDetailScreen ; RecommendationsScreen (old) still reachable from My Child > Toys",Reco image: Open-ended stacking cups,product-image,1,RecoThumb 128 h (rail card 214 wide); detail hero,drawn-placeholder,both/shared,lib/screens/post_pregnancy/pp_reco_data.dart,category=Toys; age=6-36m
parenting,Recommendations,"Explore > Recommendations (RecoExploreScreen, new) > category / collection > RecoDetailScreen ; RecommendationsScreen (old) still reachable from My Child > Toys",Reco image: High-contrast soft rattle,product-image,1,RecoThumb 128 h (rail card 214 wide); detail hero,drawn-placeholder,both/shared,lib/screens/post_pregnancy/pp_reco_data.dart,category=Toys; age=0-6m
parenting,Recommendations,"Explore > Recommendations (RecoExploreScreen, new) > category / collection > RecoDetailScreen ; RecommendationsScreen (old) still reachable from My Child > Toys",Reco image: Silicone fruit teether,product-image,1,RecoThumb 128 h (rail card 214 wide); detail hero,drawn-placeholder,both/shared,lib/screens/post_pregnancy/pp_reco_data.dart,category=Toys; age=3-12m
parenting,Recommendations,"Explore > Recommendations (RecoExploreScreen, new) > category / collection > RecoDetailScreen ; RecommendationsScreen (old) still reachable from My Child > Toys",Reco image: Wooden shape sorter,product-image,1,RecoThumb 128 h (rail card 214 wide); detail hero,drawn-placeholder,both/shared,lib/screens/post_pregnancy/pp_reco_data.dart,category=Toys; age=12-36m
parenting,Recommendations,"Explore > Recommendations (RecoExploreScreen, new) > category / collection > RecoDetailScreen ; RecommendationsScreen (old) still reachable from My Child > Videos",Reco image: Cause and effect: what the fussiness means,illustration,1,RecoThumb 128 h (rail card 214 wide); detail hero,drawn-placeholder,both/shared,lib/screens/post_pregnancy/pp_reco_data.dart,category=Videos; age=3-6m
parenting,Recommendations,"Explore > Recommendations (RecoExploreScreen, new) > category / collection > RecoDetailScreen ; RecommendationsScreen (old) still reachable from My Child > Videos","Reco image: The 4-month sleep shift, explained",illustration,1,RecoThumb 128 h (rail card 214 wide); detail hero,drawn-placeholder,both/shared,lib/screens/post_pregnancy/pp_reco_data.dart,category=Videos; age=3-6m
parenting,Recommendations,"Explore > Recommendations (RecoExploreScreen, new) > category / collection > RecoDetailScreen ; RecommendationsScreen (old) still reachable from My Child > Videos",Reco image: How to: a calming baby massage,illustration,1,RecoThumb 128 h (rail card 214 wide); detail hero,drawn-placeholder,both/shared,lib/screens/post_pregnancy/pp_reco_data.dart,category=Videos; age=0-12m
parenting,Recommendations,"Explore > Recommendations (RecoExploreScreen, new) > category / collection > RecoDetailScreen ; RecommendationsScreen (old) still reachable from My Child > Videos",Reco image: How-to: your first baby signs,illustration,1,RecoThumb 128 h (rail card 214 wide); detail hero,drawn-placeholder,both/shared,lib/screens/post_pregnancy/pp_reco_data.dart,category=Videos; age=6-18m
parenting,Recommendations,"Explore > Recommendations (RecoExploreScreen, new) > category / collection > RecoDetailScreen ; RecommendationsScreen (old) still reachable from My Child > Videos",Reco image: Sing-along rhyme series,illustration,1,RecoThumb 128 h (rail card 214 wide); detail hero,drawn-placeholder,both/shared,lib/screens/post_pregnancy/pp_reco_data.dart,category=Videos; age=6-24m
parenting,Recommendations,"Explore > Recommendations (RecoExploreScreen, new) > category / collection > RecoDetailScreen ; RecommendationsScreen (old) still reachable from My Child > Music",Reco image: Gentle Indian lullabies,product-image,1,RecoThumb 128 h (rail card 214 wide); detail hero,drawn-placeholder,both/shared,lib/screens/post_pregnancy/pp_reco_data.dart,category=Music; age=0-24m
parenting,Recommendations,"Explore > Recommendations (RecoExploreScreen, new) > category / collection > RecoDetailScreen ; RecommendationsScreen (old) still reachable from My Child > Music",Reco image: Action rhymes & finger play,product-image,1,RecoThumb 128 h (rail card 214 wide); detail hero,drawn-placeholder,both/shared,lib/screens/post_pregnancy/pp_reco_data.dart,category=Music; age=4-24m
parenting,Recommendations,"Explore > Recommendations (RecoExploreScreen, new) > category / collection > RecoDetailScreen ; RecommendationsScreen (old) still reachable from My Child > Music",Reco image: Soft Indian classical for calm,product-image,1,RecoThumb 128 h (rail card 214 wide); detail hero,drawn-placeholder,both/shared,lib/screens/post_pregnancy/pp_reco_data.dart,category=Music; age=0-36m
parenting,Recommendations,"Explore > Recommendations (RecoExploreScreen, new) > category / collection > RecoDetailScreen ; RecommendationsScreen (old) still reachable from My Child > Music",Reco image: Classic English nursery rhymes,product-image,1,RecoThumb 128 h (rail card 214 wide); detail hero,drawn-placeholder,both/shared,lib/screens/post_pregnancy/pp_reco_data.dart,category=Music; age=4-36m
parenting,Recommendations,"Explore > Recommendations (RecoExploreScreen, new) > category / collection > RecoDetailScreen ; RecommendationsScreen (old) still reachable from My Child > Music",Reco image: Lullabies in your mother tongue,product-image,1,RecoThumb 128 h (rail card 214 wide); detail hero,drawn-placeholder,both/shared,lib/screens/post_pregnancy/pp_reco_data.dart,category=Music; age=0-24m
parenting,Recommendations,"Explore > Recommendations (RecoExploreScreen, new) > category / collection > RecoDetailScreen ; RecommendationsScreen (old) still reachable from My Child > Outdoor",Reco image: A slow morning stroller walk,illustration,1,RecoThumb 128 h (rail card 214 wide); detail hero,drawn-placeholder,both/shared,lib/screens/post_pregnancy/pp_reco_data.dart,category=Outdoor; age=0-36m
parenting,Recommendations,"Explore > Recommendations (RecoExploreScreen, new) > category / collection > RecoDetailScreen ; RecommendationsScreen (old) still reachable from My Child > Outdoor",Reco image: Under-the-tree blanket time,illustration,1,RecoThumb 128 h (rail card 214 wide); detail hero,drawn-placeholder,both/shared,lib/screens/post_pregnancy/pp_reco_data.dart,category=Outdoor; age=2-36m
parenting,Recommendations,"Explore > Recommendations (RecoExploreScreen, new) > category / collection > RecoDetailScreen ; RecommendationsScreen (old) still reachable from My Child > Outdoor",Reco image: A patch of garden to explore,illustration,1,RecoThumb 128 h (rail card 214 wide); detail hero,drawn-placeholder,both/shared,lib/screens/post_pregnancy/pp_reco_data.dart,category=Outdoor; age=8-48m
parenting,Recommendations,"Explore > Recommendations (RecoExploreScreen, new) > category / collection > RecoDetailScreen ; RecommendationsScreen (old) still reachable from My Child > Outdoor",Reco image: Gentle water play outdoors,illustration,1,RecoThumb 128 h (rail card 214 wide); detail hero,drawn-placeholder,both/shared,lib/screens/post_pregnancy/pp_reco_data.dart,category=Outdoor; age=6-36m
parenting,Recommendations,"Explore > Recommendations (RecoExploreScreen, new) > category / collection > RecoDetailScreen ; RecommendationsScreen (old) still reachable from My Child > Outdoor",Reco image: Evening sky-watching,illustration,1,RecoThumb 128 h (rail card 214 wide); detail hero,drawn-placeholder,both/shared,lib/screens/post_pregnancy/pp_reco_data.dart,category=Outdoor; age=0-36m
parenting,Recommendations,"Explore > Recommendations (RecoExploreScreen, new) > category / collection > RecoDetailScreen ; RecommendationsScreen (old) still reachable from My Child > Experiences",Reco image: Baby sensory class,illustration,1,RecoThumb 128 h (rail card 214 wide); detail hero,drawn-placeholder,both/shared,lib/screens/post_pregnancy/pp_reco_data.dart,category=Experiences; age=3-12m
parenting,Recommendations,"Explore > Recommendations (RecoExploreScreen, new) > category / collection > RecoDetailScreen ; RecommendationsScreen (old) still reachable from My Child > Experiences",Reco image: Parent-and-baby water time,illustration,1,RecoThumb 128 h (rail card 214 wide); detail hero,drawn-placeholder,both/shared,lib/screens/post_pregnancy/pp_reco_data.dart,category=Experiences; age=4-24m
parenting,Recommendations,"Explore > Recommendations (RecoExploreScreen, new) > category / collection > RecoDetailScreen ; RecommendationsScreen (old) still reachable from My Child > Experiences",Reco image: Parent-and-baby music circle,illustration,1,RecoThumb 128 h (rail card 214 wide); detail hero,drawn-placeholder,both/shared,lib/screens/post_pregnancy/pp_reco_data.dart,category=Experiences; age=3-24m
parenting,Recommendations,"Explore > Recommendations (RecoExploreScreen, new) > category / collection > RecoDetailScreen ; RecommendationsScreen (old) still reachable from My Child > Experiences",Reco image: A messy art playdate,illustration,1,RecoThumb 128 h (rail card 214 wide); detail hero,drawn-placeholder,both/shared,lib/screens/post_pregnancy/pp_reco_data.dart,category=Experiences; age=12-48m
parenting,Recommendations,"Explore > Recommendations (RecoExploreScreen, new) > category / collection > RecoDetailScreen ; RecommendationsScreen (old) still reachable from My Child > Experiences",Reco image: A visit to a petting farm,illustration,1,RecoThumb 128 h (rail card 214 wide); detail hero,drawn-placeholder,both/shared,lib/screens/post_pregnancy/pp_reco_data.dart,category=Experiences; age=12-60m
parenting,Recommendations,"Explore > Recommendations (RecoExploreScreen, new) > category / collection > RecoDetailScreen ; RecommendationsScreen (old) still reachable from My Child > Products",Reco image: Dozy white-noise soother,product-image,1,RecoThumb 128 h (rail card 214 wide); detail hero,drawn-placeholder,both/shared,lib/screens/post_pregnancy/pp_reco_data.dart,category=Products; age=0-24m
parenting,Recommendations,"Explore > Recommendations (RecoExploreScreen, new) > category / collection > RecoDetailScreen ; RecommendationsScreen (old) still reachable from My Child > Products",Reco image: Ergonomic soft carrier,product-image,1,RecoThumb 128 h (rail card 214 wide); detail hero,drawn-placeholder,both/shared,lib/screens/post_pregnancy/pp_reco_data.dart,category=Products; age=0-18m
parenting,Recommendations,"Explore > Recommendations (RecoExploreScreen, new) > category / collection > RecoDetailScreen ; RecommendationsScreen (old) still reachable from My Child > Products",Reco image: A simple video baby monitor,product-image,1,RecoThumb 128 h (rail card 214 wide); detail hero,drawn-placeholder,both/shared,lib/screens/post_pregnancy/pp_reco_data.dart,category=Products; age=0-36m
parenting,Recommendations,"Explore > Recommendations (RecoExploreScreen, new) > category / collection > RecoDetailScreen ; RecommendationsScreen (old) still reachable from My Child > Products",Reco image: Breathable muslin swaddles,product-image,1,RecoThumb 128 h (rail card 214 wide); detail hero,drawn-placeholder,both/shared,lib/screens/post_pregnancy/pp_reco_data.dart,category=Products; age=0-6m
parenting,Recommendations,"Explore > Recommendations (RecoExploreScreen, new) > category / collection > RecoDetailScreen ; RecommendationsScreen (old) still reachable from My Child > Products",Reco image: Silicone bib & bowl set,product-image,1,RecoThumb 128 h (rail card 214 wide); detail hero,drawn-placeholder,both/shared,lib/screens/post_pregnancy/pp_reco_data.dart,category=Products; age=6-36m
parenting,Recommendations,"Explore > Recommendations (RecoExploreScreen, new) > category / collection > RecoDetailScreen ; RecommendationsScreen (old) still reachable from My Child > Parent Picks",Reco image: The CDC Milestone Tracker (app),illustration,1,RecoThumb 128 h (rail card 214 wide); detail hero,drawn-placeholder,both/shared,lib/screens/post_pregnancy/pp_reco_data.dart,category=Parent Picks; age=0-60m
parenting,Recommendations,"Explore > Recommendations (RecoExploreScreen, new) > category / collection > RecoDetailScreen ; RecommendationsScreen (old) still reachable from My Child > Parent Picks","Reco image: Five minutes for you, too",illustration,1,RecoThumb 128 h (rail card 214 wide); detail hero,drawn-placeholder,both/shared,lib/screens/post_pregnancy/pp_reco_data.dart,category=Parent Picks; age=0-12m
parenting,Recommendations,"Explore > Recommendations (RecoExploreScreen, new) > category / collection > RecoDetailScreen ; RecommendationsScreen (old) still reachable from My Child > Parent Picks",Reco image: A calm parenting podcast,illustration,1,RecoThumb 128 h (rail card 214 wide); detail hero,drawn-placeholder,both/shared,lib/screens/post_pregnancy/pp_reco_data.dart,category=Parent Picks; age=0-60m
parenting,Recommendations,"Explore > Recommendations (RecoExploreScreen, new) > category / collection > RecoDetailScreen ; RecommendationsScreen (old) still reachable from My Child > Parent Picks",Reco image: A simple sleep-log habit,illustration,1,RecoThumb 128 h (rail card 214 wide); detail hero,drawn-placeholder,both/shared,lib/screens/post_pregnancy/pp_reco_data.dart,category=Parent Picks; age=0-24m
parenting,Recommendations,"Explore > Recommendations (RecoExploreScreen, new) > category / collection > RecoDetailScreen ; RecommendationsScreen (old) still reachable from My Child > Parent Picks","Reco image: First foods, without the fear (book)",illustration,1,RecoThumb 128 h (rail card 214 wide); detail hero,drawn-placeholder,both/shared,lib/screens/post_pregnancy/pp_reco_data.dart,category=Parent Picks; age=5-18m
parenting,Recommendations,"Explore > Recommendations (RecoExploreScreen, new) > category / collection > RecoDetailScreen ; RecommendationsScreen (old) still reachable from My Child > Events",Reco image: Library baby story-time,illustration,1,RecoThumb 128 h (rail card 214 wide); detail hero,drawn-placeholder,both/shared,lib/screens/post_pregnancy/pp_reco_data.dart,category=Events; age=0-36m
parenting,Recommendations,"Explore > Recommendations (RecoExploreScreen, new) > category / collection > RecoDetailScreen ; RecommendationsScreen (old) still reachable from My Child > Events","Reco image: His first festival, gently",illustration,1,RecoThumb 128 h (rail card 214 wide); detail hero,drawn-placeholder,both/shared,lib/screens/post_pregnancy/pp_reco_data.dart,category=Events; age=0-24m
parenting,Recommendations,"Explore > Recommendations (RecoExploreScreen, new) > category / collection > RecoDetailScreen ; RecommendationsScreen (old) still reachable from My Child > Events",Reco image: A neighbourhood playgroup,illustration,1,RecoThumb 128 h (rail card 214 wide); detail hero,drawn-placeholder,both/shared,lib/screens/post_pregnancy/pp_reco_data.dart,category=Events; age=6-48m
parenting,Recommendations,"Explore > Recommendations (RecoExploreScreen, new) > category / collection > RecoDetailScreen ; RecommendationsScreen (old) still reachable from My Child > Events",Reco image: A baby-massage workshop,illustration,1,RecoThumb 128 h (rail card 214 wide); detail hero,drawn-placeholder,both/shared,lib/screens/post_pregnancy/pp_reco_data.dart,category=Events; age=0-12m
parenting,Recommendations,"Explore > Recommendations (RecoExploreScreen, new) > category / collection > RecoDetailScreen ; RecommendationsScreen (old) still reachable from My Child > Events",Reco image: A quiet museum morning,illustration,1,RecoThumb 128 h (rail card 214 wide); detail hero,drawn-placeholder,both/shared,lib/screens/post_pregnancy/pp_reco_data.dart,category=Events; age=12-60m
parenting,Recommendations,"Explore > Recommendations (RecoExploreScreen, new) > category / collection > RecoDetailScreen ; RecommendationsScreen (old) still reachable from My Child > Travel",Reco image: The 4-month travel kit,illustration,1,RecoThumb 128 h (rail card 214 wide); detail hero,drawn-placeholder,both/shared,lib/screens/post_pregnancy/pp_reco_data.dart,category=Travel; age=0-18m
parenting,Recommendations,"Explore > Recommendations (RecoExploreScreen, new) > category / collection > RecoDetailScreen ; RecommendationsScreen (old) still reachable from My Child > Travel",Reco image: A slow hill-station break,illustration,1,RecoThumb 128 h (rail card 214 wide); detail hero,drawn-placeholder,both/shared,lib/screens/post_pregnancy/pp_reco_data.dart,category=Travel; age=3-36m
parenting,Recommendations,"Explore > Recommendations (RecoExploreScreen, new) > category / collection > RecoDetailScreen ; RecommendationsScreen (old) still reachable from My Child > Travel",Reco image: A calm beach stay,illustration,1,RecoThumb 128 h (rail card 214 wide); detail hero,drawn-placeholder,both/shared,lib/screens/post_pregnancy/pp_reco_data.dart,category=Travel; age=6-48m
parenting,Recommendations,"Explore > Recommendations (RecoExploreScreen, new) > category / collection > RecoDetailScreen ; RecommendationsScreen (old) still reachable from My Child > Travel",Reco image: The road-trip car kit,illustration,1,RecoThumb 128 h (rail card 214 wide); detail hero,drawn-placeholder,both/shared,lib/screens/post_pregnancy/pp_reco_data.dart,category=Travel; age=0-36m
parenting,Recommendations,"Explore > Recommendations (RecoExploreScreen, new) > category / collection > RecoDetailScreen ; RecommendationsScreen (old) still reachable from My Child > Travel",Reco image: A trip to the grandparents,illustration,1,RecoThumb 128 h (rail card 214 wide); detail hero,drawn-placeholder,both/shared,lib/screens/post_pregnancy/pp_reco_data.dart,category=Travel; age=0-60m
parenting,Recommendations,"Explore > Recommendations (RecoExploreScreen, new) > category / collection > RecoDetailScreen ; RecommendationsScreen (old) still reachable from My Child > Restaurants",Reco image: Baby-friendly cafe outings,illustration,1,RecoThumb 128 h (rail card 214 wide); detail hero,drawn-placeholder,both/shared,lib/screens/post_pregnancy/pp_reco_data.dart,category=Restaurants; age=0-36m
parenting,Recommendations,"Explore > Recommendations (RecoExploreScreen, new) > category / collection > RecoDetailScreen ; RecommendationsScreen (old) still reachable from My Child > Restaurants",Reco image: A relaxed family restaurant,illustration,1,RecoThumb 128 h (rail card 214 wide); detail hero,drawn-placeholder,both/shared,lib/screens/post_pregnancy/pp_reco_data.dart,category=Restaurants; age=6-60m
parenting,Recommendations,"Explore > Recommendations (RecoExploreScreen, new) > category / collection > RecoDetailScreen ; RecommendationsScreen (old) still reachable from My Child > Restaurants",Reco image: An open-air garden eatery,illustration,1,RecoThumb 128 h (rail card 214 wide); detail hero,drawn-placeholder,both/shared,lib/screens/post_pregnancy/pp_reco_data.dart,category=Restaurants; age=12-60m
parenting,Recommendations,"Explore > Recommendations (RecoExploreScreen, new) > category / collection > RecoDetailScreen ; RecommendationsScreen (old) still reachable from My Child > Restaurants",Reco image: A quiet weekday brunch spot,illustration,1,RecoThumb 128 h (rail card 214 wide); detail hero,drawn-placeholder,both/shared,lib/screens/post_pregnancy/pp_reco_data.dart,category=Restaurants; age=0-36m
parenting,Recommendations,"Explore > Recommendations (RecoExploreScreen, new) > category / collection > RecoDetailScreen ; RecommendationsScreen (old) still reachable from My Child > Birthday Ideas",Reco image: A gentle first birthday,illustration,1,RecoThumb 128 h (rail card 214 wide); detail hero,drawn-placeholder,both/shared,lib/screens/post_pregnancy/pp_reco_data.dart,category=Birthday Ideas; age=9-15m
parenting,Recommendations,"Explore > Recommendations (RecoExploreScreen, new) > category / collection > RecoDetailScreen ; RecommendationsScreen (old) still reachable from My Child > Birthday Ideas",Reco image: A first-year keepsake,illustration,1,RecoThumb 128 h (rail card 214 wide); detail hero,drawn-placeholder,both/shared,lib/screens/post_pregnancy/pp_reco_data.dart,category=Birthday Ideas; age=9-15m
parenting,Recommendations,"Explore > Recommendations (RecoExploreScreen, new) > category / collection > RecoDetailScreen ; RecommendationsScreen (old) still reachable from My Child > Birthday Ideas",Reco image: Gentle DIY decor,illustration,1,RecoThumb 128 h (rail card 214 wide); detail hero,drawn-placeholder,both/shared,lib/screens/post_pregnancy/pp_reco_data.dart,category=Birthday Ideas; age=9-24m
parenting,Recommendations,"Explore > Recommendations (RecoExploreScreen, new) > category / collection > RecoDetailScreen ; RecommendationsScreen (old) still reachable from My Child > Birthday Ideas",Reco image: A mindful smash cake,illustration,1,RecoThumb 128 h (rail card 214 wide); detail hero,drawn-placeholder,both/shared,lib/screens/post_pregnancy/pp_reco_data.dart,category=Birthday Ideas; age=9-15m
parenting,Recommendations,"Explore > Recommendations (RecoExploreScreen, new) > category / collection > RecoDetailScreen ; RecommendationsScreen (old) still reachable from My Child > Birthday Ideas",Reco image: Meaningful return gifts,illustration,1,RecoThumb 128 h (rail card 214 wide); detail hero,drawn-placeholder,both/shared,lib/screens/post_pregnancy/pp_reco_data.dart,category=Birthday Ideas; age=9-60m
parenting,Recommendations,"Explore > Recommendations (RecoExploreScreen, new) > category / collection > RecoDetailScreen ; RecommendationsScreen (old) still reachable from My Child > Learning",Reco image: Narrate-your-day habit,illustration,1,RecoThumb 128 h (rail card 214 wide); detail hero,drawn-placeholder,both/shared,lib/screens/post_pregnancy/pp_reco_data.dart,category=Learning; age=0-24m
parenting,Recommendations,"Explore > Recommendations (RecoExploreScreen, new) > category / collection > RecoDetailScreen ; RecommendationsScreen (old) still reachable from My Child > Learning",Reco image: A few first baby signs,illustration,1,RecoThumb 128 h (rail card 214 wide); detail hero,drawn-placeholder,both/shared,lib/screens/post_pregnancy/pp_reco_data.dart,category=Learning; age=6-18m
parenting,Recommendations,"Explore > Recommendations (RecoExploreScreen, new) > category / collection > RecoDetailScreen ; RecommendationsScreen (old) still reachable from My Child > Learning",Reco image: First-words picture cards,illustration,1,RecoThumb 128 h (rail card 214 wide); detail hero,drawn-placeholder,both/shared,lib/screens/post_pregnancy/pp_reco_data.dart,category=Learning; age=6-24m
parenting,Recommendations,"Explore > Recommendations (RecoExploreScreen, new) > category / collection > RecoDetailScreen ; RecommendationsScreen (old) still reachable from My Child > Learning",Reco image: Counting in everyday moments,illustration,1,RecoThumb 128 h (rail card 214 wide); detail hero,drawn-placeholder,both/shared,lib/screens/post_pregnancy/pp_reco_data.dart,category=Learning; age=12-36m
parenting,Recommendations,"Explore > Recommendations (RecoExploreScreen, new) > category / collection > RecoDetailScreen ; RecommendationsScreen (old) still reachable from My Child > Learning",Reco image: Learning through song,illustration,1,RecoThumb 128 h (rail card 214 wide); detail hero,drawn-placeholder,both/shared,lib/screens/post_pregnancy/pp_reco_data.dart,category=Learning; age=0-24m
parenting,Development (V1 companion),"Brain tab (GrowHomeScreen, V1|V2|V3 toggle; V1 default) > V1 = DevelopmentHomeScreen > 'Thinking & Problem Solving' > stage > DevStageDetailScreen","'<Stage>, shown' video x5 (Thinking & Problem Solving)",video,5,"16:9 PvVideoPlaceholder, 3 min stated",drawn-placeholder,both/shared,lib/screens/post_pregnancy/dev_stage_detail_screen.dart,Templated: one video per journey stage (34 total across 8 areas)
parenting,Development (V1 companion),"Brain tab (GrowHomeScreen, V1|V2|V3 toggle; V1 default) > V1 = DevelopmentHomeScreen > 'Language & Communication' > stage > DevStageDetailScreen","'<Stage>, shown' video x5 (Language & Communication)",video,5,"16:9 PvVideoPlaceholder, 3 min stated",drawn-placeholder,both/shared,lib/screens/post_pregnancy/dev_stage_detail_screen.dart,Templated: one video per journey stage (34 total across 8 areas)
parenting,Development (V1 companion),"Brain tab (GrowHomeScreen, V1|V2|V3 toggle; V1 default) > V1 = DevelopmentHomeScreen > 'Gross Motor' > stage > DevStageDetailScreen","'<Stage>, shown' video x6 (Gross Motor)",video,6,"16:9 PvVideoPlaceholder, 3 min stated",drawn-placeholder,both/shared,lib/screens/post_pregnancy/dev_stage_detail_screen.dart,Templated: one video per journey stage (34 total across 8 areas)
parenting,Development (V1 companion),"Brain tab (GrowHomeScreen, V1|V2|V3 toggle; V1 default) > V1 = DevelopmentHomeScreen > 'Fine Motor' > stage > DevStageDetailScreen","'<Stage>, shown' video x4 (Fine Motor)",video,4,"16:9 PvVideoPlaceholder, 3 min stated",drawn-placeholder,both/shared,lib/screens/post_pregnancy/dev_stage_detail_screen.dart,Templated: one video per journey stage (34 total across 8 areas)
parenting,Development (V1 companion),"Brain tab (GrowHomeScreen, V1|V2|V3 toggle; V1 default) > V1 = DevelopmentHomeScreen > 'Emotional' > stage > DevStageDetailScreen","'<Stage>, shown' video x4 (Emotional)",video,4,"16:9 PvVideoPlaceholder, 3 min stated",drawn-placeholder,both/shared,lib/screens/post_pregnancy/dev_stage_detail_screen.dart,Templated: one video per journey stage (34 total across 8 areas)
parenting,Development (V1 companion),"Brain tab (GrowHomeScreen, V1|V2|V3 toggle; V1 default) > V1 = DevelopmentHomeScreen > 'Social' > stage > DevStageDetailScreen","'<Stage>, shown' video x4 (Social)",video,4,"16:9 PvVideoPlaceholder, 3 min stated",drawn-placeholder,both/shared,lib/screens/post_pregnancy/dev_stage_detail_screen.dart,Templated: one video per journey stage (34 total across 8 areas)
parenting,Development (V1 companion),"Brain tab (GrowHomeScreen, V1|V2|V3 toggle; V1 default) > V1 = DevelopmentHomeScreen > 'Creativity & Imagination' > stage > DevStageDetailScreen","'<Stage>, shown' video x3 (Creativity & Imagination)",video,3,"16:9 PvVideoPlaceholder, 3 min stated",drawn-placeholder,both/shared,lib/screens/post_pregnancy/dev_stage_detail_screen.dart,Templated: one video per journey stage (34 total across 8 areas)
parenting,Development (V1 companion),"Brain tab (GrowHomeScreen, V1|V2|V3 toggle; V1 default) > V1 = DevelopmentHomeScreen > 'Self-care & Independence' > stage > DevStageDetailScreen","'<Stage>, shown' video x3 (Self-care & Independence)",video,3,"16:9 PvVideoPlaceholder, 3 min stated",drawn-placeholder,both/shared,lib/screens/post_pregnancy/dev_stage_detail_screen.dart,Templated: one video per journey stage (34 total across 8 areas)
parenting,Development activities,"Brain tab (GrowHomeScreen, V1|V2|V3 toggle; V1 default) > V1 = DevelopmentHomeScreen > activity > DevelopmentActivityScreen","'Peekaboo, slow and silly, done together' demo video",video,1,"16:9 PvVideoPlaceholder, 2 min stated (Grow V2: ""Watch demo (30 sec) - Not filmed yet"")",drawn-placeholder,both/shared,lib/screens/post_pregnancy/development_activity_screen.dart,age=3-6 mo; one demo video per activity
parenting,Development activities,"Brain tab (GrowHomeScreen, V1|V2|V3 toggle; V1 default) > V1 = DevelopmentHomeScreen > activity > DevelopmentActivityScreen","'Narrate & pause, done together' demo video",video,1,"16:9 PvVideoPlaceholder, 2 min stated (Grow V2: ""Watch demo (30 sec) - Not filmed yet"")",drawn-placeholder,both/shared,lib/screens/post_pregnancy/development_activity_screen.dart,age=3-6 mo; one demo video per activity
parenting,Development activities,"Brain tab (GrowHomeScreen, V1|V2|V3 toggle; V1 default) > V1 = DevelopmentHomeScreen > activity > DevelopmentActivityScreen","'Tummy-time mirror play, done together' demo video",video,1,"16:9 PvVideoPlaceholder, 2 min stated (Grow V2: ""Watch demo (30 sec) - Not filmed yet"")",drawn-placeholder,both/shared,lib/screens/post_pregnancy/development_activity_screen.dart,age=3-6 mo; one demo video per activity
parenting,Development activities,"Brain tab (GrowHomeScreen, V1|V2|V3 toggle; V1 default) > V1 = DevelopmentHomeScreen > activity > DevelopmentActivityScreen","'Encourage the roll, done together' demo video",video,1,"16:9 PvVideoPlaceholder, 2 min stated (Grow V2: ""Watch demo (30 sec) - Not filmed yet"")",drawn-placeholder,both/shared,lib/screens/post_pregnancy/development_activity_screen.dart,age=3-6 mo; one demo video per activity
parenting,Development activities,"Brain tab (GrowHomeScreen, V1|V2|V3 toggle; V1 default) > V1 = DevelopmentHomeScreen > activity > DevelopmentActivityScreen","'Reach for the ring, done together' demo video",video,1,"16:9 PvVideoPlaceholder, 2 min stated (Grow V2: ""Watch demo (30 sec) - Not filmed yet"")",drawn-placeholder,both/shared,lib/screens/post_pregnancy/development_activity_screen.dart,age=3-6 mo; one demo video per activity
parenting,Development activities,"Brain tab (GrowHomeScreen, V1|V2|V3 toggle; V1 default) > V1 = DevelopmentHomeScreen > activity > DevelopmentActivityScreen","'A little texture basket, done together' demo video",video,1,"16:9 PvVideoPlaceholder, 2 min stated (Grow V2: ""Watch demo (30 sec) - Not filmed yet"")",drawn-placeholder,both/shared,lib/screens/post_pregnancy/development_activity_screen.dart,age=3-6 mo; one demo video per activity
parenting,Development activities,"Brain tab (GrowHomeScreen, V1|V2|V3 toggle; V1 default) > V1 = DevelopmentHomeScreen > activity > DevelopmentActivityScreen","'Black, white & red, done together' demo video",video,1,"16:9 PvVideoPlaceholder, 2 min stated (Grow V2: ""Watch demo (30 sec) - Not filmed yet"")",drawn-placeholder,both/shared,lib/screens/post_pregnancy/development_activity_screen.dart,age=0-6 mo; one demo video per activity
parenting,Development activities,"Brain tab (GrowHomeScreen, V1|V2|V3 toggle; V1 default) > V1 = DevelopmentHomeScreen > activity > DevelopmentActivityScreen","'Sing, pause, and play, done together' demo video",video,1,"16:9 PvVideoPlaceholder, 2 min stated (Grow V2: ""Watch demo (30 sec) - Not filmed yet"")",drawn-placeholder,both/shared,lib/screens/post_pregnancy/development_activity_screen.dart,age=3-12 mo; one demo video per activity
parenting,Development activities,"Brain tab (GrowHomeScreen, V1|V2|V3 toggle; V1 default) > V1 = DevelopmentHomeScreen > activity > DevelopmentActivityScreen","'Face to face, up close, done together' demo video",video,1,"16:9 PvVideoPlaceholder, 2 min stated (Grow V2: ""Watch demo (30 sec) - Not filmed yet"")",drawn-placeholder,both/shared,lib/screens/post_pregnancy/development_activity_screen.dart,age=0-3 mo; one demo video per activity
parenting,Development activities,"Brain tab (GrowHomeScreen, V1|V2|V3 toggle; V1 default) > V1 = DevelopmentHomeScreen > activity > DevelopmentActivityScreen","'Follow the slow toy, done together' demo video",video,1,"16:9 PvVideoPlaceholder, 2 min stated (Grow V2: ""Watch demo (30 sec) - Not filmed yet"")",drawn-placeholder,both/shared,lib/screens/post_pregnancy/development_activity_screen.dart,age=0-3 mo; one demo video per activity
parenting,Development activities,"Brain tab (GrowHomeScreen, V1|V2|V3 toggle; V1 default) > V1 = DevelopmentHomeScreen > activity > DevelopmentActivityScreen","'The first tummy minutes, done together' demo video",video,1,"16:9 PvVideoPlaceholder, 2 min stated (Grow V2: ""Watch demo (30 sec) - Not filmed yet"")",drawn-placeholder,both/shared,lib/screens/post_pregnancy/development_activity_screen.dart,age=0-3 mo; one demo video per activity
parenting,Development activities,"Brain tab (GrowHomeScreen, V1|V2|V3 toggle; V1 default) > V1 = DevelopmentHomeScreen > activity > DevelopmentActivityScreen","'Open the little fist, done together' demo video",video,1,"16:9 PvVideoPlaceholder, 2 min stated (Grow V2: ""Watch demo (30 sec) - Not filmed yet"")",drawn-placeholder,both/shared,lib/screens/post_pregnancy/development_activity_screen.dart,age=0-3 mo; one demo video per activity
parenting,Development activities,"Brain tab (GrowHomeScreen, V1|V2|V3 toggle; V1 default) > V1 = DevelopmentHomeScreen > activity > DevelopmentActivityScreen","'The 3am voice, done together' demo video",video,1,"16:9 PvVideoPlaceholder, 2 min stated (Grow V2: ""Watch demo (30 sec) - Not filmed yet"")",drawn-placeholder,both/shared,lib/screens/post_pregnancy/development_activity_screen.dart,age=0-3 mo; one demo video per activity
parenting,Development activities,"Brain tab (GrowHomeScreen, V1|V2|V3 toggle; V1 default) > V1 = DevelopmentHomeScreen > activity > DevelopmentActivityScreen","'Musical babble, done together' demo video",video,1,"16:9 PvVideoPlaceholder, 2 min stated (Grow V2: ""Watch demo (30 sec) - Not filmed yet"")",drawn-placeholder,both/shared,lib/screens/post_pregnancy/development_activity_screen.dart,age=3-8 mo; one demo video per activity
parenting,Development activities,"Brain tab (GrowHomeScreen, V1|V2|V3 toggle; V1 default) > V1 = DevelopmentHomeScreen > activity > DevelopmentActivityScreen","'Mirror faces, done together' demo video",video,1,"16:9 PvVideoPlaceholder, 2 min stated (Grow V2: ""Watch demo (30 sec) - Not filmed yet"")",drawn-placeholder,both/shared,lib/screens/post_pregnancy/development_activity_screen.dart,age=2-6 mo; one demo video per activity
parenting,Development activities,"Brain tab (GrowHomeScreen, V1|V2|V3 toggle; V1 default) > V1 = DevelopmentHomeScreen > activity > DevelopmentActivityScreen","'Kick, and it sings, done together' demo video",video,1,"16:9 PvVideoPlaceholder, 2 min stated (Grow V2: ""Watch demo (30 sec) - Not filmed yet"")",drawn-placeholder,both/shared,lib/screens/post_pregnancy/development_activity_screen.dart,age=0-12 mo; one demo video per activity
parenting,Development activities,"Brain tab (GrowHomeScreen, V1|V2|V3 toggle; V1 default) > V1 = DevelopmentHomeScreen > activity > DevelopmentActivityScreen","'A basket of real things, done together' demo video",video,1,"16:9 PvVideoPlaceholder, 2 min stated (Grow V2: ""Watch demo (30 sec) - Not filmed yet"")",drawn-placeholder,both/shared,lib/screens/post_pregnancy/development_activity_screen.dart,age=6-9 mo; one demo video per activity
parenting,Development activities,"Brain tab (GrowHomeScreen, V1|V2|V3 toggle; V1 default) > V1 = DevelopmentHomeScreen > activity > DevelopmentActivityScreen","'Ball drop, done together' demo video",video,1,"16:9 PvVideoPlaceholder, 2 min stated (Grow V2: ""Watch demo (30 sec) - Not filmed yet"")",drawn-placeholder,both/shared,lib/screens/post_pregnancy/development_activity_screen.dart,age=6-9 mo; one demo video per activity
parenting,Development activities,"Brain tab (GrowHomeScreen, V1|V2|V3 toggle; V1 default) > V1 = DevelopmentHomeScreen > activity > DevelopmentActivityScreen","'Let him hold the spoon, done together' demo video",video,1,"16:9 PvVideoPlaceholder, 2 min stated (Grow V2: ""Watch demo (30 sec) - Not filmed yet"")",drawn-placeholder,both/shared,lib/screens/post_pregnancy/development_activity_screen.dart,age=6-9 mo; one demo video per activity
parenting,Development activities,"Brain tab (GrowHomeScreen, V1|V2|V3 toggle; V1 default) > V1 = DevelopmentHomeScreen > activity > DevelopmentActivityScreen","'Name what he is already looking at, done together' demo video",video,1,"16:9 PvVideoPlaceholder, 2 min stated (Grow V2: ""Watch demo (30 sec) - Not filmed yet"")",drawn-placeholder,both/shared,lib/screens/post_pregnancy/development_activity_screen.dart,age=6-9 mo; one demo video per activity
parenting,Development activities,"Brain tab (GrowHomeScreen, V1|V2|V3 toggle; V1 default) > V1 = DevelopmentHomeScreen > activity > DevelopmentActivityScreen","'Sorting cups, done together' demo video",video,1,"16:9 PvVideoPlaceholder, 2 min stated (Grow V2: ""Watch demo (30 sec) - Not filmed yet"")",drawn-placeholder,both/shared,lib/screens/post_pregnancy/development_activity_screen.dart,age=9-12 mo; one demo video per activity
parenting,Development activities,"Brain tab (GrowHomeScreen, V1|V2|V3 toggle; V1 default) > V1 = DevelopmentHomeScreen > activity > DevelopmentActivityScreen","'Cruise the sofa, done together' demo video",video,1,"16:9 PvVideoPlaceholder, 2 min stated (Grow V2: ""Watch demo (30 sec) - Not filmed yet"")",drawn-placeholder,both/shared,lib/screens/post_pregnancy/development_activity_screen.dart,age=9-12 mo; one demo video per activity
parenting,Development activities,"Brain tab (GrowHomeScreen, V1|V2|V3 toggle; V1 default) > V1 = DevelopmentHomeScreen > activity > DevelopmentActivityScreen","'Pincer practice, done together' demo video",video,1,"16:9 PvVideoPlaceholder, 2 min stated (Grow V2: ""Watch demo (30 sec) - Not filmed yet"")",drawn-placeholder,both/shared,lib/screens/post_pregnancy/development_activity_screen.dart,age=9-12 mo; one demo video per activity
parenting,Development activities,"Brain tab (GrowHomeScreen, V1|V2|V3 toggle; V1 default) > V1 = DevelopmentHomeScreen > activity > DevelopmentActivityScreen","'Wave, clap, bye-bye, done together' demo video",video,1,"16:9 PvVideoPlaceholder, 2 min stated (Grow V2: ""Watch demo (30 sec) - Not filmed yet"")",drawn-placeholder,both/shared,lib/screens/post_pregnancy/development_activity_screen.dart,age=9-12 mo; one demo video per activity
parenting,Development activities,"Brain tab (GrowHomeScreen, V1|V2|V3 toggle; V1 default) > V1 = DevelopmentHomeScreen > activity > DevelopmentActivityScreen","'Sips from an open cup, done together' demo video",video,1,"16:9 PvVideoPlaceholder, 2 min stated (Grow V2: ""Watch demo (30 sec) - Not filmed yet"")",drawn-placeholder,both/shared,lib/screens/post_pregnancy/development_activity_screen.dart,age=9-12 mo; one demo video per activity
parenting,Development activities,"Brain tab (GrowHomeScreen, V1|V2|V3 toggle; V1 default) > V1 = DevelopmentHomeScreen > activity > DevelopmentActivityScreen","'Stack it, crash it, done together' demo video",video,1,"16:9 PvVideoPlaceholder, 2 min stated (Grow V2: ""Watch demo (30 sec) - Not filmed yet"")",drawn-placeholder,both/shared,lib/screens/post_pregnancy/development_activity_screen.dart,age=12-18 mo; one demo video per activity
parenting,Development activities,"Brain tab (GrowHomeScreen, V1|V2|V3 toggle; V1 default) > V1 = DevelopmentHomeScreen > activity > DevelopmentActivityScreen","'Point-and-name a book, done together' demo video",video,1,"16:9 PvVideoPlaceholder, 2 min stated (Grow V2: ""Watch demo (30 sec) - Not filmed yet"")",drawn-placeholder,both/shared,lib/screens/post_pregnancy/development_activity_screen.dart,age=12-18 mo; one demo video per activity
parenting,Development activities,"Brain tab (GrowHomeScreen, V1|V2|V3 toggle; V1 default) > V1 = DevelopmentHomeScreen > activity > DevelopmentActivityScreen","'Push something heavy, done together' demo video",video,1,"16:9 PvVideoPlaceholder, 2 min stated (Grow V2: ""Watch demo (30 sec) - Not filmed yet"")",drawn-placeholder,both/shared,lib/screens/post_pregnancy/development_activity_screen.dart,age=12-18 mo; one demo video per activity
parenting,Development activities,"Brain tab (GrowHomeScreen, V1|V2|V3 toggle; V1 default) > V1 = DevelopmentHomeScreen > activity > DevelopmentActivityScreen","'The first scribble, done together' demo video",video,1,"16:9 PvVideoPlaceholder, 2 min stated (Grow V2: ""Watch demo (30 sec) - Not filmed yet"")",drawn-placeholder,both/shared,lib/screens/post_pregnancy/development_activity_screen.dart,age=12-18 mo; one demo video per activity
parenting,Development activities,"Brain tab (GrowHomeScreen, V1|V2|V3 toggle; V1 default) > V1 = DevelopmentHomeScreen > activity > DevelopmentActivityScreen","'Shoes off, by himself, done together' demo video",video,1,"16:9 PvVideoPlaceholder, 2 min stated (Grow V2: ""Watch demo (30 sec) - Not filmed yet"")",drawn-placeholder,both/shared,lib/screens/post_pregnancy/development_activity_screen.dart,age=12-18 mo; one demo video per activity
parenting,Development activities,"Brain tab (GrowHomeScreen, V1|V2|V3 toggle; V1 default) > V1 = DevelopmentHomeScreen > activity > DevelopmentActivityScreen","'Pretend chai, done together' demo video",video,1,"16:9 PvVideoPlaceholder, 2 min stated (Grow V2: ""Watch demo (30 sec) - Not filmed yet"")",drawn-placeholder,both/shared,lib/screens/post_pregnancy/development_activity_screen.dart,age=18-24 mo; one demo video per activity
parenting,Development activities,"Brain tab (GrowHomeScreen, V1|V2|V3 toggle; V1 default) > V1 = DevelopmentHomeScreen > activity > DevelopmentActivityScreen","'Add one word to his, done together' demo video",video,1,"16:9 PvVideoPlaceholder, 2 min stated (Grow V2: ""Watch demo (30 sec) - Not filmed yet"")",drawn-placeholder,both/shared,lib/screens/post_pregnancy/development_activity_screen.dart,age=18-24 mo; one demo video per activity
parenting,Development activities,"Brain tab (GrowHomeScreen, V1|V2|V3 toggle; V1 default) > V1 = DevelopmentHomeScreen > activity > DevelopmentActivityScreen","'Name the big feeling, done together' demo video",video,1,"16:9 PvVideoPlaceholder, 2 min stated (Grow V2: ""Watch demo (30 sec) - Not filmed yet"")",drawn-placeholder,both/shared,lib/screens/post_pregnancy/development_activity_screen.dart,age=18-24 mo; one demo video per activity
parenting,Development activities,"Brain tab (GrowHomeScreen, V1|V2|V3 toggle; V1 default) > V1 = DevelopmentHomeScreen > activity > DevelopmentActivityScreen","'A safe thing to climb, done together' demo video",video,1,"16:9 PvVideoPlaceholder, 2 min stated (Grow V2: ""Watch demo (30 sec) - Not filmed yet"")",drawn-placeholder,both/shared,lib/screens/post_pregnancy/development_activity_screen.dart,age=18-24 mo; one demo video per activity
parenting,Development activities,"Brain tab (GrowHomeScreen, V1|V2|V3 toggle; V1 default) > V1 = DevelopmentHomeScreen > activity > DevelopmentActivityScreen","'Sort the socks, done together' demo video",video,1,"16:9 PvVideoPlaceholder, 2 min stated (Grow V2: ""Watch demo (30 sec) - Not filmed yet"")",drawn-placeholder,both/shared,lib/screens/post_pregnancy/development_activity_screen.dart,age=2-3 yr; one demo video per activity
parenting,Development activities,"Brain tab (GrowHomeScreen, V1|V2|V3 toggle; V1 default) > V1 = DevelopmentHomeScreen > activity > DevelopmentActivityScreen","'My turn, your turn, done together' demo video",video,1,"16:9 PvVideoPlaceholder, 2 min stated (Grow V2: ""Watch demo (30 sec) - Not filmed yet"")",drawn-placeholder,both/shared,lib/screens/post_pregnancy/development_activity_screen.dart,age=2-3 yr; one demo video per activity
parenting,Development activities,"Brain tab (GrowHomeScreen, V1|V2|V3 toggle; V1 default) > V1 = DevelopmentHomeScreen > activity > DevelopmentActivityScreen","'Squeeze, roll, poke, done together' demo video",video,1,"16:9 PvVideoPlaceholder, 2 min stated (Grow V2: ""Watch demo (30 sec) - Not filmed yet"")",drawn-placeholder,both/shared,lib/screens/post_pregnancy/development_activity_screen.dart,age=2-3 yr; one demo video per activity
parenting,Development activities,"Brain tab (GrowHomeScreen, V1|V2|V3 toggle; V1 default) > V1 = DevelopmentHomeScreen > activity > DevelopmentActivityScreen","'One thing he puts on himself, done together' demo video",video,1,"16:9 PvVideoPlaceholder, 2 min stated (Grow V2: ""Watch demo (30 sec) - Not filmed yet"")",drawn-placeholder,both/shared,lib/screens/post_pregnancy/development_activity_screen.dart,age=2-3 yr; one demo video per activity
parenting,Development activities,"Brain tab (GrowHomeScreen, V1|V2|V3 toggle; V1 default) > V1 = DevelopmentHomeScreen > activity > DevelopmentActivityScreen","'Tell it wrong on purpose, done together' demo video",video,1,"16:9 PvVideoPlaceholder, 2 min stated (Grow V2: ""Watch demo (30 sec) - Not filmed yet"")",drawn-placeholder,both/shared,lib/screens/post_pregnancy/development_activity_screen.dart,age=3-4 yr; one demo video per activity
parenting,Development activities,"Brain tab (GrowHomeScreen, V1|V2|V3 toggle; V1 default) > V1 = DevelopmentHomeScreen > activity > DevelopmentActivityScreen","'Walk the line, done together' demo video",video,1,"16:9 PvVideoPlaceholder, 2 min stated (Grow V2: ""Watch demo (30 sec) - Not filmed yet"")",drawn-placeholder,both/shared,lib/screens/post_pregnancy/development_activity_screen.dart,age=3-4 yr; one demo video per activity
parenting,Development activities,"Brain tab (GrowHomeScreen, V1|V2|V3 toggle; V1 default) > V1 = DevelopmentHomeScreen > activity > DevelopmentActivityScreen","'Which face is this?, done together' demo video",video,1,"16:9 PvVideoPlaceholder, 2 min stated (Grow V2: ""Watch demo (30 sec) - Not filmed yet"")",drawn-placeholder,both/shared,lib/screens/post_pregnancy/development_activity_screen.dart,age=3-4 yr; one demo video per activity
parenting,Development activities,"Brain tab (GrowHomeScreen, V1|V2|V3 toggle; V1 default) > V1 = DevelopmentHomeScreen > activity > DevelopmentActivityScreen","'Count something real, done together' demo video",video,1,"16:9 PvVideoPlaceholder, 2 min stated (Grow V2: ""Watch demo (30 sec) - Not filmed yet"")",drawn-placeholder,both/shared,lib/screens/post_pregnancy/development_activity_screen.dart,age=3-4 yr; one demo video per activity
parenting,Development activities,"Brain tab (GrowHomeScreen, V1|V2|V3 toggle; V1 default) > V1 = DevelopmentHomeScreen > activity > DevelopmentActivityScreen","'Words that sound the same, done together' demo video",video,1,"16:9 PvVideoPlaceholder, 2 min stated (Grow V2: ""Watch demo (30 sec) - Not filmed yet"")",drawn-placeholder,both/shared,lib/screens/post_pregnancy/development_activity_screen.dart,age=4-5 yr; one demo video per activity
parenting,Development activities,"Brain tab (GrowHomeScreen, V1|V2|V3 toggle; V1 default) > V1 = DevelopmentHomeScreen > activity > DevelopmentActivityScreen","'First cuts, done together' demo video",video,1,"16:9 PvVideoPlaceholder, 2 min stated (Grow V2: ""Watch demo (30 sec) - Not filmed yet"")",drawn-placeholder,both/shared,lib/screens/post_pregnancy/development_activity_screen.dart,age=4-5 yr; one demo video per activity
parenting,Development activities,"Brain tab (GrowHomeScreen, V1|V2|V3 toggle; V1 default) > V1 = DevelopmentHomeScreen > activity > DevelopmentActivityScreen","'A job that actually matters, done together' demo video",video,1,"16:9 PvVideoPlaceholder, 2 min stated (Grow V2: ""Watch demo (30 sec) - Not filmed yet"")",drawn-placeholder,both/shared,lib/screens/post_pregnancy/development_activity_screen.dart,age=4-5 yr; one demo video per activity
parenting,Development activities,"Brain tab (GrowHomeScreen, V1|V2|V3 toggle; V1 default) > V1 = DevelopmentHomeScreen > activity > DevelopmentActivityScreen","'Build a calm-down corner, done together' demo video",video,1,"16:9 PvVideoPlaceholder, 2 min stated (Grow V2: ""Watch demo (30 sec) - Not filmed yet"")",drawn-placeholder,both/shared,lib/screens/post_pregnancy/development_activity_screen.dart,age=4-5 yr; one demo video per activity
parenting,Development activities,"Brain tab (GrowHomeScreen, V1|V2|V3 toggle; V1 default) > V1 = DevelopmentHomeScreen > activity > DevelopmentActivityScreen","'Say the plan before doing it, done together' demo video",video,1,"16:9 PvVideoPlaceholder, 2 min stated (Grow V2: ""Watch demo (30 sec) - Not filmed yet"")",drawn-placeholder,both/shared,lib/screens/post_pregnancy/development_activity_screen.dart,age=4-5 yr; one demo video per activity
parenting,Vaccination (old),retired,Old vaccine detail image block,illustration,1,PpStriped 70 h,drawn-placeholder,old (retired),lib/screens/post_pregnancy/vaccine_detail_screen.dart,No action
parenting,Health Guide (old),retired,Health guide image block,illustration,1,PpStriped 60 h,drawn-placeholder,old (retired),lib/screens/post_pregnancy/health_guide_screen.dart,No action
parenting,Old home (retired),retired,Old home hero/deal/snapshot image blocks,illustration,6,PpStriped 126/118/70/42 (home) + 210/70 (snapshot),drawn-placeholder,old (retired),lib/screens/post_pregnancy/post_pregnancy_home.dart,No action
parenting,Journal V2 (storybook),Explore > My Journal V2 (JournalWelcomeScreen -> journal_v2) ; My Child > Moments worth keeping > storybook / moments,Demo memory photos,photo,8,"Image.network, tinted; card/hero sizes vary",unsplash-url,new,lib/screens/post_pregnancy/journal_v2/jv2_common.dart,"8 Unsplash stock photos (mother & baby, child & dog, family, beach, newborn x2...) used as DEMO content; real journals hold user photos. Replace demo set with owned photography or remove"
parenting,Journal V1 (old),JournalScreen (old),Journal photo block,photo,1,PpStriped 180 h,drawn-placeholder,unsure,lib/screens/post_pregnancy/journal_screen.dart,No action if retired
parenting,Find help > expert profile,My Child tab > Explore drawer > Find help (also: V3 home > any door > consult layer 'Talk to a ...'; What Changed > 'Find help'; My Bookings empty state) > Browse by need 'Pediatrician' > Dr. Neha Sharma,Avatar — Dr. Neha Sharma (Paediatrician · 12 years),avatar,1,76x76 px circle on profile; 52x52 px on results card; 48x48 px in search row,drawn-placeholder,both/shared,lib/screens/post_pregnancy/pp_experts_data.dart,PpStriped diagonal-stripe circle in provider_profile_screen/provider_results_screen/problem_solver_screen; full profile (why/reviews/qualifications authored); id=neha
parenting,Find help > expert profile,My Child tab > Explore drawer > Find help (also: V3 home > any door > consult layer 'Talk to a ...'; What Changed > 'Find help'; My Bookings empty state) > Browse by need 'Pediatrician' > Dr. Ananya Rao,Avatar — Dr. Ananya Rao (Paediatrician · 15 years),avatar,1,76x76 px circle on profile; 52x52 px on results card; 48x48 px in search row,drawn-placeholder,both/shared,lib/screens/post_pregnancy/pp_experts_data.dart,PpStriped diagonal-stripe circle in provider_profile_screen/provider_results_screen/problem_solver_screen; full profile (why/reviews/qualifications authored); id=ananya
parenting,Find help > expert profile,Courses/Masterclasses > instructor name > profile (path via Courses group),Avatar — Dr. Meher Shah (Paediatric sleep consultant · 8 years),avatar,1,76x76 px circle on profile; 52x52 px on results card; 48x48 px in search row,drawn-placeholder,both/shared,lib/screens/post_pregnancy/pp_experts_data.dart,PpStriped diagonal-stripe circle in provider_profile_screen/provider_results_screen/problem_solver_screen; full profile (why/reviews/qualifications authored); id=meher
parenting,Find help > expert profile,My Child tab > Explore drawer > Find help (also: V3 home > any door > consult layer 'Talk to a ...'; What Changed > 'Find help'; My Bookings empty state) > Browse by need 'Child psychologist' > Dr. Kabir Sen,Avatar — Dr. Kabir Sen (Child psychologist · 12 years),avatar,1,76x76 px circle on profile; 52x52 px on results card; 48x48 px in search row,drawn-placeholder,both/shared,lib/screens/post_pregnancy/pp_experts_data.dart,PpStriped diagonal-stripe circle in provider_profile_screen/provider_results_screen/problem_solver_screen; full profile (why/reviews/qualifications authored); id=kabir
parenting,Find help > expert profile,Courses/Masterclasses > instructor name > profile (path via Courses group),Avatar — Meera Iyer (Child-safety educator · 10 years),avatar,1,76x76 px circle on profile; 52x52 px on results card; 48x48 px in search row,drawn-placeholder,both/shared,lib/screens/post_pregnancy/pp_experts_data.dart,PpStriped diagonal-stripe circle in provider_profile_screen/provider_results_screen/problem_solver_screen; full profile (why/reviews/qualifications authored); id=meera
parenting,Find help > expert profile,Courses/Masterclasses > instructor name > profile (path via Courses group),Avatar — Ritu Malhotra (Paediatric nutritionist · 9 years),avatar,1,76x76 px circle on profile; 52x52 px on results card; 48x48 px in search row,drawn-placeholder,both/shared,lib/screens/post_pregnancy/pp_experts_data.dart,PpStriped diagonal-stripe circle in provider_profile_screen/provider_results_screen/problem_solver_screen; full profile (why/reviews/qualifications authored); id=ritu
parenting,Find help > expert profile,My Child tab > Explore drawer > Find help (also: V3 home > any door > consult layer 'Talk to a ...'; What Changed > 'Find help'; My Bookings empty state) > Browse by need 'Pediatrician' > Dr. Rajan Mehta,Avatar — Dr. Rajan Mehta (Paediatrician · 14 years),avatar,1,76x76 px circle on profile; 52x52 px on results card; 48x48 px in search row,drawn-placeholder,both/shared,lib/screens/post_pregnancy/pp_experts_data.dart,PpStriped diagonal-stripe circle in provider_profile_screen/provider_results_screen/problem_solver_screen; lean find-help entry; id=rajan
parenting,Find help > expert profile,My Child tab > Explore drawer > Find help (also: V3 home > any door > consult layer 'Talk to a ...'; What Changed > 'Find help'; My Bookings empty state) > Browse by need 'Pediatrician' > Dr. Kavita Reddy,Avatar — Dr. Kavita Reddy (Paediatrician · 10 years),avatar,1,76x76 px circle on profile; 52x52 px on results card; 48x48 px in search row,drawn-placeholder,both/shared,lib/screens/post_pregnancy/pp_experts_data.dart,PpStriped diagonal-stripe circle in provider_profile_screen/provider_results_screen/problem_solver_screen; lean find-help entry; id=kavita
parenting,Find help > expert profile,My Child tab > Explore drawer > Find help (also: V3 home > any door > consult layer 'Talk to a ...'; What Changed > 'Find help'; My Bookings empty state) > Browse by need 'Gynecologist' > Dr. Sunita Rao,Avatar — Dr. Sunita Rao (Gynaecologist · 18 years),avatar,1,76x76 px circle on profile; 52x52 px on results card; 48x48 px in search row,drawn-placeholder,both/shared,lib/screens/post_pregnancy/pp_experts_data.dart,PpStriped diagonal-stripe circle in provider_profile_screen/provider_results_screen/problem_solver_screen; lean find-help entry; id=sunita
parenting,Find help > expert profile,My Child tab > Explore drawer > Find help (also: V3 home > any door > consult layer 'Talk to a ...'; What Changed > 'Find help'; My Bookings empty state) > Browse by need 'Gynecologist' > Dr. Farah Khan,Avatar — Dr. Farah Khan (Obstetrician-Gynaecologist · 11 years),avatar,1,76x76 px circle on profile; 52x52 px on results card; 48x48 px in search row,drawn-placeholder,both/shared,lib/screens/post_pregnancy/pp_experts_data.dart,PpStriped diagonal-stripe circle in provider_profile_screen/provider_results_screen/problem_solver_screen; lean find-help entry; id=farah
parenting,Find help > expert profile,My Child tab > Explore drawer > Find help (also: V3 home > any door > consult layer 'Talk to a ...'; What Changed > 'Find help'; My Bookings empty state) > Browse by need 'Gynecologist' > Dr. Anjali Desai,Avatar — Dr. Anjali Desai (Gynaecologist · 13 years),avatar,1,76x76 px circle on profile; 52x52 px on results card; 48x48 px in search row,drawn-placeholder,both/shared,lib/screens/post_pregnancy/pp_experts_data.dart,PpStriped diagonal-stripe circle in provider_profile_screen/provider_results_screen/problem_solver_screen; lean find-help entry; id=anjali
parenting,Find help > expert profile,My Child tab > Explore drawer > Find help (also: V3 home > any door > consult layer 'Talk to a ...'; What Changed > 'Find help'; My Bookings empty state) > Browse by need 'Speech therapist' > Aisha Verma,Avatar — Aisha Verma (Speech-language therapist · 9 years),avatar,1,76x76 px circle on profile; 52x52 px on results card; 48x48 px in search row,drawn-placeholder,both/shared,lib/screens/post_pregnancy/pp_experts_data.dart,PpStriped diagonal-stripe circle in provider_profile_screen/provider_results_screen/problem_solver_screen; lean find-help entry; id=aisha
parenting,Find help > expert profile,My Child tab > Explore drawer > Find help (also: V3 home > any door > consult layer 'Talk to a ...'; What Changed > 'Find help'; My Bookings empty state) > Browse by need 'Speech therapist' > Rohan Kapoor,Avatar — Rohan Kapoor (Speech therapist · 7 years),avatar,1,76x76 px circle on profile; 52x52 px on results card; 48x48 px in search row,drawn-placeholder,both/shared,lib/screens/post_pregnancy/pp_experts_data.dart,PpStriped diagonal-stripe circle in provider_profile_screen/provider_results_screen/problem_solver_screen; lean find-help entry; id=rohan_sp
parenting,Find help > expert profile,My Child tab > Explore drawer > Find help (also: V3 home > any door > consult layer 'Talk to a ...'; What Changed > 'Find help'; My Bookings empty state) > Browse by need 'Speech therapist' > Deepa Nair,Avatar — Deepa Nair (Paediatric speech therapist · 12 years),avatar,1,76x76 px circle on profile; 52x52 px on results card; 48x48 px in search row,drawn-placeholder,both/shared,lib/screens/post_pregnancy/pp_experts_data.dart,PpStriped diagonal-stripe circle in provider_profile_screen/provider_results_screen/problem_solver_screen; lean find-help entry; id=deepa
parenting,Find help > expert profile,My Child tab > Explore drawer > Find help (also: V3 home > any door > consult layer 'Talk to a ...'; What Changed > 'Find help'; My Bookings empty state) > Browse by need 'Lactation expert' > Shalini Gupta,Avatar — Shalini Gupta (IBCLC lactation consultant · 10 years),avatar,1,76x76 px circle on profile; 52x52 px on results card; 48x48 px in search row,drawn-placeholder,both/shared,lib/screens/post_pregnancy/pp_experts_data.dart,PpStriped diagonal-stripe circle in provider_profile_screen/provider_results_screen/problem_solver_screen; lean find-help entry; id=shalini
parenting,Find help > expert profile,My Child tab > Explore drawer > Find help (also: V3 home > any door > consult layer 'Talk to a ...'; What Changed > 'Find help'; My Bookings empty state) > Browse by need 'Lactation expert' > Ruchi Jain,Avatar — Ruchi Jain (Certified lactation counsellor · 6 years),avatar,1,76x76 px circle on profile; 52x52 px on results card; 48x48 px in search row,drawn-placeholder,both/shared,lib/screens/post_pregnancy/pp_experts_data.dart,PpStriped diagonal-stripe circle in provider_profile_screen/provider_results_screen/problem_solver_screen; lean find-help entry; id=ruchi
parenting,Find help > expert profile,My Child tab > Explore drawer > Find help (also: V3 home > any door > consult layer 'Talk to a ...'; What Changed > 'Find help'; My Bookings empty state) > Browse by need 'Lactation expert' > Nadia Sheikh,Avatar — Nadia Sheikh (IBCLC lactation consultant · 8 years),avatar,1,76x76 px circle on profile; 52x52 px on results card; 48x48 px in search row,drawn-placeholder,both/shared,lib/screens/post_pregnancy/pp_experts_data.dart,PpStriped diagonal-stripe circle in provider_profile_screen/provider_results_screen/problem_solver_screen; lean find-help entry; id=nadia
parenting,Find help > expert profile,My Child tab > Explore drawer > Find help (also: V3 home > any door > consult layer 'Talk to a ...'; What Changed > 'Find help'; My Bookings empty state) > Browse by need 'Child derma' > Dr. Vikram Sethi,Avatar — Dr. Vikram Sethi (Paediatric dermatologist · 15 years),avatar,1,76x76 px circle on profile; 52x52 px on results card; 48x48 px in search row,drawn-placeholder,both/shared,lib/screens/post_pregnancy/pp_experts_data.dart,PpStriped diagonal-stripe circle in provider_profile_screen/provider_results_screen/problem_solver_screen; lean find-help entry; id=vikram
parenting,Find help > expert profile,My Child tab > Explore drawer > Find help (also: V3 home > any door > consult layer 'Talk to a ...'; What Changed > 'Find help'; My Bookings empty state) > Browse by need 'Child derma' > Dr. Leela Menon,Avatar — Dr. Leela Menon (Paediatric dermatologist · 16 years),avatar,1,76x76 px circle on profile; 52x52 px on results card; 48x48 px in search row,drawn-placeholder,both/shared,lib/screens/post_pregnancy/pp_experts_data.dart,PpStriped diagonal-stripe circle in provider_profile_screen/provider_results_screen/problem_solver_screen; lean find-help entry; id=leela
parenting,Find help > expert profile,My Child tab > Explore drawer > Find help (also: V3 home > any door > consult layer 'Talk to a ...'; What Changed > 'Find help'; My Bookings empty state) > Browse by need 'Child derma' > Dr. Arjun Rao,Avatar — Dr. Arjun Rao (Dermatologist (child skin) · 9 years),avatar,1,76x76 px circle on profile; 52x52 px on results card; 48x48 px in search row,drawn-placeholder,both/shared,lib/screens/post_pregnancy/pp_experts_data.dart,PpStriped diagonal-stripe circle in provider_profile_screen/provider_results_screen/problem_solver_screen; lean find-help entry; id=arjun_dm
parenting,Find help > expert profile,My Child tab > Explore drawer > Find help (also: V3 home > any door > consult layer 'Talk to a ...'; What Changed > 'Find help'; My Bookings empty state) > Browse by need 'Child psychologist' > Dr. Tara Bose,Avatar — Dr. Tara Bose (Child psychologist · 14 years),avatar,1,76x76 px circle on profile; 52x52 px on results card; 48x48 px in search row,drawn-placeholder,both/shared,lib/screens/post_pregnancy/pp_experts_data.dart,PpStriped diagonal-stripe circle in provider_profile_screen/provider_results_screen/problem_solver_screen; lean find-help entry; id=tara
parenting,Find help > expert profile,My Child tab > Explore drawer > Find help (also: V3 home > any door > consult layer 'Talk to a ...'; What Changed > 'Find help'; My Bookings empty state) > Browse by need 'Child psychologist' > Dr. Sameer Ali,Avatar — Dr. Sameer Ali (Child & adolescent psychologist · 10 years),avatar,1,76x76 px circle on profile; 52x52 px on results card; 48x48 px in search row,drawn-placeholder,both/shared,lib/screens/post_pregnancy/pp_experts_data.dart,PpStriped diagonal-stripe circle in provider_profile_screen/provider_results_screen/problem_solver_screen; lean find-help entry; id=sameer
parenting,Find help > expert profile,My Child tab > Explore drawer > Find help (also: V3 home > any door > consult layer 'Talk to a ...'; What Changed > 'Find help'; My Bookings empty state) > Browse by need 'Special needs expert' > Priya Ranganathan,"Avatar — Priya Ranganathan (Special educator (autism, ADHD) · 13 years)",avatar,1,76x76 px circle on profile; 52x52 px on results card; 48x48 px in search row,drawn-placeholder,both/shared,lib/screens/post_pregnancy/pp_experts_data.dart,PpStriped diagonal-stripe circle in provider_profile_screen/provider_results_screen/problem_solver_screen; lean find-help entry; id=priya_sn
parenting,Find help > expert profile,My Child tab > Explore drawer > Find help (also: V3 home > any door > consult layer 'Talk to a ...'; What Changed > 'Find help'; My Bookings empty state) > Browse by need 'Special needs expert' > Neil Dcosta,Avatar — Neil Dcosta (Occupational therapist · 8 years),avatar,1,76x76 px circle on profile; 52x52 px on results card; 48x48 px in search row,drawn-placeholder,both/shared,lib/screens/post_pregnancy/pp_experts_data.dart,PpStriped diagonal-stripe circle in provider_profile_screen/provider_results_screen/problem_solver_screen; lean find-help entry; id=neil
parenting,Find help > expert profile,My Child tab > Explore drawer > Find help (also: V3 home > any door > consult layer 'Talk to a ...'; What Changed > 'Find help'; My Bookings empty state) > Browse by need 'Special needs expert' > Maya Krishnan,Avatar — Maya Krishnan (Developmental therapist · 11 years),avatar,1,76x76 px circle on profile; 52x52 px on results card; 48x48 px in search row,drawn-placeholder,both/shared,lib/screens/post_pregnancy/pp_experts_data.dart,PpStriped diagonal-stripe circle in provider_profile_screen/provider_results_screen/problem_solver_screen; lean find-help entry; id=maya
parenting,Find help > expert profile,My Child tab > Explore drawer > Find help (also: V3 home > any door > consult layer 'Talk to a ...'; What Changed > 'Find help'; My Bookings empty state) > Browse by need 'Sleep expert' > Aditi Rao,Avatar — Aditi Rao (Certified paediatric sleep coach · 7 years),avatar,1,76x76 px circle on profile; 52x52 px on results card; 48x48 px in search row,drawn-placeholder,both/shared,lib/screens/post_pregnancy/pp_experts_data.dart,PpStriped diagonal-stripe circle in provider_profile_screen/provider_results_screen/problem_solver_screen; SEEDED placeholder person (Expert.seeded=true) awaiting real supply; id=seed_sleep_1
parenting,Find help > expert profile,My Child tab > Explore drawer > Find help (also: V3 home > any door > consult layer 'Talk to a ...'; What Changed > 'Find help'; My Bookings empty state) > Browse by need 'Sleep expert' > Farah Qureshi,Avatar — Farah Qureshi (Sleep consultant · 5 years),avatar,1,76x76 px circle on profile; 52x52 px on results card; 48x48 px in search row,drawn-placeholder,both/shared,lib/screens/post_pregnancy/pp_experts_data.dart,PpStriped diagonal-stripe circle in provider_profile_screen/provider_results_screen/problem_solver_screen; SEEDED placeholder person (Expert.seeded=true) awaiting real supply; id=seed_sleep_2
parenting,Find help > expert profile,My Child tab > Explore drawer > Find help (also: V3 home > any door > consult layer 'Talk to a ...'; What Changed > 'Find help'; My Bookings empty state) > Browse by need 'Nutritionist' > Divya Menon,Avatar — Divya Menon (Paediatric nutritionist · 9 years),avatar,1,76x76 px circle on profile; 52x52 px on results card; 48x48 px in search row,drawn-placeholder,both/shared,lib/screens/post_pregnancy/pp_experts_data.dart,PpStriped diagonal-stripe circle in provider_profile_screen/provider_results_screen/problem_solver_screen; SEEDED placeholder person (Expert.seeded=true) awaiting real supply; id=seed_nutrition_1
parenting,Find help > expert profile,My Child tab > Explore drawer > Find help (also: V3 home > any door > consult layer 'Talk to a ...'; What Changed > 'Find help'; My Bookings empty state) > Browse by need 'Nutritionist' > Ritika Shah,Avatar — Ritika Shah (Clinical dietitian · 6 years),avatar,1,76x76 px circle on profile; 52x52 px on results card; 48x48 px in search row,drawn-placeholder,both/shared,lib/screens/post_pregnancy/pp_experts_data.dart,PpStriped diagonal-stripe circle in provider_profile_screen/provider_results_screen/problem_solver_screen; SEEDED placeholder person (Expert.seeded=true) awaiting real supply; id=seed_nutrition_2
parenting,Find help > expert profile,My Child tab > Explore drawer > Find help (also: V3 home > any door > consult layer 'Talk to a ...'; What Changed > 'Find help'; My Bookings empty state) > Browse by need 'Physiotherapist' > Neha Kulkarni,Avatar — Neha Kulkarni (Postnatal physiotherapist · 8 years),avatar,1,76x76 px circle on profile; 52x52 px on results card; 48x48 px in search row,drawn-placeholder,both/shared,lib/screens/post_pregnancy/pp_experts_data.dart,PpStriped diagonal-stripe circle in provider_profile_screen/provider_results_screen/problem_solver_screen; SEEDED placeholder person (Expert.seeded=true) awaiting real supply; id=seed_physio_1
parenting,Find help > expert profile,My Child tab > Explore drawer > Find help (also: V3 home > any door > consult layer 'Talk to a ...'; What Changed > 'Find help'; My Bookings empty state) > Browse by need 'Physiotherapist' > Sana Iqbal,Avatar — Sana Iqbal (Womens health physiotherapist · 6 years),avatar,1,76x76 px circle on profile; 52x52 px on results card; 48x48 px in search row,drawn-placeholder,both/shared,lib/screens/post_pregnancy/pp_experts_data.dart,PpStriped diagonal-stripe circle in provider_profile_screen/provider_results_screen/problem_solver_screen; SEEDED placeholder person (Expert.seeded=true) awaiting real supply; id=seed_physio_2
parenting,Find help > expert profile,My Child tab > Explore drawer > Find help (also: V3 home > any door > consult layer 'Talk to a ...'; What Changed > 'Find help'; My Bookings empty state) > Browse by need 'Maternal mental health' > Dr. Kavita Bhatt,Avatar — Dr. Kavita Bhatt (Perinatal psychologist · 11 years),avatar,1,76x76 px circle on profile; 52x52 px on results card; 48x48 px in search row,drawn-placeholder,both/shared,lib/screens/post_pregnancy/pp_experts_data.dart,PpStriped diagonal-stripe circle in provider_profile_screen/provider_results_screen/problem_solver_screen; SEEDED placeholder person (Expert.seeded=true) awaiting real supply; id=seed_mmh_1
parenting,Find help > expert profile,My Child tab > Explore drawer > Find help (also: V3 home > any door > consult layer 'Talk to a ...'; What Changed > 'Find help'; My Bookings empty state) > Browse by need 'Maternal mental health' > Meghna Das,Avatar — Meghna Das (Counselling psychologist · 7 years),avatar,1,76x76 px circle on profile; 52x52 px on results card; 48x48 px in search row,drawn-placeholder,both/shared,lib/screens/post_pregnancy/pp_experts_data.dart,PpStriped diagonal-stripe circle in provider_profile_screen/provider_results_screen/problem_solver_screen; SEEDED placeholder person (Expert.seeded=true) awaiting real supply; id=seed_mmh_2
parenting,Find help > expert profile,My Child tab > Explore drawer > Find help (also: V3 home > any door > consult layer 'Talk to a ...'; What Changed > 'Find help'; My Bookings empty state) > Browse by need 'Development expert' > Dr. Anil Verma,Avatar — Dr. Anil Verma (Developmental paediatrician · 14 years),avatar,1,76x76 px circle on profile; 52x52 px on results card; 48x48 px in search row,drawn-placeholder,both/shared,lib/screens/post_pregnancy/pp_experts_data.dart,PpStriped diagonal-stripe circle in provider_profile_screen/provider_results_screen/problem_solver_screen; SEEDED placeholder person (Expert.seeded=true) awaiting real supply; id=seed_dev_1
parenting,Find help > expert profile,My Child tab > Explore drawer > Find help (also: V3 home > any door > consult layer 'Talk to a ...'; What Changed > 'Find help'; My Bookings empty state) > Browse by need 'Development expert' > Preeti Nair,Avatar — Preeti Nair (Occupational therapist · 9 years),avatar,1,76x76 px circle on profile; 52x52 px on results card; 48x48 px in search row,drawn-placeholder,both/shared,lib/screens/post_pregnancy/pp_experts_data.dart,PpStriped diagonal-stripe circle in provider_profile_screen/provider_results_screen/problem_solver_screen; SEEDED placeholder person (Expert.seeded=true) awaiting real supply; id=seed_dev_2
parenting,Find help > expert profile,My Child tab > Explore drawer > Find help (also: V3 home > any door > consult layer 'Talk to a ...'; What Changed > 'Find help'; My Bookings empty state) > Browse by need 'Early learning expert' > Shruti Kapoor,Avatar — Shruti Kapoor (Early years educator · 10 years),avatar,1,76x76 px circle on profile; 52x52 px on results card; 48x48 px in search row,drawn-placeholder,both/shared,lib/screens/post_pregnancy/pp_experts_data.dart,PpStriped diagonal-stripe circle in provider_profile_screen/provider_results_screen/problem_solver_screen; SEEDED placeholder person (Expert.seeded=true) awaiting real supply; id=seed_early_1
parenting,Find help > expert profile,My Child tab > Explore drawer > Find help (also: V3 home > any door > consult layer 'Talk to a ...'; What Changed > 'Find help'; My Bookings empty state) > Browse by need 'Early learning expert' > Zoya Ahmed,Avatar — Zoya Ahmed (Montessori guide · 7 years),avatar,1,76x76 px circle on profile; 52x52 px on results card; 48x48 px in search row,drawn-placeholder,both/shared,lib/screens/post_pregnancy/pp_experts_data.dart,PpStriped diagonal-stripe circle in provider_profile_screen/provider_results_screen/problem_solver_screen; SEEDED placeholder person (Expert.seeded=true) awaiting real supply; id=seed_early_2
parenting,Dadi/Nani Nuskhe > remedy detail,My Child tab > Explore drawer > Dadi/Nani Nuskhe (also: V3 home > Sleep door > extras 'What the grandmothers say'; V3 home > Traditions door > content/tools layer) > any remedy > 'Reviewed & signed off by' panel,Reviewer avatar — Dr. Kamala Iyer (BAMS) — default panel lead (10 remedies),avatar,1,"34x34 px circle, three overlapping",drawn-placeholder,both/shared,lib/screens/post_pregnancy/remedy_detail_screen.dart,"PpStriped circles; the three stacked avatars are anonymous stripes, names are fictional reviewers — need a real vaidya panel + photos"
parenting,Dadi/Nani Nuskhe > remedy detail,My Child tab > Explore drawer > Dadi/Nani Nuskhe (also: V3 home > Sleep door > extras 'What the grandmothers say'; V3 home > Traditions door > content/tools layer) > any remedy > 'Reviewed & signed off by' panel,"Reviewer avatar — Dr. Anil Deshpande (BAMS, MD Ayurveda) — 6 remedies",avatar,1,"34x34 px circle, three overlapping",drawn-placeholder,both/shared,lib/screens/post_pregnancy/remedy_detail_screen.dart,"PpStriped circles; the three stacked avatars are anonymous stripes, names are fictional reviewers — need a real vaidya panel + photos"
parenting,Dadi/Nani Nuskhe > remedy detail,My Child tab > Explore drawer > Dadi/Nani Nuskhe (also: V3 home > Sleep door > extras 'What the grandmothers say'; V3 home > Traditions door > content/tools layer) > any remedy > 'Reviewed & signed off by' panel,Reviewer avatar — Dr. Lakshmi Nair (BAMS) — 6 remedies,avatar,1,"34x34 px circle, three overlapping",drawn-placeholder,both/shared,lib/screens/post_pregnancy/remedy_detail_screen.dart,"PpStriped circles; the three stacked avatars are anonymous stripes, names are fictional reviewers — need a real vaidya panel + photos"
parenting,Dadi/Nani Nuskhe > remedy detail,My Child tab > Explore drawer > Dadi/Nani Nuskhe (also: V3 home > Sleep door > extras 'What the grandmothers say'; V3 home > Traditions door > content/tools layer) > 'Cold & cough' > Ajwain potli for a blocked nose > 'Watch how',Demo video — Ajwain potli for a blocked nose: Watch: rolling and warming the potli safely,video,1,"full-width, 168 px tall, radius 20 (approx 2:1)",drawn-placeholder,both/shared,lib/screens/post_pregnancy/pp_nuskhe_data.dart,"hasVideo=true; PpStriped block + play button; tap shows 'coming soon' snackbar; no MP4/HLS URL; duration unspecified (short technique demo, 30–90 s suggested); age 0+ mo"
parenting,Dadi/Nani Nuskhe > remedy detail,My Child tab > Explore drawer > Dadi/Nani Nuskhe (also: V3 home > Sleep door > extras 'What the grandmothers say'; V3 home > Traditions door > content/tools layer) > 'Cold & cough' > Mustard-oil & garlic chest rub > 'Watch how',Demo video — Mustard-oil & garlic chest rub: Watch: the gentle chest-and-back stroke,video,1,"full-width, 168 px tall, radius 20 (approx 2:1)",drawn-placeholder,both/shared,lib/screens/post_pregnancy/pp_nuskhe_data.dart,"hasVideo=true; PpStriped block + play button; tap shows 'coming soon' snackbar; no MP4/HLS URL; duration unspecified (short technique demo, 30–90 s suggested); age 3+ mo"
parenting,Dadi/Nani Nuskhe > remedy detail,My Child tab > Explore drawer > Dadi/Nani Nuskhe (also: V3 home > Sleep door > extras 'What the grandmothers say'; V3 home > Traditions door > content/tools layer) > 'Stomach & colic' > Hing (asafoetida) tummy rub > 'Watch how',Demo video — Hing (asafoetida) tummy rub: Watch: the clockwise anti-gas tummy rub,video,1,"full-width, 168 px tall, radius 20 (approx 2:1)",drawn-placeholder,both/shared,lib/screens/post_pregnancy/pp_nuskhe_data.dart,"hasVideo=true; PpStriped block + play button; tap shows 'coming soon' snackbar; no MP4/HLS URL; duration unspecified (short technique demo, 30–90 s suggested); age 1+ mo"
parenting,Dadi/Nani Nuskhe > remedy detail,My Child tab > Explore drawer > Dadi/Nani Nuskhe (also: V3 home > Sleep door > extras 'What the grandmothers say'; V3 home > Traditions door > content/tools layer) > 'Stomach & colic' > Tummy massage & bicycle legs > 'Watch how',Demo video — Tummy massage & bicycle legs: Watch: massage and the bicycle stretch,video,1,"full-width, 168 px tall, radius 20 (approx 2:1)",drawn-placeholder,both/shared,lib/screens/post_pregnancy/pp_nuskhe_data.dart,"hasVideo=true; PpStriped block + play button; tap shows 'coming soon' snackbar; no MP4/HLS URL; duration unspecified (short technique demo, 30–90 s suggested); age 0+ mo"
parenting,Dadi/Nani Nuskhe > remedy detail,My Child tab > Explore drawer > Dadi/Nani Nuskhe (also: V3 home > Sleep door > extras 'What the grandmothers say'; V3 home > Traditions door > content/tools layer) > 'Teething' > Clean-finger gum massage > 'Watch how',Demo video — Clean-finger gum massage: Watch: the gentle gum-massage technique,video,1,"full-width, 168 px tall, radius 20 (approx 2:1)",drawn-placeholder,both/shared,lib/screens/post_pregnancy/pp_nuskhe_data.dart,"hasVideo=true; PpStriped block + play button; tap shows 'coming soon' snackbar; no MP4/HLS URL; duration unspecified (short technique demo, 30–90 s suggested); age 3+ mo"
parenting,Dadi/Nani Nuskhe > remedy detail,My Child tab > Explore drawer > Dadi/Nani Nuskhe (also: V3 home > Sleep door > extras 'What the grandmothers say'; V3 home > Traditions door > content/tools layer) > 'Sleep issues' > Bedtime oil massage (abhyanga) > 'Watch how',Demo video — Bedtime oil massage (abhyanga): Watch: the full bedtime massage sequence,video,1,"full-width, 168 px tall, radius 20 (approx 2:1)",drawn-placeholder,both/shared,lib/screens/post_pregnancy/pp_nuskhe_data.dart,"hasVideo=true; PpStriped block + play button; tap shows 'coming soon' snackbar; no MP4/HLS URL; duration unspecified (short technique demo, 30–90 s suggested); age 0+ mo"
parenting,Dadi/Nani Nuskhe > remedy detail,My Child tab > Explore drawer > Dadi/Nani Nuskhe (also: V3 home > Sleep door > extras 'What the grandmothers say'; V3 home > Traditions door > content/tools layer) > any remedy,Remedy hero image (no slot exists),illustration,22,unknown — no image field on Remedy; list rows show a Material category icon,none-rendered,both/shared,lib/screens/post_pregnancy/pp_nuskhe_data.dart,Optional ask: 22 remedy photos/illustrations (ingredients or technique) only if design adds a hero slot; today the detail page is text-only
parenting,Dadi/Nani Nuskhe,My Child tab > Explore drawer > Dadi/Nani Nuskhe (also: V3 home > Sleep door > extras 'What the grandmothers say'; V3 home > Traditions door > content/tools layer) > 'By situation' grid,"Situation tile icon-art (6 categories: Cold & cough, Fever, Stomach & colic, Teething, Sleep issues, Skin issues)",icon-art,6,small tile icon (~20 px Material line icon),drawn-placeholder,both/shared,lib/screens/post_pregnancy/pp_nuskhe_data.dart,Material Icons today; custom line icons optional
parenting,Dadi/Nani Nuskhe > remedy detail,My Child tab > Explore drawer > Dadi/Nani Nuskhe (also: V3 home > Sleep door > extras 'What the grandmothers say'; V3 home > Traditions door > content/tools layer) > 'Ajwain potli' / 'Coconut oil for dry skin' > Sponsored card,Sponsor product image/logo (RemedySponsor has title+subtitle only),product-image,2,unknown — no image slot,none-rendered,both/shared,lib/screens/post_pregnancy/pp_nuskhe_data.dart,Organic India whole-seed ajwain; Coco Soul virgin coconut oil — text-only sponsored cards
parenting,Find help,My Child tab > Explore drawer > Find help (also: V3 home > any door > consult layer 'Talk to a ...'; What Changed > 'Find help'; My Bookings empty state) > 'Browse by need' list,Need row icon-art (13 needs),icon-art,13,"42x42 px tile, 20 px Material icon",drawn-placeholder,both/shared,lib/screens/post_pregnancy/pp_experts_data.dart,Material Icons per FindHelpNeed; custom icons optional
parenting,Find help > expert profile,My Child tab > Explore drawer > Find help (also: V3 home > any door > consult layer 'Talk to a ...'; What Changed > 'Find help'; My Bookings empty state) > expert > 'Watch <name> on ParentVeda',Channel link tile (play icon),icon-art,1,42x42 px circle,drawn-placeholder,both/shared,lib/screens/post_pregnancy/provider_profile_screen.dart,Links to WatchChannelScreen — videos counted by the Watch group
parenting,Baby names (V2 Journey),Tools tab > Baby names > 'Begin the journey' > taste quiz (who / feeling / community / region) > 'Discover names one by one' primer > swipe deck,Swipe card art per name (card is typography-only: Devanagari script + meaning on a white/purple gradient),illustration,21,card approx full-width x ~380 px; no image slot,none-rendered,new,lib/screens/post_pregnancy/name_journey_feed_screen.dart,Optional ask: per-name calligraphy/illustration; today gradient + Fraunces type only
parenting,Baby names (V2 Journey) > Deep Dive,Tools tab > Baby names > Begin the journey > swipe deck > tap a card (Deep Dive) [also from 'Just show me names' list and the shortlist] > 'The story of this name',Name Story art (no slot),illustration,21,unknown — no image slot,none-rendered,new,lib/screens/post_pregnancy/name_journey_detail_screen.dart,AI Name Story renders as a text card; nothing draws an image
parenting,Baby names (V2 Journey) > Astrology,Tools tab > Baby names > Begin the journey > swipe deck > tap a card (Deep Dive) [also from 'Just show me names' list and the shortlist] > 'Astrology' fact tile,Ruling-planet hero (dark purple gradient block),illustration,9,"full-width gradient card, radius ~24 (approx 3:2)",drawn-placeholder,new,lib/screens/post_pregnancy/name_astro_screens.dart,"One per ruling planet (Sun, Moon, Jupiter, Rahu, Mercury, Venus, Ketu, Saturn, Mars) if illustrated; today a gradient with text"
parenting,Baby names,"Tools tab > Baby names (also: V3 home > Traditions door > tools layer 'pp_names', path unsure)","Naming home hero card ('Take the taste quiz, then start swiping')",illustration,1,full-width gradient card,drawn-placeholder,new,lib/screens/post_pregnancy/baby_naming_home_screen.dart,Lilac gradient; optional keepsake illustration
parenting,Baby names (V2 Journey),Tools tab > Baby names > 'Begin the journey' > taste quiz (who / feeling / community / region) > 'Discover names one by one' primer > swipe deck > primer 'Discover names one by one',Primer illustration (tilted mini-card with heart icon),illustration,1,58x76 px card on gradient,drawn-placeholder,new,lib/screens/post_pregnancy/name_journey_feed_screen.dart,Drawn with containers + Icons.favorite
parenting,Baby names (V1 Finder — retired),Tools tab > Baby names > [V1 toggle commented out] > Name Finder,V1 'It's a match' / matches hero (dark radial gradient),illustration,2,full-width gradient,drawn-placeholder,old (retired),lib/screens/post_pregnancy/name_matches_screen.dart,V1 finder screens unreachable since the V1|V2 toggle was retired 19 Jul (kept for revert)
parenting,Guided journeys,My Child tab > Explore drawer > Brand Studio > 'Sponsored journey' > Show me > Guided journeys (the Explore drawer row 'Guided journeys' is COMMENTED OUT),"Journey cover — 'Breastfeeding, in 30 parts'",illustration,1,38x38 px icon tile only (Icons.route_rounded); no cover slot,none-rendered,old (retired),lib/screens/post_pregnancy/journeys_screen.dart,No cover image field on Journey; Explore row commented out — reachable only via Brand Studio showcase
parenting,Guided journeys,My Child tab > Explore drawer > Brand Studio > 'Sponsored journey' > Show me > Guided journeys (the Explore drawer row 'Guided journeys' is COMMENTED OUT) > journey > day rows,Per-day illustration (no slot),illustration,30,unknown — no image field on JourneyDay,none-rendered,old (retired),lib/screens/post_pregnancy/pp_journeys_data.dart,Text-only day reads
parenting,Solve problem guide (retired),(unreachable) old PostPregnancyHome > 'Challenges to watch' > 'The 4-month sleep regression',"Video thumbnails on the sleep-regression guide (sleep4mo, q_noise)",video-thumbnail,2,"80x54 px, radius 12",drawn-placeholder,old (retired),lib/screens/post_pregnancy/solve_problem_screen.dart,PpStriped; videos themselves belong to Watch (pp_watch_data) — counted there; PostPregnancyHome has no call site
