stage,area,tap_path,placeholder_type,item,count,what_is_needed_from_us,current_state,version,source_file
parenting,Door: Sleep,My Child tab > 'Current | V3' pill > V3 home > 'Sleep' door > 'Sleep' section > tools row,tracker/tool door,Is she sleeping enough? -> pp_sleep_check,1,Nothing to commission; door copy only (already written),"wired, opens an existing screen",new,lib/screens/post_pregnancy/pp_sleep_content.dart
parenting,Door: Sleep,My Child tab > 'Current | V3' pill > V3 home > 'Sleep' door > 'Sleep' section > tools row,tracker/tool door,Log her sleep and naps -> pp_sleep,1,Nothing to commission; door copy only (already written),"wired, opens an existing screen",new,lib/screens/post_pregnancy/pp_sleep_content.dart
parenting,Door: Sleep,My Child tab > 'Current | V3' pill > V3 home > 'Sleep' door > 'Sleep' section > tools row,tracker/tool door,Sleep Sounds -> pp_sleep_sounds,1,Nothing to commission; door copy only (already written),"wired, opens an existing screen",new,lib/screens/post_pregnancy/pp_sleep_content.dart
parenting,Door: Sleep,My Child tab > 'Current | V3' pill > V3 home > 'Sleep' door > 'Sleep' section > 'She keeps waking at night' > 'Gentle ways to settle her',paid offering (1:1 consult CTA),PpConsult role=sleep,1,A real expert of this category (supply) + fee; the CTA opens the filtered provider roster,CTA wired to ProviderResultsScreen; roster is seeded/placeholder for most categories,new,lib/screens/post_pregnancy/pp_sleep_content.dart
parenting,Door: Sleep,My Child tab > 'Current | V3' pill > V3 home > 'Sleep' door > 'Sleep' section > 'Her sleep suddenly got worse' > 'What is a sleep regression',paid offering (1:1 consult CTA),PpConsult role=sleep,1,A real expert of this category (supply) + fee; the CTA opens the filtered provider roster,CTA wired to ProviderResultsScreen; roster is seeded/placeholder for most categories,new,lib/screens/post_pregnancy/pp_sleep_content.dart
parenting,Door: Sleep,"My Child tab > 'Current | V3' pill > V3 home > 'Sleep' door > 'Sleep' section > 'Music, lori and sleep sounds' > 'The Sleep Sounds library'",audio/rhyme/lullaby/story narration,"Nini Baba Nini (Lullabies and lori, 5 MIN)",1,Record the audio file (narration/lullaby/sound) and drop it into the slot,PpAudioSlot with no file; renders as a coming-soon row,new,lib/screens/post_pregnancy/pp_sleep_content.dart
parenting,Door: Sleep,"My Child tab > 'Current | V3' pill > V3 home > 'Sleep' door > 'Sleep' section > 'Music, lori and sleep sounds' > 'The Sleep Sounds library'",audio/rhyme/lullaby/story narration,"Aaja Nindiya Aaja (Lullabies and lori, 6 MIN)",1,Record the audio file (narration/lullaby/sound) and drop it into the slot,PpAudioSlot with no file; renders as a coming-soon row,new,lib/screens/post_pregnancy/pp_sleep_content.dart
parenting,Door: Sleep,"My Child tab > 'Current | V3' pill > V3 home > 'Sleep' door > 'Sleep' section > 'Music, lori and sleep sounds' > 'The Sleep Sounds library'",audio/rhyme/lullaby/story narration,"Lalla Lalla Lori (Lullabies and lori, 4 MIN)",1,Record the audio file (narration/lullaby/sound) and drop it into the slot,PpAudioSlot with no file; renders as a coming-soon row,new,lib/screens/post_pregnancy/pp_sleep_content.dart
parenting,Door: Sleep,"My Child tab > 'Current | V3' pill > V3 home > 'Sleep' door > 'Sleep' section > 'Music, lori and sleep sounds' > 'The Sleep Sounds library'",audio/rhyme/lullaby/story narration,"Thaai Thaai, a Tamil thalattu (Lullabies and lori, 5 MIN)",1,Record the audio file (narration/lullaby/sound) and drop it into the slot,PpAudioSlot with no file; renders as a coming-soon row,new,lib/screens/post_pregnancy/pp_sleep_content.dart
parenting,Door: Sleep,"My Child tab > 'Current | V3' pill > V3 home > 'Sleep' door > 'Sleep' section > 'Music, lori and sleep sounds' > 'The Sleep Sounds library'",audio/rhyme/lullaby/story narration,"Humming lori, no words (Lullabies and lori, 20 MIN)",1,Record the audio file (narration/lullaby/sound) and drop it into the slot,PpAudioSlot with no file; renders as a coming-soon row,new,lib/screens/post_pregnancy/pp_sleep_content.dart
parenting,Door: Sleep,"My Child tab > 'Current | V3' pill > V3 home > 'Sleep' door > 'Sleep' section > 'Music, lori and sleep sounds' > 'The Sleep Sounds library'",audio/rhyme/lullaby/story narration,"Womb sounds, as she heard them (White noise and womb sounds, 30 MIN)",1,Record the audio file (narration/lullaby/sound) and drop it into the slot,PpAudioSlot with no file; renders as a coming-soon row,new,lib/screens/post_pregnancy/pp_sleep_content.dart
parenting,Door: Sleep,"My Child tab > 'Current | V3' pill > V3 home > 'Sleep' door > 'Sleep' section > 'Music, lori and sleep sounds' > 'The Sleep Sounds library'",audio/rhyme/lullaby/story narration,"Steady white noise (White noise and womb sounds, 45 MIN)",1,Record the audio file (narration/lullaby/sound) and drop it into the slot,PpAudioSlot with no file; renders as a coming-soon row,new,lib/screens/post_pregnancy/pp_sleep_content.dart
parenting,Door: Sleep,"My Child tab > 'Current | V3' pill > V3 home > 'Sleep' door > 'Sleep' section > 'Music, lori and sleep sounds' > 'The Sleep Sounds library'",audio/rhyme/lullaby/story narration,"Pink noise, softer than white (White noise and womb sounds, 45 MIN)",1,Record the audio file (narration/lullaby/sound) and drop it into the slot,PpAudioSlot with no file; renders as a coming-soon row,new,lib/screens/post_pregnancy/pp_sleep_content.dart
parenting,Door: Sleep,"My Child tab > 'Current | V3' pill > V3 home > 'Sleep' door > 'Sleep' section > 'Music, lori and sleep sounds' > 'The Sleep Sounds library'",audio/rhyme/lullaby/story narration,"Ceiling fan hum (White noise and womb sounds, 30 MIN)",1,Record the audio file (narration/lullaby/sound) and drop it into the slot,PpAudioSlot with no file; renders as a coming-soon row,new,lib/screens/post_pregnancy/pp_sleep_content.dart
parenting,Door: Sleep,"My Child tab > 'Current | V3' pill > V3 home > 'Sleep' door > 'Sleep' section > 'Music, lori and sleep sounds' > 'The Sleep Sounds library'",audio/rhyme/lullaby/story narration,"A slow, steady heartbeat (White noise and womb sounds, 20 MIN)",1,Record the audio file (narration/lullaby/sound) and drop it into the slot,PpAudioSlot with no file; renders as a coming-soon row,new,lib/screens/post_pregnancy/pp_sleep_content.dart
parenting,Door: Sleep,"My Child tab > 'Current | V3' pill > V3 home > 'Sleep' door > 'Sleep' section > 'Music, lori and sleep sounds' > 'The Sleep Sounds library'",audio/rhyme/lullaby/story narration,"Monsoon rain on a terrace (Nature and calm sounds, 30 MIN)",1,Record the audio file (narration/lullaby/sound) and drop it into the slot,PpAudioSlot with no file; renders as a coming-soon row,new,lib/screens/post_pregnancy/pp_sleep_content.dart
parenting,Door: Sleep,"My Child tab > 'Current | V3' pill > V3 home > 'Sleep' door > 'Sleep' section > 'Music, lori and sleep sounds' > 'The Sleep Sounds library'",audio/rhyme/lullaby/story narration,"Slow evening rain, no thunder (Nature and calm sounds, 30 MIN)",1,Record the audio file (narration/lullaby/sound) and drop it into the slot,PpAudioSlot with no file; renders as a coming-soon row,new,lib/screens/post_pregnancy/pp_sleep_content.dart
parenting,Door: Sleep,"My Child tab > 'Current | V3' pill > V3 home > 'Sleep' door > 'Sleep' section > 'Music, lori and sleep sounds' > 'The Sleep Sounds library'",audio/rhyme/lullaby/story narration,"A river over stones (Nature and calm sounds, 25 MIN)",1,Record the audio file (narration/lullaby/sound) and drop it into the slot,PpAudioSlot with no file; renders as a coming-soon row,new,lib/screens/post_pregnancy/pp_sleep_content.dart
parenting,Door: Sleep,"My Child tab > 'Current | V3' pill > V3 home > 'Sleep' door > 'Sleep' section > 'Music, lori and sleep sounds' > 'The Sleep Sounds library'",audio/rhyme/lullaby/story narration,"Night crickets and a soft breeze (Nature and calm sounds, 30 MIN)",1,Record the audio file (narration/lullaby/sound) and drop it into the slot,PpAudioSlot with no file; renders as a coming-soon row,new,lib/screens/post_pregnancy/pp_sleep_content.dart
parenting,Door: Sleep,"My Child tab > 'Current | V3' pill > V3 home > 'Sleep' door > 'Sleep' section > 'Music, lori and sleep sounds' > 'The Sleep Sounds library'",audio/rhyme/lullaby/story narration,"Distant temple bells at dusk (Nature and calm sounds, 15 MIN)",1,Record the audio file (narration/lullaby/sound) and drop it into the slot,PpAudioSlot with no file; renders as a coming-soon row,new,lib/screens/post_pregnancy/pp_sleep_content.dart
parenting,Door: Sleep,"My Child tab > 'Current | V3' pill > V3 home > 'Sleep' door > 'Sleep' section > 'Music, lori and sleep sounds' > 'The Sleep Sounds library'",audio/rhyme/lullaby/story narration,"Raag Nilambari, the sleep raga (Soft ragas, 15 MIN)",1,Record the audio file (narration/lullaby/sound) and drop it into the slot,PpAudioSlot with no file; renders as a coming-soon row,new,lib/screens/post_pregnancy/pp_sleep_content.dart
parenting,Door: Sleep,"My Child tab > 'Current | V3' pill > V3 home > 'Sleep' door > 'Sleep' section > 'Music, lori and sleep sounds' > 'The Sleep Sounds library'",audio/rhyme/lullaby/story narration,"Raag Yaman, a slow alaap (Soft ragas, 12 MIN)",1,Record the audio file (narration/lullaby/sound) and drop it into the slot,PpAudioSlot with no file; renders as a coming-soon row,new,lib/screens/post_pregnancy/pp_sleep_content.dart
parenting,Door: Sleep,"My Child tab > 'Current | V3' pill > V3 home > 'Sleep' door > 'Sleep' section > 'Music, lori and sleep sounds' > 'The Sleep Sounds library'",audio/rhyme/lullaby/story narration,"Raag Bhupali at dusk (Soft ragas, 12 MIN)",1,Record the audio file (narration/lullaby/sound) and drop it into the slot,PpAudioSlot with no file; renders as a coming-soon row,new,lib/screens/post_pregnancy/pp_sleep_content.dart
parenting,Door: Sleep,"My Child tab > 'Current | V3' pill > V3 home > 'Sleep' door > 'Sleep' section > 'Music, lori and sleep sounds' > 'The Sleep Sounds library'",audio/rhyme/lullaby/story narration,"Raag Bageshri, for the late night (Soft ragas, 14 MIN)",1,Record the audio file (narration/lullaby/sound) and drop it into the slot,PpAudioSlot with no file; renders as a coming-soon row,new,lib/screens/post_pregnancy/pp_sleep_content.dart
parenting,Door: Sleep,"My Child tab > 'Current | V3' pill > V3 home > 'Sleep' door > 'Sleep' section > 'Music, lori and sleep sounds' > 'The Sleep Sounds library'",audio/rhyme/lullaby/story narration,"Bansuri, slow and low (Soft ragas, 10 MIN)",1,Record the audio file (narration/lullaby/sound) and drop it into the slot,PpAudioSlot with no file; renders as a coming-soon row,new,lib/screens/post_pregnancy/pp_sleep_content.dart
parenting,Door: Sleep,"My Child tab > 'Current | V3' pill > V3 home > 'Sleep' door > 'Sleep' section > 'Music, lori and sleep sounds' > 'The Sleep Sounds library'",audio/rhyme/lullaby/story narration,"The moon that followed her home (Bedtime stories, 6 MIN)",1,Record the audio file (narration/lullaby/sound) and drop it into the slot,PpAudioSlot with no file; renders as a coming-soon row,new,lib/screens/post_pregnancy/pp_sleep_content.dart
parenting,Door: Sleep,"My Child tab > 'Current | V3' pill > V3 home > 'Sleep' door > 'Sleep' section > 'Music, lori and sleep sounds' > 'The Sleep Sounds library'",audio/rhyme/lullaby/story narration,"The tortoise and the two geese, told softly (Bedtime stories, 7 MIN)",1,Record the audio file (narration/lullaby/sound) and drop it into the slot,PpAudioSlot with no file; renders as a coming-soon row,new,lib/screens/post_pregnancy/pp_sleep_content.dart
parenting,Door: Sleep,"My Child tab > 'Current | V3' pill > V3 home > 'Sleep' door > 'Sleep' section > 'Music, lori and sleep sounds' > 'The Sleep Sounds library'",audio/rhyme/lullaby/story narration,"A very sleepy elephant (Bedtime stories, 5 MIN)",1,Record the audio file (narration/lullaby/sound) and drop it into the slot,PpAudioSlot with no file; renders as a coming-soon row,new,lib/screens/post_pregnancy/pp_sleep_content.dart
parenting,Door: Sleep,"My Child tab > 'Current | V3' pill > V3 home > 'Sleep' door > 'Sleep' section > 'Music, lori and sleep sounds' > 'The Sleep Sounds library'",audio/rhyme/lullaby/story narration,"Good night to everything in the house (Bedtime stories, 4 MIN)",1,Record the audio file (narration/lullaby/sound) and drop it into the slot,PpAudioSlot with no file; renders as a coming-soon row,new,lib/screens/post_pregnancy/pp_sleep_content.dart
parenting,Door: Sleep,"My Child tab > 'Current | V3' pill > V3 home > 'Sleep' door > 'Sleep' section > 'Music, lori and sleep sounds' > 'The Sleep Sounds library'",audio/rhyme/lullaby/story narration,"Dadi tells a story (Bedtime stories, 8 MIN)",1,Record the audio file (narration/lullaby/sound) and drop it into the slot,PpAudioSlot with no file; renders as a coming-soon row,new,lib/screens/post_pregnancy/pp_sleep_content.dart
parenting,Door: Growing and learning,My Child tab > 'Current | V3' pill > V3 home > 'Development' door > 'Growing and learning' section > tools row,tracker/tool door,Where he is right now -> pp_on_track,1,Nothing to commission; door copy only (already written),"wired, opens an existing screen",new,lib/screens/post_pregnancy/pp_development_content.dart
parenting,Door: Growing and learning,My Child tab > 'Current | V3' pill > V3 home > 'Development' door > 'Growing and learning' section > tools row,tracker/tool door,What is emerging for my child right now -> pp_milestones,1,Nothing to commission; door copy only (already written),"wired, opens an existing screen",new,lib/screens/post_pregnancy/pp_development_content.dart
parenting,Door: Growing and learning,My Child tab > 'Current | V3' pill > V3 home > 'Development' door > 'Growing and learning' section > tools row,tracker/tool door,Things to do together today -> pp_development,1,Nothing to commission; door copy only (already written),"wired, opens an existing screen",new,lib/screens/post_pregnancy/pp_development_content.dart
parenting,Door: Growing and learning,My Child tab > 'Current | V3' pill > V3 home > 'Development' door > 'Growing and learning' section > tools row,tracker/tool door,Your baby’s phase calendar -> pp_leaps,1,Nothing to commission; door copy only (already written),"wired, opens an existing screen",new,lib/screens/post_pregnancy/pp_development_content.dart
parenting,Door: Growing and learning,My Child tab > 'Current | V3' pill > V3 home > 'Development' door > 'Growing and learning' section > tools row,tracker/tool door,Something has changed -> pp_what_changed,1,Nothing to commission; door copy only (already written),"wired, opens an existing screen",new,lib/screens/post_pregnancy/pp_development_content.dart
parenting,Door: Growing and learning,My Child tab > 'Current | V3' pill > V3 home > 'Development' door > 'Growing and learning' section > 'Is my child on track?' > 'When something is genuinely worth checking',paid offering (1:1 consult CTA),PpConsult role=development,1,A real expert of this category (supply) + fee; the CTA opens the filtered provider roster,CTA wired to ProviderResultsScreen; roster is seeded/placeholder for most categories,new,lib/screens/post_pregnancy/pp_development_content.dart
parenting,Door: Growing and learning,My Child tab > 'Current | V3' pill > V3 home > 'Development' door > 'Growing and learning' section > 'Talking and understanding' > 'When talking is worth checking',paid offering (1:1 consult CTA),PpConsult role=speech,1,A real expert of this category (supply) + fee; the CTA opens the filtered provider roster,CTA wired to ProviderResultsScreen; roster is seeded/placeholder for most categories,new,lib/screens/post_pregnancy/pp_development_content.dart
parenting,Door: Toilet learning,"My Child tab > 'Current | V3' pill > V3 home > 'Potty training' door > 'Toilet learning' section > 'Accidents, refusals and going backwards' > 'She was doing so well, and now she is not'",paid offering (1:1 consult CTA),PpConsult role=pediatrician,1,A real expert of this category (supply) + fee; the CTA opens the filtered provider roster,CTA wired to ProviderResultsScreen; roster is seeded/placeholder for most categories,new,lib/screens/post_pregnancy/pp_potty_content.dart
parenting,Door: Toilet learning,"My Child tab > 'Current | V3' pill > V3 home > 'Potty training' door > 'Toilet learning' section > 'Accidents, refusals and going backwards' > 'She is holding it in'",paid offering (1:1 consult CTA),PpConsult role=pediatrician,1,A real expert of this category (supply) + fee; the CTA opens the filtered provider roster,CTA wired to ProviderResultsScreen; roster is seeded/placeholder for most categories,new,lib/screens/post_pregnancy/pp_potty_content.dart
parenting,Door: Toilet learning,"My Child tab > 'Current | V3' pill > V3 home > 'Potty training' door > 'Toilet learning' section > 'Dry nights, and doing it herself' > 'Bedwetting at five and older'",paid offering (1:1 consult CTA),PpConsult role=pediatrician,1,A real expert of this category (supply) + fee; the CTA opens the filtered provider roster,CTA wired to ProviderResultsScreen; roster is seeded/placeholder for most categories,new,lib/screens/post_pregnancy/pp_potty_content.dart
parenting,Door: Jaapa: Your First 40 Days,My Child tab > 'Current | V3' pill > V3 home > 'The first 40 days' door > 'Jaapa: Your First 40 Days' section > tools row,tracker/tool door,Is my baby OK? The quick check -> pp_baby_ok_check,1,Nothing to commission; door copy only (already written),"wired, opens an existing screen",new,lib/screens/post_pregnancy/pp_first40_content.dart
parenting,Door: Jaapa: Your First 40 Days,My Child tab > 'Current | V3' pill > V3 home > 'The first 40 days' door > 'Jaapa: Your First 40 Days' section > tools row,tracker/tool door,His weight and growth -> pp_growth,1,Nothing to commission; door copy only (already written),"wired, opens an existing screen",new,lib/screens/post_pregnancy/pp_first40_content.dart
parenting,Door: Jaapa: Your First 40 Days,My Child tab > 'Current | V3' pill > V3 home > 'The first 40 days' door > 'Jaapa: Your First 40 Days' section > tools row,tracker/tool door,"The full feed log, if you want it -> pp_feeding",1,Nothing to commission; door copy only (already written),"wired, opens an existing screen",new,lib/screens/post_pregnancy/pp_first40_content.dart
parenting,Door: Jaapa: Your First 40 Days,My Child tab > 'Current | V3' pill > V3 home > 'The first 40 days' door > 'Jaapa: Your First 40 Days' section > tools row,tracker/tool door,Puchho ParentVeda -> pp_ask_veda,1,Nothing to commission; door copy only (already written),"wired, opens an existing screen",new,lib/screens/post_pregnancy/pp_first40_content.dart
parenting,Door: Jaapa: Your First 40 Days,My Child tab > 'Current | V3' pill > V3 home > 'The first 40 days' door > 'Jaapa: Your First 40 Days' section > 'Feeding & Sleep in the Early Days' > 'Getting the latch right',paid offering (1:1 consult CTA),PpConsult role=lactation,1,A real expert of this category (supply) + fee; the CTA opens the filtered provider roster,CTA wired to ProviderResultsScreen; roster is seeded/placeholder for most categories,new,lib/screens/post_pregnancy/pp_first40_content.dart
parenting,Door: Jaapa: Your First 40 Days,My Child tab > 'Current | V3' pill > V3 home > 'The first 40 days' door > 'Jaapa: Your First 40 Days' section > 'Feeding & Sleep in the Early Days' > 'Is he getting enough?',paid offering (1:1 consult CTA),PpConsult role=lactation,1,A real expert of this category (supply) + fee; the CTA opens the filtered provider roster,CTA wired to ProviderResultsScreen; roster is seeded/placeholder for most categories,new,lib/screens/post_pregnancy/pp_first40_content.dart
parenting,Door: Jaapa: Your First 40 Days,My Child tab > 'Current | V3' pill > V3 home > 'The first 40 days' door > 'Jaapa: Your First 40 Days' section > 'Is My Baby OK?' > 'When to start logging properly',paid offering (1:1 consult CTA),PpConsult role=lactation,1,A real expert of this category (supply) + fee; the CTA opens the filtered provider roster,CTA wired to ProviderResultsScreen; roster is seeded/placeholder for most categories,new,lib/screens/post_pregnancy/pp_first40_content.dart
parenting,"Door: You, Maa","My Child tab > 'Current | V3' pill > V3 home > 'You (Your own recovery)' door > 'You, Maa' section > 'What is happening to my body?' > 'Your core and your scar, months later'",paid offering (1:1 consult CTA),PpConsult role=physio,1,A real expert of this category (supply) + fee; the CTA opens the filtered provider roster,CTA wired to ProviderResultsScreen; roster is seeded/placeholder for most categories,new,lib/screens/post_pregnancy/pp_you_maa_content.dart
parenting,"Door: You, Maa","My Child tab > 'Current | V3' pill > V3 home > 'You (Your own recovery)' door > 'You, Maa' section > 'I do not feel like myself' > 'Baby blues, or something more?'",paid offering (1:1 consult CTA),PpConsult role=maternal_mental_health,1,A real expert of this category (supply) + fee; the CTA opens the filtered provider roster,CTA wired to ProviderResultsScreen; roster is seeded/placeholder for most categories,new,lib/screens/post_pregnancy/pp_you_maa_content.dart
parenting,"Door: You, Maa","My Child tab > 'Current | V3' pill > V3 home > 'You (Your own recovery)' door > 'You, Maa' section > 'I do not feel like myself' > 'I am anxious every single minute'",paid offering (1:1 consult CTA),PpConsult role=maternal_mental_health,1,A real expert of this category (supply) + fee; the CTA opens the filtered provider roster,CTA wired to ProviderResultsScreen; roster is seeded/placeholder for most categories,new,lib/screens/post_pregnancy/pp_you_maa_content.dart
parenting,"Door: You, Maa","My Child tab > 'Current | V3' pill > V3 home > 'You (Your own recovery)' door > 'You, Maa' section > 'I do not feel like myself' > 'Thoughts that frighten me'",paid offering (1:1 consult CTA),PpConsult role=maternal_mental_health,1,A real expert of this category (supply) + fee; the CTA opens the filtered provider roster,CTA wired to ProviderResultsScreen; roster is seeded/placeholder for most categories,new,lib/screens/post_pregnancy/pp_you_maa_content.dart
parenting,"Door: You, Maa","My Child tab > 'Current | V3' pill > V3 home > 'You (Your own recovery)' door > 'You, Maa' section > 'I do not feel like myself' > 'I love my baby and I am not okay'",paid offering (1:1 consult CTA),PpConsult role=maternal_mental_health,1,A real expert of this category (supply) + fee; the CTA opens the filtered provider roster,CTA wired to ProviderResultsScreen; roster is seeded/placeholder for most categories,new,lib/screens/post_pregnancy/pp_you_maa_content.dart
parenting,"Door: You, Maa","My Child tab > 'Current | V3' pill > V3 home > 'You (Your own recovery)' door > 'You, Maa' section > 'I do not feel like myself' > 'Alone in a full house'",paid offering (1:1 consult CTA),PpConsult role=group_mental_health,1,A real expert of this category (supply) + fee; the CTA opens the filtered provider roster,CTA wired to ProviderResultsScreen; roster is seeded/placeholder for most categories,new,lib/screens/post_pregnancy/pp_you_maa_content.dart
parenting,"Door: You, Maa","My Child tab > 'Current | V3' pill > V3 home > 'You (Your own recovery)' door > 'You, Maa' section > 'I do not feel like myself' > 'You and your partner, after'",paid offering (1:1 consult CTA),PpConsult role=maternal_mental_health,1,A real expert of this category (supply) + fee; the CTA opens the filtered provider roster,CTA wired to ProviderResultsScreen; roster is seeded/placeholder for most categories,new,lib/screens/post_pregnancy/pp_you_maa_content.dart
parenting,"Door: You, Maa","My Child tab > 'Current | V3' pill > V3 home > 'You (Your own recovery)' door > 'You, Maa' section > 'I do not feel like myself' > 'How to actually get help, in India'",paid offering (1:1 consult CTA),PpConsult role=maternal_mental_health,1,A real expert of this category (supply) + fee; the CTA opens the filtered provider roster,CTA wired to ProviderResultsScreen; roster is seeded/placeholder for most categories,new,lib/screens/post_pregnancy/pp_you_maa_content.dart
parenting,"Door: You, Maa","My Child tab > 'Current | V3' pill > V3 home > 'You (Your own recovery)' door > 'You, Maa' section > 'I do not feel like myself' > 'How to actually get help, in India'",paid offering (1:1 consult CTA),PpConsult role=group_mental_health,1,A real expert of this category (supply) + fee; the CTA opens the filtered provider roster,CTA wired to ProviderResultsScreen; roster is seeded/placeholder for most categories,new,lib/screens/post_pregnancy/pp_you_maa_content.dart
parenting,"Door: You, Maa","My Child tab > 'Current | V3' pill > V3 home > 'You (Your own recovery)' door > 'You, Maa' section > 'Leaks, heaviness and your pelvic floor' > 'I leak when I cough, laugh or lift'",paid offering (1:1 consult CTA),PpConsult role=physio,1,A real expert of this category (supply) + fee; the CTA opens the filtered provider roster,CTA wired to ProviderResultsScreen; roster is seeded/placeholder for most categories,new,lib/screens/post_pregnancy/pp_you_maa_content.dart
parenting,"Door: You, Maa","My Child tab > 'Current | V3' pill > V3 home > 'You (Your own recovery)' door > 'You, Maa' section > 'Leaks, heaviness and your pelvic floor' > 'A heavy, dragging feeling down there'",paid offering (1:1 consult CTA),PpConsult role=physio,1,A real expert of this category (supply) + fee; the CTA opens the filtered provider roster,CTA wired to ProviderResultsScreen; roster is seeded/placeholder for most categories,new,lib/screens/post_pregnancy/pp_you_maa_content.dart
parenting,"Door: You, Maa","My Child tab > 'Current | V3' pill > V3 home > 'You (Your own recovery)' door > 'You, Maa' section > 'Leaks, heaviness and your pelvic floor' > 'Wind and bowel control'",paid offering (1:1 consult CTA),PpConsult role=physio,1,A real expert of this category (supply) + fee; the CTA opens the filtered provider roster,CTA wired to ProviderResultsScreen; roster is seeded/placeholder for most categories,new,lib/screens/post_pregnancy/pp_you_maa_content.dart
parenting,"Door: You, Maa","My Child tab > 'Current | V3' pill > V3 home > 'You (Your own recovery)' door > 'You, Maa' section > 'Leaks, heaviness and your pelvic floor' > 'When sex hurts after birth'",paid offering (1:1 consult CTA),PpConsult role=physio,1,A real expert of this category (supply) + fee; the CTA opens the filtered provider roster,CTA wired to ProviderResultsScreen; roster is seeded/placeholder for most categories,new,lib/screens/post_pregnancy/pp_you_maa_content.dart
parenting,"Door: You, Maa","My Child tab > 'Current | V3' pill > V3 home > 'You (Your own recovery)' door > 'You, Maa' section > 'Leaks, heaviness and your pelvic floor' > 'When to stop exercising and see a physio'",paid offering (1:1 consult CTA),PpConsult role=physio,1,A real expert of this category (supply) + fee; the CTA opens the filtered provider roster,CTA wired to ProviderResultsScreen; roster is seeded/placeholder for most categories,new,lib/screens/post_pregnancy/pp_you_maa_content.dart
parenting,"Door: You, Maa","My Child tab > 'Current | V3' pill > V3 home > 'You (Your own recovery)' door > 'You, Maa' section > 'Leaks, heaviness and your pelvic floor' > 'When to stop exercising and see a physio'",paid offering (1:1 consult CTA),PpConsult role=group_physio,1,A real expert of this category (supply) + fee; the CTA opens the filtered provider roster,CTA wired to ProviderResultsScreen; roster is seeded/placeholder for most categories,new,lib/screens/post_pregnancy/pp_you_maa_content.dart
parenting,"Door: You, Maa","My Child tab > 'Current | V3' pill > V3 home > 'You (Your own recovery)' door > 'You, Maa' section > 'Moving again, at your own pace' > 'Moving after a caesarean'",paid offering (1:1 consult CTA),PpConsult role=physio,1,A real expert of this category (supply) + fee; the CTA opens the filtered provider roster,CTA wired to ProviderResultsScreen; roster is seeded/placeholder for most categories,new,lib/screens/post_pregnancy/pp_you_maa_content.dart
parenting,"Door: You, Maa","My Child tab > 'Current | V3' pill > V3 home > 'You (Your own recovery)' door > 'You, Maa' section > 'Moving again, at your own pace' > 'Moving after a caesarean'",paid offering (1:1 consult CTA),PpConsult role=group_physio,1,A real expert of this category (supply) + fee; the CTA opens the filtered provider roster,CTA wired to ProviderResultsScreen; roster is seeded/placeholder for most categories,new,lib/screens/post_pregnancy/pp_you_maa_content.dart
parenting,"Door: You, Maa","My Child tab > 'Current | V3' pill > V3 home > 'You (Your own recovery)' door > 'You, Maa' section > 'The healing kitchen' > 'Methi laddoo, and the truth about methi for milk'",paid offering (1:1 consult CTA),PpConsult role=lactation,1,A real expert of this category (supply) + fee; the CTA opens the filtered provider roster,CTA wired to ProviderResultsScreen; roster is seeded/placeholder for most categories,new,lib/screens/post_pregnancy/pp_you_maa_content.dart
parenting,"Door: You, Maa","My Child tab > 'Current | V3' pill > V3 home > 'You (Your own recovery)' door > 'You, Maa' section > 'The healing kitchen' > 'Foods for milk supply, honestly'",paid offering (1:1 consult CTA),PpConsult role=lactation,1,A real expert of this category (supply) + fee; the CTA opens the filtered provider roster,CTA wired to ProviderResultsScreen; roster is seeded/placeholder for most categories,new,lib/screens/post_pregnancy/pp_you_maa_content.dart
parenting,"Door: You, Maa","My Child tab > 'Current | V3' pill > V3 home > 'You (Your own recovery)' door > 'You, Maa' section > 'Going back, and finding yourself again' > 'Building a milk stash before you go back'",paid offering (1:1 consult CTA),PpConsult role=lactation,1,A real expert of this category (supply) + fee; the CTA opens the filtered provider roster,CTA wired to ProviderResultsScreen; roster is seeded/placeholder for most categories,new,lib/screens/post_pregnancy/pp_you_maa_content.dart
parenting,Door: Behaviour,My Child tab > 'Current | V3' pill > V3 home > 'Behaviour & psychology' door > 'Behaviour' section > tools row,tracker/tool door,What to say when… -> pp_scripts,1,Nothing to commission; door copy only (already written),"wired, opens an existing screen",new,lib/screens/post_pregnancy/pp_behaviour_content.dart + pp_behaviour_more.dart + pp_behaviour_bands.dart
parenting,Door: Behaviour,My Child tab > 'Current | V3' pill > V3 home > 'Behaviour & psychology' door > 'Behaviour' section > tools row,tracker/tool door,Something has changed -> pp_what_changed,1,Nothing to commission; door copy only (already written),"wired, opens an existing screen",new,lib/screens/post_pregnancy/pp_behaviour_content.dart + pp_behaviour_more.dart + pp_behaviour_bands.dart
parenting,Door: Behaviour,My Child tab > 'Current | V3' pill > V3 home > 'Behaviour & psychology' door > 'Behaviour' section > 'Why is my baby crying so much?' > 'When crying needs a doctor',paid offering (1:1 consult CTA),PpConsult role=paediatrician,1,A real expert of this category (supply) + fee; the CTA opens the filtered provider roster,CTA wired to ProviderResultsScreen; roster is seeded/placeholder for most categories,new,lib/screens/post_pregnancy/pp_behaviour_content.dart + pp_behaviour_more.dart + pp_behaviour_bands.dart
parenting,Door: Behaviour,"My Child tab > 'Current | V3' pill > V3 home > 'Behaviour & psychology' door > 'Behaviour' section > 'Lying, back-talk and screens' > 'The fighting between them'",paid offering (1:1 consult CTA),PpConsult role=psychologist,1,A real expert of this category (supply) + fee; the CTA opens the filtered provider roster,CTA wired to ProviderResultsScreen; roster is seeded/placeholder for most categories,new,lib/screens/post_pregnancy/pp_behaviour_content.dart + pp_behaviour_more.dart + pp_behaviour_bands.dart
parenting,Door: Traditions,My Child tab > 'Current | V3' pill > V3 home > 'Traditional & cultural' door > 'Traditions' section > tools row,tracker/tool door,Find a name -> pp_names,1,Nothing to commission; door copy only (already written),"wired, opens an existing screen",new,lib/screens/post_pregnancy/pp_traditions_content.dart
parenting,Door: Traditions,My Child tab > 'Current | V3' pill > V3 home > 'Traditional & cultural' door > 'Traditions' section > tools row,tracker/tool door,"Dadi ke nuskhe, checked -> pp_nuskhe",1,Nothing to commission; door copy only (already written),"wired, opens an existing screen",new,lib/screens/post_pregnancy/pp_traditions_content.dart
parenting,Door: Feeding,My Child tab > 'Current | V3' pill > V3 home > 'Feeding' door > 'Feeding' section > tools row,tracker/tool door,Can he eat this? -> pp_baby_food_check,1,Nothing to commission; door copy only (already written),"wired, opens an existing screen",new,lib/screens/post_pregnancy/pp_feeding_content.dart
parenting,Door: Feeding,My Child tab > 'Current | V3' pill > V3 home > 'Feeding' door > 'Feeding' section > tools row,tracker/tool door,What to feed at this age -> pp_food_chart,1,Nothing to commission; door copy only (already written),"wired, opens an existing screen",new,lib/screens/post_pregnancy/pp_feeding_content.dart
parenting,Door: Feeding,My Child tab > 'Current | V3' pill > V3 home > 'Feeding' door > 'Feeding' section > tools row,tracker/tool door,Log his feeds -> pp_feeding,1,Nothing to commission; door copy only (already written),"wired, opens an existing screen",new,lib/screens/post_pregnancy/pp_feeding_content.dart
parenting,Door: Feeding,My Child tab > 'Current | V3' pill > V3 home > 'Feeding' door > 'Feeding' section > tools row,tracker/tool door,Recipes for him -> pp_food,1,Nothing to commission; door copy only (already written),"wired, opens an existing screen",new,lib/screens/post_pregnancy/pp_feeding_content.dart
parenting,Door: Feeding,My Child tab > 'Current | V3' pill > V3 home > 'Feeding' door > 'Feeding' section > tools row,tracker/tool door,Track his growth -> pp_growth,1,Nothing to commission; door copy only (already written),"wired, opens an existing screen",new,lib/screens/post_pregnancy/pp_feeding_content.dart
parenting,Door: Feeding,My Child tab > 'Current | V3' pill > V3 home > 'Feeding' door > 'Feeding' section > 'Feeding at the breast' > 'Getting the latch right',paid offering (1:1 consult CTA),PpConsult role=lactation,1,A real expert of this category (supply) + fee; the CTA opens the filtered provider roster,CTA wired to ProviderResultsScreen; roster is seeded/placeholder for most categories,new,lib/screens/post_pregnancy/pp_feeding_content.dart
parenting,Door: Feeding,My Child tab > 'Current | V3' pill > V3 home > 'Feeding' door > 'Feeding' section > 'Feeding at the breast' > 'It feels like I am not making enough',paid offering (1:1 consult CTA),PpConsult role=lactation,1,A real expert of this category (supply) + fee; the CTA opens the filtered provider roster,CTA wired to ProviderResultsScreen; roster is seeded/placeholder for most categories,new,lib/screens/post_pregnancy/pp_feeding_content.dart
parenting,Door: Feeding,"My Child tab > 'Current | V3' pill > V3 home > 'Feeding' door > 'Feeding' section > 'Feeding at the breast' > 'Too much milk, and a baby who splutters'",paid offering (1:1 consult CTA),PpConsult role=lactation,1,A real expert of this category (supply) + fee; the CTA opens the filtered provider roster,CTA wired to ProviderResultsScreen; roster is seeded/placeholder for most categories,new,lib/screens/post_pregnancy/pp_feeding_content.dart
parenting,Door: Feeding,"My Child tab > 'Current | V3' pill > V3 home > 'Feeding' door > 'Feeding' section > 'Feeding at the breast' > 'A hot, painful lump in the breast'",paid offering (1:1 consult CTA),PpConsult role=lactation,1,A real expert of this category (supply) + fee; the CTA opens the filtered provider roster,CTA wired to ProviderResultsScreen; roster is seeded/placeholder for most categories,new,lib/screens/post_pregnancy/pp_feeding_content.dart
parenting,Door: Feeding,My Child tab > 'Current | V3' pill > V3 home > 'Feeding' door > 'Feeding' section > 'Feeding at the breast' > 'Sore and cracked nipples',paid offering (1:1 consult CTA),PpConsult role=lactation,1,A real expert of this category (supply) + fee; the CTA opens the filtered provider roster,CTA wired to ProviderResultsScreen; roster is seeded/placeholder for most categories,new,lib/screens/post_pregnancy/pp_feeding_content.dart
parenting,Door: Feeding,My Child tab > 'Current | V3' pill > V3 home > 'Feeding' door > 'Feeding' section > 'Feeding at the breast' > 'He is refusing the breast',paid offering (1:1 consult CTA),PpConsult role=lactation,1,A real expert of this category (supply) + fee; the CTA opens the filtered provider roster,CTA wired to ProviderResultsScreen; roster is seeded/placeholder for most categories,new,lib/screens/post_pregnancy/pp_feeding_content.dart
parenting,Door: Feeding,"My Child tab > 'Current | V3' pill > V3 home > 'Feeding' door > 'Feeding' section > 'Formula, bottles and doing both' > 'Doing both, breast and bottle'",paid offering (1:1 consult CTA),PpConsult role=lactation,1,A real expert of this category (supply) + fee; the CTA opens the filtered provider roster,CTA wired to ProviderResultsScreen; roster is seeded/placeholder for most categories,new,lib/screens/post_pregnancy/pp_feeding_content.dart
parenting,Door: Feeding,My Child tab > 'Current | V3' pill > V3 home > 'Feeding' door > 'Feeding' section > 'Weight gain and growing well' > 'Is my baby too thin?',paid offering (1:1 consult CTA),PpConsult role=nutrition,1,A real expert of this category (supply) + fee; the CTA opens the filtered provider roster,CTA wired to ProviderResultsScreen; roster is seeded/placeholder for most categories,new,lib/screens/post_pregnancy/pp_feeding_content.dart
parenting,Door: Feeding,"My Child tab > 'Current | V3' pill > V3 home > 'Feeding' door > 'Feeding' section > 'Baby not eating food' > 'Mealtime battles, and why force-feeding backfires'",paid offering (1:1 consult CTA),PpConsult role=nutrition,1,A real expert of this category (supply) + fee; the CTA opens the filtered provider roster,CTA wired to ProviderResultsScreen; roster is seeded/placeholder for most categories,new,lib/screens/post_pregnancy/pp_feeding_content.dart
parenting,Door: Feeding,My Child tab > 'Current | V3' pill > V3 home > 'Feeding' door > 'Feeding' section > 'Keeping feeding safe' > 'Iron and the nutrients that matter',paid offering (1:1 consult CTA),PpConsult role=nutrition,1,A real expert of this category (supply) + fee; the CTA opens the filtered provider roster,CTA wired to ProviderResultsScreen; roster is seeded/placeholder for most categories,new,lib/screens/post_pregnancy/pp_feeding_content.dart
parenting,Door: Health,My Child tab > 'Current | V3' pill > V3 home > 'Health & illness' door > 'Health' section > tools row,tracker/tool door,Create your emergency card -> pp_emergency_card,1,Nothing to commission; door copy only (already written),"wired, opens an existing screen",new,lib/screens/post_pregnancy/pp_health_content.dart
parenting,Door: Health,My Child tab > 'Current | V3' pill > V3 home > 'Health & illness' door > 'Health' section > tools row,tracker/tool door,Fever check -> pp_fever_check,1,Nothing to commission; door copy only (already written),"wired, opens an existing screen",new,lib/screens/post_pregnancy/pp_health_content.dart
parenting,Door: Health,My Child tab > 'Current | V3' pill > V3 home > 'Health & illness' door > 'Health' section > tools row,tracker/tool door,"His shots, and what is due next -> pp_vaccines",1,Nothing to commission; door copy only (already written),"wired, opens an existing screen",new,lib/screens/post_pregnancy/pp_health_content.dart
parenting,Door: Health,My Child tab > 'Current | V3' pill > V3 home > 'Health & illness' door > 'Health' section > tools row,tracker/tool door,"Weight, height and head size -> pp_growth",1,Nothing to commission; door copy only (already written),"wired, opens an existing screen",new,lib/screens/post_pregnancy/pp_health_content.dart
parenting,Door: Health,My Child tab > 'Current | V3' pill > V3 home > 'Health & illness' door > 'Health' section > tools row,tracker/tool door,"His health papers, in one place -> pp_health_home",1,Nothing to commission; door copy only (already written),"wired, opens an existing screen",new,lib/screens/post_pregnancy/pp_health_content.dart
parenting,Door: Health,My Child tab > 'Current | V3' pill > V3 home > 'Health & illness' door > 'Health' section > tools row,tracker/tool door,"Emergency card, ready to show -> pp_emergency_card",1,Nothing to commission; door copy only (already written),"wired, opens an existing screen",new,lib/screens/post_pregnancy/pp_health_content.dart
parenting,Door: Health,My Child tab > 'Current | V3' pill > V3 home > 'Health & illness' door > 'Health' section > tools row,tracker/tool door,Before you see the doctor -> pp_doctor_visit,1,Nothing to commission; door copy only (already written),"wired, opens an existing screen",new,lib/screens/post_pregnancy/pp_health_content.dart
parenting,Door: Health,My Child tab > 'Current | V3' pill > V3 home > 'Health & illness' door > 'Health' section > tools row,tracker/tool door,Something suddenly different? -> pp_what_changed,1,Nothing to commission; door copy only (already written),"wired, opens an existing screen",new,lib/screens/post_pregnancy/pp_health_content.dart
parenting,Door: Health,My Child tab > 'Current | V3' pill > V3 home > 'Health & illness' door > 'Health' section > tools row,tracker/tool door,"Home remedies, marked honestly -> pp_nuskhe",1,Nothing to commission; door copy only (already written),"wired, opens an existing screen",new,lib/screens/post_pregnancy/pp_health_content.dart
parenting,Door: Health,My Child tab > 'Current | V3' pill > V3 home > 'Health & illness' door > 'Health' section > 'He has a fever' > 'Fever red flags: when to stop watching',paid offering (1:1 consult CTA),PpConsult role=pediatrician,1,A real expert of this category (supply) + fee; the CTA opens the filtered provider roster,CTA wired to ProviderResultsScreen; roster is seeded/placeholder for most categories,new,lib/screens/post_pregnancy/pp_health_content.dart
parenting,Door: Health,"My Child tab > 'Current | V3' pill > V3 home > 'Health & illness' door > 'Health' section > 'Cough, cold and a blocked nose' > 'When a cough is more than a cold'",paid offering (1:1 consult CTA),PpConsult role=pediatrician,1,A real expert of this category (supply) + fee; the CTA opens the filtered provider roster,CTA wired to ProviderResultsScreen; roster is seeded/placeholder for most categories,new,lib/screens/post_pregnancy/pp_health_content.dart
parenting,Door: Health,"My Child tab > 'Current | V3' pill > V3 home > 'Health & illness' door > 'Health' section > 'The other things that go around' > 'Allergies, and what an allergy is not'",paid offering (1:1 consult CTA),PpConsult role=pediatrician,1,A real expert of this category (supply) + fee; the CTA opens the filtered provider roster,CTA wired to ProviderResultsScreen; roster is seeded/placeholder for most categories,new,lib/screens/post_pregnancy/pp_health_content.dart
parenting,Door: Health,My Child tab > 'Current | V3' pill > V3 home > 'Health & illness' door > 'Health' section > 'Not sure what is wrong?' > 'Something is off and you cannot name it',paid offering (1:1 consult CTA),PpConsult role=pediatrician,1,A real expert of this category (supply) + fee; the CTA opens the filtered provider roster,CTA wired to ProviderResultsScreen; roster is seeded/placeholder for most categories,new,lib/screens/post_pregnancy/pp_health_content.dart
parenting,Door: Health,"My Child tab > 'Current | V3' pill > V3 home > 'Health & illness' door > 'Health' section > 'Keeping him well' > 'Antibiotics, and why the chemist should not decide'",paid offering (1:1 consult CTA),PpConsult role=pediatrician,1,A real expert of this category (supply) + fee; the CTA opens the filtered provider roster,CTA wired to ProviderResultsScreen; roster is seeded/placeholder for most categories,new,lib/screens/post_pregnancy/pp_health_content.dart
parenting,Door: Early Learning,My Child tab > 'Current | V3' pill > V3 home > 'Early learning' door > 'Early Learning' section > tools row,tracker/tool door,Something to do today -> pp_activities,1,Nothing to commission; door copy only (already written),"wired, opens an existing screen",new,lib/screens/post_pregnancy/pp_early_learning_content.dart
parenting,Door: Early Learning,My Child tab > 'Current | V3' pill > V3 home > 'Early learning' door > 'Early Learning' section > tools row,tracker/tool door,Where he is right now -> pp_development,1,Nothing to commission; door copy only (already written),"wired, opens an existing screen",new,lib/screens/post_pregnancy/pp_early_learning_content.dart
parenting,Door: Early Learning,My Child tab > 'Current | V3' pill > V3 home > 'Early learning' door > 'Early Learning' section > tools row,tracker/tool door,"Story books, crayons and activity boxes -> pp_recos",1,Nothing to commission; door copy only (already written),"wired, opens an existing screen",new,lib/screens/post_pregnancy/pp_early_learning_content.dart
parenting,Door: Early Learning,My Child tab > 'Current | V3' pill > V3 home > 'Early learning' door > 'Early Learning' section > tools row,tracker/tool door,The early learning masterclass -> pp_courses,1,Nothing to commission; door copy only (already written),"wired, opens an existing screen",new,lib/screens/post_pregnancy/pp_early_learning_content.dart
parenting,Door: Early Learning,My Child tab > 'Current | V3' pill > V3 home > 'Early learning' door > 'Early Learning' section > 'Learning through play at home' > 'Following what he is already interested in',paid offering (1:1 consult CTA),PpConsult role=early_learning,1,A real expert of this category (supply) + fee; the CTA opens the filtered provider roster,CTA wired to ProviderResultsScreen; roster is seeded/placeholder for most categories,new,lib/screens/post_pregnancy/pp_early_learning_content.dart
parenting,Door: Early Learning,My Child tab > 'Current | V3' pill > V3 home > 'Early learning' door > 'Early Learning' section > 'Little bedtime tales' > 'The sleepy little elephant',audio/rhyme/lullaby/story narration,"Listen to this story (Bedtime tale, 2 MIN)",1,Record the audio file (narration/lullaby/sound) and drop it into the slot,PpAudioSlot with no file; renders as a coming-soon row,new,lib/screens/post_pregnancy/pp_early_learning_content.dart
parenting,Door: Early Learning,My Child tab > 'Current | V3' pill > V3 home > 'Early learning' door > 'Early Learning' section > 'Little bedtime tales' > 'Goodnight to everything in the house',audio/rhyme/lullaby/story narration,"Listen to this story (Bedtime tale, 2 MIN)",1,Record the audio file (narration/lullaby/sound) and drop it into the slot,PpAudioSlot with no file; renders as a coming-soon row,new,lib/screens/post_pregnancy/pp_early_learning_content.dart
parenting,Door: Early Learning,My Child tab > 'Current | V3' pill > V3 home > 'Early learning' door > 'Early Learning' section > 'Little bedtime tales' > 'The moon that followed us home',audio/rhyme/lullaby/story narration,"Listen to this story (Bedtime tale, 2 MIN)",1,Record the audio file (narration/lullaby/sound) and drop it into the slot,PpAudioSlot with no file; renders as a coming-soon row,new,lib/screens/post_pregnancy/pp_early_learning_content.dart
parenting,Door: Early Learning,My Child tab > 'Current | V3' pill > V3 home > 'Early learning' door > 'Early Learning' section > 'Little bedtime tales' > 'The little sparrow who came home',audio/rhyme/lullaby/story narration,"Listen to this story (Bedtime tale, 2 MIN)",1,Record the audio file (narration/lullaby/sound) and drop it into the slot,PpAudioSlot with no file; renders as a coming-soon row,new,lib/screens/post_pregnancy/pp_early_learning_content.dart
parenting,Door: Early Learning,My Child tab > 'Current | V3' pill > V3 home > 'Early learning' door > 'Early Learning' section > 'Little bedtime tales' > 'Moti finds his blanket',audio/rhyme/lullaby/story narration,"Listen to this story (Bedtime tale, 2 MIN)",1,Record the audio file (narration/lullaby/sound) and drop it into the slot,PpAudioSlot with no file; renders as a coming-soon row,new,lib/screens/post_pregnancy/pp_early_learning_content.dart
parenting,Door: Early Learning,My Child tab > 'Current | V3' pill > V3 home > 'Early learning' door > 'Early Learning' section > 'Little bedtime tales' > 'The cat who wanted one more story',audio/rhyme/lullaby/story narration,"Listen to this story (Bedtime tale, 2 MIN)",1,Record the audio file (narration/lullaby/sound) and drop it into the slot,PpAudioSlot with no file; renders as a coming-soon row,new,lib/screens/post_pregnancy/pp_early_learning_content.dart
parenting,Door: Early Learning,My Child tab > 'Current | V3' pill > V3 home > 'Early learning' door > 'Early Learning' section > 'Little bedtime tales' > 'The tired little auto',audio/rhyme/lullaby/story narration,"Listen to this story (Bedtime tale, 2 MIN)",1,Record the audio file (narration/lullaby/sound) and drop it into the slot,PpAudioSlot with no file; renders as a coming-soon row,new,lib/screens/post_pregnancy/pp_early_learning_content.dart
parenting,Door: Early Learning,My Child tab > 'Current | V3' pill > V3 home > 'Early learning' door > 'Early Learning' section > 'Little bedtime tales' > 'Ten little toes go to sleep',audio/rhyme/lullaby/story narration,"Listen to this story (Bedtime tale, 2 MIN)",1,Record the audio file (narration/lullaby/sound) and drop it into the slot,PpAudioSlot with no file; renders as a coming-soon row,new,lib/screens/post_pregnancy/pp_early_learning_content.dart
parenting,Door: Early Learning,My Child tab > 'Current | V3' pill > V3 home > 'Early learning' door > 'Early Learning' section > 'Little bedtime tales' > 'The night it rained on the roof',audio/rhyme/lullaby/story narration,"Listen to this story (Bedtime tale, 2 MIN)",1,Record the audio file (narration/lullaby/sound) and drop it into the slot,PpAudioSlot with no file; renders as a coming-soon row,new,lib/screens/post_pregnancy/pp_early_learning_content.dart
parenting,Door: Early Learning,My Child tab > 'Current | V3' pill > V3 home > 'Early learning' door > 'Early Learning' section > 'Little bedtime tales' > 'The star that waited',audio/rhyme/lullaby/story narration,"Listen to this story (Bedtime tale, 2 MIN)",1,Record the audio file (narration/lullaby/sound) and drop it into the slot,PpAudioSlot with no file; renders as a coming-soon row,new,lib/screens/post_pregnancy/pp_early_learning_content.dart
parenting,Door: Early Learning,My Child tab > 'Current | V3' pill > V3 home > 'Early learning' door > 'Early Learning' section > 'Panchatantra stories' > 'The monkey and the crocodile',audio/rhyme/lullaby/story narration,"Listen to this story (Panchatantra, 4 MIN)",1,Record the audio file (narration/lullaby/sound) and drop it into the slot,PpAudioSlot with no file; renders as a coming-soon row,new,lib/screens/post_pregnancy/pp_early_learning_content.dart
parenting,Door: Early Learning,My Child tab > 'Current | V3' pill > V3 home > 'Early learning' door > 'Early Learning' section > 'Panchatantra stories' > 'The lion and the clever rabbit',audio/rhyme/lullaby/story narration,"Listen to this story (Panchatantra, 4 MIN)",1,Record the audio file (narration/lullaby/sound) and drop it into the slot,PpAudioSlot with no file; renders as a coming-soon row,new,lib/screens/post_pregnancy/pp_early_learning_content.dart
parenting,Door: Early Learning,My Child tab > 'Current | V3' pill > V3 home > 'Early learning' door > 'Early Learning' section > 'Panchatantra stories' > 'The blue jackal',audio/rhyme/lullaby/story narration,"Listen to this story (Panchatantra, 4 MIN)",1,Record the audio file (narration/lullaby/sound) and drop it into the slot,PpAudioSlot with no file; renders as a coming-soon row,new,lib/screens/post_pregnancy/pp_early_learning_content.dart
parenting,Door: Early Learning,My Child tab > 'Current | V3' pill > V3 home > 'Early learning' door > 'Early Learning' section > 'Panchatantra stories' > 'The four friends',audio/rhyme/lullaby/story narration,"Listen to this story (Panchatantra, 5 MIN)",1,Record the audio file (narration/lullaby/sound) and drop it into the slot,PpAudioSlot with no file; renders as a coming-soon row,new,lib/screens/post_pregnancy/pp_early_learning_content.dart
parenting,Door: Early Learning,My Child tab > 'Current | V3' pill > V3 home > 'Early learning' door > 'Early Learning' section > 'Panchatantra stories' > 'The talkative tortoise',audio/rhyme/lullaby/story narration,"Listen to this story (Panchatantra, 4 MIN)",1,Record the audio file (narration/lullaby/sound) and drop it into the slot,PpAudioSlot with no file; renders as a coming-soon row,new,lib/screens/post_pregnancy/pp_early_learning_content.dart
parenting,Door: Early Learning,"My Child tab > 'Current | V3' pill > V3 home > 'Early learning' door > 'Early Learning' section > 'Panchatantra stories' > 'The man, the goat and the three tricksters'",audio/rhyme/lullaby/story narration,"Listen to this story (Panchatantra, 4 MIN)",1,Record the audio file (narration/lullaby/sound) and drop it into the slot,PpAudioSlot with no file; renders as a coming-soon row,new,lib/screens/post_pregnancy/pp_early_learning_content.dart
parenting,Door: Early Learning,My Child tab > 'Current | V3' pill > V3 home > 'Early learning' door > 'Early Learning' section > 'Panchatantra stories' > 'The crows and the snake',audio/rhyme/lullaby/story narration,"Listen to this story (Panchatantra, 4 MIN)",1,Record the audio file (narration/lullaby/sound) and drop it into the slot,PpAudioSlot with no file; renders as a coming-soon row,new,lib/screens/post_pregnancy/pp_early_learning_content.dart
parenting,Door: Early Learning,My Child tab > 'Current | V3' pill > V3 home > 'Early learning' door > 'Early Learning' section > 'Panchatantra stories' > 'The mice that ate the iron scales',audio/rhyme/lullaby/story narration,"Listen to this story (Panchatantra, 4 MIN)",1,Record the audio file (narration/lullaby/sound) and drop it into the slot,PpAudioSlot with no file; renders as a coming-soon row,new,lib/screens/post_pregnancy/pp_early_learning_content.dart
parenting,Door: Early Learning,My Child tab > 'Current | V3' pill > V3 home > 'Early learning' door > 'Early Learning' section > 'Panchatantra stories' > 'The hare and the elephants',audio/rhyme/lullaby/story narration,"Listen to this story (Panchatantra, 4 MIN)",1,Record the audio file (narration/lullaby/sound) and drop it into the slot,PpAudioSlot with no file; renders as a coming-soon row,new,lib/screens/post_pregnancy/pp_early_learning_content.dart
parenting,Door: Early Learning,My Child tab > 'Current | V3' pill > V3 home > 'Early learning' door > 'Early Learning' section > 'Panchatantra stories' > 'The bird with two heads',audio/rhyme/lullaby/story narration,"Listen to this story (Panchatantra, 3 MIN)",1,Record the audio file (narration/lullaby/sound) and drop it into the slot,PpAudioSlot with no file; renders as a coming-soon row,new,lib/screens/post_pregnancy/pp_early_learning_content.dart
parenting,Door: Early Learning,My Child tab > 'Current | V3' pill > V3 home > 'Early learning' door > 'Early Learning' section > 'Panchatantra stories' > 'The donkey in the tiger skin',audio/rhyme/lullaby/story narration,"Listen to this story (Panchatantra, 4 MIN)",1,Record the audio file (narration/lullaby/sound) and drop it into the slot,PpAudioSlot with no file; renders as a coming-soon row,new,lib/screens/post_pregnancy/pp_early_learning_content.dart
parenting,Door: Early Learning,My Child tab > 'Current | V3' pill > V3 home > 'Early learning' door > 'Early Learning' section > 'Panchatantra stories' > 'The three fishes',audio/rhyme/lullaby/story narration,"Listen to this story (Panchatantra, 4 MIN)",1,Record the audio file (narration/lullaby/sound) and drop it into the slot,PpAudioSlot with no file; renders as a coming-soon row,new,lib/screens/post_pregnancy/pp_early_learning_content.dart
parenting,Door: Early Learning,My Child tab > 'Current | V3' pill > V3 home > 'Early learning' door > 'Early Learning' section > 'Jataka tales' > 'The monkey king who made a bridge',audio/rhyme/lullaby/story narration,"Listen to this story (Jataka tales, 4 MIN)",1,Record the audio file (narration/lullaby/sound) and drop it into the slot,PpAudioSlot with no file; renders as a coming-soon row,new,lib/screens/post_pregnancy/pp_early_learning_content.dart
parenting,Door: Early Learning,My Child tab > 'Current | V3' pill > V3 home > 'Early learning' door > 'Early Learning' section > 'Jataka tales' > 'The golden deer and the drowning man',audio/rhyme/lullaby/story narration,"Listen to this story (Jataka tales, 4 MIN)",1,Record the audio file (narration/lullaby/sound) and drop it into the slot,PpAudioSlot with no file; renders as a coming-soon row,new,lib/screens/post_pregnancy/pp_early_learning_content.dart
parenting,Door: Early Learning,My Child tab > 'Current | V3' pill > V3 home > 'Early learning' door > 'Early Learning' section > 'Jataka tales' > 'The little quail and the forest fire',audio/rhyme/lullaby/story narration,"Listen to this story (Jataka tales, 3 MIN)",1,Record the audio file (narration/lullaby/sound) and drop it into the slot,PpAudioSlot with no file; renders as a coming-soon row,new,lib/screens/post_pregnancy/pp_early_learning_content.dart
parenting,Door: Early Learning,My Child tab > 'Current | V3' pill > V3 home > 'Early learning' door > 'Early Learning' section > 'Jataka tales' > 'The deer who took another deer place',audio/rhyme/lullaby/story narration,"Listen to this story (Jataka tales, 5 MIN)",1,Record the audio file (narration/lullaby/sound) and drop it into the slot,PpAudioSlot with no file; renders as a coming-soon row,new,lib/screens/post_pregnancy/pp_early_learning_content.dart
parenting,Door: Early Learning,My Child tab > 'Current | V3' pill > V3 home > 'Early learning' door > 'Early Learning' section > 'Jataka tales' > 'The elephant and the dog',audio/rhyme/lullaby/story narration,"Listen to this story (Jataka tales, 4 MIN)",1,Record the audio file (narration/lullaby/sound) and drop it into the slot,PpAudioSlot with no file; renders as a coming-soon row,new,lib/screens/post_pregnancy/pp_early_learning_content.dart
parenting,Door: Early Learning,My Child tab > 'Current | V3' pill > V3 home > 'Early learning' door > 'Early Learning' section > 'Jataka tales' > 'The ox who would not pull',audio/rhyme/lullaby/story narration,"Listen to this story (Jataka tales, 4 MIN)",1,Record the audio file (narration/lullaby/sound) and drop it into the slot,PpAudioSlot with no file; renders as a coming-soon row,new,lib/screens/post_pregnancy/pp_early_learning_content.dart
parenting,Door: Early Learning,My Child tab > 'Current | V3' pill > V3 home > 'Early learning' door > 'Early Learning' section > 'Jataka tales' > 'The hare who had nothing to give',audio/rhyme/lullaby/story narration,"Listen to this story (Jataka tales, 4 MIN)",1,Record the audio file (narration/lullaby/sound) and drop it into the slot,PpAudioSlot with no file; renders as a coming-soon row,new,lib/screens/post_pregnancy/pp_early_learning_content.dart
parenting,Door: Early Learning,My Child tab > 'Current | V3' pill > V3 home > 'Early learning' door > 'Early Learning' section > 'Jataka tales' > 'The woodpecker and the lion',audio/rhyme/lullaby/story narration,"Listen to this story (Jataka tales, 4 MIN)",1,Record the audio file (narration/lullaby/sound) and drop it into the slot,PpAudioSlot with no file; renders as a coming-soon row,new,lib/screens/post_pregnancy/pp_early_learning_content.dart
parenting,Door: Early Learning,My Child tab > 'Current | V3' pill > V3 home > 'Early learning' door > 'Early Learning' section > 'Jataka tales' > 'The crane and the crab',audio/rhyme/lullaby/story narration,"Listen to this story (Jataka tales, 4 MIN)",1,Record the audio file (narration/lullaby/sound) and drop it into the slot,PpAudioSlot with no file; renders as a coming-soon row,new,lib/screens/post_pregnancy/pp_early_learning_content.dart
parenting,Door: Early Learning,My Child tab > 'Current | V3' pill > V3 home > 'Early learning' door > 'Early Learning' section > 'Jataka tales' > 'The parrot who stayed with his tree',audio/rhyme/lullaby/story narration,"Listen to this story (Jataka tales, 4 MIN)",1,Record the audio file (narration/lullaby/sound) and drop it into the slot,PpAudioSlot with no file; renders as a coming-soon row,new,lib/screens/post_pregnancy/pp_early_learning_content.dart
parenting,Door: Early Learning,My Child tab > 'Current | V3' pill > V3 home > 'Early learning' door > 'Early Learning' section > 'Akbar and Birbal' > 'Make this line shorter',audio/rhyme/lullaby/story narration,"Listen to this story (Akbar and Birbal, 2 MIN)",1,Record the audio file (narration/lullaby/sound) and drop it into the slot,PpAudioSlot with no file; renders as a coming-soon row,new,lib/screens/post_pregnancy/pp_early_learning_content.dart
parenting,Door: Early Learning,My Child tab > 'Current | V3' pill > V3 home > 'Early learning' door > 'Early Learning' section > 'Akbar and Birbal' > 'How many crows in the kingdom',audio/rhyme/lullaby/story narration,"Listen to this story (Akbar and Birbal, 3 MIN)",1,Record the audio file (narration/lullaby/sound) and drop it into the slot,PpAudioSlot with no file; renders as a coming-soon row,new,lib/screens/post_pregnancy/pp_early_learning_content.dart
parenting,Door: Early Learning,My Child tab > 'Current | V3' pill > V3 home > 'Early learning' door > 'Early Learning' section > 'Akbar and Birbal' > 'The man who sold his well',audio/rhyme/lullaby/story narration,"Listen to this story (Akbar and Birbal, 3 MIN)",1,Record the audio file (narration/lullaby/sound) and drop it into the slot,PpAudioSlot with no file; renders as a coming-soon row,new,lib/screens/post_pregnancy/pp_early_learning_content.dart
parenting,Door: Early Learning,My Child tab > 'Current | V3' pill > V3 home > 'Early learning' door > 'Early Learning' section > 'Akbar and Birbal' > 'The pot that had a baby',audio/rhyme/lullaby/story narration,"Listen to this story (Akbar and Birbal, 3 MIN)",1,Record the audio file (narration/lullaby/sound) and drop it into the slot,PpAudioSlot with no file; renders as a coming-soon row,new,lib/screens/post_pregnancy/pp_early_learning_content.dart
parenting,Door: Early Learning,My Child tab > 'Current | V3' pill > V3 home > 'Early learning' door > 'Early Learning' section > 'Akbar and Birbal' > 'The khichdi cooked far from the fire',audio/rhyme/lullaby/story narration,"Listen to this story (Akbar and Birbal, 4 MIN)",1,Record the audio file (narration/lullaby/sound) and drop it into the slot,PpAudioSlot with no file; renders as a coming-soon row,new,lib/screens/post_pregnancy/pp_early_learning_content.dart
parenting,Door: Early Learning,My Child tab > 'Current | V3' pill > V3 home > 'Early learning' door > 'Early Learning' section > 'Akbar and Birbal' > 'Birbal and the brinjals',audio/rhyme/lullaby/story narration,"Listen to this story (Akbar and Birbal, 3 MIN)",1,Record the audio file (narration/lullaby/sound) and drop it into the slot,PpAudioSlot with no file; renders as a coming-soon row,new,lib/screens/post_pregnancy/pp_early_learning_content.dart
parenting,Door: Early Learning,My Child tab > 'Current | V3' pill > V3 home > 'Early learning' door > 'Early Learning' section > 'Akbar and Birbal' > 'The most beautiful child',audio/rhyme/lullaby/story narration,"Listen to this story (Akbar and Birbal, 3 MIN)",1,Record the audio file (narration/lullaby/sound) and drop it into the slot,PpAudioSlot with no file; renders as a coming-soon row,new,lib/screens/post_pregnancy/pp_early_learning_content.dart
parenting,Door: Early Learning,My Child tab > 'Current | V3' pill > V3 home > 'Early learning' door > 'Early Learning' section > 'Akbar and Birbal' > 'The parrot that would not die',audio/rhyme/lullaby/story narration,"Listen to this story (Akbar and Birbal, 3 MIN)",1,Record the audio file (narration/lullaby/sound) and drop it into the slot,PpAudioSlot with no file; renders as a coming-soon row,new,lib/screens/post_pregnancy/pp_early_learning_content.dart
parenting,Door: Early Learning,My Child tab > 'Current | V3' pill > V3 home > 'Early learning' door > 'Early Learning' section > 'Akbar and Birbal' > 'The stick that grew in the night',audio/rhyme/lullaby/story narration,"Listen to this story (Akbar and Birbal, 3 MIN)",1,Record the audio file (narration/lullaby/sound) and drop it into the slot,PpAudioSlot with no file; renders as a coming-soon row,new,lib/screens/post_pregnancy/pp_early_learning_content.dart
parenting,Door: Early Learning,My Child tab > 'Current | V3' pill > V3 home > 'Early learning' door > 'Early Learning' section > 'Akbar and Birbal' > 'The barber and the dream',audio/rhyme/lullaby/story narration,"Listen to this story (Akbar and Birbal, 4 MIN)",1,Record the audio file (narration/lullaby/sound) and drop it into the slot,PpAudioSlot with no file; renders as a coming-soon row,new,lib/screens/post_pregnancy/pp_early_learning_content.dart
parenting,Door: Early Learning,My Child tab > 'Current | V3' pill > V3 home > 'Early learning' door > 'Early Learning' section > 'Tenali Rama' > 'The thieves who watered the garden',audio/rhyme/lullaby/story narration,"Listen to this story (Tenali Rama, 3 MIN)",1,Record the audio file (narration/lullaby/sound) and drop it into the slot,PpAudioSlot with no file; renders as a coming-soon row,new,lib/screens/post_pregnancy/pp_early_learning_content.dart
parenting,Door: Early Learning,My Child tab > 'Current | V3' pill > V3 home > 'Early learning' door > 'Early Learning' section > 'Tenali Rama' > 'The king cats and the milk',audio/rhyme/lullaby/story narration,"Listen to this story (Tenali Rama, 4 MIN)",1,Record the audio file (narration/lullaby/sound) and drop it into the slot,PpAudioSlot with no file; renders as a coming-soon row,new,lib/screens/post_pregnancy/pp_early_learning_content.dart
parenting,Door: Early Learning,My Child tab > 'Current | V3' pill > V3 home > 'Early learning' door > 'Early Learning' section > 'Tenali Rama' > 'The smell of the food and the sound of the coins',audio/rhyme/lullaby/story narration,"Listen to this story (Tenali Rama, 3 MIN)",1,Record the audio file (narration/lullaby/sound) and drop it into the slot,PpAudioSlot with no file; renders as a coming-soon row,new,lib/screens/post_pregnancy/pp_early_learning_content.dart
parenting,Door: Early Learning,My Child tab > 'Current | V3' pill > V3 home > 'Early learning' door > 'Early Learning' section > 'Tenali Rama' > 'The painter who painted only half',audio/rhyme/lullaby/story narration,"Listen to this story (Tenali Rama, 3 MIN)",1,Record the audio file (narration/lullaby/sound) and drop it into the slot,PpAudioSlot with no file; renders as a coming-soon row,new,lib/screens/post_pregnancy/pp_early_learning_content.dart
parenting,Door: Early Learning,My Child tab > 'Current | V3' pill > V3 home > 'Early learning' door > 'Early Learning' section > 'Tenali Rama' > 'The horse nobody could ride',audio/rhyme/lullaby/story narration,"Listen to this story (Tenali Rama, 4 MIN)",1,Record the audio file (narration/lullaby/sound) and drop it into the slot,PpAudioSlot with no file; renders as a coming-soon row,new,lib/screens/post_pregnancy/pp_early_learning_content.dart
parenting,Door: Early Learning,My Child tab > 'Current | V3' pill > V3 home > 'Early learning' door > 'Early Learning' section > 'Tenali Rama' > 'The three men and the bag of gold',audio/rhyme/lullaby/story narration,"Listen to this story (Tenali Rama, 4 MIN)",1,Record the audio file (narration/lullaby/sound) and drop it into the slot,PpAudioSlot with no file; renders as a coming-soon row,new,lib/screens/post_pregnancy/pp_early_learning_content.dart
parenting,Door: Early Learning,My Child tab > 'Current | V3' pill > V3 home > 'Early learning' door > 'Early Learning' section > 'Stories from around the world' > 'The lion and the mouse',audio/rhyme/lullaby/story narration,"Listen to this story (World tales, 3 MIN)",1,Record the audio file (narration/lullaby/sound) and drop it into the slot,PpAudioSlot with no file; renders as a coming-soon row,new,lib/screens/post_pregnancy/pp_early_learning_content.dart
parenting,Door: Early Learning,My Child tab > 'Current | V3' pill > V3 home > 'Early learning' door > 'Early Learning' section > 'Stories from around the world' > 'The boy who cried wolf',audio/rhyme/lullaby/story narration,"Listen to this story (World tales, 3 MIN)",1,Record the audio file (narration/lullaby/sound) and drop it into the slot,PpAudioSlot with no file; renders as a coming-soon row,new,lib/screens/post_pregnancy/pp_early_learning_content.dart
parenting,Door: Early Learning,My Child tab > 'Current | V3' pill > V3 home > 'Early learning' door > 'Early Learning' section > 'Stories from around the world' > 'The tortoise and the hare',audio/rhyme/lullaby/story narration,"Listen to this story (World tales, 3 MIN)",1,Record the audio file (narration/lullaby/sound) and drop it into the slot,PpAudioSlot with no file; renders as a coming-soon row,new,lib/screens/post_pregnancy/pp_early_learning_content.dart
parenting,Door: Early Learning,My Child tab > 'Current | V3' pill > V3 home > 'Early learning' door > 'Early Learning' section > 'Stories from around the world' > 'The ant and the grasshopper',audio/rhyme/lullaby/story narration,"Listen to this story (World tales, 3 MIN)",1,Record the audio file (narration/lullaby/sound) and drop it into the slot,PpAudioSlot with no file; renders as a coming-soon row,new,lib/screens/post_pregnancy/pp_early_learning_content.dart
parenting,Door: Early Learning,My Child tab > 'Current | V3' pill > V3 home > 'Early learning' door > 'Early Learning' section > 'Stories from around the world' > 'The thirsty crow',audio/rhyme/lullaby/story narration,"Listen to this story (World tales, 3 MIN)",1,Record the audio file (narration/lullaby/sound) and drop it into the slot,PpAudioSlot with no file; renders as a coming-soon row,new,lib/screens/post_pregnancy/pp_early_learning_content.dart
parenting,Door: Early Learning,My Child tab > 'Current | V3' pill > V3 home > 'Early learning' door > 'Early Learning' section > 'Stories from around the world' > 'The north wind and the sun',audio/rhyme/lullaby/story narration,"Listen to this story (World tales, 3 MIN)",1,Record the audio file (narration/lullaby/sound) and drop it into the slot,PpAudioSlot with no file; renders as a coming-soon row,new,lib/screens/post_pregnancy/pp_early_learning_content.dart
parenting,Door: Early Learning,My Child tab > 'Current | V3' pill > V3 home > 'Early learning' door > 'Early Learning' section > 'Stories from around the world' > 'Stone soup',audio/rhyme/lullaby/story narration,"Listen to this story (World tales, 4 MIN)",1,Record the audio file (narration/lullaby/sound) and drop it into the slot,PpAudioSlot with no file; renders as a coming-soon row,new,lib/screens/post_pregnancy/pp_early_learning_content.dart
parenting,Door: Early Learning,My Child tab > 'Current | V3' pill > V3 home > 'Early learning' door > 'Early Learning' section > 'Stories from around the world' > 'The bundle of sticks',audio/rhyme/lullaby/story narration,"Listen to this story (World tales, 3 MIN)",1,Record the audio file (narration/lullaby/sound) and drop it into the slot,PpAudioSlot with no file; renders as a coming-soon row,new,lib/screens/post_pregnancy/pp_early_learning_content.dart
parenting,Door: Early Learning,My Child tab > 'Current | V3' pill > V3 home > 'Early learning' door > 'Early Learning' section > 'Stories from around the world' > 'The honest woodcutter',audio/rhyme/lullaby/story narration,"Listen to this story (World tales, 3 MIN)",1,Record the audio file (narration/lullaby/sound) and drop it into the slot,PpAudioSlot with no file; renders as a coming-soon row,new,lib/screens/post_pregnancy/pp_early_learning_content.dart
parenting,Door: Early Learning,My Child tab > 'Current | V3' pill > V3 home > 'Early learning' door > 'Early Learning' section > 'Stories from around the world' > 'The two brothers and the sacks of rice',audio/rhyme/lullaby/story narration,"Listen to this story (World tales, 4 MIN)",1,Record the audio file (narration/lullaby/sound) and drop it into the slot,PpAudioSlot with no file; renders as a coming-soon row,new,lib/screens/post_pregnancy/pp_early_learning_content.dart
parenting,Door: Early Learning,My Child tab > 'Current | V3' pill > V3 home > 'Early learning' door > 'Early Learning' section > 'Getting ready for school' > 'What comes after preschool',paid offering (1:1 consult CTA),PpConsult role=school_readiness,1,A real expert of this category (supply) + fee; the CTA opens the filtered provider roster,CTA wired to ProviderResultsScreen; roster is seeded/placeholder for most categories,new,lib/screens/post_pregnancy/pp_early_learning_content.dart
parenting,V3 home (bracket grid),My Child tab > 'Current | V3' pill > V3 home > doors,coming-soon feature,"5 'owed' doors render HubOwedScreen (Is my child ready?, Start and manage potty training, Prepare for school, Follow my First 40 Days, Get help with a recovery concern)",5,Nothing to commission now - the owed screen explains what will be there; content lands via the door journeys/sections,placeholder screen with copy,new,lib/screens/post_pregnancy/pp_home_v3.dart
parenting,Daily tips,DailyTipPopup (daily_tip_popup.dart),coming-soon feature,DailyTipPopup has 0 call sites,1,Decide: wire or retire,unreachable code (wiring gate),unsure,lib/screens/post_pregnancy/daily_tip_popup.dart
parenting,Leaps / Wonder Weeks,WonderWeekScreen (wonder_week_screen.dart),coming-soon feature,"Old Wonder Week screen: 1 ""Coming soon"" snackbar; no live call site",1,Nothing - retired,kept for revert,old (retired),lib/screens/post_pregnancy/wonder_week_screen.dart
parenting,Child profile,everywhere the child name appears,seeded demo data,"Placeholder child ""Your baby"" (Child.placeholder) + boy/girl growth reference tables 0-12 months (_boyRef/_girlRef, 13 rows each)",1,Confirm the growth reference source (WHO?) - no citation in code,seeded placeholder until a parent saves a child,both/shared,lib/screens/post_pregnancy/pp_child_profile.dart
parenting,Next baby,Explore > Due date / Track ovulation (NextBabyScreen),coming-soon feature,Stage switch to pregnancy/TTC from a parenting profile,2,Nothing to commission; engineering,"asks one question then shows ""still being built"" sheet",new,lib/screens/post_pregnancy/next_baby_screens.dart
parenting,Investments & Savings,Explore > Investments & Savings,brand/sponsor (partner platforms),"Vetted investment platforms (""Ways to get there"") - referral fee disclosed",1,Real partner list + legal review,"placeholder instruments, taps show coming soon",unsure,lib/screens/post_pregnancy/investments_screen.dart
parenting,Saved hub,V3 home > saved (PpSavedHubScreen),tracker/tool,Saved items hub across sections,1,Nothing,built,new,lib/screens/post_pregnancy/pp_saved_hub_screen.dart
parenting,Ask Veda,My Child > 'Ask Veda anything else' / Ask FAB > AskVedaScreen > answer feed,coming-soon feature,More articles on this are coming soon,1,Content corpus/ingest lives in the separate Ask Veda service repo; nothing to commission here beyond the reads/videos already listed,coming-soon card,both/shared,lib/screens/post_pregnancy/askveda_screen.dart
parenting,Ask Veda,My Child > 'Ask Veda anything else' / Ask FAB > AskVedaScreen > answer feed,coming-soon feature,"Videos for this are coming soon (video tap: ""This video is coming soon"")",1,Content corpus/ingest lives in the separate Ask Veda service repo; nothing to commission here beyond the reads/videos already listed,coming-soon card,both/shared,lib/screens/post_pregnancy/askveda_screen.dart
parenting,Ask Veda,My Child > 'Ask Veda anything else' / Ask FAB > AskVedaScreen > answer feed,coming-soon feature,Community insights are coming soon,1,Content corpus/ingest lives in the separate Ask Veda service repo; nothing to commission here beyond the reads/videos already listed,coming-soon card,both/shared,lib/screens/post_pregnancy/askveda_screen.dart
parenting,Ask Veda,My Child > 'Ask Veda anything else' / Ask FAB > AskVedaScreen > answer feed,coming-soon feature,Relevant products are coming soon,1,Content corpus/ingest lives in the separate Ask Veda service repo; nothing to commission here beyond the reads/videos already listed,coming-soon card,both/shared,lib/screens/post_pregnancy/askveda_screen.dart
parenting,Ask Veda,My Child > 'Ask Veda anything else' / Ask FAB > AskVedaScreen > answer feed,coming-soon feature,Relevant services are coming soon,1,Content corpus/ingest lives in the separate Ask Veda service repo; nothing to commission here beyond the reads/videos already listed,coming-soon card,both/shared,lib/screens/post_pregnancy/askveda_screen.dart
parenting,Ask Veda,My Child > 'Ask Veda anything else' / Ask FAB > AskVedaScreen > answer feed,coming-soon feature,Listening to answers is coming soon (TTS),1,Content corpus/ingest lives in the separate Ask Veda service repo; nothing to commission here beyond the reads/videos already listed,coming-soon card,both/shared,lib/screens/post_pregnancy/askveda_screen.dart
parenting,Watch,Explore > Watch (WatchHomeScreen),data source (video hosting),Self-hosted MP4/HLS on Supabase Storage (later Bunny/Cloudflare); one dev MP4 exists,1,Upload 26 real MP4/HLS files; backend returns signed videoUrl per lesson,kUseDevVideos placeholder; YouTube ruled out,both/shared,lib/screens/post_pregnancy/video/pv_video_config.dart
parenting,Watch,Explore > Watch (WatchHomeScreen),coming-soon feature,Offline downloads coming soon (WatchLibraryScreen),1,Engineering only,snackbar,both/shared,lib/screens/post_pregnancy/watch_player_screen.dart
parenting,Watch,Explore > Watch (WatchHomeScreen),coming-soon feature,Sharing coming soon (player / quick learn / shorts),1,Engineering only,snackbar,both/shared,lib/screens/post_pregnancy/watch_player_screen.dart
parenting,Watch,Explore > Watch (WatchHomeScreen),coming-soon feature,More options coming soon (quick learn / shorts),1,Engineering only,snackbar,both/shared,lib/screens/post_pregnancy/watch_player_screen.dart
parenting,Read,"Explore > Read (ReadExploreScreen, new) / pp_read surface -> ReadingHomeScreen (old) > ReadingReaderScreen",coming-soon feature,Sharing coming soon (reader),1,Engineering / videos,snackbar,both/shared,lib/screens/post_pregnancy/reading_reader_screen.dart
parenting,Read,"Explore > Read (ReadExploreScreen, new) / pp_read surface -> ReadingHomeScreen (old) > ReadingReaderScreen",coming-soon feature,"Related video tap: ""video coming soon"" (reader)",1,Engineering / videos,snackbar,both/shared,lib/screens/post_pregnancy/reading_reader_screen.dart
parenting,Courses & Masterclasses,"Explore > Courses & Masterclasses (CoursesExploreScreen, new) ; pp_courses surface -> LearningHomeScreen (older merged) > LearningDetailScreen",paid offering (recordedCourse),"The Complete Parenting Guide - ₹4,999 - 140+ modules",1,"A real instructor (Dr. Ananya Rao (Paediatrician) is a placeholder), real schedule, recorded/live content, price sign-off",seeded catalogue; booking engine stubbed (no payment),both/shared,lib/screens/post_pregnancy/pp_learning_data.dart
parenting,Courses & Masterclasses,"Explore > Courses & Masterclasses (CoursesExploreScreen, new) ; pp_courses surface -> LearningHomeScreen (older merged) > LearningDetailScreen",paid offering (masterclass),"The 4-Month Sleep Regression, Solved - ₹1,499 - 90 min live",1,"A real instructor (Dr. Ananya Rao (Paediatrician) is a placeholder), real schedule, recorded/live content, price sign-off",seeded catalogue; booking engine stubbed (no payment),both/shared,lib/screens/post_pregnancy/pp_learning_data.dart
parenting,Courses & Masterclasses,"Explore > Courses & Masterclasses (CoursesExploreScreen, new) ; pp_courses surface -> LearningHomeScreen (older merged) > LearningDetailScreen",paid offering (liveCohort),"Sleep Bootcamp - ₹8,999 - 2 weeks live",1,"A real instructor (Dr. Meher Shah (Paediatric sleep/physio) is a placeholder), real schedule, recorded/live content, price sign-off",seeded catalogue; booking engine stubbed (no payment),both/shared,lib/screens/post_pregnancy/pp_learning_data.dart
parenting,Courses & Masterclasses,"Explore > Courses & Masterclasses (CoursesExploreScreen, new) ; pp_courses surface -> LearningHomeScreen (older merged) > LearningDetailScreen",paid offering (liveCohort),"Confident Weaning - ₹12,999 - 4 weeks live",1,"A real instructor (Ritu Malhotra (Paediatric nutritionist) is a placeholder), real schedule, recorded/live content, price sign-off",seeded catalogue; booking engine stubbed (no payment),both/shared,lib/screens/post_pregnancy/pp_learning_data.dart
parenting,Courses & Masterclasses,"Explore > Courses & Masterclasses (CoursesExploreScreen, new) ; pp_courses surface -> LearningHomeScreen (older merged) > LearningDetailScreen",paid offering (liveCohort),"Calm Parent, Calm Baby - ₹24,999 - 6 weeks live",1,"A real instructor (Dr. Kabir Sen (Child psychologist) is a placeholder), real schedule, recorded/live content, price sign-off",seeded catalogue; booking engine stubbed (no payment),both/shared,lib/screens/post_pregnancy/pp_learning_data.dart
parenting,Courses & Masterclasses,"Explore > Courses & Masterclasses (CoursesExploreScreen, new) ; pp_courses surface -> LearningHomeScreen (older merged) > LearningDetailScreen",paid offering (liveCohort),"Gentle Nights - July cohort - ₹8,999 - 2 weeks live (ongoing)",1,"A real instructor (Dr. Meher Shah (Paediatric sleep/physio) is a placeholder), real schedule, recorded/live content, price sign-off",seeded catalogue; booking engine stubbed (no payment),both/shared,lib/screens/post_pregnancy/pp_learning_data.dart
parenting,Courses & Masterclasses,"Explore > Courses & Masterclasses (CoursesExploreScreen, new) ; pp_courses surface -> LearningHomeScreen (older merged) > LearningDetailScreen",paid offering (masterclass),Starting solids without the stress - ₹999 - 75 min,1,"A real instructor (Ritu Malhotra (Paediatric nutritionist) is a placeholder), real schedule, recorded/live content, price sign-off",seeded catalogue; booking engine stubbed (no payment),both/shared,lib/screens/post_pregnancy/pp_learning_data.dart
parenting,Courses & Masterclasses,"Explore > Courses & Masterclasses (CoursesExploreScreen, new) ; pp_courses surface -> LearningHomeScreen (older merged) > LearningDetailScreen",paid offering (masterclass),"Understanding the fussy stretches - ₹2,499 - 2 hr",1,"A real instructor (Dr. Kabir Sen (Child psychologist) is a placeholder), real schedule, recorded/live content, price sign-off",seeded catalogue; booking engine stubbed (no payment),both/shared,lib/screens/post_pregnancy/pp_learning_data.dart
parenting,Courses & Masterclasses,"Explore > Courses & Masterclasses (CoursesExploreScreen, new) ; pp_courses surface -> LearningHomeScreen (older merged) > LearningDetailScreen",paid offering (masterclass),"Baby-proofing for joint families - ₹1,299 - 60 min",1,"A real instructor (Meera Iyer (Child-safety educator) is a placeholder), real schedule, recorded/live content, price sign-off",seeded catalogue; booking engine stubbed (no payment),both/shared,lib/screens/post_pregnancy/pp_learning_data.dart
parenting,Courses & Masterclasses,"Explore > Courses & Masterclasses (CoursesExploreScreen, new) ; pp_courses surface -> LearningHomeScreen (older merged) > LearningDetailScreen",paid offering (masterclass),"The First 40 Days - ₹1,199 - 80 min (completed)",1,"A real instructor (Dr. Neha Sharma (Paediatrician) is a placeholder), real schedule, recorded/live content, price sign-off",seeded catalogue; booking engine stubbed (no payment),both/shared,lib/screens/post_pregnancy/pp_learning_data.dart
parenting,Courses & Masterclasses,"Explore > Courses & Masterclasses (CoursesExploreScreen, new) ; pp_courses surface -> LearningHomeScreen (older merged) > LearningDetailScreen",paid offering (recordedCourse),"Play & Brain - ₹1,499 - 5 lessons ~50 min",1,"A real instructor (Dr. Ananya Rao (Paediatrician) is a placeholder), real schedule, recorded/live content, price sign-off",seeded catalogue; booking engine stubbed (no payment),both/shared,lib/screens/post_pregnancy/pp_learning_data.dart
parenting,Courses & Masterclasses,"Explore > Courses & Masterclasses (CoursesExploreScreen, new) ; pp_courses surface -> LearningHomeScreen (older merged) > LearningDetailScreen",paid offering (recordedCourse),"Motor Skills - ₹1,499 - 4 lessons ~42 min",1,"A real instructor (Dr. Meher Shah (Paediatric sleep/physio) is a placeholder), real schedule, recorded/live content, price sign-off",seeded catalogue; booking engine stubbed (no payment),both/shared,lib/screens/post_pregnancy/pp_learning_data.dart
parenting,Courses & Masterclasses,"Explore > Courses & Masterclasses (CoursesExploreScreen, new) ; pp_courses surface -> LearningHomeScreen (older merged) > LearningDetailScreen",paid offering (recordedCourse),"Language & Communication - ₹1,499 - 4 lessons ~38 min",1,"A real instructor (Dr. Kabir Sen (Child psychologist) is a placeholder), real schedule, recorded/live content, price sign-off",seeded catalogue; booking engine stubbed (no payment),both/shared,lib/screens/post_pregnancy/pp_learning_data.dart
parenting,Courses & Masterclasses,"Explore > Courses & Masterclasses (CoursesExploreScreen, new) ; pp_courses surface -> LearningHomeScreen (older merged) > LearningDetailScreen",paid offering (recordedCourse),"Baby Sleep, Understood - ₹1,499 - 4 lessons ~53 min",1,"A real instructor (Dr. Meher Shah (Paediatric sleep/physio) is a placeholder), real schedule, recorded/live content, price sign-off",seeded catalogue; booking engine stubbed (no payment),both/shared,lib/screens/post_pregnancy/pp_learning_data.dart
parenting,Courses & Masterclasses,"Explore > Courses & Masterclasses (CoursesExploreScreen, new) ; pp_courses surface -> LearningHomeScreen (older merged) > LearningDetailScreen",paid offering (recordedCourse),"Parenting a Child with Special Needs - ₹4,999 - Opening soon",1,"A real instructor (Dr. Kabir Sen (Child psychologist) is a placeholder), real schedule, recorded/live content, price sign-off",seeded catalogue; booking engine stubbed (no payment),both/shared,lib/screens/post_pregnancy/pp_learning_data.dart
parenting,Courses & Masterclasses (retired screens),"Explore rows commented out: Masterclasses, Cohort Courses, Courses, Guides & Tools",coming-soon feature,"MasterclassesScreen, CohortCoursesScreen, CoursesScreen, GuidesToolsScreen (""Coming soon"" snackbars)",4,Nothing - merged into LearningHome/CoursesExplore,kept for revert,old (retired),lib/screens/post_pregnancy/masterclasses_screen.dart
parenting,Yoga & Classes,Explore > Yoga & Classes (YogaHomeScreen) > YogaClassScreen ; pp_yoga surface (postnatal filter),paid offering (yoga liveGroup),Morning Sun Flow [yoga] - Aditi Verma - ₹399 / class - 40 min,1,"Real instructor, schedule, and (for recorded) the class video; price sign-off","seeded; booking stubbed; recorded playback = ""Playback coming soon""",both/shared,lib/screens/post_pregnancy/pp_yoga_data.dart
parenting,Yoga & Classes,Explore > Yoga & Classes (YogaHomeScreen) > YogaClassScreen ; pp_yoga surface (postnatal filter),paid offering (yoga liveOneToOne),Personalised Hatha 1:1 [yoga] - Aditi Verma - ₹999 / session - 50 min,1,"Real instructor, schedule, and (for recorded) the class video; price sign-off","seeded; booking stubbed; recorded playback = ""Playback coming soon""",both/shared,lib/screens/post_pregnancy/pp_yoga_data.dart
parenting,Yoga & Classes,Explore > Yoga & Classes (YogaHomeScreen) > YogaClassScreen ; pp_yoga surface (postnatal filter),paid offering (yoga recorded),Evening Wind-Down [yoga] - Nisha Pillai - Free - 25 min,1,"Real instructor, schedule, and (for recorded) the class video; price sign-off","seeded; booking stubbed; recorded playback = ""Playback coming soon""",both/shared,lib/screens/post_pregnancy/pp_yoga_data.dart
parenting,Yoga & Classes,Explore > Yoga & Classes (YogaHomeScreen) > YogaClassScreen ; pp_yoga surface (postnatal filter),paid offering (yoga recorded),Everyday Strength & Mobility [yoga] - Aditi Verma - ₹299 - 35 min,1,"Real instructor, schedule, and (for recorded) the class video; price sign-off","seeded; booking stubbed; recorded playback = ""Playback coming soon""",both/shared,lib/screens/post_pregnancy/pp_yoga_data.dart
parenting,Yoga & Classes,Explore > Yoga & Classes (YogaHomeScreen) > YogaClassScreen ; pp_yoga surface (postnatal filter),paid offering (yoga liveGroup),Trimester-Safe Prenatal Flow [prenatal] - Radhika Menon - ₹499 / class - 45 min,1,"Real instructor, schedule, and (for recorded) the class video; price sign-off","seeded; booking stubbed; recorded playback = ""Playback coming soon""",both/shared,lib/screens/post_pregnancy/pp_yoga_data.dart
parenting,Yoga & Classes,Explore > Yoga & Classes (YogaHomeScreen) > YogaClassScreen ; pp_yoga surface (postnatal filter),paid offering (yoga liveOneToOne),"Your Prenatal Practice, 1:1 [prenatal] - Radhika Menon - ₹1,199 / session - 50 min",1,"Real instructor, schedule, and (for recorded) the class video; price sign-off","seeded; booking stubbed; recorded playback = ""Playback coming soon""",both/shared,lib/screens/post_pregnancy/pp_yoga_data.dart
parenting,Yoga & Classes,Explore > Yoga & Classes (YogaHomeScreen) > YogaClassScreen ; pp_yoga surface (postnatal filter),paid offering (yoga recorded),Open Hips for Labour [prenatal] - Radhika Menon - Free - 30 min,1,"Real instructor, schedule, and (for recorded) the class video; price sign-off","seeded; booking stubbed; recorded playback = ""Playback coming soon""",both/shared,lib/screens/post_pregnancy/pp_yoga_data.dart
parenting,Yoga & Classes,Explore > Yoga & Classes (YogaHomeScreen) > YogaClassScreen ; pp_yoga surface (postnatal filter),paid offering (yoga recorded),Relief for a Pregnancy Back [prenatal] - Farah Sheikh - ₹299 - 20 min,1,"Real instructor, schedule, and (for recorded) the class video; price sign-off","seeded; booking stubbed; recorded playback = ""Playback coming soon""",both/shared,lib/screens/post_pregnancy/pp_yoga_data.dart
parenting,Yoga & Classes,Explore > Yoga & Classes (YogaHomeScreen) > YogaClassScreen ; pp_yoga surface (postnatal filter),paid offering (yoga liveGroup),Fourth-Trimester Reset [postnatal] - Sana Kapoor - ₹399 / class - 40 min,1,"Real instructor, schedule, and (for recorded) the class video; price sign-off","seeded; booking stubbed; recorded playback = ""Playback coming soon""",both/shared,lib/screens/post_pregnancy/pp_yoga_data.dart
parenting,Yoga & Classes,Explore > Yoga & Classes (YogaHomeScreen) > YogaClassScreen ; pp_yoga surface (postnatal filter),paid offering (yoga liveOneToOne),Postnatal Recovery 1:1 [postnatal] - Sana Kapoor - ₹999 / session - 45 min,1,"Real instructor, schedule, and (for recorded) the class video; price sign-off","seeded; booking stubbed; recorded playback = ""Playback coming soon""",both/shared,lib/screens/post_pregnancy/pp_yoga_data.dart
parenting,Yoga & Classes,Explore > Yoga & Classes (YogaHomeScreen) > YogaClassScreen ; pp_yoga surface (postnatal filter),paid offering (yoga recorded),Gentle Return to Movement [postnatal] - Sana Kapoor - Free - 20 min,1,"Real instructor, schedule, and (for recorded) the class video; price sign-off","seeded; booking stubbed; recorded playback = ""Playback coming soon""",both/shared,lib/screens/post_pregnancy/pp_yoga_data.dart
parenting,Yoga & Classes,Explore > Yoga & Classes (YogaHomeScreen) > YogaClassScreen ; pp_yoga surface (postnatal filter),paid offering (yoga recorded),Baby-in-Arms Flow [postnatal] - Nisha Pillai - ₹299 - 25 min,1,"Real instructor, schedule, and (for recorded) the class video; price sign-off","seeded; booking stubbed; recorded playback = ""Playback coming soon""",both/shared,lib/screens/post_pregnancy/pp_yoga_data.dart
parenting,Yoga & Classes,Explore > Yoga & Classes (YogaHomeScreen) > YogaClassScreen ; pp_yoga surface (postnatal filter),paid offering (yoga liveOneToOne),"Post-IVF Gentle 1:1 [postivf] - Kavya Reddy - ₹1,299 / session - 45 min",1,"Real instructor, schedule, and (for recorded) the class video; price sign-off","seeded; booking stubbed; recorded playback = ""Playback coming soon""",both/shared,lib/screens/post_pregnancy/pp_yoga_data.dart
parenting,Yoga & Classes,Explore > Yoga & Classes (YogaHomeScreen) > YogaClassScreen ; pp_yoga surface (postnatal filter),paid offering (yoga liveGroup),Two-Week-Wait Calm Circle [postivf] - Kavya Reddy - ₹599 / class - 35 min,1,"Real instructor, schedule, and (for recorded) the class video; price sign-off","seeded; booking stubbed; recorded playback = ""Playback coming soon""",both/shared,lib/screens/post_pregnancy/pp_yoga_data.dart
parenting,Yoga & Classes,Explore > Yoga & Classes (YogaHomeScreen) > YogaClassScreen ; pp_yoga surface (postnatal filter),paid offering (yoga recorded),Restorative After IVF [postivf] - Kavya Reddy - Free - 30 min,1,"Real instructor, schedule, and (for recorded) the class video; price sign-off","seeded; booking stubbed; recorded playback = ""Playback coming soon""",both/shared,lib/screens/post_pregnancy/pp_yoga_data.dart
parenting,Yoga & Classes,Explore > Yoga & Classes (YogaHomeScreen) > YogaClassScreen ; pp_yoga surface (postnatal filter),paid offering (yoga liveGroup),Lamaze Breathing for Labour [breathing] - Farah Sheikh - ₹799 / class - 60 min,1,"Real instructor, schedule, and (for recorded) the class video; price sign-off","seeded; booking stubbed; recorded playback = ""Playback coming soon""",both/shared,lib/screens/post_pregnancy/pp_yoga_data.dart
parenting,Yoga & Classes,Explore > Yoga & Classes (YogaHomeScreen) > YogaClassScreen ; pp_yoga surface (postnatal filter),paid offering (yoga liveOneToOne),"Breath Coaching 1:1 [breathing] - Farah Sheikh - ₹1,099 / session - 45 min",1,"Real instructor, schedule, and (for recorded) the class video; price sign-off","seeded; booking stubbed; recorded playback = ""Playback coming soon""",both/shared,lib/screens/post_pregnancy/pp_yoga_data.dart
parenting,Yoga & Classes,Explore > Yoga & Classes (YogaHomeScreen) > YogaClassScreen ; pp_yoga surface (postnatal filter),paid offering (yoga recorded),Pranayama Basics [breathing] - Nisha Pillai - Free - 15 min,1,"Real instructor, schedule, and (for recorded) the class video; price sign-off","seeded; booking stubbed; recorded playback = ""Playback coming soon""",both/shared,lib/screens/post_pregnancy/pp_yoga_data.dart
parenting,Yoga & Classes,Explore > Yoga & Classes (YogaHomeScreen) > YogaClassScreen ; pp_yoga surface (postnatal filter),paid offering (yoga recorded),3-Minute Calm Breath [breathing] - Nisha Pillai - Free - 5 min,1,"Real instructor, schedule, and (for recorded) the class video; price sign-off","seeded; booking stubbed; recorded playback = ""Playback coming soon""",both/shared,lib/screens/post_pregnancy/pp_yoga_data.dart
parenting,Yoga & Classes,Explore > Yoga & Classes (YogaHomeScreen) > YogaClassScreen ; pp_yoga surface (postnatal filter),paid offering (yoga liveGroup),Guided Meditation Circle [meditation] - Nisha Pillai - ₹299 / class - 20 min,1,"Real instructor, schedule, and (for recorded) the class video; price sign-off","seeded; booking stubbed; recorded playback = ""Playback coming soon""",both/shared,lib/screens/post_pregnancy/pp_yoga_data.dart
parenting,Yoga & Classes,Explore > Yoga & Classes (YogaHomeScreen) > YogaClassScreen ; pp_yoga surface (postnatal filter),paid offering (yoga liveOneToOne),1:1 Meditation Coaching [meditation] - Nisha Pillai - ₹899 / session - 30 min,1,"Real instructor, schedule, and (for recorded) the class video; price sign-off","seeded; booking stubbed; recorded playback = ""Playback coming soon""",both/shared,lib/screens/post_pregnancy/pp_yoga_data.dart
parenting,Yoga & Classes,Explore > Yoga & Classes (YogaHomeScreen) > YogaClassScreen ; pp_yoga surface (postnatal filter),paid offering (yoga recorded),Sleep-Story Meditation [meditation] - Nisha Pillai - Free - 15 min,1,"Real instructor, schedule, and (for recorded) the class video; price sign-off","seeded; booking stubbed; recorded playback = ""Playback coming soon""",both/shared,lib/screens/post_pregnancy/pp_yoga_data.dart
parenting,Yoga & Classes,Explore > Yoga & Classes (YogaHomeScreen) > YogaClassScreen ; pp_yoga surface (postnatal filter),paid offering (yoga recorded),Meditation for New Mothers [meditation] - Nisha Pillai - ₹299 - 12 min,1,"Real instructor, schedule, and (for recorded) the class video; price sign-off","seeded; booking stubbed; recorded playback = ""Playback coming soon""",both/shared,lib/screens/post_pregnancy/pp_yoga_data.dart
parenting,Yoga & Classes,Explore > Yoga & Classes (YogaHomeScreen) > YogaClassScreen ; pp_yoga surface (postnatal filter),paid offering (yoga liveGroup),Core & Pelvic-Floor Rebuild [core] - Meghna Rao - ₹499 / class - 40 min,1,"Real instructor, schedule, and (for recorded) the class video; price sign-off","seeded; booking stubbed; recorded playback = ""Playback coming soon""",both/shared,lib/screens/post_pregnancy/pp_yoga_data.dart
parenting,Yoga & Classes,Explore > Yoga & Classes (YogaHomeScreen) > YogaClassScreen ; pp_yoga surface (postnatal filter),paid offering (yoga liveOneToOne),"Diastasis Recovery 1:1 [core] - Meghna Rao - ₹1,199 / session - 45 min",1,"Real instructor, schedule, and (for recorded) the class video; price sign-off","seeded; booking stubbed; recorded playback = ""Playback coming soon""",both/shared,lib/screens/post_pregnancy/pp_yoga_data.dart
parenting,Yoga & Classes,Explore > Yoga & Classes (YogaHomeScreen) > YogaClassScreen ; pp_yoga surface (postnatal filter),paid offering (yoga recorded),Deep-Core Foundations [core] - Sana Kapoor - Free - 20 min,1,"Real instructor, schedule, and (for recorded) the class video; price sign-off","seeded; booking stubbed; recorded playback = ""Playback coming soon""",both/shared,lib/screens/post_pregnancy/pp_yoga_data.dart
parenting,Yoga & Classes,Explore > Yoga & Classes (YogaHomeScreen) > YogaClassScreen ; pp_yoga surface (postnatal filter),paid offering (yoga recorded),Pelvic-Floor Daily Ten [core] - Meghna Rao - ₹299 - 10 min,1,"Real instructor, schedule, and (for recorded) the class video; price sign-off","seeded; booking stubbed; recorded playback = ""Playback coming soon""",both/shared,lib/screens/post_pregnancy/pp_yoga_data.dart
parenting,Bookings,Explore > My Bookings (MyBookingsScreen) + BookingSheet,tracker/tool,"Booking engine (lib/booking) - entitlements, slots, seat caps",1,Payment provider + live-call provider (both stubbed),"engine real, payment/live-call stubbed",both/shared,lib/screens/post_pregnancy/my_bookings_screen.dart
parenting,Community,Community tab (CommunityScreen) > rooms,community room,0-1 Year,1,Room description is written (bilingual); needs moderation plan and real members,seeded room with fake member counts,both/shared,lib/data/community_data.dart
parenting,Community,Community tab (CommunityScreen) > rooms,community room,Boy Moms,1,Room description is written (bilingual); needs moderation plan and real members,seeded room with fake member counts,both/shared,lib/data/community_data.dart
parenting,Community,Community tab (CommunityScreen) > rooms,community room,Delhi Parents,1,Room description is written (bilingual); needs moderation plan and real members,seeded room with fake member counts,both/shared,lib/data/community_data.dart
parenting,Community,Community tab (CommunityScreen) > rooms,community room,1 Year Olds,1,Room description is written (bilingual); needs moderation plan and real members,seeded room with fake member counts,both/shared,lib/data/community_data.dart
parenting,Community,Community tab (CommunityScreen) > rooms,community room,2 Year Olds,1,Room description is written (bilingual); needs moderation plan and real members,seeded room with fake member counts,both/shared,lib/data/community_data.dart
parenting,Community,Community tab (CommunityScreen) > rooms,community room,3 Year Olds,1,Room description is written (bilingual); needs moderation plan and real members,seeded room with fake member counts,both/shared,lib/data/community_data.dart
parenting,Community,Community tab (CommunityScreen) > rooms,community room,Toddler Life,1,Room description is written (bilingual); needs moderation plan and real members,seeded room with fake member counts,both/shared,lib/data/community_data.dart
parenting,Community,Community tab (CommunityScreen) > rooms,community room,Starting Solids,1,Room description is written (bilingual); needs moderation plan and real members,seeded room with fake member counts,both/shared,lib/data/community_data.dart
parenting,Community,Community tab (CommunityScreen) > rooms,community room,Baby Sleep,1,Room description is written (bilingual); needs moderation plan and real members,seeded room with fake member counts,both/shared,lib/data/community_data.dart
parenting,Community,Community tab (CommunityScreen) > rooms,community room,Milestones & Development,1,Room description is written (bilingual); needs moderation plan and real members,seeded room with fake member counts,both/shared,lib/data/community_data.dart
parenting,Community,Community tab (CommunityScreen) > rooms,community room,Working Parents,1,Room description is written (bilingual); needs moderation plan and real members,seeded room with fake member counts,both/shared,lib/data/community_data.dart
parenting,Community,Community tab (CommunityScreen) > rooms,community room,Potty Training,1,Room description is written (bilingual); needs moderation plan and real members,seeded room with fake member counts,both/shared,lib/data/community_data.dart
parenting,Community,Community tab (CommunityScreen) > rooms,community room,Girl Moms,1,Room description is written (bilingual); needs moderation plan and real members,seeded room with fake member counts,both/shared,lib/data/community_data.dart
parenting,Community,Community tab (CommunityScreen) > rooms,community room,Mumbai Parents,1,Room description is written (bilingual); needs moderation plan and real members,seeded room with fake member counts,both/shared,lib/data/community_data.dart
parenting,Community,"Community tab (CommunityScreen) > ""who verified this"" sheet",expert profile,"12 verifying experts (Dr. Ananya Rao, Dr. Neha Sharma, Dr. Priya Menon IBCLC, Dr. Kavita Reddy, Dr. Riya Kapoor, Dr. Sneha Iyer, Dr. Aarti Desai, Dr. Meera Nair, Dr. Pooja Verma, Dr. Farah Ahmed, Dr. Divya Pillai, Dr. Ritu Agarwal)",12,Real named verifiers or drop the claim,fictional names,both/shared,lib/data/community_data.dart
parenting,Recipes,"Explore > Recipes (RecipesExploreScreen, newest) ; pp_food surface -> RecipesScreen (unified) > RecipePageScreen > Smart meal builder / meal plan / shopping list",tracker/tool,"Meal builder (15 ingredients), 5 meal slots, meal plan, shopping list, saved",1,Nothing beyond recipes,built,both/shared,lib/screens/post_pregnancy/food_builder_screen.dart
parenting,Recipes,RecipesScreen > SickDaysScreen,coming-soon feature,"""More comfort meals coming soon.""",1,More sick-day recipes,empty-state line,both/shared,lib/screens/post_pregnancy/sick_days_screen.dart
parenting,Products,Products tab (ProductsDiscoveryScreen) ; V3 'Buying guides' door > Compare & choose,product/recommendation entry,"Dozy White-Noise Soother (Dozy, Rs 1499)",1,"Confirm SKU, price, affiliate link (Amazon/FirstCry search links today), stock",seeded catalogue; outbound links are generic search URLs,both/shared,lib/screens/post_pregnancy/pp_products_data.dart
parenting,Products,Products tab (ProductsDiscoveryScreen) ; V3 'Buying guides' door > Compare & choose,product/recommendation entry,"Lull Portable Soother (Lull, Rs 999)",1,"Confirm SKU, price, affiliate link (Amazon/FirstCry search links today), stock",seeded catalogue; outbound links are generic search URLs,both/shared,lib/screens/post_pregnancy/pp_products_data.dart
parenting,Products,Products tab (ProductsDiscoveryScreen) ; V3 'Buying guides' door > Compare & choose,product/recommendation entry,"Hush Mini Sound Machine (Hushh, Rs 749)",1,"Confirm SKU, price, affiliate link (Amazon/FirstCry search links today), stock",seeded catalogue; outbound links are generic search URLs,both/shared,lib/screens/post_pregnancy/pp_products_data.dart
parenting,Products,Products tab (ProductsDiscoveryScreen) ; V3 'Buying guides' door > Compare & choose,product/recommendation entry,"CloudTunes Soother (CloudTunes, Rs 599)",1,"Confirm SKU, price, affiliate link (Amazon/FirstCry search links today), stock",seeded catalogue; outbound links are generic search URLs,both/shared,lib/screens/post_pregnancy/pp_products_data.dart
parenting,Products,Products tab (ProductsDiscoveryScreen) ; V3 'Buying guides' door > Compare & choose,product/recommendation entry,"Cosy Cotton Sleepsuit (Dozy, Rs 699)",1,"Confirm SKU, price, affiliate link (Amazon/FirstCry search links today), stock",seeded catalogue; outbound links are generic search URLs,both/shared,lib/screens/post_pregnancy/pp_products_data.dart
parenting,Products,Products tab (ProductsDiscoveryScreen) ; V3 'Buying guides' door > Compare & choose,product/recommendation entry,"Merino Sleep Sack (SnuggleSack, Rs 1499)",1,"Confirm SKU, price, affiliate link (Amazon/FirstCry search links today), stock",seeded catalogue; outbound links are generic search URLs,both/shared,lib/screens/post_pregnancy/pp_products_data.dart
parenting,Products,Products tab (ProductsDiscoveryScreen) ; V3 'Buying guides' door > Compare & choose,product/recommendation entry,"Hush Blackout Curtains (ParentVeda, Rs 1299)",1,"Confirm SKU, price, affiliate link (Amazon/FirstCry search links today), stock",seeded catalogue; outbound links are generic search URLs,both/shared,lib/screens/post_pregnancy/pp_products_data.dart
parenting,Products,Products tab (ProductsDiscoveryScreen) ; V3 'Buying guides' door > Compare & choose,product/recommendation entry,"SnuggleSack Sleep Bag (SnuggleSack, Rs 899)",1,"Confirm SKU, price, affiliate link (Amazon/FirstCry search links today), stock",seeded catalogue; outbound links are generic search URLs,both/shared,lib/screens/post_pregnancy/pp_products_data.dart
parenting,Products,Products tab (ProductsDiscoveryScreen) ; V3 'Buying guides' door > Compare & choose,product/recommendation entry,"Soothe Baby Lotion (ParentVeda, Rs 399)",1,"Confirm SKU, price, affiliate link (Amazon/FirstCry search links today), stock",seeded catalogue; outbound links are generic search URLs,both/shared,lib/screens/post_pregnancy/pp_products_data.dart
parenting,Products,Products tab (ProductsDiscoveryScreen) ; V3 'Buying guides' door > Compare & choose,product/recommendation entry,"Calm Zinc Rash Cream (Sebamed, Rs 299)",1,"Confirm SKU, price, affiliate link (Amazon/FirstCry search links today), stock",seeded catalogue; outbound links are generic search URLs,both/shared,lib/screens/post_pregnancy/pp_products_data.dart
parenting,Products,Products tab (ProductsDiscoveryScreen) ; V3 'Buying guides' door > Compare & choose,product/recommendation entry,"Gentle Top-to-Toe Wash (Mustela, Rs 349)",1,"Confirm SKU, price, affiliate link (Amazon/FirstCry search links today), stock",seeded catalogue; outbound links are generic search URLs,both/shared,lib/screens/post_pregnancy/pp_products_data.dart
parenting,Products,Products tab (ProductsDiscoveryScreen) ; V3 'Buying guides' door > Compare & choose,product/recommendation entry,"Anti-Colic Feeding Bottle (Philips, Rs 599)",1,"Confirm SKU, price, affiliate link (Amazon/FirstCry search links today), stock",seeded catalogue; outbound links are generic search URLs,both/shared,lib/screens/post_pregnancy/pp_products_data.dart
parenting,Products,Products tab (ProductsDiscoveryScreen) ; V3 'Buying guides' door > Compare & choose,product/recommendation entry,"First Spoons Weaning Set (ParentVeda, Rs 399)",1,"Confirm SKU, price, affiliate link (Amazon/FirstCry search links today), stock",seeded catalogue; outbound links are generic search URLs,both/shared,lib/screens/post_pregnancy/pp_products_data.dart
parenting,Products,Products tab (ProductsDiscoveryScreen) ; V3 'Buying guides' door > Compare & choose,product/recommendation entry,"Steam Steriliser (Philips, Rs 2499)",1,"Confirm SKU, price, affiliate link (Amazon/FirstCry search links today), stock",seeded catalogue; outbound links are generic search URLs,both/shared,lib/screens/post_pregnancy/pp_products_data.dart
parenting,Products,Products tab (ProductsDiscoveryScreen) ; V3 'Buying guides' door > Compare & choose,product/recommendation entry,"High-Contrast Play Gym (Skip Hop, Rs 1999)",1,"Confirm SKU, price, affiliate link (Amazon/FirstCry search links today), stock",seeded catalogue; outbound links are generic search URLs,both/shared,lib/screens/post_pregnancy/pp_products_data.dart
parenting,Products,Products tab (ProductsDiscoveryScreen) ; V3 'Buying guides' door > Compare & choose,product/recommendation entry,"Peekaboo Cloth Book (ParentVeda, Rs 399)",1,"Confirm SKU, price, affiliate link (Amazon/FirstCry search links today), stock",seeded catalogue; outbound links are generic search URLs,both/shared,lib/screens/post_pregnancy/pp_products_data.dart
parenting,Products,Products tab (ProductsDiscoveryScreen) ; V3 'Buying guides' door > Compare & choose,product/recommendation entry,"Crinkle Sensory Set (Fisher-Price, Rs 499)",1,"Confirm SKU, price, affiliate link (Amazon/FirstCry search links today), stock",seeded catalogue; outbound links are generic search URLs,both/shared,lib/screens/post_pregnancy/pp_products_data.dart
parenting,Products,Products tab (ProductsDiscoveryScreen) ; V3 'Buying guides' door > Compare & choose,product/recommendation entry,"Forehead Thermometer (Dr Trust, Rs 899)",1,"Confirm SKU, price, affiliate link (Amazon/FirstCry search links today), stock",seeded catalogue; outbound links are generic search URLs,both/shared,lib/screens/post_pregnancy/pp_products_data.dart
parenting,Products,Products tab (ProductsDiscoveryScreen) ; V3 'Buying guides' door > Compare & choose,product/recommendation entry,"Corner Guard Pack (Safe-O-Kid, Rs 299)",1,"Confirm SKU, price, affiliate link (Amazon/FirstCry search links today), stock",seeded catalogue; outbound links are generic search URLs,both/shared,lib/screens/post_pregnancy/pp_products_data.dart
parenting,Products,Products tab (ProductsDiscoveryScreen) ; V3 'Buying guides' door > Compare & choose,product/recommendation entry,"Baby First-Aid Kit (ParentVeda, Rs 799)",1,"Confirm SKU, price, affiliate link (Amazon/FirstCry search links today), stock",seeded catalogue; outbound links are generic search URLs,both/shared,lib/screens/post_pregnancy/pp_products_data.dart
parenting,Products,Products tab (ProductsDiscoveryScreen) ; V3 'Buying guides' door > Compare & choose,product/recommendation entry,"Featherlite Stroller (LuvLap, Rs 8999)",1,"Confirm SKU, price, affiliate link (Amazon/FirstCry search links today), stock",seeded catalogue; outbound links are generic search URLs,both/shared,lib/screens/post_pregnancy/pp_products_data.dart
parenting,Products,Products tab (ProductsDiscoveryScreen) ; V3 'Buying guides' door > Compare & choose,product/recommendation entry,"Ergo Baby Carrier (Ergobaby, Rs 3999)",1,"Confirm SKU, price, affiliate link (Amazon/FirstCry search links today), stock",seeded catalogue; outbound links are generic search URLs,both/shared,lib/screens/post_pregnancy/pp_products_data.dart
parenting,Products,Products tab (ProductsDiscoveryScreen) ; V3 'Buying guides' door > Compare & choose,product/recommendation entry,"Infant Car Seat (Chicco, Rs 6999)",1,"Confirm SKU, price, affiliate link (Amazon/FirstCry search links today), stock",seeded catalogue; outbound links are generic search URLs,both/shared,lib/screens/post_pregnancy/pp_products_data.dart
parenting,Products,Products tab (ProductsDiscoveryScreen) ; V3 'Buying guides' door > Compare & choose,brand/sponsor,"Brands named in catalogue: Dozy, Lull, Hushh, CloudTunes, SnuggleSack, Sebamed, Mustela, Philips, Skip Hop, Fisher-Price, Dr Trust, Safe-O-Kid, LuvLap, Ergobaby, Chicco, ParentVeda (own)",16,Brand permissions / affiliate agreements; Brand Studio sponsorship decisions live in lib/brand,placeholder catalogue,both/shared,lib/screens/post_pregnancy/pp_products_data.dart
parenting,Products,Products tab (ProductsDiscoveryScreen) ; V3 'Buying guides' door > Compare & choose,external link,"Amazon.in and FirstCry search URLs per product (https://www.amazon.in/s?k=..., https://www.firstcry.com/search?q=...)",2,Real affiliate product URLs,generic search links,both/shared,lib/screens/post_pregnancy/pp_products_data.dart
parenting,Deals,Explore > Recommendations (RecoExploreScreen) > deals rail ; My Child home deals (old home),deal,High-Contrast Newborn Book Set [Books],1,"Real retailer deal (Amazon 10 / FirstCry 7 / Hopscotch 4 / Flipkart 2), price pair, affiliate link, image",fabricated old/deal prices; PpDealCard 208 wide thumb drawn,both/shared,lib/screens/post_pregnancy/pp_deals_data.dart
parenting,Deals,Explore > Recommendations (RecoExploreScreen) > deals rail ; My Child home deals (old home),deal,Indian Folktales Board Book Box [Books],1,"Real retailer deal (Amazon 10 / FirstCry 7 / Hopscotch 4 / Flipkart 2), price pair, affiliate link, image",fabricated old/deal prices; PpDealCard 208 wide thumb drawn,both/shared,lib/screens/post_pregnancy/pp_deals_data.dart
parenting,Deals,Explore > Recommendations (RecoExploreScreen) > deals rail ; My Child home deals (old home),deal,Cloth Crinkle Book (2-pack) [Books],1,"Real retailer deal (Amazon 10 / FirstCry 7 / Hopscotch 4 / Flipkart 2), price pair, affiliate link, image",fabricated old/deal prices; PpDealCard 208 wide thumb drawn,both/shared,lib/screens/post_pregnancy/pp_deals_data.dart
parenting,Deals,Explore > Recommendations (RecoExploreScreen) > deals rail ; My Child home deals (old home),deal,Wooden Stacking Rings [Toys],1,"Real retailer deal (Amazon 10 / FirstCry 7 / Hopscotch 4 / Flipkart 2), price pair, affiliate link, image",fabricated old/deal prices; PpDealCard 208 wide thumb drawn,both/shared,lib/screens/post_pregnancy/pp_deals_data.dart
parenting,Deals,Explore > Recommendations (RecoExploreScreen) > deals rail ; My Child home deals (old home),deal,Silicone Fruit Teether Set [Toys],1,"Real retailer deal (Amazon 10 / FirstCry 7 / Hopscotch 4 / Flipkart 2), price pair, affiliate link, image",fabricated old/deal prices; PpDealCard 208 wide thumb drawn,both/shared,lib/screens/post_pregnancy/pp_deals_data.dart
parenting,Deals,Explore > Recommendations (RecoExploreScreen) > deals rail ; My Child home deals (old home),deal,Soft Sensory Ball Pack [Toys],1,"Real retailer deal (Amazon 10 / FirstCry 7 / Hopscotch 4 / Flipkart 2), price pair, affiliate link, image",fabricated old/deal prices; PpDealCard 208 wide thumb drawn,both/shared,lib/screens/post_pregnancy/pp_deals_data.dart
parenting,Deals,Explore > Recommendations (RecoExploreScreen) > deals rail ; My Child home deals (old home),deal,Dozy White-Noise Soother [Products],1,"Real retailer deal (Amazon 10 / FirstCry 7 / Hopscotch 4 / Flipkart 2), price pair, affiliate link, image",fabricated old/deal prices; PpDealCard 208 wide thumb drawn,both/shared,lib/screens/post_pregnancy/pp_deals_data.dart
parenting,Deals,Explore > Recommendations (RecoExploreScreen) > deals rail ; My Child home deals (old home),deal,Ergonomic Baby Carrier [Products],1,"Real retailer deal (Amazon 10 / FirstCry 7 / Hopscotch 4 / Flipkart 2), price pair, affiliate link, image",fabricated old/deal prices; PpDealCard 208 wide thumb drawn,both/shared,lib/screens/post_pregnancy/pp_deals_data.dart
parenting,Deals,Explore > Recommendations (RecoExploreScreen) > deals rail ; My Child home deals (old home),deal,Breathable Muslin Swaddles (3) [Products],1,"Real retailer deal (Amazon 10 / FirstCry 7 / Hopscotch 4 / Flipkart 2), price pair, affiliate link, image",fabricated old/deal prices; PpDealCard 208 wide thumb drawn,both/shared,lib/screens/post_pregnancy/pp_deals_data.dart
parenting,Deals,Explore > Recommendations (RecoExploreScreen) > deals rail ; My Child home deals (old home),deal,Gentle Lullaby Sound Player [Music],1,"Real retailer deal (Amazon 10 / FirstCry 7 / Hopscotch 4 / Flipkart 2), price pair, affiliate link, image",fabricated old/deal prices; PpDealCard 208 wide thumb drawn,both/shared,lib/screens/post_pregnancy/pp_deals_data.dart
parenting,Deals,Explore > Recommendations (RecoExploreScreen) > deals rail ; My Child home deals (old home),deal,Nursery Rhymes Song Book + Speaker [Music],1,"Real retailer deal (Amazon 10 / FirstCry 7 / Hopscotch 4 / Flipkart 2), price pair, affiliate link, image",fabricated old/deal prices; PpDealCard 208 wide thumb drawn,both/shared,lib/screens/post_pregnancy/pp_deals_data.dart
parenting,Deals,Explore > Recommendations (RecoExploreScreen) > deals rail ; My Child home deals (old home),deal,Compact Travel Diaper Bag [Travel],1,"Real retailer deal (Amazon 10 / FirstCry 7 / Hopscotch 4 / Flipkart 2), price pair, affiliate link, image",fabricated old/deal prices; PpDealCard 208 wide thumb drawn,both/shared,lib/screens/post_pregnancy/pp_deals_data.dart
parenting,Deals,Explore > Recommendations (RecoExploreScreen) > deals rail ; My Child home deals (old home),deal,Stroller Organiser Caddy [Travel],1,"Real retailer deal (Amazon 10 / FirstCry 7 / Hopscotch 4 / Flipkart 2), price pair, affiliate link, image",fabricated old/deal prices; PpDealCard 208 wide thumb drawn,both/shared,lib/screens/post_pregnancy/pp_deals_data.dart
parenting,Deals,Explore > Recommendations (RecoExploreScreen) > deals rail ; My Child home deals (old home),deal,Pastel First-Birthday Decor Kit [Birthday Ideas],1,"Real retailer deal (Amazon 10 / FirstCry 7 / Hopscotch 4 / Flipkart 2), price pair, affiliate link, image",fabricated old/deal prices; PpDealCard 208 wide thumb drawn,both/shared,lib/screens/post_pregnancy/pp_deals_data.dart
parenting,Deals,Explore > Recommendations (RecoExploreScreen) > deals rail ; My Child home deals (old home),deal,Wooden Keepsake Handprint Frame [Birthday Ideas],1,"Real retailer deal (Amazon 10 / FirstCry 7 / Hopscotch 4 / Flipkart 2), price pair, affiliate link, image",fabricated old/deal prices; PpDealCard 208 wide thumb drawn,both/shared,lib/screens/post_pregnancy/pp_deals_data.dart
parenting,Deals,Explore > Recommendations (RecoExploreScreen) > deals rail ; My Child home deals (old home),deal,First-Words Flashcards (Bilingual) [Learning],1,"Real retailer deal (Amazon 10 / FirstCry 7 / Hopscotch 4 / Flipkart 2), price pair, affiliate link, image",fabricated old/deal prices; PpDealCard 208 wide thumb drawn,both/shared,lib/screens/post_pregnancy/pp_deals_data.dart
parenting,Deals,Explore > Recommendations (RecoExploreScreen) > deals rail ; My Child home deals (old home),deal,Cloth Alphabet Play Mat [Learning],1,"Real retailer deal (Amazon 10 / FirstCry 7 / Hopscotch 4 / Flipkart 2), price pair, affiliate link, image",fabricated old/deal prices; PpDealCard 208 wide thumb drawn,both/shared,lib/screens/post_pregnancy/pp_deals_data.dart
parenting,Deals,Explore > Recommendations (RecoExploreScreen) > deals rail ; My Child home deals (old home),deal,Ultra-Soft Diapers (Monthly Pack) [General],1,"Real retailer deal (Amazon 10 / FirstCry 7 / Hopscotch 4 / Flipkart 2), price pair, affiliate link, image",fabricated old/deal prices; PpDealCard 208 wide thumb drawn,both/shared,lib/screens/post_pregnancy/pp_deals_data.dart
parenting,Deals,Explore > Recommendations (RecoExploreScreen) > deals rail ; My Child home deals (old home),deal,Water Wipes (12-pack) [General],1,"Real retailer deal (Amazon 10 / FirstCry 7 / Hopscotch 4 / Flipkart 2), price pair, affiliate link, image",fabricated old/deal prices; PpDealCard 208 wide thumb drawn,both/shared,lib/screens/post_pregnancy/pp_deals_data.dart
parenting,Deals,Explore > Recommendations (RecoExploreScreen) > deals rail ; My Child home deals (old home),deal,Organic Baby Lotion [General],1,"Real retailer deal (Amazon 10 / FirstCry 7 / Hopscotch 4 / Flipkart 2), price pair, affiliate link, image",fabricated old/deal prices; PpDealCard 208 wide thumb drawn,both/shared,lib/screens/post_pregnancy/pp_deals_data.dart
parenting,Deals,Explore > Recommendations (RecoExploreScreen) > deals rail ; My Child home deals (old home),deal,Muslin Cloth Bundle (5) [General],1,"Real retailer deal (Amazon 10 / FirstCry 7 / Hopscotch 4 / Flipkart 2), price pair, affiliate link, image",fabricated old/deal prices; PpDealCard 208 wide thumb drawn,both/shared,lib/screens/post_pregnancy/pp_deals_data.dart
parenting,Deals,Explore > Recommendations (RecoExploreScreen) > deals rail ; My Child home deals (old home),deal,Silicone Bib & Bowl Set [General],1,"Real retailer deal (Amazon 10 / FirstCry 7 / Hopscotch 4 / Flipkart 2), price pair, affiliate link, image",fabricated old/deal prices; PpDealCard 208 wide thumb drawn,both/shared,lib/screens/post_pregnancy/pp_deals_data.dart
parenting,Deals,Explore > Recommendations (RecoExploreScreen) > deals rail ; My Child home deals (old home),deal,Soft Night Lamp [General],1,"Real retailer deal (Amazon 10 / FirstCry 7 / Hopscotch 4 / Flipkart 2), price pair, affiliate link, image",fabricated old/deal prices; PpDealCard 208 wide thumb drawn,both/shared,lib/screens/post_pregnancy/pp_deals_data.dart
parenting,Recommendations,"Explore > Recommendations (RecoExploreScreen, new) > category / collection > RecoDetailScreen ; RecommendationsScreen (old) still reachable from My Child > Books",product/recommendation entry,"Black, White & Red Baby Book [Books]",1,Verify the real item/venue/app exists; price; link,seeded,both/shared,lib/screens/post_pregnancy/pp_reco_data.dart
parenting,Recommendations,"Explore > Recommendations (RecoExploreScreen, new) > category / collection > RecoDetailScreen ; RecommendationsScreen (old) still reachable from My Child > Books",product/recommendation entry,Cloth Crinkle Book [Books],1,Verify the real item/venue/app exists; price; link,seeded,both/shared,lib/screens/post_pregnancy/pp_reco_data.dart
parenting,Recommendations,"Explore > Recommendations (RecoExploreScreen, new) > category / collection > RecoDetailScreen ; RecommendationsScreen (old) still reachable from My Child > Books",product/recommendation entry,Peekaboo Baby - Indian Faces [Books],1,Verify the real item/venue/app exists; price; link,seeded,both/shared,lib/screens/post_pregnancy/pp_reco_data.dart
parenting,Recommendations,"Explore > Recommendations (RecoExploreScreen, new) > category / collection > RecoDetailScreen ; RecommendationsScreen (old) still reachable from My Child > Books",product/recommendation entry,How Are You Feeling Today? [Books],1,Verify the real item/venue/app exists; price; link,seeded,both/shared,lib/screens/post_pregnancy/pp_reco_data.dart
parenting,Recommendations,"Explore > Recommendations (RecoExploreScreen, new) > category / collection > RecoDetailScreen ; RecommendationsScreen (old) still reachable from My Child > Books",product/recommendation entry,First Words: Animals [Books],1,Verify the real item/venue/app exists; price; link,seeded,both/shared,lib/screens/post_pregnancy/pp_reco_data.dart
parenting,Recommendations,"Explore > Recommendations (RecoExploreScreen, new) > category / collection > RecoDetailScreen ; RecommendationsScreen (old) still reachable from My Child > Books",product/recommendation entry,"Goodnight, Little Moon [Books]",1,Verify the real item/venue/app exists; price; link,seeded,both/shared,lib/screens/post_pregnancy/pp_reco_data.dart
parenting,Recommendations,"Explore > Recommendations (RecoExploreScreen, new) > category / collection > RecoDetailScreen ; RecommendationsScreen (old) still reachable from My Child > Activities",product/recommendation entry,"Peekaboo, slow and silly [Activities]",1,Verify the real item/venue/app exists; price; link,seeded,both/shared,lib/screens/post_pregnancy/pp_reco_data.dart
parenting,Recommendations,"Explore > Recommendations (RecoExploreScreen, new) > category / collection > RecoDetailScreen ; RecommendationsScreen (old) still reachable from My Child > Activities",product/recommendation entry,Tummy-time mirror play [Activities],1,Verify the real item/venue/app exists; price; link,seeded,both/shared,lib/screens/post_pregnancy/pp_reco_data.dart
parenting,Recommendations,"Explore > Recommendations (RecoExploreScreen, new) > category / collection > RecoDetailScreen ; RecommendationsScreen (old) still reachable from My Child > Activities",product/recommendation entry,A little texture basket [Activities],1,Verify the real item/venue/app exists; price; link,seeded,both/shared,lib/screens/post_pregnancy/pp_reco_data.dart
parenting,Recommendations,"Explore > Recommendations (RecoExploreScreen, new) > category / collection > RecoDetailScreen ; RecommendationsScreen (old) still reachable from My Child > Activities",product/recommendation entry,Roll the ball back and forth [Activities],1,Verify the real item/venue/app exists; price; link,seeded,both/shared,lib/screens/post_pregnancy/pp_reco_data.dart
parenting,Recommendations,"Explore > Recommendations (RecoExploreScreen, new) > category / collection > RecoDetailScreen ; RecommendationsScreen (old) still reachable from My Child > Activities",product/recommendation entry,Edible finger painting [Activities],1,Verify the real item/venue/app exists; price; link,seeded,both/shared,lib/screens/post_pregnancy/pp_reco_data.dart
parenting,Recommendations,"Explore > Recommendations (RecoExploreScreen, new) > category / collection > RecoDetailScreen ; RecommendationsScreen (old) still reachable from My Child > Toys",product/recommendation entry,Wooden grasping ring [Toys],1,Verify the real item/venue/app exists; price; link,seeded,both/shared,lib/screens/post_pregnancy/pp_reco_data.dart
parenting,Recommendations,"Explore > Recommendations (RecoExploreScreen, new) > category / collection > RecoDetailScreen ; RecommendationsScreen (old) still reachable from My Child > Toys",product/recommendation entry,Open-ended stacking cups [Toys],1,Verify the real item/venue/app exists; price; link,seeded,both/shared,lib/screens/post_pregnancy/pp_reco_data.dart
parenting,Recommendations,"Explore > Recommendations (RecoExploreScreen, new) > category / collection > RecoDetailScreen ; RecommendationsScreen (old) still reachable from My Child > Toys",product/recommendation entry,High-contrast soft rattle [Toys],1,Verify the real item/venue/app exists; price; link,seeded,both/shared,lib/screens/post_pregnancy/pp_reco_data.dart
parenting,Recommendations,"Explore > Recommendations (RecoExploreScreen, new) > category / collection > RecoDetailScreen ; RecommendationsScreen (old) still reachable from My Child > Toys",product/recommendation entry,Silicone fruit teether [Toys],1,Verify the real item/venue/app exists; price; link,seeded,both/shared,lib/screens/post_pregnancy/pp_reco_data.dart
parenting,Recommendations,"Explore > Recommendations (RecoExploreScreen, new) > category / collection > RecoDetailScreen ; RecommendationsScreen (old) still reachable from My Child > Toys",product/recommendation entry,Wooden shape sorter [Toys],1,Verify the real item/venue/app exists; price; link,seeded,both/shared,lib/screens/post_pregnancy/pp_reco_data.dart
parenting,Recommendations,"Explore > Recommendations (RecoExploreScreen, new) > category / collection > RecoDetailScreen ; RecommendationsScreen (old) still reachable from My Child > Videos",product/recommendation entry,Cause and effect: what the fussiness means [Videos],1,Verify the real item/venue/app exists; price; link,seeded,both/shared,lib/screens/post_pregnancy/pp_reco_data.dart
parenting,Recommendations,"Explore > Recommendations (RecoExploreScreen, new) > category / collection > RecoDetailScreen ; RecommendationsScreen (old) still reachable from My Child > Videos",product/recommendation entry,"The 4-month sleep shift, explained [Videos]",1,Verify the real item/venue/app exists; price; link,seeded,both/shared,lib/screens/post_pregnancy/pp_reco_data.dart
parenting,Recommendations,"Explore > Recommendations (RecoExploreScreen, new) > category / collection > RecoDetailScreen ; RecommendationsScreen (old) still reachable from My Child > Videos",product/recommendation entry,How to: a calming baby massage [Videos],1,Verify the real item/venue/app exists; price; link,seeded,both/shared,lib/screens/post_pregnancy/pp_reco_data.dart
parenting,Recommendations,"Explore > Recommendations (RecoExploreScreen, new) > category / collection > RecoDetailScreen ; RecommendationsScreen (old) still reachable from My Child > Videos",product/recommendation entry,How-to: your first baby signs [Videos],1,Verify the real item/venue/app exists; price; link,seeded,both/shared,lib/screens/post_pregnancy/pp_reco_data.dart
parenting,Recommendations,"Explore > Recommendations (RecoExploreScreen, new) > category / collection > RecoDetailScreen ; RecommendationsScreen (old) still reachable from My Child > Videos",product/recommendation entry,Sing-along rhyme series [Videos],1,Verify the real item/venue/app exists; price; link,seeded,both/shared,lib/screens/post_pregnancy/pp_reco_data.dart
parenting,Recommendations,"Explore > Recommendations (RecoExploreScreen, new) > category / collection > RecoDetailScreen ; RecommendationsScreen (old) still reachable from My Child > Music",product/recommendation entry,Gentle Indian lullabies [Music],1,Verify the real item/venue/app exists; price; link,seeded,both/shared,lib/screens/post_pregnancy/pp_reco_data.dart
parenting,Recommendations,"Explore > Recommendations (RecoExploreScreen, new) > category / collection > RecoDetailScreen ; RecommendationsScreen (old) still reachable from My Child > Music",product/recommendation entry,Action rhymes & finger play [Music],1,Verify the real item/venue/app exists; price; link,seeded,both/shared,lib/screens/post_pregnancy/pp_reco_data.dart
parenting,Recommendations,"Explore > Recommendations (RecoExploreScreen, new) > category / collection > RecoDetailScreen ; RecommendationsScreen (old) still reachable from My Child > Music",product/recommendation entry,Soft Indian classical for calm [Music],1,Verify the real item/venue/app exists; price; link,seeded,both/shared,lib/screens/post_pregnancy/pp_reco_data.dart
parenting,Recommendations,"Explore > Recommendations (RecoExploreScreen, new) > category / collection > RecoDetailScreen ; RecommendationsScreen (old) still reachable from My Child > Music",product/recommendation entry,Classic English nursery rhymes [Music],1,Verify the real item/venue/app exists; price; link,seeded,both/shared,lib/screens/post_pregnancy/pp_reco_data.dart
parenting,Recommendations,"Explore > Recommendations (RecoExploreScreen, new) > category / collection > RecoDetailScreen ; RecommendationsScreen (old) still reachable from My Child > Music",product/recommendation entry,Lullabies in your mother tongue [Music],1,Verify the real item/venue/app exists; price; link,seeded,both/shared,lib/screens/post_pregnancy/pp_reco_data.dart
parenting,Recommendations,"Explore > Recommendations (RecoExploreScreen, new) > category / collection > RecoDetailScreen ; RecommendationsScreen (old) still reachable from My Child > Outdoor",product/recommendation entry,A slow morning stroller walk [Outdoor],1,Verify the real item/venue/app exists; price; link,seeded,both/shared,lib/screens/post_pregnancy/pp_reco_data.dart
parenting,Recommendations,"Explore > Recommendations (RecoExploreScreen, new) > category / collection > RecoDetailScreen ; RecommendationsScreen (old) still reachable from My Child > Outdoor",product/recommendation entry,Under-the-tree blanket time [Outdoor],1,Verify the real item/venue/app exists; price; link,seeded,both/shared,lib/screens/post_pregnancy/pp_reco_data.dart
parenting,Recommendations,"Explore > Recommendations (RecoExploreScreen, new) > category / collection > RecoDetailScreen ; RecommendationsScreen (old) still reachable from My Child > Outdoor",product/recommendation entry,A patch of garden to explore [Outdoor],1,Verify the real item/venue/app exists; price; link,seeded,both/shared,lib/screens/post_pregnancy/pp_reco_data.dart
parenting,Recommendations,"Explore > Recommendations (RecoExploreScreen, new) > category / collection > RecoDetailScreen ; RecommendationsScreen (old) still reachable from My Child > Outdoor",product/recommendation entry,Gentle water play outdoors [Outdoor],1,Verify the real item/venue/app exists; price; link,seeded,both/shared,lib/screens/post_pregnancy/pp_reco_data.dart
parenting,Recommendations,"Explore > Recommendations (RecoExploreScreen, new) > category / collection > RecoDetailScreen ; RecommendationsScreen (old) still reachable from My Child > Outdoor",product/recommendation entry,Evening sky-watching [Outdoor],1,Verify the real item/venue/app exists; price; link,seeded,both/shared,lib/screens/post_pregnancy/pp_reco_data.dart
parenting,Recommendations,"Explore > Recommendations (RecoExploreScreen, new) > category / collection > RecoDetailScreen ; RecommendationsScreen (old) still reachable from My Child > Experiences",product/recommendation entry,Baby sensory class [Experiences],1,Verify the real item/venue/app exists; price; link,seeded,both/shared,lib/screens/post_pregnancy/pp_reco_data.dart
parenting,Recommendations,"Explore > Recommendations (RecoExploreScreen, new) > category / collection > RecoDetailScreen ; RecommendationsScreen (old) still reachable from My Child > Experiences",product/recommendation entry,Parent-and-baby water time [Experiences],1,Verify the real item/venue/app exists; price; link,seeded,both/shared,lib/screens/post_pregnancy/pp_reco_data.dart
parenting,Recommendations,"Explore > Recommendations (RecoExploreScreen, new) > category / collection > RecoDetailScreen ; RecommendationsScreen (old) still reachable from My Child > Experiences",product/recommendation entry,Parent-and-baby music circle [Experiences],1,Verify the real item/venue/app exists; price; link,seeded,both/shared,lib/screens/post_pregnancy/pp_reco_data.dart
parenting,Recommendations,"Explore > Recommendations (RecoExploreScreen, new) > category / collection > RecoDetailScreen ; RecommendationsScreen (old) still reachable from My Child > Experiences",product/recommendation entry,A messy art playdate [Experiences],1,Verify the real item/venue/app exists; price; link,seeded,both/shared,lib/screens/post_pregnancy/pp_reco_data.dart
parenting,Recommendations,"Explore > Recommendations (RecoExploreScreen, new) > category / collection > RecoDetailScreen ; RecommendationsScreen (old) still reachable from My Child > Experiences",product/recommendation entry,A visit to a petting farm [Experiences],1,Verify the real item/venue/app exists; price; link,seeded,both/shared,lib/screens/post_pregnancy/pp_reco_data.dart
parenting,Recommendations,"Explore > Recommendations (RecoExploreScreen, new) > category / collection > RecoDetailScreen ; RecommendationsScreen (old) still reachable from My Child > Products",product/recommendation entry,Dozy white-noise soother [Products],1,Verify the real item/venue/app exists; price; link,seeded,both/shared,lib/screens/post_pregnancy/pp_reco_data.dart
parenting,Recommendations,"Explore > Recommendations (RecoExploreScreen, new) > category / collection > RecoDetailScreen ; RecommendationsScreen (old) still reachable from My Child > Products",product/recommendation entry,Ergonomic soft carrier [Products],1,Verify the real item/venue/app exists; price; link,seeded,both/shared,lib/screens/post_pregnancy/pp_reco_data.dart
parenting,Recommendations,"Explore > Recommendations (RecoExploreScreen, new) > category / collection > RecoDetailScreen ; RecommendationsScreen (old) still reachable from My Child > Products",product/recommendation entry,A simple video baby monitor [Products],1,Verify the real item/venue/app exists; price; link,seeded,both/shared,lib/screens/post_pregnancy/pp_reco_data.dart
parenting,Recommendations,"Explore > Recommendations (RecoExploreScreen, new) > category / collection > RecoDetailScreen ; RecommendationsScreen (old) still reachable from My Child > Products",product/recommendation entry,Breathable muslin swaddles [Products],1,Verify the real item/venue/app exists; price; link,seeded,both/shared,lib/screens/post_pregnancy/pp_reco_data.dart
parenting,Recommendations,"Explore > Recommendations (RecoExploreScreen, new) > category / collection > RecoDetailScreen ; RecommendationsScreen (old) still reachable from My Child > Products",product/recommendation entry,Silicone bib & bowl set [Products],1,Verify the real item/venue/app exists; price; link,seeded,both/shared,lib/screens/post_pregnancy/pp_reco_data.dart
parenting,Recommendations,"Explore > Recommendations (RecoExploreScreen, new) > category / collection > RecoDetailScreen ; RecommendationsScreen (old) still reachable from My Child > Parent Picks",product/recommendation entry,The CDC Milestone Tracker (app) [Parent Picks],1,Verify the real item/venue/app exists; price; link,seeded,both/shared,lib/screens/post_pregnancy/pp_reco_data.dart
parenting,Recommendations,"Explore > Recommendations (RecoExploreScreen, new) > category / collection > RecoDetailScreen ; RecommendationsScreen (old) still reachable from My Child > Parent Picks",product/recommendation entry,"Five minutes for you, too [Parent Picks]",1,Verify the real item/venue/app exists; price; link,seeded,both/shared,lib/screens/post_pregnancy/pp_reco_data.dart
parenting,Recommendations,"Explore > Recommendations (RecoExploreScreen, new) > category / collection > RecoDetailScreen ; RecommendationsScreen (old) still reachable from My Child > Parent Picks",product/recommendation entry,A calm parenting podcast [Parent Picks],1,Verify the real item/venue/app exists; price; link,seeded,both/shared,lib/screens/post_pregnancy/pp_reco_data.dart
parenting,Recommendations,"Explore > Recommendations (RecoExploreScreen, new) > category / collection > RecoDetailScreen ; RecommendationsScreen (old) still reachable from My Child > Parent Picks",product/recommendation entry,A simple sleep-log habit [Parent Picks],1,Verify the real item/venue/app exists; price; link,seeded,both/shared,lib/screens/post_pregnancy/pp_reco_data.dart
parenting,Recommendations,"Explore > Recommendations (RecoExploreScreen, new) > category / collection > RecoDetailScreen ; RecommendationsScreen (old) still reachable from My Child > Parent Picks",product/recommendation entry,"First foods, without the fear (book) [Parent Picks]",1,Verify the real item/venue/app exists; price; link,seeded,both/shared,lib/screens/post_pregnancy/pp_reco_data.dart
parenting,Recommendations,"Explore > Recommendations (RecoExploreScreen, new) > category / collection > RecoDetailScreen ; RecommendationsScreen (old) still reachable from My Child > Events",product/recommendation entry,Library baby story-time [Events],1,Verify the real item/venue/app exists; price; link,seeded,both/shared,lib/screens/post_pregnancy/pp_reco_data.dart
parenting,Recommendations,"Explore > Recommendations (RecoExploreScreen, new) > category / collection > RecoDetailScreen ; RecommendationsScreen (old) still reachable from My Child > Events",product/recommendation entry,"His first festival, gently [Events]",1,Verify the real item/venue/app exists; price; link,seeded,both/shared,lib/screens/post_pregnancy/pp_reco_data.dart
parenting,Recommendations,"Explore > Recommendations (RecoExploreScreen, new) > category / collection > RecoDetailScreen ; RecommendationsScreen (old) still reachable from My Child > Events",product/recommendation entry,A neighbourhood playgroup [Events],1,Verify the real item/venue/app exists; price; link,seeded,both/shared,lib/screens/post_pregnancy/pp_reco_data.dart
parenting,Recommendations,"Explore > Recommendations (RecoExploreScreen, new) > category / collection > RecoDetailScreen ; RecommendationsScreen (old) still reachable from My Child > Events",product/recommendation entry,A baby-massage workshop [Events],1,Verify the real item/venue/app exists; price; link,seeded,both/shared,lib/screens/post_pregnancy/pp_reco_data.dart
parenting,Recommendations,"Explore > Recommendations (RecoExploreScreen, new) > category / collection > RecoDetailScreen ; RecommendationsScreen (old) still reachable from My Child > Events",product/recommendation entry,A quiet museum morning [Events],1,Verify the real item/venue/app exists; price; link,seeded,both/shared,lib/screens/post_pregnancy/pp_reco_data.dart
parenting,Recommendations,"Explore > Recommendations (RecoExploreScreen, new) > category / collection > RecoDetailScreen ; RecommendationsScreen (old) still reachable from My Child > Travel",product/recommendation entry,The 4-month travel kit [Travel],1,Verify the real item/venue/app exists; price; link,seeded,both/shared,lib/screens/post_pregnancy/pp_reco_data.dart
parenting,Recommendations,"Explore > Recommendations (RecoExploreScreen, new) > category / collection > RecoDetailScreen ; RecommendationsScreen (old) still reachable from My Child > Travel",product/recommendation entry,A slow hill-station break [Travel],1,Verify the real item/venue/app exists; price; link,seeded,both/shared,lib/screens/post_pregnancy/pp_reco_data.dart
parenting,Recommendations,"Explore > Recommendations (RecoExploreScreen, new) > category / collection > RecoDetailScreen ; RecommendationsScreen (old) still reachable from My Child > Travel",product/recommendation entry,A calm beach stay [Travel],1,Verify the real item/venue/app exists; price; link,seeded,both/shared,lib/screens/post_pregnancy/pp_reco_data.dart
parenting,Recommendations,"Explore > Recommendations (RecoExploreScreen, new) > category / collection > RecoDetailScreen ; RecommendationsScreen (old) still reachable from My Child > Travel",product/recommendation entry,The road-trip car kit [Travel],1,Verify the real item/venue/app exists; price; link,seeded,both/shared,lib/screens/post_pregnancy/pp_reco_data.dart
parenting,Recommendations,"Explore > Recommendations (RecoExploreScreen, new) > category / collection > RecoDetailScreen ; RecommendationsScreen (old) still reachable from My Child > Travel",product/recommendation entry,A trip to the grandparents [Travel],1,Verify the real item/venue/app exists; price; link,seeded,both/shared,lib/screens/post_pregnancy/pp_reco_data.dart
parenting,Recommendations,"Explore > Recommendations (RecoExploreScreen, new) > category / collection > RecoDetailScreen ; RecommendationsScreen (old) still reachable from My Child > Restaurants",product/recommendation entry,Baby-friendly cafe outings [Restaurants],1,Verify the real item/venue/app exists; price; link,seeded,both/shared,lib/screens/post_pregnancy/pp_reco_data.dart
parenting,Recommendations,"Explore > Recommendations (RecoExploreScreen, new) > category / collection > RecoDetailScreen ; RecommendationsScreen (old) still reachable from My Child > Restaurants",product/recommendation entry,A relaxed family restaurant [Restaurants],1,Verify the real item/venue/app exists; price; link,seeded,both/shared,lib/screens/post_pregnancy/pp_reco_data.dart
parenting,Recommendations,"Explore > Recommendations (RecoExploreScreen, new) > category / collection > RecoDetailScreen ; RecommendationsScreen (old) still reachable from My Child > Restaurants",product/recommendation entry,An open-air garden eatery [Restaurants],1,Verify the real item/venue/app exists; price; link,seeded,both/shared,lib/screens/post_pregnancy/pp_reco_data.dart
parenting,Recommendations,"Explore > Recommendations (RecoExploreScreen, new) > category / collection > RecoDetailScreen ; RecommendationsScreen (old) still reachable from My Child > Restaurants",product/recommendation entry,A quiet weekday brunch spot [Restaurants],1,Verify the real item/venue/app exists; price; link,seeded,both/shared,lib/screens/post_pregnancy/pp_reco_data.dart
parenting,Recommendations,"Explore > Recommendations (RecoExploreScreen, new) > category / collection > RecoDetailScreen ; RecommendationsScreen (old) still reachable from My Child > Birthday Ideas",product/recommendation entry,A gentle first birthday [Birthday Ideas],1,Verify the real item/venue/app exists; price; link,seeded,both/shared,lib/screens/post_pregnancy/pp_reco_data.dart
parenting,Recommendations,"Explore > Recommendations (RecoExploreScreen, new) > category / collection > RecoDetailScreen ; RecommendationsScreen (old) still reachable from My Child > Birthday Ideas",product/recommendation entry,A first-year keepsake [Birthday Ideas],1,Verify the real item/venue/app exists; price; link,seeded,both/shared,lib/screens/post_pregnancy/pp_reco_data.dart
parenting,Recommendations,"Explore > Recommendations (RecoExploreScreen, new) > category / collection > RecoDetailScreen ; RecommendationsScreen (old) still reachable from My Child > Birthday Ideas",product/recommendation entry,Gentle DIY decor [Birthday Ideas],1,Verify the real item/venue/app exists; price; link,seeded,both/shared,lib/screens/post_pregnancy/pp_reco_data.dart
parenting,Recommendations,"Explore > Recommendations (RecoExploreScreen, new) > category / collection > RecoDetailScreen ; RecommendationsScreen (old) still reachable from My Child > Birthday Ideas",product/recommendation entry,A mindful smash cake [Birthday Ideas],1,Verify the real item/venue/app exists; price; link,seeded,both/shared,lib/screens/post_pregnancy/pp_reco_data.dart
parenting,Recommendations,"Explore > Recommendations (RecoExploreScreen, new) > category / collection > RecoDetailScreen ; RecommendationsScreen (old) still reachable from My Child > Birthday Ideas",product/recommendation entry,Meaningful return gifts [Birthday Ideas],1,Verify the real item/venue/app exists; price; link,seeded,both/shared,lib/screens/post_pregnancy/pp_reco_data.dart
parenting,Recommendations,"Explore > Recommendations (RecoExploreScreen, new) > category / collection > RecoDetailScreen ; RecommendationsScreen (old) still reachable from My Child > Learning",product/recommendation entry,Narrate-your-day habit [Learning],1,Verify the real item/venue/app exists; price; link,seeded,both/shared,lib/screens/post_pregnancy/pp_reco_data.dart
parenting,Recommendations,"Explore > Recommendations (RecoExploreScreen, new) > category / collection > RecoDetailScreen ; RecommendationsScreen (old) still reachable from My Child > Learning",product/recommendation entry,A few first baby signs [Learning],1,Verify the real item/venue/app exists; price; link,seeded,both/shared,lib/screens/post_pregnancy/pp_reco_data.dart
parenting,Recommendations,"Explore > Recommendations (RecoExploreScreen, new) > category / collection > RecoDetailScreen ; RecommendationsScreen (old) still reachable from My Child > Learning",product/recommendation entry,First-words picture cards [Learning],1,Verify the real item/venue/app exists; price; link,seeded,both/shared,lib/screens/post_pregnancy/pp_reco_data.dart
parenting,Recommendations,"Explore > Recommendations (RecoExploreScreen, new) > category / collection > RecoDetailScreen ; RecommendationsScreen (old) still reachable from My Child > Learning",product/recommendation entry,Counting in everyday moments [Learning],1,Verify the real item/venue/app exists; price; link,seeded,both/shared,lib/screens/post_pregnancy/pp_reco_data.dart
parenting,Recommendations,"Explore > Recommendations (RecoExploreScreen, new) > category / collection > RecoDetailScreen ; RecommendationsScreen (old) still reachable from My Child > Learning",product/recommendation entry,Learning through song [Learning],1,Verify the real item/venue/app exists; price; link,seeded,both/shared,lib/screens/post_pregnancy/pp_reco_data.dart
parenting,Recommendations (old),My Child > Products for this phase > RecommendationsScreen (old),coming-soon feature,"""More coming soon for this stage."" empty line",1,Nothing,old screen still reachable from My Child + RecoLibrary,old,lib/screens/post_pregnancy/recommendations_screen.dart
parenting,Development activities,"Brain tab (GrowHomeScreen, V1|V2|V3 toggle; V1 default) > V1 = DevelopmentHomeScreen",activity,"Peekaboo, slow and silly (3-6 mo)",1,Nothing beyond the demo video; expert review of steps/safety,written,both/shared,lib/screens/post_pregnancy/pp_grow_activities.dart
parenting,Development activities,"Brain tab (GrowHomeScreen, V1|V2|V3 toggle; V1 default) > V1 = DevelopmentHomeScreen",activity,Narrate & pause (3-6 mo),1,Nothing beyond the demo video; expert review of steps/safety,written,both/shared,lib/screens/post_pregnancy/pp_grow_activities.dart
parenting,Development activities,"Brain tab (GrowHomeScreen, V1|V2|V3 toggle; V1 default) > V1 = DevelopmentHomeScreen",activity,Tummy-time mirror play (3-6 mo),1,Nothing beyond the demo video; expert review of steps/safety,written,both/shared,lib/screens/post_pregnancy/pp_grow_activities.dart
parenting,Development activities,"Brain tab (GrowHomeScreen, V1|V2|V3 toggle; V1 default) > V1 = DevelopmentHomeScreen",activity,Encourage the roll (3-6 mo),1,Nothing beyond the demo video; expert review of steps/safety,written,both/shared,lib/screens/post_pregnancy/pp_grow_activities.dart
parenting,Development activities,"Brain tab (GrowHomeScreen, V1|V2|V3 toggle; V1 default) > V1 = DevelopmentHomeScreen",activity,Reach for the ring (3-6 mo),1,Nothing beyond the demo video; expert review of steps/safety,written,both/shared,lib/screens/post_pregnancy/pp_grow_activities.dart
parenting,Development activities,"Brain tab (GrowHomeScreen, V1|V2|V3 toggle; V1 default) > V1 = DevelopmentHomeScreen",activity,A little texture basket (3-6 mo),1,Nothing beyond the demo video; expert review of steps/safety,written,both/shared,lib/screens/post_pregnancy/pp_grow_activities.dart
parenting,Development activities,"Brain tab (GrowHomeScreen, V1|V2|V3 toggle; V1 default) > V1 = DevelopmentHomeScreen",activity,"Black, white & red (0-6 mo)",1,Nothing beyond the demo video; expert review of steps/safety,written,both/shared,lib/screens/post_pregnancy/pp_grow_activities.dart
parenting,Development activities,"Brain tab (GrowHomeScreen, V1|V2|V3 toggle; V1 default) > V1 = DevelopmentHomeScreen",activity,"Sing, pause, and play (3-12 mo)",1,Nothing beyond the demo video; expert review of steps/safety,written,both/shared,lib/screens/post_pregnancy/pp_grow_activities.dart
parenting,Development activities,"Brain tab (GrowHomeScreen, V1|V2|V3 toggle; V1 default) > V1 = DevelopmentHomeScreen",activity,"Face to face, up close (0-3 mo)",1,Nothing beyond the demo video; expert review of steps/safety,written,both/shared,lib/screens/post_pregnancy/pp_grow_activities.dart
parenting,Development activities,"Brain tab (GrowHomeScreen, V1|V2|V3 toggle; V1 default) > V1 = DevelopmentHomeScreen",activity,Follow the slow toy (0-3 mo),1,Nothing beyond the demo video; expert review of steps/safety,written,both/shared,lib/screens/post_pregnancy/pp_grow_activities.dart
parenting,Development activities,"Brain tab (GrowHomeScreen, V1|V2|V3 toggle; V1 default) > V1 = DevelopmentHomeScreen",activity,The first tummy minutes (0-3 mo),1,Nothing beyond the demo video; expert review of steps/safety,written,both/shared,lib/screens/post_pregnancy/pp_grow_activities.dart
parenting,Development activities,"Brain tab (GrowHomeScreen, V1|V2|V3 toggle; V1 default) > V1 = DevelopmentHomeScreen",activity,Open the little fist (0-3 mo),1,Nothing beyond the demo video; expert review of steps/safety,written,both/shared,lib/screens/post_pregnancy/pp_grow_activities.dart
parenting,Development activities,"Brain tab (GrowHomeScreen, V1|V2|V3 toggle; V1 default) > V1 = DevelopmentHomeScreen",activity,The 3am voice (0-3 mo),1,Nothing beyond the demo video; expert review of steps/safety,written,both/shared,lib/screens/post_pregnancy/pp_grow_activities.dart
parenting,Development activities,"Brain tab (GrowHomeScreen, V1|V2|V3 toggle; V1 default) > V1 = DevelopmentHomeScreen",activity,Musical babble (3-8 mo),1,Nothing beyond the demo video; expert review of steps/safety,written,both/shared,lib/screens/post_pregnancy/pp_grow_activities.dart
parenting,Development activities,"Brain tab (GrowHomeScreen, V1|V2|V3 toggle; V1 default) > V1 = DevelopmentHomeScreen",activity,Mirror faces (2-6 mo),1,Nothing beyond the demo video; expert review of steps/safety,written,both/shared,lib/screens/post_pregnancy/pp_grow_activities.dart
parenting,Development activities,"Brain tab (GrowHomeScreen, V1|V2|V3 toggle; V1 default) > V1 = DevelopmentHomeScreen",activity,"Kick, and it sings (0-12 mo)",1,Nothing beyond the demo video; expert review of steps/safety,written,both/shared,lib/screens/post_pregnancy/pp_grow_activities.dart
parenting,Development activities,"Brain tab (GrowHomeScreen, V1|V2|V3 toggle; V1 default) > V1 = DevelopmentHomeScreen",activity,A basket of real things (6-9 mo),1,Nothing beyond the demo video; expert review of steps/safety,written,both/shared,lib/screens/post_pregnancy/pp_grow_activities.dart
parenting,Development activities,"Brain tab (GrowHomeScreen, V1|V2|V3 toggle; V1 default) > V1 = DevelopmentHomeScreen",activity,Ball drop (6-9 mo),1,Nothing beyond the demo video; expert review of steps/safety,written,both/shared,lib/screens/post_pregnancy/pp_grow_activities.dart
parenting,Development activities,"Brain tab (GrowHomeScreen, V1|V2|V3 toggle; V1 default) > V1 = DevelopmentHomeScreen",activity,Let him hold the spoon (6-9 mo),1,Nothing beyond the demo video; expert review of steps/safety,written,both/shared,lib/screens/post_pregnancy/pp_grow_activities.dart
parenting,Development activities,"Brain tab (GrowHomeScreen, V1|V2|V3 toggle; V1 default) > V1 = DevelopmentHomeScreen",activity,Name what he is already looking at (6-9 mo),1,Nothing beyond the demo video; expert review of steps/safety,written,both/shared,lib/screens/post_pregnancy/pp_grow_activities.dart
parenting,Development activities,"Brain tab (GrowHomeScreen, V1|V2|V3 toggle; V1 default) > V1 = DevelopmentHomeScreen",activity,Sorting cups (9-12 mo),1,Nothing beyond the demo video; expert review of steps/safety,written,both/shared,lib/screens/post_pregnancy/pp_grow_activities.dart
parenting,Development activities,"Brain tab (GrowHomeScreen, V1|V2|V3 toggle; V1 default) > V1 = DevelopmentHomeScreen",activity,Cruise the sofa (9-12 mo),1,Nothing beyond the demo video; expert review of steps/safety,written,both/shared,lib/screens/post_pregnancy/pp_grow_activities.dart
parenting,Development activities,"Brain tab (GrowHomeScreen, V1|V2|V3 toggle; V1 default) > V1 = DevelopmentHomeScreen",activity,Pincer practice (9-12 mo),1,Nothing beyond the demo video; expert review of steps/safety,written,both/shared,lib/screens/post_pregnancy/pp_grow_activities.dart
parenting,Development activities,"Brain tab (GrowHomeScreen, V1|V2|V3 toggle; V1 default) > V1 = DevelopmentHomeScreen",activity,"Wave, clap, bye-bye (9-12 mo)",1,Nothing beyond the demo video; expert review of steps/safety,written,both/shared,lib/screens/post_pregnancy/pp_grow_activities.dart
parenting,Development activities,"Brain tab (GrowHomeScreen, V1|V2|V3 toggle; V1 default) > V1 = DevelopmentHomeScreen",activity,Sips from an open cup (9-12 mo),1,Nothing beyond the demo video; expert review of steps/safety,written,both/shared,lib/screens/post_pregnancy/pp_grow_activities.dart
parenting,Development activities,"Brain tab (GrowHomeScreen, V1|V2|V3 toggle; V1 default) > V1 = DevelopmentHomeScreen",activity,"Stack it, crash it (12-18 mo)",1,Nothing beyond the demo video; expert review of steps/safety,written,both/shared,lib/screens/post_pregnancy/pp_grow_activities.dart
parenting,Development activities,"Brain tab (GrowHomeScreen, V1|V2|V3 toggle; V1 default) > V1 = DevelopmentHomeScreen",activity,Point-and-name a book (12-18 mo),1,Nothing beyond the demo video; expert review of steps/safety,written,both/shared,lib/screens/post_pregnancy/pp_grow_activities.dart
parenting,Development activities,"Brain tab (GrowHomeScreen, V1|V2|V3 toggle; V1 default) > V1 = DevelopmentHomeScreen",activity,Push something heavy (12-18 mo),1,Nothing beyond the demo video; expert review of steps/safety,written,both/shared,lib/screens/post_pregnancy/pp_grow_activities.dart
parenting,Development activities,"Brain tab (GrowHomeScreen, V1|V2|V3 toggle; V1 default) > V1 = DevelopmentHomeScreen",activity,The first scribble (12-18 mo),1,Nothing beyond the demo video; expert review of steps/safety,written,both/shared,lib/screens/post_pregnancy/pp_grow_activities.dart
parenting,Development activities,"Brain tab (GrowHomeScreen, V1|V2|V3 toggle; V1 default) > V1 = DevelopmentHomeScreen",activity,"Shoes off, by himself (12-18 mo)",1,Nothing beyond the demo video; expert review of steps/safety,written,both/shared,lib/screens/post_pregnancy/pp_grow_activities.dart
parenting,Development activities,"Brain tab (GrowHomeScreen, V1|V2|V3 toggle; V1 default) > V1 = DevelopmentHomeScreen",activity,Pretend chai (18-24 mo),1,Nothing beyond the demo video; expert review of steps/safety,written,both/shared,lib/screens/post_pregnancy/pp_grow_activities.dart
parenting,Development activities,"Brain tab (GrowHomeScreen, V1|V2|V3 toggle; V1 default) > V1 = DevelopmentHomeScreen",activity,Add one word to his (18-24 mo),1,Nothing beyond the demo video; expert review of steps/safety,written,both/shared,lib/screens/post_pregnancy/pp_grow_activities.dart
parenting,Development activities,"Brain tab (GrowHomeScreen, V1|V2|V3 toggle; V1 default) > V1 = DevelopmentHomeScreen",activity,Name the big feeling (18-24 mo),1,Nothing beyond the demo video; expert review of steps/safety,written,both/shared,lib/screens/post_pregnancy/pp_grow_activities.dart
parenting,Development activities,"Brain tab (GrowHomeScreen, V1|V2|V3 toggle; V1 default) > V1 = DevelopmentHomeScreen",activity,A safe thing to climb (18-24 mo),1,Nothing beyond the demo video; expert review of steps/safety,written,both/shared,lib/screens/post_pregnancy/pp_grow_activities.dart
parenting,Development activities,"Brain tab (GrowHomeScreen, V1|V2|V3 toggle; V1 default) > V1 = DevelopmentHomeScreen",activity,Sort the socks (2-3 yr),1,Nothing beyond the demo video; expert review of steps/safety,written,both/shared,lib/screens/post_pregnancy/pp_grow_activities.dart
parenting,Development activities,"Brain tab (GrowHomeScreen, V1|V2|V3 toggle; V1 default) > V1 = DevelopmentHomeScreen",activity,"My turn, your turn (2-3 yr)",1,Nothing beyond the demo video; expert review of steps/safety,written,both/shared,lib/screens/post_pregnancy/pp_grow_activities.dart
parenting,Development activities,"Brain tab (GrowHomeScreen, V1|V2|V3 toggle; V1 default) > V1 = DevelopmentHomeScreen",activity,"Squeeze, roll, poke (2-3 yr)",1,Nothing beyond the demo video; expert review of steps/safety,written,both/shared,lib/screens/post_pregnancy/pp_grow_activities.dart
parenting,Development activities,"Brain tab (GrowHomeScreen, V1|V2|V3 toggle; V1 default) > V1 = DevelopmentHomeScreen",activity,One thing he puts on himself (2-3 yr),1,Nothing beyond the demo video; expert review of steps/safety,written,both/shared,lib/screens/post_pregnancy/pp_grow_activities.dart
parenting,Development activities,"Brain tab (GrowHomeScreen, V1|V2|V3 toggle; V1 default) > V1 = DevelopmentHomeScreen",activity,Tell it wrong on purpose (3-4 yr),1,Nothing beyond the demo video; expert review of steps/safety,written,both/shared,lib/screens/post_pregnancy/pp_grow_activities.dart
parenting,Development activities,"Brain tab (GrowHomeScreen, V1|V2|V3 toggle; V1 default) > V1 = DevelopmentHomeScreen",activity,Walk the line (3-4 yr),1,Nothing beyond the demo video; expert review of steps/safety,written,both/shared,lib/screens/post_pregnancy/pp_grow_activities.dart
parenting,Development activities,"Brain tab (GrowHomeScreen, V1|V2|V3 toggle; V1 default) > V1 = DevelopmentHomeScreen",activity,Which face is this? (3-4 yr),1,Nothing beyond the demo video; expert review of steps/safety,written,both/shared,lib/screens/post_pregnancy/pp_grow_activities.dart
parenting,Development activities,"Brain tab (GrowHomeScreen, V1|V2|V3 toggle; V1 default) > V1 = DevelopmentHomeScreen",activity,Count something real (3-4 yr),1,Nothing beyond the demo video; expert review of steps/safety,written,both/shared,lib/screens/post_pregnancy/pp_grow_activities.dart
parenting,Development activities,"Brain tab (GrowHomeScreen, V1|V2|V3 toggle; V1 default) > V1 = DevelopmentHomeScreen",activity,Words that sound the same (4-5 yr),1,Nothing beyond the demo video; expert review of steps/safety,written,both/shared,lib/screens/post_pregnancy/pp_grow_activities.dart
parenting,Development activities,"Brain tab (GrowHomeScreen, V1|V2|V3 toggle; V1 default) > V1 = DevelopmentHomeScreen",activity,First cuts (4-5 yr),1,Nothing beyond the demo video; expert review of steps/safety,written,both/shared,lib/screens/post_pregnancy/pp_grow_activities.dart
parenting,Development activities,"Brain tab (GrowHomeScreen, V1|V2|V3 toggle; V1 default) > V1 = DevelopmentHomeScreen",activity,A job that actually matters (4-5 yr),1,Nothing beyond the demo video; expert review of steps/safety,written,both/shared,lib/screens/post_pregnancy/pp_grow_activities.dart
parenting,Development activities,"Brain tab (GrowHomeScreen, V1|V2|V3 toggle; V1 default) > V1 = DevelopmentHomeScreen",activity,Build a calm-down corner (4-5 yr),1,Nothing beyond the demo video; expert review of steps/safety,written,both/shared,lib/screens/post_pregnancy/pp_grow_activities.dart
parenting,Development activities,"Brain tab (GrowHomeScreen, V1|V2|V3 toggle; V1 default) > V1 = DevelopmentHomeScreen",activity,Say the plan before doing it (4-5 yr),1,Nothing beyond the demo video; expert review of steps/safety,written,both/shared,lib/screens/post_pregnancy/pp_grow_activities.dart
parenting,Milestones,Tools tab > Milestone journey (MilestoneJourneyScreen) ; pp_milestones surface ; pp_on_track -> OnTrackChecklistScreen,data source (milestone ranges),18 milestones with lo/hi months; 6 domains; no source cited,1,"Cite CDC/WHO/IAP ranges; extend to 1-5 years (checklist ""coming soon"" list = upcoming milestones, not a feature gap)",authored in code,new,lib/screens/post_pregnancy/pp_milestones_data.dart
parenting,Growth journey,Tools tab > Growth journey (GrowthJourneyScreen),data source (growth charts),"WHO-style z-score vs 50th centile, reference table 0-12 months only (older ages clamp to 12)",1,"Licensed/verified WHO or IAP tables 0-5 years, boys and girls","approximate, transparent estimate; REQUIRED clinical review",new,lib/screens/post_pregnancy/pp_growth_data.dart
parenting,Feeding journey,Tools tab > Feeding journey (FeedingJourneyScreen),tracker/tool,Breast/bottle/solid log with seeded demo entries,1,Nothing to commission (copy is minimal),built,new,lib/screens/post_pregnancy/pp_feeding_data.dart
parenting,Sleep journey,Tools tab > Sleep journey (SleepJourneyScreen),tracker/tool,Night/nap/contact/car/stroller log with seeded demo entries,1,Nothing to commission,built,new,lib/screens/post_pregnancy/pp_sleep_data.dart
parenting,Old trackers (retired),no live call site,coming-soon feature,"FeedingTrackerScreen, SleepTrackerScreen, SleepBetterScreen, GrowthActivityScreen (old tools; ""Coming soon"" snackbars)",4,Nothing - superseded by the four Journey tools,kept for revert,old (retired),lib/screens/post_pregnancy/feeding_tracker_screen.dart
parenting,Vaccination (new tracker),"Tools tab > Vaccination schedule (VaxTrackerScreen, new) > VaxTimeline > VaxDetailScreen ; pp_vaccines surface",data source (vaccine schedule),"10 VaxVisit (birth, 6w, 10w, 14w, 6m, 9m, 12m, 15m, 16-18m, 2y) x 12 vaccines",1,Confirm against IAP 2024/NIS schedule; add 3-5 year boosters,"authored in code, no citation",new,lib/screens/post_pregnancy/pp_vaccine_data.dart
parenting,Vaccination (new tracker),"Tools tab > Vaccination schedule (VaxTrackerScreen, new) > VaxTimeline > VaxDetailScreen ; pp_vaccines surface > PCV detail",product/recommendation entry,"Vaccine product tie-ins: Digital thermometer Rs 499, White-noise soother Rs 1,499",2,Decide if commerce belongs on a vaccine page,seeded,new,lib/screens/post_pregnancy/pp_vaccine_data.dart
parenting,Vaccination (new tracker),"Tools tab > Vaccination schedule (VaxTrackerScreen, new) > VaxTimeline > VaxDetailScreen ; pp_vaccines surface",reminder/notification template,Vaccine due reminders via NotificationService,1,Reminder copy review,built,new,lib/screens/post_pregnancy/vax_tracker_screen.dart
parenting,Vaccination (old),"retired (VaccinationScreen, VaccinationCompareScreen, VaccineDetailScreen, VaccineLearnScreen)",coming-soon feature,Old vaccination cluster,4,Nothing,kept for revert; only reachable from the retired old home,old (retired),lib/screens/post_pregnancy/vaccination_screen.dart
parenting,Health ecosystem (V1),"Explore > Health (WalletHomeScreen: V1|V2|V3 wrapper, V2 'Health Wallet' DEFAULT) ; V1 = HealthHomeScreen ecosystem ; pp_health_home surface > V1",seeded demo data,"9 HealthEvent timeline, 4 GrowthPoint, 3 Medication, 2 SymptomEntry, 2 MedicalReport, 1 Prescription (all fictional child data)",21,Nothing to commission; remove before launch or keep as empty-state demo,seeded,old,lib/screens/post_pregnancy/pp_health_data.dart
parenting,Health Wallet (V2 default),"Explore > Health (WalletHomeScreen: V1|V2|V3 wrapper, V2 'Health Wallet' DEFAULT) ; V1 = HealthHomeScreen ecosystem ; pp_health_home surface > V2 > Upload a document",coming-soon feature,"WalletUploadScreen ""What it will do once connected"" (OCR/upload not connected)",1,Backend storage + OCR,explained placeholder,new,lib/screens/post_pregnancy/wallet_v2_screens.dart
parenting,Health Wallet,"Explore > Health (WalletHomeScreen: V1|V2|V3 wrapper, V2 'Health Wallet' DEFAULT) ; V1 = HealthHomeScreen ecosystem ; pp_health_home surface",tracker/tool,"V3 WalletV3Home (""Everything, in one place"") - recommendation variant",1,Decide V1/V2/V3,"built, not default",new,lib/screens/post_pregnancy/wallet_v3_screens.dart
parenting,Health Guide (old),HealthGuideScreen - Explore row commented out,coming-soon feature,"Old Health Guide (""Coming soon"" snackbar)",1,Nothing,kept for revert,old (retired),lib/screens/post_pregnancy/health_guide_screen.dart
parenting,Baby ID documents,Tools/Health > Baby documents (BabyDocumentsScreen),tracker/tool,"6 categories (Birth certificate, Aadhaar, Passport, Insurance, ...) + 2 seeded documents; attachments (pp_attachments)",6,Nothing; user uploads,built with seeded examples,both/shared,lib/screens/post_pregnancy/pp_documents_data.dart
parenting,Health records,"Explore > Health (WalletHomeScreen: V1|V2|V3 wrapper, V2 'Health Wallet' DEFAULT) ; V1 = HealthHomeScreen ecosystem ; pp_health_home surface > HealthRecordsScreen / DoctorRecordScreen / PrescriptionViewScreen",tracker/tool,"Records CRUD, prescriptions, attachments",1,Nothing,built,both/shared,lib/screens/post_pregnancy/health_records_screen.dart
parenting,Old home (retired),PostPregnancyHome / SnapshotExpandedScreen - no live call site,coming-soon feature,"Old tabbed home + snapshot expanded (""Editing coming soon"")",2,Nothing,kept for revert,old (retired),lib/screens/post_pregnancy/post_pregnancy_home.dart
parenting,Checkers & safety tools,Sleep door tool pp_sleep_check / Feeding door tool pp_food_chart,data source (sleep + feeding charts),PpChartBrowserScreen over kPpSleepBands (5 bands) and kPpFeedingBands (5 bands) chart cards,2,Clinical sign-off on hours/portions (marked REQUIRED_REVIEW),authored numbers,new,lib/screens/post_pregnancy/pp_chart_browser_screen.dart
parenting,Sleep Sounds player,Sleep door > tools > Sleep Sounds (PpSoundsScreen) ; pp_sleep_sounds surface > Lullabies and lori,audio/rhyme/lullaby,Chanda Mama 6 min,1,"Record/licence the audio file (asset is null -> row shows ""COMING SOON""); lori need singers, stories need narrator + script","title + minutes only, no file",new,lib/screens/post_pregnancy/pp_sounds_data.dart
parenting,Sleep Sounds player,Sleep door > tools > Sleep Sounds (PpSoundsScreen) ; pp_sleep_sounds surface > Lullabies and lori,audio/rhyme/lullaby,So Ja Rajkumari 5 min,1,"Record/licence the audio file (asset is null -> row shows ""COMING SOON""); lori need singers, stories need narrator + script","title + minutes only, no file",new,lib/screens/post_pregnancy/pp_sounds_data.dart
parenting,Sleep Sounds player,Sleep door > tools > Sleep Sounds (PpSoundsScreen) ; pp_sleep_sounds surface > Lullabies and lori,audio/rhyme/lullaby,Nini Baba Nini 7 min,1,"Record/licence the audio file (asset is null -> row shows ""COMING SOON""); lori need singers, stories need narrator + script","title + minutes only, no file",new,lib/screens/post_pregnancy/pp_sounds_data.dart
parenting,Sleep Sounds player,Sleep door > tools > Sleep Sounds (PpSoundsScreen) ; pp_sleep_sounds surface > Lullabies and lori,audio/rhyme/lullaby,"Just humming, no words 20 min",1,"Record/licence the audio file (asset is null -> row shows ""COMING SOON""); lori need singers, stories need narrator + script","title + minutes only, no file",new,lib/screens/post_pregnancy/pp_sounds_data.dart
parenting,Sleep Sounds player,Sleep door > tools > Sleep Sounds (PpSoundsScreen) ; pp_sleep_sounds surface > Lullabies and lori,audio/rhyme/lullaby,Aaraaro Aariraro 6 min,1,"Record/licence the audio file (asset is null -> row shows ""COMING SOON""); lori need singers, stories need narrator + script","title + minutes only, no file",new,lib/screens/post_pregnancy/pp_sounds_data.dart
parenting,Sleep Sounds player,Sleep door > tools > Sleep Sounds (PpSoundsScreen) ; pp_sleep_sounds surface > Lullabies and lori,audio/rhyme/lullaby,Ghum Parani Maashi Pishi 5 min,1,"Record/licence the audio file (asset is null -> row shows ""COMING SOON""); lori need singers, stories need narrator + script","title + minutes only, no file",new,lib/screens/post_pregnancy/pp_sounds_data.dart
parenting,Sleep Sounds player,Sleep door > tools > Sleep Sounds (PpSoundsScreen) ; pp_sleep_sounds surface > White noise and womb sounds,audio/rhyme/lullaby,Womb sound 45 min,1,"Record/licence the audio file (asset is null -> row shows ""COMING SOON""); lori need singers, stories need narrator + script","title + minutes only, no file",new,lib/screens/post_pregnancy/pp_sounds_data.dart
parenting,Sleep Sounds player,Sleep door > tools > Sleep Sounds (PpSoundsScreen) ; pp_sleep_sounds surface > White noise and womb sounds,audio/rhyme/lullaby,"Heartbeat, slow 30 min",1,"Record/licence the audio file (asset is null -> row shows ""COMING SOON""); lori need singers, stories need narrator + script","title + minutes only, no file",new,lib/screens/post_pregnancy/pp_sounds_data.dart
parenting,Sleep Sounds player,Sleep door > tools > Sleep Sounds (PpSoundsScreen) ; pp_sleep_sounds surface > White noise and womb sounds,audio/rhyme/lullaby,Plain white noise 45 min,1,"Record/licence the audio file (asset is null -> row shows ""COMING SOON""); lori need singers, stories need narrator + script","title + minutes only, no file",new,lib/screens/post_pregnancy/pp_sounds_data.dart
parenting,Sleep Sounds player,Sleep door > tools > Sleep Sounds (PpSoundsScreen) ; pp_sleep_sounds surface > White noise and womb sounds,audio/rhyme/lullaby,Ceiling fan 45 min,1,"Record/licence the audio file (asset is null -> row shows ""COMING SOON""); lori need singers, stories need narrator + script","title + minutes only, no file",new,lib/screens/post_pregnancy/pp_sounds_data.dart
parenting,Sleep Sounds player,Sleep door > tools > Sleep Sounds (PpSoundsScreen) ; pp_sleep_sounds surface > White noise and womb sounds,audio/rhyme/lullaby,Shushing 20 min,1,"Record/licence the audio file (asset is null -> row shows ""COMING SOON""); lori need singers, stories need narrator + script","title + minutes only, no file",new,lib/screens/post_pregnancy/pp_sounds_data.dart
parenting,Sleep Sounds player,Sleep door > tools > Sleep Sounds (PpSoundsScreen) ; pp_sleep_sounds surface > Nature and calm sounds,audio/rhyme/lullaby,"Monsoon rain, steady 45 min",1,"Record/licence the audio file (asset is null -> row shows ""COMING SOON""); lori need singers, stories need narrator + script","title + minutes only, no file",new,lib/screens/post_pregnancy/pp_sounds_data.dart
parenting,Sleep Sounds player,Sleep door > tools > Sleep Sounds (PpSoundsScreen) ; pp_sleep_sounds surface > Nature and calm sounds,audio/rhyme/lullaby,Rain on a tin roof 30 min,1,"Record/licence the audio file (asset is null -> row shows ""COMING SOON""); lori need singers, stories need narrator + script","title + minutes only, no file",new,lib/screens/post_pregnancy/pp_sounds_data.dart
parenting,Sleep Sounds player,Sleep door > tools > Sleep Sounds (PpSoundsScreen) ; pp_sleep_sounds surface > Nature and calm sounds,audio/rhyme/lullaby,River over stones 30 min,1,"Record/licence the audio file (asset is null -> row shows ""COMING SOON""); lori need singers, stories need narrator + script","title + minutes only, no file",new,lib/screens/post_pregnancy/pp_sounds_data.dart
parenting,Sleep Sounds player,Sleep door > tools > Sleep Sounds (PpSoundsScreen) ; pp_sleep_sounds surface > Nature and calm sounds,audio/rhyme/lullaby,Night crickets 45 min,1,"Record/licence the audio file (asset is null -> row shows ""COMING SOON""); lori need singers, stories need narrator + script","title + minutes only, no file",new,lib/screens/post_pregnancy/pp_sounds_data.dart
parenting,Sleep Sounds player,Sleep door > tools > Sleep Sounds (PpSoundsScreen) ; pp_sleep_sounds surface > Nature and calm sounds,audio/rhyme/lullaby,Slow waves 30 min,1,"Record/licence the audio file (asset is null -> row shows ""COMING SOON""); lori need singers, stories need narrator + script","title + minutes only, no file",new,lib/screens/post_pregnancy/pp_sounds_data.dart
parenting,Sleep Sounds player,Sleep door > tools > Sleep Sounds (PpSoundsScreen) ; pp_sleep_sounds surface > Soft ragas,audio/rhyme/lullaby,"Raga Yaman, flute 20 min",1,"Record/licence the audio file (asset is null -> row shows ""COMING SOON""); lori need singers, stories need narrator + script","title + minutes only, no file",new,lib/screens/post_pregnancy/pp_sounds_data.dart
parenting,Sleep Sounds player,Sleep door > tools > Sleep Sounds (PpSoundsScreen) ; pp_sleep_sounds surface > Soft ragas,audio/rhyme/lullaby,"Raga Bhupali, sitar 20 min",1,"Record/licence the audio file (asset is null -> row shows ""COMING SOON""); lori need singers, stories need narrator + script","title + minutes only, no file",new,lib/screens/post_pregnancy/pp_sounds_data.dart
parenting,Sleep Sounds player,Sleep door > tools > Sleep Sounds (PpSoundsScreen) ; pp_sleep_sounds surface > Soft ragas,audio/rhyme/lullaby,Raga Nilambari 25 min,1,"Record/licence the audio file (asset is null -> row shows ""COMING SOON""); lori need singers, stories need narrator + script","title + minutes only, no file",new,lib/screens/post_pregnancy/pp_sounds_data.dart
parenting,Sleep Sounds player,Sleep door > tools > Sleep Sounds (PpSoundsScreen) ; pp_sleep_sounds surface > Soft ragas,audio/rhyme/lullaby,Tanpura drone only 45 min,1,"Record/licence the audio file (asset is null -> row shows ""COMING SOON""); lori need singers, stories need narrator + script","title + minutes only, no file",new,lib/screens/post_pregnancy/pp_sounds_data.dart
parenting,Sleep Sounds player,Sleep door > tools > Sleep Sounds (PpSoundsScreen) ; pp_sleep_sounds surface > Bedtime stories,audio/rhyme/lullaby,The elephant who could not sleep 8 min,1,"Record/licence the audio file (asset is null -> row shows ""COMING SOON""); lori need singers, stories need narrator + script","title + minutes only, no file",new,lib/screens/post_pregnancy/pp_sounds_data.dart
parenting,Sleep Sounds player,Sleep door > tools > Sleep Sounds (PpSoundsScreen) ; pp_sleep_sounds surface > Bedtime stories,audio/rhyme/lullaby,Walking the moon home 7 min,1,"Record/licence the audio file (asset is null -> row shows ""COMING SOON""); lori need singers, stories need narrator + script","title + minutes only, no file",new,lib/screens/post_pregnancy/pp_sounds_data.dart
parenting,Sleep Sounds player,Sleep door > tools > Sleep Sounds (PpSoundsScreen) ; pp_sleep_sounds surface > Bedtime stories,audio/rhyme/lullaby,The old banyan tree 9 min,1,"Record/licence the audio file (asset is null -> row shows ""COMING SOON""); lori need singers, stories need narrator + script","title + minutes only, no file",new,lib/screens/post_pregnancy/pp_sounds_data.dart
parenting,Sleep Sounds player,Sleep door > tools > Sleep Sounds (PpSoundsScreen) ; pp_sleep_sounds surface > Bedtime stories,audio/rhyme/lullaby,"Counting stars, badly 6 min",1,"Record/licence the audio file (asset is null -> row shows ""COMING SOON""); lori need singers, stories need narrator + script","title + minutes only, no file",new,lib/screens/post_pregnancy/pp_sounds_data.dart
parenting,Journal V2 (storybook),Explore > My Journal V2 (JournalWelcomeScreen -> journal_v2) ; My Child > Moments worth keeping,coming-soon feature,Voice capture - coming soon,1,Engineering (and an email provider),snackbar,new,lib/screens/post_pregnancy/journal_v2/journal_capture_screens.dart
parenting,Journal V2 (storybook),Explore > My Journal V2 (JournalWelcomeScreen -> journal_v2) ; My Child > Moments worth keeping,coming-soon feature,Add a photo - coming soon,1,Engineering (and an email provider),snackbar,new,lib/screens/post_pregnancy/journal_v2/journal_capture_screens.dart
parenting,Journal V2 (storybook),Explore > My Journal V2 (JournalWelcomeScreen -> journal_v2) ; My Child > Moments worth keeping,coming-soon feature,New storybook - coming soon,1,Engineering (and an email provider),snackbar,new,lib/screens/post_pregnancy/journal_v2/journal_capture_screens.dart
parenting,Journal V2 (storybook),Explore > My Journal V2 (JournalWelcomeScreen -> journal_v2) ; My Child > Moments worth keeping,coming-soon feature,Editing / Share coming soon (moments),1,Engineering (and an email provider),snackbar,new,lib/screens/post_pregnancy/journal_v2/journal_capture_screens.dart
parenting,Journal V2 (storybook),Explore > My Journal V2 (JournalWelcomeScreen -> journal_v2) ; My Child > Moments worth keeping,coming-soon feature,Full search coming soon,1,Engineering (and an email provider),snackbar,new,lib/screens/post_pregnancy/journal_v2/journal_capture_screens.dart
parenting,Journal V2 (storybook),Explore > My Journal V2 (JournalWelcomeScreen -> journal_v2) ; My Child > Moments worth keeping,coming-soon feature,Journal email (journal_email.dart) - provider needed,1,Engineering (and an email provider),snackbar,new,lib/screens/post_pregnancy/journal_v2/journal_capture_screens.dart
parenting,Journal V1 (old),JournalScreen (journal_screen.dart) - parenting V1,coming-soon feature,"Old voice-note journal mock (""34 moments saved"", auto-transcribed Hindi->EN; ""Coming soon"" snackbar)",1,Nothing - superseded by V2,unsure whether any parenting call site remains (pregnancy has its own JournalScreen),unsure,lib/screens/post_pregnancy/journal_screen.dart
parenting,Memories,"Explore > Memories (MemoriesHomeScreen, lib/screens/memories - OUT OF SCOPE folder)",coming-soon feature,Memory cards - not inventoried (lives outside post_pregnancy/),1,Inventory separately,shared module,both/shared,lib/screens/memories/memories_home_screen.dart
parenting,Product Guide,"V3 'Buying guides' door > What do I actually need? (ProductGuideHubScreen, lib/screens/product_guide - OUT OF SCOPE folder)",coming-soon feature,9-guide seed catalogue shared with pregnancy - not inventoried here,1,Inventory separately,shared module,both/shared,lib/screens/product_guide/product_guide_hub_screen.dart
parenting,Brand Studio / Launches,Explore > Launches / Brand Studio (lib/brand - OUT OF SCOPE),brand/sponsor,15 brand products walked end to end; parenting launch hub,1,Real sponsors; see docs/BRAND-STUDIO.md,demo brands,both/shared,lib/brand/
parenting,Skilling (preview),Explore > Skilling (preview),coming-soon feature,"Fourth stage: 12 doors, 84 bracket cells, nothing live",1,Whole stage content - out of parenting scope,UI-only preview,new,lib/screens/skilling/skilling_preview_screen.dart
parenting,Find help > expert profile,My Child tab > Explore drawer > Find help (also: V3 home > any door > consult layer 'Talk to a ...'; What Changed > 'Find help'; My Bookings empty state) > Browse by need 'Pediatrician' > Dr. Neha Sharma,expert profile,Dr. Neha Sharma — Paediatrician · 12 years — Pediatrician — consult ₹800,1,"A real, consented practitioner: name, photo, verified qualifications + council registration, city, languages, consult fee, availability; replace fictional review quotes","Fictional full profile with invented registration no.; location='Greater Kailash, Delhi'; tags=4",both/shared,lib/screens/post_pregnancy/pp_experts_data.dart
parenting,Find help > expert profile,My Child tab > Explore drawer > Find help (also: V3 home > any door > consult layer 'Talk to a ...'; What Changed > 'Find help'; My Bookings empty state) > Browse by need 'Pediatrician' > Dr. Ananya Rao,expert profile,Dr. Ananya Rao — Paediatrician · 15 years — Pediatrician — consult ₹1200,1,"A real, consented practitioner: name, photo, verified qualifications + council registration, city, languages, consult fee, availability; replace fictional review quotes",Fictional full profile with invented registration no.; location='Delhi NCR · online sessions'; tags=4,both/shared,lib/screens/post_pregnancy/pp_experts_data.dart
parenting,Experts registry (course/cohort),Courses/Masterclasses > instructor > profile (Courses group path),expert profile,Dr. Meher Shah — Paediatric sleep consultant · 8 years — none (course/cohort expert) — consult n/a (masterclass/cohort pricing via Courses),1,"A real, consented practitioner: name, photo, verified qualifications + council registration, city, languages, consult fee, availability; replace fictional review quotes",Fictional full profile with invented registration no.; location='Mumbai · online cohorts'; tags=5,both/shared,lib/screens/post_pregnancy/pp_experts_data.dart
parenting,Find help > expert profile,My Child tab > Explore drawer > Find help (also: V3 home > any door > consult layer 'Talk to a ...'; What Changed > 'Find help'; My Bookings empty state) > Browse by need 'Child psychologist' > Dr. Kabir Sen,expert profile,Dr. Kabir Sen — Child psychologist · 12 years — Child psychologist — consult ₹2000,1,"A real, consented practitioner: name, photo, verified qualifications + council registration, city, languages, consult fee, availability; replace fictional review quotes",Fictional full profile with invented registration no.; location='Bengaluru · online'; tags=5,both/shared,lib/screens/post_pregnancy/pp_experts_data.dart
parenting,Experts registry (course/cohort),Courses/Masterclasses > instructor > profile (Courses group path),expert profile,Meera Iyer — Child-safety educator · 10 years — none (course/cohort expert) — consult n/a (masterclass/cohort pricing via Courses),1,"A real, consented practitioner: name, photo, verified qualifications + council registration, city, languages, consult fee, availability; replace fictional review quotes",Fictional full profile with invented registration no.; location='Chennai · home visits + online'; tags=5,both/shared,lib/screens/post_pregnancy/pp_experts_data.dart
parenting,Experts registry (course/cohort),Courses/Masterclasses > instructor > profile (Courses group path),expert profile,Ritu Malhotra — Paediatric nutritionist · 9 years — none (course/cohort expert) — consult n/a (masterclass/cohort pricing via Courses),1,"A real, consented practitioner: name, photo, verified qualifications + council registration, city, languages, consult fee, availability; replace fictional review quotes",Fictional full profile with invented registration no.; location='Delhi NCR · online'; tags=5,both/shared,lib/screens/post_pregnancy/pp_experts_data.dart
parenting,Find help > expert profile,My Child tab > Explore drawer > Find help (also: V3 home > any door > consult layer 'Talk to a ...'; What Changed > 'Find help'; My Bookings empty state) > Browse by need 'Pediatrician' > Dr. Rajan Mehta,expert profile,Dr. Rajan Mehta — Paediatrician · 14 years — Pediatrician — consult ₹750,1,"A real, consented practitioner: name, photo, verified qualifications + council registration, city, languages, consult fee, availability; replace fictional review quotes",Fictional lean profile; location='unspecified'; tags=4,both/shared,lib/screens/post_pregnancy/pp_experts_data.dart
parenting,Find help > expert profile,My Child tab > Explore drawer > Find help (also: V3 home > any door > consult layer 'Talk to a ...'; What Changed > 'Find help'; My Bookings empty state) > Browse by need 'Pediatrician' > Dr. Kavita Reddy,expert profile,Dr. Kavita Reddy — Paediatrician · 10 years — Pediatrician — consult ₹700,1,"A real, consented practitioner: name, photo, verified qualifications + council registration, city, languages, consult fee, availability; replace fictional review quotes",Fictional lean profile; location='unspecified'; tags=4,both/shared,lib/screens/post_pregnancy/pp_experts_data.dart
parenting,Find help > expert profile,My Child tab > Explore drawer > Find help (also: V3 home > any door > consult layer 'Talk to a ...'; What Changed > 'Find help'; My Bookings empty state) > Browse by need 'Gynecologist' > Dr. Sunita Rao,expert profile,Dr. Sunita Rao — Gynaecologist · 18 years — Gynecologist — consult ₹1200,1,"A real, consented practitioner: name, photo, verified qualifications + council registration, city, languages, consult fee, availability; replace fictional review quotes",Fictional lean profile; location='unspecified'; tags=4,both/shared,lib/screens/post_pregnancy/pp_experts_data.dart
parenting,Find help > expert profile,My Child tab > Explore drawer > Find help (also: V3 home > any door > consult layer 'Talk to a ...'; What Changed > 'Find help'; My Bookings empty state) > Browse by need 'Gynecologist' > Dr. Farah Khan,expert profile,Dr. Farah Khan — Obstetrician-Gynaecologist · 11 years — Gynecologist — consult ₹900,1,"A real, consented practitioner: name, photo, verified qualifications + council registration, city, languages, consult fee, availability; replace fictional review quotes",Fictional lean profile; location='unspecified'; tags=4,both/shared,lib/screens/post_pregnancy/pp_experts_data.dart
parenting,Find help > expert profile,My Child tab > Explore drawer > Find help (also: V3 home > any door > consult layer 'Talk to a ...'; What Changed > 'Find help'; My Bookings empty state) > Browse by need 'Gynecologist' > Dr. Anjali Desai,expert profile,Dr. Anjali Desai — Gynaecologist · 13 years — Gynecologist — consult ₹1000,1,"A real, consented practitioner: name, photo, verified qualifications + council registration, city, languages, consult fee, availability; replace fictional review quotes",Fictional lean profile; location='unspecified'; tags=4,both/shared,lib/screens/post_pregnancy/pp_experts_data.dart
parenting,Find help > expert profile,My Child tab > Explore drawer > Find help (also: V3 home > any door > consult layer 'Talk to a ...'; What Changed > 'Find help'; My Bookings empty state) > Browse by need 'Speech therapist' > Aisha Verma,expert profile,Aisha Verma — Speech-language therapist · 9 years — Speech therapist — consult ₹850,1,"A real, consented practitioner: name, photo, verified qualifications + council registration, city, languages, consult fee, availability; replace fictional review quotes",Fictional lean profile; location='unspecified'; tags=4,both/shared,lib/screens/post_pregnancy/pp_experts_data.dart
parenting,Find help > expert profile,My Child tab > Explore drawer > Find help (also: V3 home > any door > consult layer 'Talk to a ...'; What Changed > 'Find help'; My Bookings empty state) > Browse by need 'Speech therapist' > Rohan Kapoor,expert profile,Rohan Kapoor — Speech therapist · 7 years — Speech therapist — consult ₹700,1,"A real, consented practitioner: name, photo, verified qualifications + council registration, city, languages, consult fee, availability; replace fictional review quotes",Fictional lean profile; location='unspecified'; tags=4,both/shared,lib/screens/post_pregnancy/pp_experts_data.dart
parenting,Find help > expert profile,My Child tab > Explore drawer > Find help (also: V3 home > any door > consult layer 'Talk to a ...'; What Changed > 'Find help'; My Bookings empty state) > Browse by need 'Speech therapist' > Deepa Nair,expert profile,Deepa Nair — Paediatric speech therapist · 12 years — Speech therapist — consult ₹900,1,"A real, consented practitioner: name, photo, verified qualifications + council registration, city, languages, consult fee, availability; replace fictional review quotes",Fictional lean profile; location='unspecified'; tags=4,both/shared,lib/screens/post_pregnancy/pp_experts_data.dart
parenting,Find help > expert profile,My Child tab > Explore drawer > Find help (also: V3 home > any door > consult layer 'Talk to a ...'; What Changed > 'Find help'; My Bookings empty state) > Browse by need 'Lactation expert' > Shalini Gupta,expert profile,Shalini Gupta — IBCLC lactation consultant · 10 years — Lactation expert — consult ₹600,1,"A real, consented practitioner: name, photo, verified qualifications + council registration, city, languages, consult fee, availability; replace fictional review quotes",Fictional lean profile; location='unspecified'; tags=4,both/shared,lib/screens/post_pregnancy/pp_experts_data.dart
parenting,Find help > expert profile,My Child tab > Explore drawer > Find help (also: V3 home > any door > consult layer 'Talk to a ...'; What Changed > 'Find help'; My Bookings empty state) > Browse by need 'Lactation expert' > Ruchi Jain,expert profile,Ruchi Jain — Certified lactation counsellor · 6 years — Lactation expert — consult ₹500,1,"A real, consented practitioner: name, photo, verified qualifications + council registration, city, languages, consult fee, availability; replace fictional review quotes",Fictional lean profile; location='unspecified'; tags=4,both/shared,lib/screens/post_pregnancy/pp_experts_data.dart
parenting,Find help > expert profile,My Child tab > Explore drawer > Find help (also: V3 home > any door > consult layer 'Talk to a ...'; What Changed > 'Find help'; My Bookings empty state) > Browse by need 'Lactation expert' > Nadia Sheikh,expert profile,Nadia Sheikh — IBCLC lactation consultant · 8 years — Lactation expert — consult ₹650,1,"A real, consented practitioner: name, photo, verified qualifications + council registration, city, languages, consult fee, availability; replace fictional review quotes",Fictional lean profile; location='unspecified'; tags=5,both/shared,lib/screens/post_pregnancy/pp_experts_data.dart
parenting,Find help > expert profile,My Child tab > Explore drawer > Find help (also: V3 home > any door > consult layer 'Talk to a ...'; What Changed > 'Find help'; My Bookings empty state) > Browse by need 'Child derma' > Dr. Vikram Sethi,expert profile,Dr. Vikram Sethi — Paediatric dermatologist · 15 years — Child derma — consult ₹1100,1,"A real, consented practitioner: name, photo, verified qualifications + council registration, city, languages, consult fee, availability; replace fictional review quotes",Fictional lean profile; location='unspecified'; tags=4,both/shared,lib/screens/post_pregnancy/pp_experts_data.dart
parenting,Find help > expert profile,My Child tab > Explore drawer > Find help (also: V3 home > any door > consult layer 'Talk to a ...'; What Changed > 'Find help'; My Bookings empty state) > Browse by need 'Child derma' > Dr. Leela Menon,expert profile,Dr. Leela Menon — Paediatric dermatologist · 16 years — Child derma — consult ₹1300,1,"A real, consented practitioner: name, photo, verified qualifications + council registration, city, languages, consult fee, availability; replace fictional review quotes",Fictional lean profile; location='unspecified'; tags=4,both/shared,lib/screens/post_pregnancy/pp_experts_data.dart
parenting,Find help > expert profile,My Child tab > Explore drawer > Find help (also: V3 home > any door > consult layer 'Talk to a ...'; What Changed > 'Find help'; My Bookings empty state) > Browse by need 'Child derma' > Dr. Arjun Rao,expert profile,Dr. Arjun Rao — Dermatologist (child skin) · 9 years — Child derma — consult ₹900,1,"A real, consented practitioner: name, photo, verified qualifications + council registration, city, languages, consult fee, availability; replace fictional review quotes",Fictional lean profile; location='unspecified'; tags=4,both/shared,lib/screens/post_pregnancy/pp_experts_data.dart
parenting,Find help > expert profile,My Child tab > Explore drawer > Find help (also: V3 home > any door > consult layer 'Talk to a ...'; What Changed > 'Find help'; My Bookings empty state) > Browse by need 'Child psychologist' > Dr. Tara Bose,expert profile,Dr. Tara Bose — Child psychologist · 14 years — Child psychologist — consult ₹1800,1,"A real, consented practitioner: name, photo, verified qualifications + council registration, city, languages, consult fee, availability; replace fictional review quotes",Fictional lean profile; location='unspecified'; tags=5,both/shared,lib/screens/post_pregnancy/pp_experts_data.dart
parenting,Find help > expert profile,My Child tab > Explore drawer > Find help (also: V3 home > any door > consult layer 'Talk to a ...'; What Changed > 'Find help'; My Bookings empty state) > Browse by need 'Child psychologist' > Dr. Sameer Ali,expert profile,Dr. Sameer Ali — Child & adolescent psychologist · 10 years — Child psychologist — consult ₹1500,1,"A real, consented practitioner: name, photo, verified qualifications + council registration, city, languages, consult fee, availability; replace fictional review quotes",Fictional lean profile; location='unspecified'; tags=4,both/shared,lib/screens/post_pregnancy/pp_experts_data.dart
parenting,Find help > expert profile,My Child tab > Explore drawer > Find help (also: V3 home > any door > consult layer 'Talk to a ...'; What Changed > 'Find help'; My Bookings empty state) > Browse by need 'Special needs expert' > Priya Ranganathan,expert profile,"Priya Ranganathan — Special educator (autism, ADHD) · 13 years — Special needs expert — consult ₹1400",1,"A real, consented practitioner: name, photo, verified qualifications + council registration, city, languages, consult fee, availability; replace fictional review quotes",Fictional lean profile; location='unspecified'; tags=4,both/shared,lib/screens/post_pregnancy/pp_experts_data.dart
parenting,Find help > expert profile,My Child tab > Explore drawer > Find help (also: V3 home > any door > consult layer 'Talk to a ...'; What Changed > 'Find help'; My Bookings empty state) > Browse by need 'Special needs expert' > Neil Dcosta,expert profile,Neil Dcosta — Occupational therapist · 8 years — Special needs expert — consult ₹1200,1,"A real, consented practitioner: name, photo, verified qualifications + council registration, city, languages, consult fee, availability; replace fictional review quotes",Fictional lean profile; location='unspecified'; tags=4,both/shared,lib/screens/post_pregnancy/pp_experts_data.dart
parenting,Find help > expert profile,My Child tab > Explore drawer > Find help (also: V3 home > any door > consult layer 'Talk to a ...'; What Changed > 'Find help'; My Bookings empty state) > Browse by need 'Special needs expert' > Maya Krishnan,expert profile,Maya Krishnan — Developmental therapist · 11 years — Special needs expert — consult ₹1300,1,"A real, consented practitioner: name, photo, verified qualifications + council registration, city, languages, consult fee, availability; replace fictional review quotes",Fictional lean profile; location='unspecified'; tags=4,both/shared,lib/screens/post_pregnancy/pp_experts_data.dart
parenting,Find help > expert profile,My Child tab > Explore drawer > Find help (also: V3 home > any door > consult layer 'Talk to a ...'; What Changed > 'Find help'; My Bookings empty state) > Browse by need 'Sleep expert' > Aditi Rao,expert profile,Aditi Rao — Certified paediatric sleep coach · 7 years — Sleep expert — consult ₹800 — SEEDED,1,"A real, consented practitioner: name, photo, verified qualifications + council registration, city, languages, consult fee, availability; replace fictional review quotes","Seeded placeholder (Expert.seeded=true), booking stubbed; location='unspecified'; tags=4",both/shared,lib/screens/post_pregnancy/pp_experts_data.dart
parenting,Find help > expert profile,My Child tab > Explore drawer > Find help (also: V3 home > any door > consult layer 'Talk to a ...'; What Changed > 'Find help'; My Bookings empty state) > Browse by need 'Sleep expert' > Farah Qureshi,expert profile,Farah Qureshi — Sleep consultant · 5 years — Sleep expert — consult ₹700 — SEEDED,1,"A real, consented practitioner: name, photo, verified qualifications + council registration, city, languages, consult fee, availability; replace fictional review quotes","Seeded placeholder (Expert.seeded=true), booking stubbed; location='unspecified'; tags=4",both/shared,lib/screens/post_pregnancy/pp_experts_data.dart
parenting,Find help > expert profile,My Child tab > Explore drawer > Find help (also: V3 home > any door > consult layer 'Talk to a ...'; What Changed > 'Find help'; My Bookings empty state) > Browse by need 'Nutritionist' > Divya Menon,expert profile,Divya Menon — Paediatric nutritionist · 9 years — Nutritionist — consult ₹900 — SEEDED,1,"A real, consented practitioner: name, photo, verified qualifications + council registration, city, languages, consult fee, availability; replace fictional review quotes","Seeded placeholder (Expert.seeded=true), booking stubbed; location='unspecified'; tags=5",both/shared,lib/screens/post_pregnancy/pp_experts_data.dart
parenting,Find help > expert profile,My Child tab > Explore drawer > Find help (also: V3 home > any door > consult layer 'Talk to a ...'; What Changed > 'Find help'; My Bookings empty state) > Browse by need 'Nutritionist' > Ritika Shah,expert profile,Ritika Shah — Clinical dietitian · 6 years — Nutritionist — consult ₹800 — SEEDED,1,"A real, consented practitioner: name, photo, verified qualifications + council registration, city, languages, consult fee, availability; replace fictional review quotes","Seeded placeholder (Expert.seeded=true), booking stubbed; location='unspecified'; tags=4",both/shared,lib/screens/post_pregnancy/pp_experts_data.dart
parenting,Find help > expert profile,My Child tab > Explore drawer > Find help (also: V3 home > any door > consult layer 'Talk to a ...'; What Changed > 'Find help'; My Bookings empty state) > Browse by need 'Physiotherapist' > Neha Kulkarni,expert profile,Neha Kulkarni — Postnatal physiotherapist · 8 years — Physiotherapist — consult ₹900 — SEEDED,1,"A real, consented practitioner: name, photo, verified qualifications + council registration, city, languages, consult fee, availability; replace fictional review quotes","Seeded placeholder (Expert.seeded=true), booking stubbed; location='unspecified'; tags=5",both/shared,lib/screens/post_pregnancy/pp_experts_data.dart
parenting,Find help > expert profile,My Child tab > Explore drawer > Find help (also: V3 home > any door > consult layer 'Talk to a ...'; What Changed > 'Find help'; My Bookings empty state) > Browse by need 'Physiotherapist' > Sana Iqbal,expert profile,Sana Iqbal — Womens health physiotherapist · 6 years — Physiotherapist — consult ₹800 — SEEDED,1,"A real, consented practitioner: name, photo, verified qualifications + council registration, city, languages, consult fee, availability; replace fictional review quotes","Seeded placeholder (Expert.seeded=true), booking stubbed; location='unspecified'; tags=4",both/shared,lib/screens/post_pregnancy/pp_experts_data.dart
parenting,Find help > expert profile,My Child tab > Explore drawer > Find help (also: V3 home > any door > consult layer 'Talk to a ...'; What Changed > 'Find help'; My Bookings empty state) > Browse by need 'Maternal mental health' > Dr. Kavita Bhatt,expert profile,Dr. Kavita Bhatt — Perinatal psychologist · 11 years — Maternal mental health — consult ₹1200 — SEEDED,1,"A real, consented practitioner: name, photo, verified qualifications + council registration, city, languages, consult fee, availability; replace fictional review quotes","Seeded placeholder (Expert.seeded=true), booking stubbed; location='unspecified'; tags=5",both/shared,lib/screens/post_pregnancy/pp_experts_data.dart
parenting,Find help > expert profile,My Child tab > Explore drawer > Find help (also: V3 home > any door > consult layer 'Talk to a ...'; What Changed > 'Find help'; My Bookings empty state) > Browse by need 'Maternal mental health' > Meghna Das,expert profile,Meghna Das — Counselling psychologist · 7 years — Maternal mental health — consult ₹1000 — SEEDED,1,"A real, consented practitioner: name, photo, verified qualifications + council registration, city, languages, consult fee, availability; replace fictional review quotes","Seeded placeholder (Expert.seeded=true), booking stubbed; location='unspecified'; tags=6",both/shared,lib/screens/post_pregnancy/pp_experts_data.dart
parenting,Find help > expert profile,My Child tab > Explore drawer > Find help (also: V3 home > any door > consult layer 'Talk to a ...'; What Changed > 'Find help'; My Bookings empty state) > Browse by need 'Development expert' > Dr. Anil Verma,expert profile,Dr. Anil Verma — Developmental paediatrician · 14 years — Development expert — consult ₹1500 — SEEDED,1,"A real, consented practitioner: name, photo, verified qualifications + council registration, city, languages, consult fee, availability; replace fictional review quotes","Seeded placeholder (Expert.seeded=true), booking stubbed; location='unspecified'; tags=4",both/shared,lib/screens/post_pregnancy/pp_experts_data.dart
parenting,Find help > expert profile,My Child tab > Explore drawer > Find help (also: V3 home > any door > consult layer 'Talk to a ...'; What Changed > 'Find help'; My Bookings empty state) > Browse by need 'Development expert' > Preeti Nair,expert profile,Preeti Nair — Occupational therapist · 9 years — Development expert — consult ₹1000 — SEEDED,1,"A real, consented practitioner: name, photo, verified qualifications + council registration, city, languages, consult fee, availability; replace fictional review quotes","Seeded placeholder (Expert.seeded=true), booking stubbed; location='unspecified'; tags=4",both/shared,lib/screens/post_pregnancy/pp_experts_data.dart
parenting,Find help > expert profile,My Child tab > Explore drawer > Find help (also: V3 home > any door > consult layer 'Talk to a ...'; What Changed > 'Find help'; My Bookings empty state) > Browse by need 'Early learning expert' > Shruti Kapoor,expert profile,Shruti Kapoor — Early years educator · 10 years — Early learning expert — consult ₹700 — SEEDED,1,"A real, consented practitioner: name, photo, verified qualifications + council registration, city, languages, consult fee, availability; replace fictional review quotes","Seeded placeholder (Expert.seeded=true), booking stubbed; location='unspecified'; tags=5",both/shared,lib/screens/post_pregnancy/pp_experts_data.dart
parenting,Find help > expert profile,My Child tab > Explore drawer > Find help (also: V3 home > any door > consult layer 'Talk to a ...'; What Changed > 'Find help'; My Bookings empty state) > Browse by need 'Early learning expert' > Zoya Ahmed,expert profile,Zoya Ahmed — Montessori guide · 7 years — Early learning expert — consult ₹650 — SEEDED,1,"A real, consented practitioner: name, photo, verified qualifications + council registration, city, languages, consult fee, availability; replace fictional review quotes","Seeded placeholder (Expert.seeded=true), booking stubbed; location='unspecified'; tags=5",both/shared,lib/screens/post_pregnancy/pp_experts_data.dart
parenting,Find help,My Child tab > Explore drawer > Find help (also: V3 home > any door > consult layer 'Talk to a ...'; What Changed > 'Find help'; My Bookings empty state) > expert profile > Book a consultation,paid offering (consult),"1:1 consults for 34 find-help experts, ₹500–₹2,000 (16 distinct fees)",34,"Real pricing, real calendars, payment (server-side), video-call provider; decide referral vs in-house (disclaimer text says both in different profiles)","BookingCatalog.offeringForCatalog → booking engine sheet, else mock ProviderBookingSheet (local snackbar, no payment)",both/shared,lib/screens/post_pregnancy/provider_booking_sheet.dart
parenting,Find help,My Child tab > Explore drawer > Find help (also: V3 home > any door > consult layer 'Talk to a ...'; What Changed > 'Find help'; My Bookings empty state) > 'Browse by need',data source,"13 FindHelpNeed categories (7 with fictional real-shaped supply, 6 seeded-only: Sleep expert, Child nutritionist, Postnatal physiotherapist, Postnatal counsellor, Development expert, Early learning expert)",13,Decide final taxonomy; sign at least 2 real experts per category,kFindHelpNeeds const; categoryIsSeededOnly() available,both/shared,lib/screens/post_pregnancy/pp_experts_data.dart
parenting,Find help > triage,V3 'something is off' page > 'Work out which help you need',tracker/tool,Two-question routing quiz to a kind of expert,1,Copy review only; grows when supply grows,"Live, routes to ProviderResultsScreen",both/shared,lib/screens/post_pregnancy/find_help_triage_screen.dart
parenting,Find help,My Child tab > Explore drawer > Find help (also: V3 home > any door > consult layer 'Talk to a ...'; What Changed > 'Find help'; My Bookings empty state),legal/disclaimer,"'Booking is handled by our partner. ParentVeda earns a small referral fee' vs 'A private video consult, booked and held inside ParentVeda'",2,One consistent commercial model + legal copy,Two contradictory disclaimers across profiles,both/shared,lib/screens/post_pregnancy/pp_experts_data.dart
parenting,Experts registry,"Shared by Find help, Courses, Watch channels, Yoga, doctor app, Pregnancy",data source,Single Expert registry also appends 7 pregnancy experts + 7 yoga experts (other groups),14,Counted by the Pregnancy/Yoga groups — listed here for wiring only,"lib/experts/pregnancy_experts.dart, yoga_experts.dart",both/shared,lib/experts/expert.dart
parenting,Dadi/Nani Nuskhe,My Child tab > Explore drawer > Dadi/Nani Nuskhe (also: V3 home > Sleep door > extras 'What the grandmothers say'; V3 home > Traditions door > content/tools layer),expert profile,"Ayurvedic reviewer panel: Dr. Kamala Iyer (BAMS), Dr. Anil Deshpande (BAMS, MD Ayurveda), Dr. Lakshmi Nair (BAMS) + ""4 practitioners"" + an MBBS paediatrician",5,A real BAMS panel + a paediatrician to review all 22 remedies and sign off by name; photos for the 34 px avatars,Fictional names in RemedyPanel consts; stripes for avatars,both/shared,lib/screens/post_pregnancy/pp_nuskhe_data.dart
parenting,Dadi/Nani Nuskhe > remedy detail,My Child tab > Explore drawer > Dadi/Nani Nuskhe (also: V3 home > Sleep door > extras 'What the grandmothers say'; V3 home > Traditions door > content/tools layer) > any remedy > 'Shop' link,external link,"12 Shop links (e.g. 'Buy organic ajwain - 24 Mantra', 'Cold-pressed mustard oil', 'Solid silicone teether')",12,Affiliate/product targets (Amazon/FirstCry/brand) or map to Products catalogue,Visual only — tap shows 'coming soon'; one link has an empty title (hing_paste 'Shop'),both/shared,lib/screens/post_pregnancy/pp_nuskhe_data.dart
parenting,Dadi/Nani Nuskhe > remedy detail,My Child tab > Explore drawer > Dadi/Nani Nuskhe (also: V3 home > Sleep door > extras 'What the grandmothers say'; V3 home > Traditions door > content/tools layer) > Ajwain potli for a blocked nose > Sponsored,brand/sponsor,"Sponsored product slot on 'Ajwain potli for a blocked nose': Organic India · whole-seed ajwain / Single-origin, lab-tested purity.",1,A signed sponsor + product image + link; or remove,"Text-only labelled card, no tap target",both/shared,lib/screens/post_pregnancy/pp_nuskhe_data.dart
parenting,Dadi/Nani Nuskhe > remedy detail,My Child tab > Explore drawer > Dadi/Nani Nuskhe (also: V3 home > Sleep door > extras 'What the grandmothers say'; V3 home > Traditions door > content/tools layer) > Coconut oil for dry skin > Sponsored,brand/sponsor,"Sponsored product slot on 'Coconut oil for dry skin': Coco Soul · virgin coconut oil / Cold-pressed, nothing added.",1,A signed sponsor + product image + link; or remove,"Text-only labelled card, no tap target",both/shared,lib/screens/post_pregnancy/pp_nuskhe_data.dart
parenting,Dadi/Nani Nuskhe,My Child tab > Explore drawer > Dadi/Nani Nuskhe (also: V3 home > Sleep door > extras 'What the grandmothers say'; V3 home > Traditions door > content/tools layer),legal/disclaimer,"'This is supportive home care, not medical advice. When you see a red flag, a doctor comes first.' + 6 age-gated remedies (honey 1y+, nutmeg 8m+ sparingly, etc.)",7,Clinical sign-off of every red-flag list (88 red-flag lines across 22 remedies) and age gates,Copy present; no reviewer evidence,both/shared,lib/screens/post_pregnancy/pp_nuskhe_data.dart
parenting,Dadi/Nani Nuskhe,My Child tab > Explore drawer > Dadi/Nani Nuskhe (also: V3 home > Sleep door > extras 'What the grandmothers say'; V3 home > Traditions door > content/tools layer) > 'Popular this monsoon',data source,Seasonal 'popular' shelf = 4 hard-coded popular:true remedies,4,Decide whether seasonal curation is editorial (CMS) or static,Static flag,both/shared,lib/screens/post_pregnancy/pp_nuskhe_data.dart
parenting,Baby names,Tools tab > Baby names > Begin the journey > swipe deck > tap a card (Deep Dive) [also from 'Just show me names' list and the shortlist] > pronunciation play button,audio/rhyme/lullaby,"Pronunciation audio per name (Devanagari script shown, play icon)",21,21 short pronunciation clips (or a TTS hi-IN decision),Tap shows 'Pronunciation audio - coming soon' (V1 screens); V2 detail shows a volume icon with no handler,both/shared,lib/screens/post_pregnancy/name_detail_screen.dart
parenting,Baby names (V2 Journey),Tools tab > Baby names > 'Begin the journey' > taste quiz (who / feeling / community / region) > 'Discover names one by one' primer > swipe deck,tracker/tool,"Couple matching: NameMatchStore (likes → Supabase pp_name_votes, matches via pp_name_matches RPC; partner votes unreadable by RLS)",1,"Nothing content-wise; 3 names carry mutual:true as demo matches (Vihaan, Reyansh, Kabir) — remove demo flag when partner pairing is live","Live, local-first + cloud",both/shared,lib/screens/post_pregnancy/pp_names_data.dart
parenting,Baby names (V2 Journey),Tools tab > Baby names > 'Begin the journey' > taste quiz (who / feeling / community / region) > 'Discover names one by one' primer > swipe deck > taste quiz,data source,"8 'feeling you want' vibes (replace the 8 retired NameCollections: Timeless Classics, Trending Now, Modern & Fresh, Sun & Light, Devotional, Rare Sanskrit, Short & Sweet, Every Name)",8,Editorial taxonomy decision; collections need a catalogue >21 names to be meaningful,kNameCollections unused ('Discover by collection' removed); kNameVibes live,new,lib/screens/post_pregnancy/pp_names_v2_data.dart
parenting,Baby names (V2 Journey) > Chosen,"Tools tab > Baby names (also: V3 home > Traditions door > tools layer 'pp_names', path unsure) > Names you love > Choose > 'Begin <name>'s story'",coming-soon feature,"Chosen name → Journal V2 WriteStoryScreen ('The Story Behind My Name' as Chapter One); copy promises flow into Child Profile, Storybook and Namkaran",1,Confirm the Journal handoff and the Child Profile/Namkaran integrations (counted by Journal/My Child groups),Opens WriteStoryScreen; other integrations not evidenced here,new,lib/screens/post_pregnancy/name_journey_shortlist_screen.dart
parenting,Baby names,Tools tab > Baby names > Begin the journey > swipe deck > tap a card (Deep Dive) [also from 'Just show me names' list and the shortlist] > Astrology / Numerology,legal/disclaimer,"Astrology/numerology 'tradition, not a prediction' disclaimers",2,"Decide whether to keep astrology in a clinical-tone app; if kept, a named tradition reviewer",Present on both pages,both/shared,lib/screens/post_pregnancy/name_astro_screens.dart
parenting,Baby names (V1 — retired),Tools tab > Baby names > [toggle commented out],coming-soon feature,V1 Name Finder + NameVersionStore toggle,1,Decision: delete for good or keep for revert,Commented 'RETIRED 19 Jul — kept for revert'; NameFinderScreen unreachable,old (retired),lib/screens/post_pregnancy/baby_naming_home_screen.dart
parenting,Guided journeys,My Child tab > Explore drawer > Brand Studio > 'Sponsored journey' > Show me > Guided journeys (the Explore drawer row 'Guided journeys' is COMMENTED OUT),brand/sponsor,"Philips Avent 'Presented · 30 days of breastfeeding · Supported by Philips Avent' (BrandSlot.sponsoredJourney, placementKey jrn_breastfeeding_30, audience signal breastfeeding/mixed/expressed)",1,A signed sponsor; PresentedBy renders nothing unless a campaign is live,Demo campaign in brand_campaigns.dart,old (retired),lib/brand/brand_campaigns.dart
parenting,Guided journeys,My Child tab > Explore drawer > Brand Studio > 'Sponsored journey' > Show me > Guided journeys (the Explore drawer row 'Guided journeys' is COMMENTED OUT),tracker/tool,"JourneyStore enrolment + per-day done ticks (self-paced, no streaks, cloud-synced)",1,Nothing; feature is complete but its Explore door is closed,Live code; Explore row commented 'GUIDED JOURNEYS REMOVED FROM THE APP',old (retired),lib/screens/post_pregnancy/pp_journeys_data.dart
parenting,Guided journeys,My Child tab > Explore drawer > Brand Studio > 'Sponsored journey' > Show me > Guided journeys (the Explore drawer row 'Guided journeys' is COMMENTED OUT),coming-soon feature,"Only 1 journey exists (kJourneys = [kBreastfeedingJourney]); landing copy promises ""stretches that are hard to walk alone"" (plural)",1,"Decide: reopen the door and commission more 30-day journeys (sleep, weaning, postpartum recovery) or delete","One journey, door closed",old (retired),lib/screens/post_pregnancy/pp_journeys_data.dart
parenting,V3 hub journeys (never live) > Is my child ready?,V3 home > door tile (never renders: the section guard in pp_home_v3._hubAction opens the door's section before journeyFor() is consulted),tracker/tool,"A private check, not a test — A few honest questions about what you're seeing at  home — no score, no pass or fail.",1,Owed element; check the door's live section first,"owed: true, never rendered (section guard)",old (retired),lib/data/journeys/parenting_journeys.dart
parenting,V3 hub journeys (never live) > Start & manage potty training,V3 home > door tile (never renders: the section guard in pp_home_v3._hubAction opens the door's section before journeyFor() is consulted),product/recommendation entry,"Seats, step stools and what is worth buying — What genuinely helps, and what's a gimmick you can  skip.",1,Owed element; check the door's live section first,"owed: true, never rendered (section guard)",old (retired),lib/data/journeys/parenting_journeys.dart
parenting,V3 hub journeys (never live) > Understand my recovery,V3 home > door tile (never renders: the section guard in pp_home_v3._hubAction opens the door's section before journeyFor() is consulted),tracker/tool,"A simple, private log — Bleeding, mood, sleep — a place to notice a pattern  for yourself, not to report to anyone.",1,Owed element; check the door's live section first,"owed: true, never rendered (section guard)",old (retired),lib/data/journeys/parenting_journeys.dart
parenting,V3 hub journeys (never live) > Explore a tradition,V3 home > door tile (never renders: the section guard in pp_home_v3._hubAction opens the door's section before journeyFor() is consulted),activity,"A simple checklist for the day itself — What families typically arrange — priest, food, who  to invite — so nothing's a last-minute scramble.",1,Owed element; check the door's live section first,"owed: true, never rendered (section guard)",old (retired),lib/data/journeys/parenting_journeys.dart
parenting,V3 hub journeys (never live),V3 home > door tile (never renders: the section guard in pp_home_v3._hubAction opens the door's section before journeyFor() is consulted),coming-soon feature,"7 JourneyConfigs (21 steps, 21 elements, 15 owed): Is my child ready? / Start & manage potty training / Prepare for school / Follow my First 40 Days / Get help with a recovery concern / Understand my recovery / Explore a tradition",7,Decision: delete the configs or repurpose their owed items as section content briefs,Registered in kAllJourneys but unreachable — sectionForAction intercepts every door,old (retired),lib/data/journeys/parenting_journeys.dart
parenting,Solve problem guide (retired),(unreachable) old PostPregnancyHome > 'The 4-month sleep regression',product/recommendation entry,"White-noise soother ₹1,499 (dozy); Blackout curtains ₹1,299 (hushcurtains)",2,Counted by Products group; listed for wiring,ppProductRow → product ids,old (retired),lib/screens/post_pregnancy/solve_problem_screen.dart
parenting,Solve problem guide (retired),(unreachable) old PostPregnancyHome > 'The 4-month sleep regression' > Go deeper,coming-soon feature,"Go-deeper rows: FAQ 'Should I sleep-train at 4 months?', Course 'Sleep Bootcamp · Module 2', Room 'March 2025 babies · 42 replies'",3,None unless screen is revived,"Static rows, no targets",old (retired),lib/screens/post_pregnancy/solve_problem_screen.dart
