stage,area,tap_path,content_type,title_or_id,purpose,audience_age,current_words,count,status,version,source_file,notes
parenting,Door: Sleep,My Child tab > 'Current | V3' pill > V3 home > 'Sleep' door > 'Sleep' section,section-hero copy,Sleep,Section title + intro paragraph on the door landing,0-5 years,9,1,placeholder,new,lib/screens/post_pregnancy/pp_sleep_content.dart,subtitle=''; also reachable by surface id pp_section/parenting_sleep
parenting,Door: Sleep,My Child tab > 'Current | V3' pill > V3 home > 'Sleep' door > 'Sleep' section > area tiles,area title + blurb,7 areas,Cover-card tiles that open each area,0-5 years,114,7,placeholder,new,lib/screens/post_pregnancy/pp_sleep_content.dart,"areas: How much sleep does she need? | She keeps waking at night | Her sleep suddenly got worse | Getting her to sleep | Keeping her safe while she sleeps | The things that worry you | Music, lori and sleep sounds"
parenting,Door: Sleep,"My Child tab > 'Current | V3' pill > V3 home > 'Sleep' door > 'Sleep' section > 'How much sleep does she need?' > 'Newborn sleep, 0 to 3 months'",chart card page,"Newborn sleep, 0 to 3 months",Content page in area 'How much sleep does she need?',0-3 months,204,1,placeholder,new,lib/screens/post_pregnancy/pp_sleep_content.dart,"format=CHART-CARD; 1 chart cards, 1 callouts, 1 India notes, 1 links; 0 cards, 0 steps"
parenting,Door: Sleep,My Child tab > 'Current | V3' pill > V3 home > 'Sleep' door > 'Sleep' section > 'How much sleep does she need?' > 'Sleep at 3 to 6 months',chart card page,Sleep at 3 to 6 months,Content page in area 'How much sleep does she need?',3-6 months,178,1,placeholder,new,lib/screens/post_pregnancy/pp_sleep_content.dart,"format=CHART-CARD; 1 chart cards, 1 callouts, 1 India notes, 1 links; 0 cards, 0 steps"
parenting,Door: Sleep,My Child tab > 'Current | V3' pill > V3 home > 'Sleep' door > 'Sleep' section > 'How much sleep does she need?' > 'Sleep at 6 to 12 months',chart card page,Sleep at 6 to 12 months,Content page in area 'How much sleep does she need?',6-12 months,189,1,placeholder,new,lib/screens/post_pregnancy/pp_sleep_content.dart,"format=CHART-CARD; 1 chart cards, 1 callouts, 1 India notes, 1 links; 0 cards, 0 steps"
parenting,Door: Sleep,My Child tab > 'Current | V3' pill > V3 home > 'Sleep' door > 'Sleep' section > 'How much sleep does she need?' > 'Sleep for a 1 to 3 year old',chart card page,Sleep for a 1 to 3 year old,Content page in area 'How much sleep does she need?',1-3 years,184,1,placeholder,new,lib/screens/post_pregnancy/pp_sleep_content.dart,"format=CHART-CARD; 1 chart cards, 1 callouts, 1 India notes, 1 links; 0 cards, 0 steps"
parenting,Door: Sleep,My Child tab > 'Current | V3' pill > V3 home > 'Sleep' door > 'Sleep' section > 'How much sleep does she need?' > 'Sleep for a 3 to 5 year old',chart card page,Sleep for a 3 to 5 year old,Content page in area 'How much sleep does she need?',3-5 years,184,1,placeholder,new,lib/screens/post_pregnancy/pp_sleep_content.dart,"format=CHART-CARD; 1 chart cards, 1 callouts, 1 India notes, 1 links; 0 cards, 0 steps"
parenting,Door: Sleep,My Child tab > 'Current | V3' pill > V3 home > 'Sleep' door > 'Sleep' section > 'How much sleep does she need?' > 'Why her sleep is not like yours',short article + diagram,Why her sleep is not like yours,"Content page in area 'How much sleep does she need?' - The reason she stirs, in plain terms",0-5 years (all bands),354,1,placeholder,new,lib/screens/post_pregnancy/pp_sleep_content.dart,"format=SHORT ARTICLE + diagram; 1 article blocks, 1 tables, 1 callouts, 1 video slots, 1 links; 0 cards, 0 steps"
parenting,Door: Sleep,My Child tab > 'Current | V3' pill > V3 home > 'Sleep' door > 'Sleep' section > 'She keeps waking at night' > 'Why babies wake',cards page,Why babies wake,Content page in area 'She keeps waking at night',0-5 years (all bands),394,1,placeholder,new,lib/screens/post_pregnancy/pp_sleep_content.dart,"format=CARDS; 1 card groups, 2 callouts, 1 India notes; 8 cards, 0 steps"
parenting,Door: Sleep,My Child tab > 'Current | V3' pill > V3 home > 'Sleep' door > 'Sleep' section > 'She keeps waking at night' > 'What is normal night waking',comparison table,What is normal night waking,"Content page in area 'She keeps waking at night' - A page to scan, then relax",0-5 years (all bands),246,1,placeholder,new,lib/screens/post_pregnancy/pp_sleep_content.dart,"format=COMPARISON TABLE; 1 tables, 1 callouts, 1 India notes, 1 video slots; 0 cards, 0 steps"
parenting,Door: Sleep,My Child tab > 'Current | V3' pill > V3 home > 'Sleep' door > 'Sleep' section > 'She keeps waking at night' > 'Gentle ways to settle her',step-list cards,Gentle ways to settle her,Content page in area 'She keeps waking at night',0-5 years (all bands),789,1,placeholder,new,lib/screens/post_pregnancy/pp_sleep_content.dart,"format=STEP-LIST CARDS; 5 step-lists, 1 card groups, 1 callouts, 1 India notes, 1 video slots, 1 consult CTAs; 5 cards, 21 steps"
parenting,Door: Sleep,My Child tab > 'Current | V3' pill > V3 home > 'Sleep' door > 'Sleep' section > 'She keeps waking at night' > 'What to do at 3am',short text / quick reference,What to do at 3am,"Content page in area 'She keeps waking at night' - The short version, for when you cannot read",0-5 years (all bands),329,1,placeholder,new,lib/screens/post_pregnancy/pp_sleep_content.dart,"format=SHORT TEXT / quick reference; 1 step-lists, 1 card groups, 1 callouts, 1 India notes; 4 cards, 7 steps"
parenting,Door: Sleep,My Child tab > 'Current | V3' pill > V3 home > 'Sleep' door > 'Sleep' section > 'She keeps waking at night' > 'Gently dropping night feeds',article,Gently dropping night feeds,Content page in area 'She keeps waking at night',"6-12 months, 1-3 years",478,1,placeholder,new,lib/screens/post_pregnancy/pp_sleep_content.dart,"format=ARTICLE; 1 article blocks, 1 step-lists, 2 callouts, 1 India notes; 0 cards, 7 steps"
parenting,Door: Sleep,My Child tab > 'Current | V3' pill > V3 home > 'Sleep' door > 'Sleep' section > 'She keeps waking at night' > 'When night waking needs a doctor',flagged callout,When night waking needs a doctor,Content page in area 'She keeps waking at night',0-5 years (all bands),323,1,placeholder,new,lib/screens/post_pregnancy/pp_sleep_content.dart,"format=FLAGGED CALLOUT; 1 card groups, 2 callouts, 1 links; 6 cards, 0 steps"
parenting,Door: Sleep,My Child tab > 'Current | V3' pill > V3 home > 'Sleep' door > 'Sleep' section > 'Her sleep suddenly got worse' > 'What is a sleep regression',short article + timeline,What is a sleep regression,Content page in area 'Her sleep suddenly got worse',0-5 years (all bands),405,1,placeholder,new,lib/screens/post_pregnancy/pp_sleep_content.dart,"format=SHORT ARTICLE + timeline; 1 article blocks, 1 chart cards, 1 callouts, 1 India notes, 1 video slots, 1 consult CTAs; 0 cards, 0 steps"
parenting,Door: Sleep,My Child tab > 'Current | V3' pill > V3 home > 'Sleep' door > 'Sleep' section > 'Her sleep suddenly got worse' > 'The 4 month regression',article,The 4 month regression,Content page in area 'Her sleep suddenly got worse',"0-3 months, 3-6 months",540,1,placeholder,new,lib/screens/post_pregnancy/pp_sleep_content.dart,"format=ARTICLE; 1 article blocks, 1 step-lists, 1 card groups, 1 chart cards, 1 callouts, 1 India notes; 5 cards, 6 steps"
parenting,Door: Sleep,My Child tab > 'Current | V3' pill > V3 home > 'Sleep' door > 'Sleep' section > 'Her sleep suddenly got worse' > 'The 8 to 10 month regression',article,The 8 to 10 month regression,Content page in area 'Her sleep suddenly got worse',"3-6 months, 6-12 months",578,1,placeholder,new,lib/screens/post_pregnancy/pp_sleep_content.dart,"format=ARTICLE; 1 article blocks, 1 step-lists, 1 card groups, 1 chart cards, 1 callouts, 1 India notes; 6 cards, 6 steps"
parenting,Door: Sleep,"My Child tab > 'Current | V3' pill > V3 home > 'Sleep' door > 'Sleep' section > 'Her sleep suddenly got worse' > 'The toddler sleep wobbles, 18 months and 2 years'",article,"The toddler sleep wobbles, 18 months and 2 years",Content page in area 'Her sleep suddenly got worse',"6-12 months, 1-3 years, 3-5 years",603,1,placeholder,new,lib/screens/post_pregnancy/pp_sleep_content.dart,"format=ARTICLE; 1 article blocks, 1 step-lists, 1 card groups, 1 chart cards, 1 callouts, 1 India notes; 6 cards, 6 steps"
parenting,Door: Sleep,My Child tab > 'Current | V3' pill > V3 home > 'Sleep' door > 'Sleep' section > 'Getting her to sleep' > 'A calming bedtime routine',step-list + callout,A calming bedtime routine,Content page in area 'Getting her to sleep',0-5 years (all bands),388,1,placeholder,new,lib/screens/post_pregnancy/pp_sleep_content.dart,"format=STEP-LIST + callout; 1 step-lists, 1 callouts, 1 India notes, 1 video slots, 1 links; 0 cards, 7 steps"
parenting,Door: Sleep,My Child tab > 'Current | V3' pill > V3 home > 'Sleep' door > 'Sleep' section > 'Getting her to sleep' > 'The hour before bed',short-article,The hour before bed,Content page in area 'Getting her to sleep',0-5 years (all bands),402,1,placeholder,new,lib/screens/post_pregnancy/pp_sleep_content.dart,"format=SHORT ARTICLE; 1 article blocks, 1 card groups, 1 callouts, 1 India notes; 5 cards, 0 steps"
parenting,Door: Sleep,My Child tab > 'Current | V3' pill > V3 home > 'Sleep' door > 'Sleep' section > 'Getting her to sleep' > 'Malish before sleep',step-list,Malish before sleep,Content page in area 'Getting her to sleep',0-5 years (all bands),527,1,placeholder,new,lib/screens/post_pregnancy/pp_sleep_content.dart,"format=STEP-LIST; 1 article blocks, 1 step-lists, 2 callouts, 1 India notes; 0 cards, 9 steps"
parenting,Door: Sleep,My Child tab > 'Current | V3' pill > V3 home > 'Sleep' door > 'Sleep' section > 'Getting her to sleep' > 'She only falls asleep on the feed',article,She only falls asleep on the feed,Content page in area 'Getting her to sleep',0-5 years (all bands),468,1,placeholder,new,lib/screens/post_pregnancy/pp_sleep_content.dart,"format=ARTICLE; 1 article blocks, 1 card groups, 1 callouts, 1 India notes; 5 cards, 0 steps"
parenting,Door: Sleep,My Child tab > 'Current | V3' pill > V3 home > 'Sleep' door > 'Sleep' section > 'Getting her to sleep' > 'She sleeps all day and is awake all night',article,She sleeps all day and is awake all night,Content page in area 'Getting her to sleep',0-3 months,396,1,placeholder,new,lib/screens/post_pregnancy/pp_sleep_content.dart,"format=ARTICLE; 1 article blocks, 1 step-lists, 1 callouts, 1 India notes; 0 cards, 6 steps"
parenting,Door: Sleep,My Child tab > 'Current | V3' pill > V3 home > 'Sleep' door > 'Sleep' section > 'Getting her to sleep' > 'When naps drop away',chart,When naps drop away,Content page in area 'Getting her to sleep',0-5 years (all bands),330,1,placeholder,new,lib/screens/post_pregnancy/pp_sleep_content.dart,"format=CHART; 1 card groups, 1 tables, 1 callouts, 1 India notes, 1 links; 4 cards, 0 steps"
parenting,Door: Sleep,My Child tab > 'Current | V3' pill > V3 home > 'Sleep' door > 'Sleep' section > 'Getting her to sleep' > 'Sleep in a joint family or a shared room',article,Sleep in a joint family or a shared room,Content page in area 'Getting her to sleep',0-5 years (all bands),518,1,placeholder,new,lib/screens/post_pregnancy/pp_sleep_content.dart,"format=ARTICLE; 1 article blocks, 1 card groups, 1 callouts, 1 India notes; 6 cards, 0 steps"
parenting,Door: Sleep,My Child tab > 'Current | V3' pill > V3 home > 'Sleep' door > 'Sleep' section > 'Keeping her safe while she sleeps' > 'Safer bed-sharing',"article, harm-reduction framed",Safer bed-sharing,Content page in area 'Keeping her safe while she sleeps' - How to share a bed with fewer risks,0-5 years (all bands),899,1,placeholder,new,lib/screens/post_pregnancy/pp_sleep_content.dart,"format=ARTICLE, harm-reduction framed; 1 article blocks, 1 step-lists, 2 card groups, 2 callouts, 1 India notes, 1 video slots; 12 cards, 8 steps"
parenting,Door: Sleep,"My Child tab > 'Current | V3' pill > V3 home > 'Sleep' door > 'Sleep' section > 'Keeping her safe while she sleeps' > 'On her back, every sleep'",short-article,"On her back, every sleep",Content page in area 'Keeping her safe while she sleeps',0-5 years (all bands),352,1,placeholder,new,lib/screens/post_pregnancy/pp_sleep_content.dart,"format=SHORT ARTICLE; 1 article blocks, 2 callouts, 1 India notes; 0 cards, 0 steps"
parenting,Door: Sleep,"My Child tab > 'Current | V3' pill > V3 home > 'Sleep' door > 'Sleep' section > 'Keeping her safe while she sleeps' > 'Swaddling, and when to stop'",step-list,"Swaddling, and when to stop",Content page in area 'Keeping her safe while she sleeps',"0-3 months, 3-6 months",355,1,placeholder,new,lib/screens/post_pregnancy/pp_sleep_content.dart,"format=STEP-LIST; 1 step-lists, 2 callouts, 1 India notes; 0 cards, 7 steps"
parenting,Door: Sleep,"My Child tab > 'Current | V3' pill > V3 home > 'Sleep' door > 'Sleep' section > 'Keeping her safe while she sleeps' > 'Her sleep space, checked'",cards / checklist,"Her sleep space, checked",Content page in area 'Keeping her safe while she sleeps',0-5 years (all bands),392,1,placeholder,new,lib/screens/post_pregnancy/pp_sleep_content.dart,"format=CARDS / CHECKLIST; 2 card groups, 1 callouts, 1 India notes; 11 cards, 0 steps"
parenting,Door: Sleep,"My Child tab > 'Current | V3' pill > V3 home > 'Sleep' door > 'Sleep' section > 'Keeping her safe while she sleeps' > 'Too warm, and how to tell'",short-article,"Too warm, and how to tell",Content page in area 'Keeping her safe while she sleeps',0-5 years (all bands),462,1,placeholder,new,lib/screens/post_pregnancy/pp_sleep_content.dart,"format=SHORT ARTICLE; 1 article blocks, 1 card groups, 1 chart cards, 1 callouts, 1 India notes; 5 cards, 0 steps"
parenting,Door: Sleep,"My Child tab > 'Current | V3' pill > V3 home > 'Sleep' door > 'Sleep' section > 'Keeping her safe while she sleeps' > 'SIDS, explained calmly'",article,"SIDS, explained calmly",Content page in area 'Keeping her safe while she sleeps',0-5 years (all bands),503,1,placeholder,new,lib/screens/post_pregnancy/pp_sleep_content.dart,"format=ARTICLE; 1 article blocks, 1 card groups, 2 callouts, 1 India notes; 8 cards, 0 steps"
parenting,Door: Sleep,My Child tab > 'Current | V3' pill > V3 home > 'Sleep' door > 'Sleep' section > 'The things that worry you' > 'She only sleeps on me',short-article,She only sleeps on me,Content page in area 'The things that worry you',"0-3 months, 3-6 months, 6-12 months",444,1,placeholder,new,lib/screens/post_pregnancy/pp_sleep_content.dart,"format=SHORT ARTICLE; 1 article blocks, 1 card groups, 1 callouts, 1 India notes, 1 video slots; 6 cards, 0 steps"
parenting,Door: Sleep,My Child tab > 'Current | V3' pill > V3 home > 'Sleep' door > 'Sleep' section > 'The things that worry you' > 'Her naps are only 30 minutes',short-article,Her naps are only 30 minutes,Content page in area 'The things that worry you',"0-3 months, 3-6 months, 6-12 months",364,1,placeholder,new,lib/screens/post_pregnancy/pp_sleep_content.dart,"format=SHORT ARTICLE; 1 article blocks, 1 card groups, 1 callouts, 1 India notes; 6 cards, 0 steps"
parenting,Door: Sleep,My Child tab > 'Current | V3' pill > V3 home > 'Sleep' door > 'Sleep' section > 'The things that worry you' > 'She is up at 5am',short-article,She is up at 5am,Content page in area 'The things that worry you',0-5 years (all bands),394,1,placeholder,new,lib/screens/post_pregnancy/pp_sleep_content.dart,"format=SHORT ARTICLE; 1 article blocks, 1 card groups, 1 callouts, 1 India notes; 6 cards, 0 steps"
parenting,Door: Sleep,"My Child tab > 'Current | V3' pill > V3 home > 'Sleep' door > 'Sleep' section > 'The things that worry you' > 'She sleeps all the time, is that alright?'",short-article,"She sleeps all the time, is that alright?",Content page in area 'The things that worry you',"0-3 months, 3-6 months",391,1,placeholder,new,lib/screens/post_pregnancy/pp_sleep_content.dart,"format=SHORT ARTICLE; 1 article blocks, 1 card groups, 1 callouts, 1 India notes; 5 cards, 0 steps"
parenting,Door: Sleep,My Child tab > 'Current | V3' pill > V3 home > 'Sleep' door > 'Sleep' section > 'The things that worry you' > 'Moving her to her own bed or room',short-article,Moving her to her own bed or room,Content page in area 'The things that worry you',"6-12 months, 1-3 years, 3-5 years",449,1,placeholder,new,lib/screens/post_pregnancy/pp_sleep_content.dart,"format=SHORT ARTICLE; 1 article blocks, 1 step-lists, 1 callouts, 1 India notes; 0 cards, 7 steps"
parenting,Door: Sleep,My Child tab > 'Current | V3' pill > V3 home > 'Sleep' door > 'Sleep' section > 'The things that worry you' > 'She breathes noisily or snores in her sleep',short article + doctor callout,She breathes noisily or snores in her sleep,Content page in area 'The things that worry you',0-5 years (all bands),549,1,placeholder,new,lib/screens/post_pregnancy/pp_sleep_content.dart,"format=SHORT ARTICLE + doctor callout; 1 article blocks, 2 card groups, 2 callouts, 1 India notes; 10 cards, 0 steps"
parenting,Door: Sleep,"My Child tab > 'Current | V3' pill > V3 home > 'Sleep' door > 'Sleep' section > 'Music, lori and sleep sounds' > 'Does music actually help babies sleep?'",honest article,Does music actually help babies sleep?,"Content page in area 'Music, lori and sleep sounds'",0-5 years (all bands),576,1,placeholder,new,lib/screens/post_pregnancy/pp_sleep_content.dart,"format=HONEST ARTICLE; 1 article blocks, 1 card groups, 1 callouts, 1 India notes, 1 video slots, 1 links; 5 cards, 0 steps"
parenting,Door: Sleep,"My Child tab > 'Current | V3' pill > V3 home > 'Sleep' door > 'Sleep' section > 'Music, lori and sleep sounds' > 'The Sleep Sounds library'",audio library,The Sleep Sounds library,"Content page in area 'Music, lori and sleep sounds' - Everything in the player, by category",0-5 years (all bands),685,1,placeholder,new,lib/screens/post_pregnancy/pp_sleep_content.dart,"format=AUDIO LIBRARY; 5 article blocks, 1 callouts, 1 India notes, 25 audio slots, 1 links; 0 cards, 0 steps"
parenting,Door: Growing and learning,My Child tab > 'Current | V3' pill > V3 home > 'Development' door > 'Growing and learning' section,section-hero copy,Growing and learning,Section title + intro paragraph on the door landing,0-5 years,21,1,placeholder,new,lib/screens/post_pregnancy/pp_development_content.dart,"subtitle='On track, in your child’s own time'; also reachable by surface id pp_section/parenting_development"
parenting,Door: Growing and learning,My Child tab > 'Current | V3' pill > V3 home > 'Development' door > 'Growing and learning' section > area tiles,area title + blurb,4 areas,Cover-card tiles that open each area,0-5 years,78,4,placeholder,new,lib/screens/post_pregnancy/pp_development_content.dart,"areas: Is my child on track? | When will my baby sit, crawl, walk, talk? | What can I do to help? | Talking and understanding"
parenting,Door: Growing and learning,My Child tab > 'Current | V3' pill > V3 home > 'Development' door > 'Growing and learning' section > 'Is my child on track?' > 'The normal range is much wider than you think',article,The normal range is much wider than you think,"Content page in area 'Is my child on track?' - Start here, especially if somebody has just worried you.",0-5 years (all bands),420,1,placeholder,new,lib/screens/post_pregnancy/pp_development_content.dart,"format=ARTICLE; 1 article blocks, 1 callouts, 1 India notes, 1 video slots, 3 links; 0 cards, 0 steps"
parenting,Door: Growing and learning,My Child tab > 'Current | V3' pill > V3 home > 'Development' door > 'Growing and learning' section > 'Is my child on track?' > 'When something is genuinely worth checking',"flagged callout, one per area",When something is genuinely worth checking,"Content page in area 'Is my child on track?' - The honest list, area by area",0-5 years (all bands),702,1,placeholder,new,lib/screens/post_pregnancy/pp_development_content.dart,"format=FLAGGED CALLOUT, one per area; 1 article blocks, 1 card groups, 1 callouts, 1 India notes, 1 video slots, 1 consult CTAs; 6 cards, 0 steps"
parenting,Door: Growing and learning,My Child tab > 'Current | V3' pill > V3 home > 'Development' door > 'Growing and learning' section > 'Is my child on track?' > 'If your baby was born early',short-article,If your baby was born early,"Content page in area 'Is my child on track?' - Count from the due date, not the birthday",0-5 years (all bands),271,1,placeholder,new,lib/screens/post_pregnancy/pp_development_content.dart,"format=SHORT ARTICLE; 1 article blocks, 1 chart cards, 1 callouts, 1 India notes, 1 links; 0 cards, 0 steps"
parenting,Door: Growing and learning,"My Child tab > 'Current | V3' pill > V3 home > 'Development' door > 'Growing and learning' section > 'When will my baby sit, crawl, walk, talk?' > 'When will my baby roll over?'",article,When will my baby roll over?,"Content page in area 'When will my baby sit, crawl, walk, talk?'",0-6 months,414,1,placeholder,new,lib/screens/post_pregnancy/pp_development_content.dart,"format=ARTICLE; 1 step-lists, 1 card groups, 1 chart cards, 2 callouts, 1 India notes, 1 links; 4 cards, 4 steps"
parenting,Door: Growing and learning,"My Child tab > 'Current | V3' pill > V3 home > 'Development' door > 'Growing and learning' section > 'When will my baby sit, crawl, walk, talk?' > 'When will my baby sit up?'",article,When will my baby sit up?,"Content page in area 'When will my baby sit, crawl, walk, talk?'","0-6 months, 6-12 months",365,1,placeholder,new,lib/screens/post_pregnancy/pp_development_content.dart,"format=ARTICLE; 1 step-lists, 1 card groups, 1 chart cards, 2 callouts, 1 India notes, 1 links; 4 cards, 4 steps"
parenting,Door: Growing and learning,"My Child tab > 'Current | V3' pill > V3 home > 'Development' door > 'Growing and learning' section > 'When will my baby sit, crawl, walk, talk?' > 'When will my baby crawl?'",article,When will my baby crawl?,"Content page in area 'When will my baby sit, crawl, walk, talk?'","0-6 months, 6-12 months",427,1,placeholder,new,lib/screens/post_pregnancy/pp_development_content.dart,"format=ARTICLE; 1 step-lists, 1 card groups, 1 chart cards, 1 callouts, 1 India notes, 1 video slots, 1 links; 4 cards, 4 steps"
parenting,Door: Growing and learning,"My Child tab > 'Current | V3' pill > V3 home > 'Development' door > 'Growing and learning' section > 'When will my baby sit, crawl, walk, talk?' > 'When will my baby pull up and stand?'",article,When will my baby pull up and stand?,"Content page in area 'When will my baby sit, crawl, walk, talk?'","6-12 months, 1-2 years",383,1,placeholder,new,lib/screens/post_pregnancy/pp_development_content.dart,"format=ARTICLE; 1 step-lists, 1 card groups, 1 chart cards, 1 callouts, 1 India notes, 1 links; 4 cards, 4 steps"
parenting,Door: Growing and learning,"My Child tab > 'Current | V3' pill > V3 home > 'Development' door > 'Growing and learning' section > 'When will my baby sit, crawl, walk, talk?' > 'When will my baby walk?'",article,When will my baby walk?,"Content page in area 'When will my baby sit, crawl, walk, talk?'","6-12 months, 1-2 years",533,1,placeholder,new,lib/screens/post_pregnancy/pp_development_content.dart,"format=ARTICLE; 1 step-lists, 1 card groups, 1 chart cards, 2 callouts, 1 India notes, 1 video slots, 1 links; 4 cards, 5 steps"
parenting,Door: Growing and learning,"My Child tab > 'Current | V3' pill > V3 home > 'Development' door > 'Growing and learning' section > 'When will my baby sit, crawl, walk, talk?' > 'When will my baby point and wave?'",article,When will my baby point and wave?,"Content page in area 'When will my baby sit, crawl, walk, talk?' - The quietest milestone, and one of the most telling","6-12 months, 1-2 years",432,1,placeholder,new,lib/screens/post_pregnancy/pp_development_content.dart,"format=ARTICLE; 1 article blocks, 1 step-lists, 1 chart cards, 2 callouts, 1 India notes, 1 links; 0 cards, 4 steps"
parenting,Door: Growing and learning,"My Child tab > 'Current | V3' pill > V3 home > 'Development' door > 'Growing and learning' section > 'When will my baby sit, crawl, walk, talk?' > 'When will my baby say their first word?'",article,When will my baby say their first word?,"Content page in area 'When will my baby sit, crawl, walk, talk?'","6-12 months, 1-2 years",443,1,placeholder,new,lib/screens/post_pregnancy/pp_development_content.dart,"format=ARTICLE; 1 article blocks, 1 step-lists, 1 chart cards, 1 callouts, 1 India notes, 1 video slots, 1 links; 0 cards, 4 steps"
parenting,Door: Growing and learning,"My Child tab > 'Current | V3' pill > V3 home > 'Development' door > 'Growing and learning' section > 'When will my baby sit, crawl, walk, talk?' > 'When will my baby feed themselves?'",article,When will my baby feed themselves?,"Content page in area 'When will my baby sit, crawl, walk, talk?'","6-12 months, 1-2 years",375,1,placeholder,new,lib/screens/post_pregnancy/pp_development_content.dart,"format=ARTICLE; 1 step-lists, 1 chart cards, 2 callouts, 1 India notes, 1 links; 0 cards, 5 steps"
parenting,Door: Growing and learning,My Child tab > 'Current | V3' pill > V3 home > 'Development' door > 'Growing and learning' section > 'What can I do to help?' > 'How play builds the brain',article,How play builds the brain,Content page in area 'What can I do to help?',0-5 years (all bands),550,1,placeholder,new,lib/screens/post_pregnancy/pp_development_content.dart,"format=ARTICLE; 1 article blocks, 1 card groups, 1 callouts, 1 India notes, 1 video slots, 3 links; 5 cards, 0 steps"
parenting,Door: Growing and learning,My Child tab > 'Current | V3' pill > V3 home > 'Development' door > 'Growing and learning' section > 'What can I do to help?' > 'Tummy time without the tears',step-list,Tummy time without the tears,Content page in area 'What can I do to help?',"0-6 months, 6-12 months",409,1,placeholder,new,lib/screens/post_pregnancy/pp_development_content.dart,"format=STEP-LIST; 1 article blocks, 1 step-lists, 2 callouts, 1 India notes, 1 links; 0 cards, 6 steps"
parenting,Door: Growing and learning,"My Child tab > 'Current | V3' pill > V3 home > 'Development' door > 'Growing and learning' section > 'What can I do to help?' > 'Things to do today, from around the house'",cards page,"Things to do today, from around the house",Content page in area 'What can I do to help?',0-5 years (all bands),366,1,placeholder,new,lib/screens/post_pregnancy/pp_development_content.dart,"format=CARDS; 1 card groups, 1 callouts, 1 India notes, 2 links; 8 cards, 0 steps"
parenting,Door: Growing and learning,"My Child tab > 'Current | V3' pill > V3 home > 'Development' door > 'Growing and learning' section > 'What can I do to help?' > 'Messy play, and why it is worth the mess'",cards page,"Messy play, and why it is worth the mess",Content page in area 'What can I do to help?',"6-12 months, 1-2 years, 2-3 years, 3-5 years",411,1,placeholder,new,lib/screens/post_pregnancy/pp_development_content.dart,"format=CARDS; 1 article blocks, 1 card groups, 2 callouts, 1 India notes, 1 links; 6 cards, 0 steps"
parenting,Door: Growing and learning,My Child tab > 'Current | V3' pill > V3 home > 'Development' door > 'Growing and learning' section > 'What can I do to help?' > 'Is my baby going through a leap?',short-article,Is my baby going through a leap?,Content page in area 'What can I do to help?',0-5 years (all bands),448,1,placeholder,new,lib/screens/post_pregnancy/pp_development_content.dart,"format=SHORT ARTICLE; 1 article blocks, 1 card groups, 2 callouts, 1 India notes, 2 links; 4 cards, 0 steps"
parenting,Door: Growing and learning,"My Child tab > 'Current | V3' pill > V3 home > 'Development' door > 'Growing and learning' section > 'Talking and understanding' > 'What talking looks like, month by month'",chart,"What talking looks like, month by month","Content page in area 'Talking and understanding' - Six months to three years, as ranges",0-5 years (all bands),377,1,placeholder,new,lib/screens/post_pregnancy/pp_development_content.dart,"format=CHART; 4 chart cards, 1 callouts, 1 India notes, 1 video slots, 1 links; 0 cards, 0 steps"
parenting,Door: Growing and learning,My Child tab > 'Current | V3' pill > V3 home > 'Development' door > 'Growing and learning' section > 'Talking and understanding' > 'Will two languages confuse my child?',article,Will two languages confuse my child?,Content page in area 'Talking and understanding',0-5 years (all bands),481,1,placeholder,new,lib/screens/post_pregnancy/pp_development_content.dart,"format=ARTICLE; 1 article blocks, 1 card groups, 1 callouts, 1 India notes, 1 links; 5 cards, 0 steps"
parenting,Door: Growing and learning,My Child tab > 'Current | V3' pill > V3 home > 'Development' door > 'Growing and learning' section > 'Talking and understanding' > 'How to help your child talk',step-list,How to help your child talk,Content page in area 'Talking and understanding',0-5 years (all bands),418,1,placeholder,new,lib/screens/post_pregnancy/pp_development_content.dart,"format=STEP-LIST; 1 step-lists, 1 callouts, 1 India notes, 2 links; 0 cards, 9 steps"
parenting,Door: Growing and learning,My Child tab > 'Current | V3' pill > V3 home > 'Development' door > 'Growing and learning' section > 'Talking and understanding' > 'When talking is worth checking',flagged callout,When talking is worth checking,"Content page in area 'Talking and understanding' - The honest lines, by age",0-5 years (all bands),468,1,placeholder,new,lib/screens/post_pregnancy/pp_development_content.dart,"format=FLAGGED CALLOUT; 1 article blocks, 6 callouts, 1 India notes, 1 links, 1 consult CTAs; 0 cards, 0 steps"
parenting,Door: Toilet learning,My Child tab > 'Current | V3' pill > V3 home > 'Potty training' door > 'Toilet learning' section,section-hero copy,Toilet learning,Section title + intro paragraph on the door landing,0-6 years,39,1,placeholder,new,lib/screens/post_pregnancy/pp_potty_content.dart,"subtitle='The su-su way, honestly told'; also reachable by surface id pp_section/parenting_potty"
parenting,Door: Toilet learning,My Child tab > 'Current | V3' pill > V3 home > 'Potty training' door > 'Toilet learning' section > area tiles,area title + blurb,7 areas,Cover-card tiles that open each area,0-6 years,103,7,placeholder,new,lib/screens/post_pregnancy/pp_potty_content.dart,"areas: How long does this actually take? | Catching the su-su | Is she ready yet? | Starting out, day by day | Accidents, refusals and going backwards | Things to do together | Dry nights, and doing it herself"
parenting,Door: Toilet learning,My Child tab > 'Current | V3' pill > V3 home > 'Potty training' door > 'Toilet learning' section > 'How long does this actually take?' > 'How long this actually takes',chart card page,How long this actually takes,"Content page in area 'How long does this actually take?' - One chart, and no rushing",0-6 years (all bands),311,1,placeholder,new,lib/screens/post_pregnancy/pp_potty_content.dart,"format=CHART-CARD; 1 chart cards, 2 callouts, 1 India notes, 1 video slots; 0 cards, 0 steps"
parenting,Door: Toilet learning,My Child tab > 'Current | V3' pill > V3 home > 'Potty training' door > 'Toilet learning' section > 'Catching the su-su' > 'What is su-su cueing?',article,What is su-su cueing?,"Content page in area 'Catching the su-su' - Communication first, diapers second",0-6 years (all bands),582,1,placeholder,new,lib/screens/post_pregnancy/pp_potty_content.dart,"format=ARTICLE; 1 article blocks, 1 step-lists, 1 card groups, 1 callouts, 1 India notes, 1 video slots; 4 cards, 5 steps"
parenting,Door: Toilet learning,My Child tab > 'Current | V3' pill > V3 home > 'Potty training' door > 'Toilet learning' section > 'Catching the su-su' > 'How to read your baby\'s signals',article,How to read your baby\'s signals,Content page in area 'Catching the su-su' - She tells you. It is just quiet.,0-6 years (all bands),571,1,placeholder,new,lib/screens/post_pregnancy/pp_potty_content.dart,"format=ARTICLE; 1 article blocks, 1 step-lists, 2 card groups, 2 callouts; 9 cards, 5 steps"
parenting,Door: Toilet learning,"My Child tab > 'Current | V3' pill > V3 home > 'Potty training' door > 'Toilet learning' section > 'Catching the su-su' > 'The grandmother method and diapers, together'",article,"The grandmother method and diapers, together",Content page in area 'Catching the su-su' - Both sides of this argument are right,0-6 years (all bands),579,1,placeholder,new,lib/screens/post_pregnancy/pp_potty_content.dart,"format=ARTICLE; 1 article blocks, 1 step-lists, 1 callouts, 1 scripts, 1 India notes; 0 cards, 5 steps"
parenting,Door: Toilet learning,"My Child tab > 'Current | V3' pill > V3 home > 'Potty training' door > 'Toilet learning' section > 'Catching the su-su' > 'Diaper-free time, and less rash'",short-article,"Diaper-free time, and less rash",Content page in area 'Catching the su-su' - The one benefit that is not in dispute,0-6 years (all bands),411,1,placeholder,new,lib/screens/post_pregnancy/pp_potty_content.dart,"format=SHORT ARTICLE; 1 article blocks, 1 step-lists, 1 callouts, 1 India notes, 2 links; 0 cards, 5 steps"
parenting,Door: Toilet learning,My Child tab > 'Current | V3' pill > V3 home > 'Potty training' door > 'Toilet learning' section > 'Is she ready yet?' > 'The signs she is ready',article,The signs she is ready,Content page in area 'Is she ready yet?' - And what it means when they are not there,0-6 years (all bands),644,1,placeholder,new,lib/screens/post_pregnancy/pp_potty_content.dart,"format=ARTICLE; 1 article blocks, 1 step-lists, 2 card groups, 1 callouts, 1 India notes, 1 video slots; 10 cards, 5 steps"
parenting,Door: Toilet learning,"My Child tab > 'Current | V3' pill > V3 home > 'Potty training' door > 'Toilet learning' section > 'Is she ready yet?' > 'Su-su, child-led, or the three-day method'",comparison table,"Su-su, child-led, or the three-day method","Content page in area 'Is she ready yet?' - Pick by your household, not by the internet",0-6 years (all bands),456,1,placeholder,new,lib/screens/post_pregnancy/pp_potty_content.dart,"format=COMPARISON TABLE; 1 article blocks, 1 tables, 1 callouts, 1 India notes, 1 links; 0 cards, 0 steps"
parenting,Door: Toilet learning,"My Child tab > 'Current | V3' pill > V3 home > 'Potty training' door > 'Toilet learning' section > 'Starting out, day by day' > 'Introducing the potty'",step-list,Introducing the potty,"Content page in area 'Starting out, day by day' - The first week, slowly",0-6 years (all bands),339,1,placeholder,new,lib/screens/post_pregnancy/pp_potty_content.dart,"format=STEP-LIST; 1 step-lists, 1 callouts, 1 India notes, 1 links; 0 cards, 7 steps"
parenting,Door: Toilet learning,"My Child tab > 'Current | V3' pill > V3 home > 'Potty training' door > 'Toilet learning' section > 'Starting out, day by day' > 'The daily routine'",step-list,The daily routine,"Content page in area 'Starting out, day by day' - Five fixed moments beat asking all day",0-6 years (all bands),336,1,placeholder,new,lib/screens/post_pregnancy/pp_potty_content.dart,"format=STEP-LIST; 1 article blocks, 1 step-lists, 1 callouts, 1 India notes, 1 video slots; 0 cards, 5 steps"
parenting,Door: Toilet learning,"My Child tab > 'Current | V3' pill > V3 home > 'Potty training' door > 'Toilet learning' section > 'Starting out, day by day' > 'One word, whole house'",short-article,"One word, whole house","Content page in area 'Starting out, day by day' - The cheapest thing you can get right",0-6 years (all bands),360,1,placeholder,new,lib/screens/post_pregnancy/pp_potty_content.dart,"format=SHORT ARTICLE; 1 article blocks, 1 scripts, 1 India notes; 0 cards, 0 steps"
parenting,Door: Toilet learning,"My Child tab > 'Current | V3' pill > V3 home > 'Potty training' door > 'Toilet learning' section > 'Starting out, day by day' > 'The Indian toilet, and going out'",article,"The Indian toilet, and going out","Content page in area 'Starting out, day by day' - Squatting, travel, and other people\'s bathrooms",0-6 years (all bands),543,1,placeholder,new,lib/screens/post_pregnancy/pp_potty_content.dart,"format=ARTICLE; 1 article blocks, 1 step-lists, 1 card groups, 1 callouts, 1 India notes, 1 links; 6 cards, 5 steps"
parenting,Door: Toilet learning,"My Child tab > 'Current | V3' pill > V3 home > 'Potty training' door > 'Toilet learning' section > 'Starting out, day by day' > 'Boys and girls, the small differences'",short-article,"Boys and girls, the small differences","Content page in area 'Starting out, day by day' - Less different than people say",0-6 years (all bands),264,1,placeholder,new,lib/screens/post_pregnancy/pp_potty_content.dart,"format=SHORT ARTICLE; 1 article blocks, 1 callouts; 0 cards, 0 steps"
parenting,Door: Toilet learning,"My Child tab > 'Current | V3' pill > V3 home > 'Potty training' door > 'Toilet learning' section > 'Accidents, refusals and going backwards' > 'Accidents are normal'",article,Accidents are normal,"Content page in area 'Accidents, refusals and going backwards' - Every single child, for months",0-6 years (all bands),584,1,placeholder,new,lib/screens/post_pregnancy/pp_potty_content.dart,"format=ARTICLE; 1 article blocks, 1 step-lists, 1 card groups, 2 callouts, 1 India notes, 1 video slots; 5 cards, 5 steps"
parenting,Door: Toilet learning,"My Child tab > 'Current | V3' pill > V3 home > 'Potty training' door > 'Toilet learning' section > 'Accidents, refusals and going backwards' > 'She was doing so well, and now she is not'",article,"She was doing so well, and now she is not","Content page in area 'Accidents, refusals and going backwards' - Regressions, and why they pass",0-6 years (all bands),579,1,placeholder,new,lib/screens/post_pregnancy/pp_potty_content.dart,"format=ARTICLE; 1 article blocks, 1 step-lists, 1 card groups, 2 callouts, 1 consult CTAs; 6 cards, 6 steps"
parenting,Door: Toilet learning,"My Child tab > 'Current | V3' pill > V3 home > 'Potty training' door > 'Toilet learning' section > 'Accidents, refusals and going backwards' > 'She is holding it in'",article,She is holding it in,"Content page in area 'Accidents, refusals and going backwards' - Withholding, painful poos and constipation",0-6 years (all bands),750,1,placeholder,new,lib/screens/post_pregnancy/pp_potty_content.dart,"format=ARTICLE; 1 article blocks, 1 step-lists, 1 card groups, 2 callouts, 1 India notes, 1 links, 1 consult CTAs; 6 cards, 7 steps"
parenting,Door: Toilet learning,"My Child tab > 'Current | V3' pill > V3 home > 'Potty training' door > 'Toilet learning' section > 'Accidents, refusals and going backwards' > 'She is scared of the potty'",short-article,She is scared of the potty,"Content page in area 'Accidents, refusals and going backwards' - Refusal, and how to un-scare it",0-6 years (all bands),296,1,placeholder,new,lib/screens/post_pregnancy/pp_potty_content.dart,"format=SHORT ARTICLE; 1 article blocks, 2 callouts; 0 cards, 0 steps"
parenting,Door: Toilet learning,My Child tab > 'Current | V3' pill > V3 home > 'Potty training' door > 'Toilet learning' section > 'Things to do together' > 'Draw the potty steps',activity,Draw the potty steps,"Content page in area 'Things to do together' - A picture on the wall, not a scoreboard",0-6 years (all bands),323,1,placeholder,new,lib/screens/post_pregnancy/pp_potty_content.dart,"format=ACTIVITY; 1 article blocks, 1 step-lists, 1 callouts, 1 India notes, 1 video slots; 0 cards, 5 steps"
parenting,Door: Toilet learning,My Child tab > 'Current | V3' pill > V3 home > 'Potty training' door > 'Toilet learning' section > 'Things to do together' > 'Sit-and-read potty time',activity,Sit-and-read potty time,Content page in area 'Things to do together' - Two books by the potty,0-6 years (all bands),280,1,placeholder,new,lib/screens/post_pregnancy/pp_potty_content.dart,"format=ACTIVITY; 1 article blocks, 1 step-lists, 1 callouts, 1 India notes, 1 links; 0 cards, 5 steps"
parenting,Door: Toilet learning,My Child tab > 'Current | V3' pill > V3 home > 'Potty training' door > 'Toilet learning' section > 'Things to do together' > 'Teach the toy',activity,Teach the toy,Content page in area 'Things to do together' - She explains it to a doll,0-6 years (all bands),299,1,placeholder,new,lib/screens/post_pregnancy/pp_potty_content.dart,"format=ACTIVITY; 1 article blocks, 1 step-lists, 1 callouts; 0 cards, 5 steps"
parenting,Door: Toilet learning,"My Child tab > 'Current | V3' pill > V3 home > 'Potty training' door > 'Toilet learning' section > 'Dry nights, and doing it herself' > 'Dry nights come later'",article,Dry nights come later,"Content page in area 'Dry nights, and doing it herself' - And you cannot train them",0-6 years (all bands),619,1,placeholder,new,lib/screens/post_pregnancy/pp_potty_content.dart,"format=ARTICLE; 1 article blocks, 1 step-lists, 1 card groups, 1 chart cards, 1 callouts, 1 India notes, 1 video slots, 1 links; 5 cards, 6 steps"
parenting,Door: Toilet learning,"My Child tab > 'Current | V3' pill > V3 home > 'Potty training' door > 'Toilet learning' section > 'Dry nights, and doing it herself' > 'Bedwetting at five and older'",article,Bedwetting at five and older,"Content page in area 'Dry nights, and doing it herself' - Common, not a character flaw, and treatable",0-6 years (all bands),543,1,placeholder,new,lib/screens/post_pregnancy/pp_potty_content.dart,"format=ARTICLE; 1 article blocks, 1 step-lists, 1 callouts, 1 consult CTAs; 0 cards, 6 steps"
parenting,Door: Toilet learning,"My Child tab > 'Current | V3' pill > V3 home > 'Potty training' door > 'Toilet learning' section > 'Dry nights, and doing it herself' > 'Washing and wiping on her own'",step-list,Washing and wiping on her own,"Content page in area 'Dry nights, and doing it herself' - Mug, water, soap, in that order",0-6 years (all bands),337,1,placeholder,new,lib/screens/post_pregnancy/pp_potty_content.dart,"format=STEP-LIST; 1 step-lists, 2 callouts, 1 India notes; 0 cards, 7 steps"
parenting,Door: Toilet learning,"My Child tab > 'Current | V3' pill > V3 home > 'Potty training' door > 'Toilet learning' section > 'Dry nights, and doing it herself' > 'School toilets, and toilets out in the world'",short-article,"School toilets, and toilets out in the world","Content page in area 'Dry nights, and doing it herself' - Asking, holding, and not holding all day",0-6 years (all bands),404,1,placeholder,new,lib/screens/post_pregnancy/pp_potty_content.dart,"format=SHORT ARTICLE; 1 article blocks, 2 callouts, 1 India notes; 0 cards, 0 steps"
parenting,Door: Jaapa: Your First 40 Days,My Child tab > 'Current | V3' pill > V3 home > 'The first 40 days' door > 'Jaapa: Your First 40 Days' section,section-hero copy,Jaapa: Your First 40 Days,Section title + intro paragraph on the door landing,newborn 0-6 weeks + mother,31,1,placeholder,new,lib/screens/post_pregnancy/pp_first40_content.dart,"subtitle='Newborn care, and looking after the person who just gave birth.'; also reachable by surface id pp_section/parenting_first_40"
parenting,Door: Jaapa: Your First 40 Days,My Child tab > 'Current | V3' pill > V3 home > 'The first 40 days' door > 'Jaapa: Your First 40 Days' section > area tiles,area title + blurb,10 areas,Cover-card tiles that open each area,newborn 0-6 weeks + mother,165,10,placeholder,new,lib/screens/post_pregnancy/pp_first40_content.dart,"areas: Din by Din: Your 40-Day Guide | When to Rush to the Doctor | Samjho Your Newborn | Feeding & Sleep in the Early Days | Malish, Jhula & Soothing | Is My Baby OK? | Maa Ki Dekhbhaal: Healing After Birth | Puchho ParentVeda | The Jaapa Course | Jaapa Essentials"
parenting,Door: Jaapa: Your First 40 Days,My Child tab > 'Current | V3' pill > V3 home > 'The first 40 days' door > 'Jaapa: Your First 40 Days' section > 'Din by Din: Your 40-Day Guide' > 'Days 1 to 7: the first week',day-by-day guide,Days 1 to 7: the first week,"Content page in area 'Din by Din: Your 40-Day Guide' - Survival, not routine. That is the correct plan.","mother, first month postpartum",375,1,placeholder,new,lib/screens/post_pregnancy/pp_first40_content.dart,"format=DAY-SPINE CARD; 1 card groups, 1 chart cards, 2 callouts, 1 India notes, 1 video slots; 5 cards, 0 steps; 23 REQUIRED_REVIEW/clinical-review markers in file"
parenting,Door: Jaapa: Your First 40 Days,My Child tab > 'Current | V3' pill > V3 home > 'The first 40 days' door > 'Jaapa: Your First 40 Days' section > 'Din by Din: Your 40-Day Guide' > 'Days 8 to 15: finding the feed',day-by-day guide,Days 8 to 15: finding the feed,"Content page in area 'Din by Din: Your 40-Day Guide' - Jaundice watch, malish begins, and visitors arrive.","mother, first month postpartum",287,1,placeholder,new,lib/screens/post_pregnancy/pp_first40_content.dart,"format=DAY-SPINE CARD; 1 card groups, 1 chart cards, 1 callouts, 1 India notes; 4 cards, 0 steps; 23 REQUIRED_REVIEW/clinical-review markers in file"
parenting,Door: Jaapa: Your First 40 Days,My Child tab > 'Current | V3' pill > V3 home > 'The first 40 days' door > 'Jaapa: Your First 40 Days' section > 'Din by Din: Your 40-Day Guide' > 'Days 16 to 30: the long evenings',day-by-day guide,Days 16 to 30: the long evenings,"Content page in area 'Din by Din: Your 40-Day Guide' - Cluster feeding, more alert time, and your own healing.","mother, first month postpartum",243,1,placeholder,new,lib/screens/post_pregnancy/pp_first40_content.dart,"format=DAY-SPINE CARD; 1 card groups, 1 chart cards, 1 India notes, 1 links; 4 cards, 0 steps; 23 REQUIRED_REVIEW/clinical-review markers in file"
parenting,Door: Jaapa: Your First 40 Days,My Child tab > 'Current | V3' pill > V3 home > 'The first 40 days' door > 'Jaapa: Your First 40 Days' section > 'Din by Din: Your 40-Day Guide' > 'Days 31 to 40: a rhythm appears',day-by-day guide,Days 31 to 40: a rhythm appears,"Content page in area 'Din by Din: Your 40-Day Guide' - The end of jaapa, and what changes after it.","mother, first month postpartum, mother, 40-day mark",249,1,placeholder,new,lib/screens/post_pregnancy/pp_first40_content.dart,"format=DAY-SPINE CARD; 1 card groups, 1 chart cards, 1 India notes; 4 cards, 0 steps; 23 REQUIRED_REVIEW/clinical-review markers in file"
parenting,Door: Jaapa: Your First 40 Days,My Child tab > 'Current | V3' pill > V3 home > 'The first 40 days' door > 'Jaapa: Your First 40 Days' section > 'Din by Din: Your 40-Day Guide' > 'You made it to 40 days. What now?',short-article,You made it to 40 days. What now?,"Content page in area 'Din by Din: Your 40-Day Guide' - What jaapa was actually for, and what comes next.","mother, 40-day mark, mother, past 40 days",213,1,placeholder,new,lib/screens/post_pregnancy/pp_first40_content.dart,"format=SHORT ARTICLE; 1 article blocks, 1 callouts, 2 links; 0 cards, 0 steps; 23 REQUIRED_REVIEW/clinical-review markers in file"
parenting,Door: Jaapa: Your First 40 Days,My Child tab > 'Current | V3' pill > V3 home > 'The first 40 days' door > 'Jaapa: Your First 40 Days' section > 'When to Rush to the Doctor' > 'When to rush to the doctor',flagged quick-reference,When to rush to the doctor,"Content page in area 'When to Rush to the Doctor' - Newborn danger signs, and what to do about each one.",newborn 0-6 weeks + mother (all bands),629,1,placeholder,new,lib/screens/post_pregnancy/pp_first40_content.dart,"format=FLAGGED QUICK-REFERENCE; 1 step-lists, 1 tables, 1 chart cards, 2 callouts, 1 India notes, 1 video slots, 2 links; 0 cards, 4 steps; 23 REQUIRED_REVIEW/clinical-review markers in file"
parenting,Door: Jaapa: Your First 40 Days,My Child tab > 'Current | V3' pill > V3 home > 'The first 40 days' door > 'Jaapa: Your First 40 Days' section > 'When to Rush to the Doctor' > 'When the crying will not stop',step-list,When the crying will not stop,"Content page in area 'When to Rush to the Doctor' - What to do with him, and what to do with yourself.",newborn 0-6 weeks + mother (all bands),482,1,placeholder,new,lib/screens/post_pregnancy/pp_first40_content.dart,"format=STEP-LIST; 1 article blocks, 1 step-lists, 2 callouts, 1 India notes, 1 links; 0 cards, 6 steps; 23 REQUIRED_REVIEW/clinical-review markers in file"
parenting,Door: Jaapa: Your First 40 Days,My Child tab > 'Current | V3' pill > V3 home > 'The first 40 days' door > 'Jaapa: Your First 40 Days' section > 'Samjho Your Newborn' > 'Looking after the cord stump',step-list,Looking after the cord stump,"Content page in area 'Samjho Your Newborn' - Dry, uncovered, and nothing on it.",newborn 0-6 weeks + mother (all bands),381,1,placeholder,new,lib/screens/post_pregnancy/pp_first40_content.dart,"format=STEP-LIST; 1 step-lists, 2 callouts, 1 India notes, 1 video slots; 0 cards, 6 steps; 23 REQUIRED_REVIEW/clinical-review markers in file"
parenting,Door: Jaapa: Your First 40 Days,"My Child tab > 'Current | V3' pill > V3 home > 'The first 40 days' door > 'Jaapa: Your First 40 Days' section > 'Samjho Your Newborn' > 'His first bath, and when to start'",step-list,"His first bath, and when to start","Content page in area 'Samjho Your Newborn' - Later than you think, and shorter than you think.",newborn 0-6 weeks + mother (all bands),422,1,placeholder,new,lib/screens/post_pregnancy/pp_first40_content.dart,"format=STEP-LIST; 1 article blocks, 1 step-lists, 2 callouts, 1 India notes; 0 cards, 7 steps; 23 REQUIRED_REVIEW/clinical-review markers in file"
parenting,Door: Jaapa: Your First 40 Days,"My Child tab > 'Current | V3' pill > V3 home > 'The first 40 days' door > 'Jaapa: Your First 40 Days' section > 'Samjho Your Newborn' > 'Nappies, and what his poop should look like'",chart card page,"Nappies, and what his poop should look like",Content page in area 'Samjho Your Newborn' - The two counts that tell you he is fine.,newborn 0-6 weeks + mother (all bands),388,1,placeholder,new,lib/screens/post_pregnancy/pp_first40_content.dart,"format=CHART-CARD; 1 step-lists, 1 card groups, 1 chart cards, 1 callouts, 1 India notes; 6 cards, 4 steps; 23 REQUIRED_REVIEW/clinical-review markers in file"
parenting,Door: Jaapa: Your First 40 Days,"My Child tab > 'Current | V3' pill > V3 home > 'The first 40 days' door > 'Jaapa: Your First 40 Days' section > 'Samjho Your Newborn' > 'Swaddling, and how tight is right'",step-list,"Swaddling, and how tight is right","Content page in area 'Samjho Your Newborn' - Snug at the arms, loose at the hips.",newborn 0-6 weeks + mother (all bands),363,1,placeholder,new,lib/screens/post_pregnancy/pp_first40_content.dart,"format=STEP-LIST; 1 step-lists, 1 card groups, 1 callouts, 1 India notes; 4 cards, 6 steps; 23 REQUIRED_REVIEW/clinical-review markers in file"
parenting,Door: Jaapa: Your First 40 Days,"My Child tab > 'Current | V3' pill > V3 home > 'The first 40 days' door > 'Jaapa: Your First 40 Days' section > 'Samjho Your Newborn' > 'Is he too hot, or too cold?'",chart card page,"Is he too hot, or too cold?",Content page in area 'Samjho Your Newborn' - Dressing him for real Indian weather.,newborn 0-6 weeks + mother (all bands),338,1,placeholder,new,lib/screens/post_pregnancy/pp_first40_content.dart,"format=CHART-CARD; 1 card groups, 1 chart cards, 1 callouts, 1 India notes; 4 cards, 0 steps; 23 REQUIRED_REVIEW/clinical-review markers in file"
parenting,Door: Jaapa: Your First 40 Days,My Child tab > 'Current | V3' pill > V3 home > 'The first 40 days' door > 'Jaapa: Your First 40 Days' section > 'Samjho Your Newborn' > 'His skin looks strange. Is that normal?',cards page,His skin looks strange. Is that normal?,"Content page in area 'Samjho Your Newborn' - Peeling, spots, patches and blotches.",newborn 0-6 weeks + mother (all bands),332,1,placeholder,new,lib/screens/post_pregnancy/pp_first40_content.dart,"format=CARDS; 1 card groups, 1 callouts, 1 India notes; 8 cards, 0 steps; 23 REQUIRED_REVIEW/clinical-review markers in file"
parenting,Door: Jaapa: Your First 40 Days,My Child tab > 'Current | V3' pill > V3 home > 'The first 40 days' door > 'Jaapa: Your First 40 Days' section > 'Samjho Your Newborn' > 'Jaundice: what to watch and when it matters',flagged article,Jaundice: what to watch and when it matters,"Content page in area 'Samjho Your Newborn' - Very common, usually harmless, occasionally not.",newborn 0-6 weeks + mother (all bands),404,1,placeholder,new,lib/screens/post_pregnancy/pp_first40_content.dart,"format=FLAGGED ARTICLE; 1 step-lists, 1 chart cards, 2 callouts, 1 India notes; 0 cards, 5 steps; 23 REQUIRED_REVIEW/clinical-review markers in file"
parenting,Door: Jaapa: Your First 40 Days,My Child tab > 'Current | V3' pill > V3 home > 'The first 40 days' door > 'Jaapa: Your First 40 Days' section > 'Samjho Your Newborn' > 'He wants to feed all evening',short-article,He wants to feed all evening,"Content page in area 'Samjho Your Newborn' - Cluster feeding and growth spurts, explained.",newborn 0-6 weeks + mother (all bands),362,1,placeholder,new,lib/screens/post_pregnancy/pp_first40_content.dart,"format=SHORT ARTICLE; 1 article blocks, 1 card groups, 1 callouts, 1 India notes; 4 cards, 0 steps; 23 REQUIRED_REVIEW/clinical-review markers in file"
parenting,Door: Jaapa: Your First 40 Days,"My Child tab > 'Current | V3' pill > V3 home > 'The first 40 days' door > 'Jaapa: Your First 40 Days' section > 'Samjho Your Newborn' > 'Hiccups, sneezes, grunts and other noises'",cards page,"Hiccups, sneezes, grunts and other noises",Content page in area 'Samjho Your Newborn' - The sounds that keep parents awake for nothing.,newborn 0-6 weeks + mother (all bands),329,1,placeholder,new,lib/screens/post_pregnancy/pp_first40_content.dart,"format=CARDS; 1 card groups, 1 callouts, 1 India notes; 8 cards, 0 steps; 23 REQUIRED_REVIEW/clinical-review markers in file"
parenting,Door: Jaapa: Your First 40 Days,My Child tab > 'Current | V3' pill > V3 home > 'The first 40 days' door > 'Jaapa: Your First 40 Days' section > 'Samjho Your Newborn' > 'Why he is awake all night',short-article,Why he is awake all night,"Content page in area 'Samjho Your Newborn' - Day and night confusion, and how it sorts itself out.",newborn 0-6 weeks + mother (all bands),354,1,placeholder,new,lib/screens/post_pregnancy/pp_first40_content.dart,"format=SHORT ARTICLE; 1 article blocks, 1 step-lists, 1 callouts, 1 India notes, 1 links; 0 cards, 5 steps; 23 REQUIRED_REVIEW/clinical-review markers in file"
parenting,Door: Jaapa: Your First 40 Days,"My Child tab > 'Current | V3' pill > V3 home > 'The first 40 days' door > 'Jaapa: Your First 40 Days' section > 'Samjho Your Newborn' > 'Sleeping safely, in your bed or his'",step-list,"Sleeping safely, in your bed or his",Content page in area 'Samjho Your Newborn' - How to make the way your family sleeps safer.,newborn 0-6 weeks + mother (all bands),384,1,placeholder,new,lib/screens/post_pregnancy/pp_first40_content.dart,"format=STEP-LIST; 1 step-lists, 1 callouts, 1 India notes, 1 links; 0 cards, 7 steps; 23 REQUIRED_REVIEW/clinical-review markers in file"
parenting,Door: Jaapa: Your First 40 Days,My Child tab > 'Current | V3' pill > V3 home > 'The first 40 days' door > 'Jaapa: Your First 40 Days' section > 'Samjho Your Newborn' > 'The old practices: which help and which harm',comparison table,The old practices: which help and which harm,"Content page in area 'Samjho Your Newborn' - Honest about both, because both are true.",newborn 0-6 weeks + mother (all bands),534,1,placeholder,new,lib/screens/post_pregnancy/pp_first40_content.dart,"format=COMPARISON TABLE; 1 card groups, 1 tables, 2 callouts, 1 India notes; 5 cards, 0 steps; 23 REQUIRED_REVIEW/clinical-review markers in file"
parenting,Door: Jaapa: Your First 40 Days,My Child tab > 'Current | V3' pill > V3 home > 'The first 40 days' door > 'Jaapa: Your First 40 Days' section > 'Feeding & Sleep in the Early Days' > 'Getting the latch right',step-list,Getting the latch right,Content page in area 'Feeding & Sleep in the Early Days' - The one thing that makes feeding stop hurting.,newborn 0-6 weeks + mother (all bands),508,1,placeholder,new,lib/screens/post_pregnancy/pp_first40_content.dart,"format=STEP-LIST; 1 step-lists, 1 card groups, 1 callouts, 1 India notes, 1 video slots, 1 consult CTAs; 4 cards, 7 steps; 23 REQUIRED_REVIEW/clinical-review markers in file"
parenting,Door: Jaapa: Your First 40 Days,My Child tab > 'Current | V3' pill > V3 home > 'The first 40 days' door > 'Jaapa: Your First 40 Days' section > 'Feeding & Sleep in the Early Days' > 'How often should he feed?',short-article,How often should he feed?,"Content page in area 'Feeding & Sleep in the Early Days' - On demand, and what that really means at 3am.",newborn 0-6 weeks + mother (all bands),338,1,placeholder,new,lib/screens/post_pregnancy/pp_first40_content.dart,"format=SHORT ARTICLE; 1 card groups, 1 chart cards, 1 callouts, 1 India notes; 4 cards, 0 steps; 23 REQUIRED_REVIEW/clinical-review markers in file"
parenting,Door: Jaapa: Your First 40 Days,My Child tab > 'Current | V3' pill > V3 home > 'The first 40 days' door > 'Jaapa: Your First 40 Days' section > 'Feeding & Sleep in the Early Days' > 'Is he getting enough?',article,Is he getting enough?,Content page in area 'Feeding & Sleep in the Early Days' - The two numbers that answer it.,newborn 0-6 weeks + mother (all bands),426,1,placeholder,new,lib/screens/post_pregnancy/pp_first40_content.dart,"format=ARTICLE; 1 article blocks, 1 card groups, 1 chart cards, 1 callouts, 2 links, 1 consult CTAs; 4 cards, 0 steps; 23 REQUIRED_REVIEW/clinical-review markers in file"
parenting,Door: Jaapa: Your First 40 Days,My Child tab > 'Current | V3' pill > V3 home > 'The first 40 days' door > 'Jaapa: Your First 40 Days' section > 'Feeding & Sleep in the Early Days' > 'Burping him',step-list,Burping him,"Content page in area 'Feeding & Sleep in the Early Days' - Useful, quick, and not the emergency it is made into.",newborn 0-6 weeks + mother (all bands),303,1,placeholder,new,lib/screens/post_pregnancy/pp_first40_content.dart,"format=STEP-LIST; 1 step-lists, 2 callouts, 1 India notes; 0 cards, 6 steps; 23 REQUIRED_REVIEW/clinical-review markers in file"
parenting,Door: Jaapa: Your First 40 Days,"My Child tab > 'Current | V3' pill > V3 home > 'The first 40 days' door > 'Jaapa: Your First 40 Days' section > 'Feeding & Sleep in the Early Days' > 'Newborn sleep, honestly'",article,"Newborn sleep, honestly","Content page in area 'Feeding & Sleep in the Early Days' - Why he wakes, and why there is no routine yet.",newborn 0-6 weeks + mother (all bands),273,1,placeholder,new,lib/screens/post_pregnancy/pp_first40_content.dart,"format=ARTICLE; 1 article blocks, 1 chart cards, 2 callouts, 1 links; 0 cards, 0 steps; 23 REQUIRED_REVIEW/clinical-review markers in file"
parenting,Door: Jaapa: Your First 40 Days,"My Child tab > 'Current | V3' pill > V3 home > 'The first 40 days' door > 'Jaapa: Your First 40 Days' section > 'Malish, Jhula & Soothing' > 'Malish, step by step'",step-list,"Malish, step by step","Content page in area 'Malish, Jhula & Soothing' - Which oil, how warm, which order, how long.",newborn 0-6 weeks + mother (all bands),617,1,placeholder,new,lib/screens/post_pregnancy/pp_first40_content.dart,"format=STEP-LIST; 1 step-lists, 1 card groups, 1 chart cards, 1 callouts, 1 India notes, 1 video slots, 1 links; 5 cards, 9 steps; 23 REQUIRED_REVIEW/clinical-review markers in file"
parenting,Door: Jaapa: Your First 40 Days,"My Child tab > 'Current | V3' pill > V3 home > 'The first 40 days' door > 'Jaapa: Your First 40 Days' section > 'Malish, Jhula & Soothing' > 'Soothing your baby'",step-list,Soothing your baby,"Content page in area 'Malish, Jhula & Soothing' - The calming sequence, in the order that works.",newborn 0-6 weeks + mother (all bands),412,1,placeholder,new,lib/screens/post_pregnancy/pp_first40_content.dart,"format=STEP-LIST; 1 step-lists, 1 card groups, 2 callouts, 1 India notes; 5 cards, 7 steps; 23 REQUIRED_REVIEW/clinical-review markers in file"
parenting,Door: Jaapa: Your First 40 Days,"My Child tab > 'Current | V3' pill > V3 home > 'The first 40 days' door > 'Jaapa: Your First 40 Days' section > 'Malish, Jhula & Soothing' > 'Carrying him, and the jhula'",step-list,"Carrying him, and the jhula","Content page in area 'Malish, Jhula & Soothing' - Wraps, carriers and the traditional cloth jhula, done safely.",newborn 0-6 weeks + mother (all bands),538,1,placeholder,new,lib/screens/post_pregnancy/pp_first40_content.dart,"format=STEP-LIST; 1 step-lists, 1 card groups, 2 callouts, 1 India notes, 1 video slots; 5 cards, 7 steps; 23 REQUIRED_REVIEW/clinical-review markers in file"
parenting,Door: Jaapa: Your First 40 Days,"My Child tab > 'Current | V3' pill > V3 home > 'The first 40 days' door > 'Jaapa: Your First 40 Days' section > 'Malish, Jhula & Soothing' > 'Skin to skin, and why it is worth the trouble'",step-list,"Skin to skin, and why it is worth the trouble","Content page in area 'Malish, Jhula & Soothing' - The most useful twenty minutes of your day.",newborn 0-6 weeks + mother (all bands),423,1,placeholder,new,lib/screens/post_pregnancy/pp_first40_content.dart,"format=STEP-LIST; 1 step-lists, 1 card groups, 1 callouts, 1 India notes; 5 cards, 7 steps; 23 REQUIRED_REVIEW/clinical-review markers in file"
parenting,Door: Jaapa: Your First 40 Days,My Child tab > 'Current | V3' pill > V3 home > 'The first 40 days' door > 'Jaapa: Your First 40 Days' section > 'Is My Baby OK?' > 'The quick daily check',chart card page,The quick daily check,"Content page in area 'Is My Baby OK?' - Four things. Nothing to log, nothing to keep up with.",newborn 0-6 weeks + mother (all bands),325,1,placeholder,new,lib/screens/post_pregnancy/pp_first40_content.dart,"format=CHART-CARD; 1 card groups, 1 chart cards, 2 callouts, 1 video slots, 1 links; 4 cards, 0 steps; 23 REQUIRED_REVIEW/clinical-review markers in file"
parenting,Door: Jaapa: Your First 40 Days,My Child tab > 'Current | V3' pill > V3 home > 'The first 40 days' door > 'Jaapa: Your First 40 Days' section > 'Is My Baby OK?' > 'When to start logging properly',cards page,When to start logging properly,"Content page in area 'Is My Baby OK?' - The full trackers, and the few reasons to open them.",newborn 0-6 weeks + mother (all bands),326,1,placeholder,new,lib/screens/post_pregnancy/pp_first40_content.dart,"format=CARDS; 1 card groups, 1 callouts, 3 links, 1 consult CTAs; 6 cards, 0 steps; 23 REQUIRED_REVIEW/clinical-review markers in file"
parenting,Door: Jaapa: Your First 40 Days,My Child tab > 'Current | V3' pill > V3 home > 'The first 40 days' door > 'Jaapa: Your First 40 Days' section > 'Maa Ki Dekhbhaal: Healing After Birth' > 'Your bleeding: what is normal',article,Your bleeding: what is normal,"Content page in area 'Maa Ki Dekhbhaal: Healing After Birth' - How much, how long, and the amount that is too much.",newborn 0-6 weeks + mother (all bands),394,1,placeholder,new,lib/screens/post_pregnancy/pp_first40_content.dart,"format=ARTICLE; 1 card groups, 1 chart cards, 1 callouts, 1 India notes, 1 video slots; 5 cards, 0 steps; 23 REQUIRED_REVIEW/clinical-review markers in file"
parenting,Door: Jaapa: Your First 40 Days,My Child tab > 'Current | V3' pill > V3 home > 'The first 40 days' door > 'Jaapa: Your First 40 Days' section > 'Maa Ki Dekhbhaal: Healing After Birth' > 'After a normal delivery',article,After a normal delivery,"Content page in area 'Maa Ki Dekhbhaal: Healing After Birth' - Stitches, soreness, and the first trip to the toilet.",newborn 0-6 weeks + mother (all bands),416,1,placeholder,new,lib/screens/post_pregnancy/pp_first40_content.dart,"format=ARTICLE; 1 article blocks, 1 step-lists, 1 callouts, 1 India notes, 1 links; 0 cards, 7 steps; 23 REQUIRED_REVIEW/clinical-review markers in file"
parenting,Door: Jaapa: Your First 40 Days,My Child tab > 'Current | V3' pill > V3 home > 'The first 40 days' door > 'Jaapa: Your First 40 Days' section > 'Maa Ki Dekhbhaal: Healing After Birth' > 'After a C-section',article,After a C-section,Content page in area 'Maa Ki Dekhbhaal: Healing After Birth' - Your first weeks with a fresh scar.,newborn 0-6 weeks + mother (all bands),436,1,placeholder,new,lib/screens/post_pregnancy/pp_first40_content.dart,"format=ARTICLE; 1 article blocks, 1 step-lists, 1 callouts, 1 India notes, 1 links; 0 cards, 7 steps; 23 REQUIRED_REVIEW/clinical-review markers in file"
parenting,Door: Jaapa: Your First 40 Days,"My Child tab > 'Current | V3' pill > V3 home > 'The first 40 days' door > 'Jaapa: Your First 40 Days' section > 'Maa Ki Dekhbhaal: Healing After Birth' > 'Rest, water and jaapa food'",article,"Rest, water and jaapa food","Content page in area 'Maa Ki Dekhbhaal: Healing After Birth' - What actually helps you heal, and what is just tradition.",newborn 0-6 weeks + mother (all bands),521,1,placeholder,new,lib/screens/post_pregnancy/pp_first40_content.dart,"format=ARTICLE; 1 article blocks, 1 step-lists, 1 card groups, 1 callouts, 1 India notes, 1 links; 6 cards, 5 steps; 23 REQUIRED_REVIEW/clinical-review markers in file"
parenting,Door: Jaapa: Your First 40 Days,My Child tab > 'Current | V3' pill > V3 home > 'The first 40 days' door > 'Jaapa: Your First 40 Days' section > 'Maa Ki Dekhbhaal: Healing After Birth' > 'When to call your own doctor',flagged quick-reference,When to call your own doctor,Content page in area 'Maa Ki Dekhbhaal: Healing After Birth' - The signs in you that are not just tiredness.,newborn 0-6 weeks + mother (all bands),348,1,placeholder,new,lib/screens/post_pregnancy/pp_first40_content.dart,"format=FLAGGED QUICK-REFERENCE; 1 tables, 1 chart cards, 1 callouts, 1 India notes; 0 cards, 0 steps; 23 REQUIRED_REVIEW/clinical-review markers in file"
parenting,Door: Jaapa: Your First 40 Days,My Child tab > 'Current | V3' pill > V3 home > 'The first 40 days' door > 'Jaapa: Your First 40 Days' section > 'Maa Ki Dekhbhaal: Healing After Birth' > 'If you do not feel like yourself',short-article,If you do not feel like yourself,"Content page in area 'Maa Ki Dekhbhaal: Healing After Birth' - What is common, what is more than that, and who to tell.",newborn 0-6 weeks + mother (all bands),481,1,placeholder,new,lib/screens/post_pregnancy/pp_first40_content.dart,"format=SHORT ARTICLE; 1 article blocks, 1 card groups, 1 callouts, 1 India notes, 2 links; 4 cards, 0 steps; 23 REQUIRED_REVIEW/clinical-review markers in file"
parenting,Door: Jaapa: Your First 40 Days,"My Child tab > 'Current | V3' pill > V3 home > 'The first 40 days' door > 'Jaapa: Your First 40 Days' section > 'Puchho ParentVeda' > 'Ask anything, at any hour'",cards page,"Ask anything, at any hour","Content page in area 'Puchho ParentVeda' - What it can answer, and what it will hand to a doctor.",newborn 0-6 weeks + mother (all bands),294,1,placeholder,new,lib/screens/post_pregnancy/pp_first40_content.dart,"format=CARDS; 1 card groups, 2 callouts, 1 India notes, 1 video slots, 1 links; 5 cards, 0 steps; 23 REQUIRED_REVIEW/clinical-review markers in file"
parenting,Door: Jaapa: Your First 40 Days,My Child tab > 'Current | V3' pill > V3 home > 'The first 40 days' door > 'Jaapa: Your First 40 Days' section > 'The Jaapa Course' > 'The First 40 Days course',cards page,The First 40 Days course,"Content page in area 'The Jaapa Course' - What is inside it, what it costs, and who does not need it.",newborn 0-6 weeks + mother (all bands),364,1,placeholder,new,lib/screens/post_pregnancy/pp_first40_content.dart,"format=CARDS; 1 card groups, 1 chart cards, 2 callouts, 1 India notes, 1 video slots, 1 links; 6 cards, 0 steps; 23 REQUIRED_REVIEW/clinical-review markers in file"
parenting,Door: Jaapa: Your First 40 Days,My Child tab > 'Current | V3' pill > V3 home > 'The first 40 days' door > 'Jaapa: Your First 40 Days' section > 'Jaapa Essentials' > 'What you actually need',cards page,What you actually need,"Content page in area 'Jaapa Essentials' - A short list, and a longer list of things to skip.",newborn 0-6 weeks + mother (all bands),445,1,placeholder,new,lib/screens/post_pregnancy/pp_first40_content.dart,"format=CARDS; 2 card groups, 1 callouts, 1 India notes, 1 video slots, 1 links; 14 cards, 0 steps; 23 REQUIRED_REVIEW/clinical-review markers in file"
parenting,Door: Jaapa: Your First 40 Days,My Child tab > 'Current | V3' pill > V3 home > 'The first 40 days' door > 'Jaapa: Your First 40 Days' section > 'Jaapa Essentials' > 'Which malish oil?',comparison table,Which malish oil?,"Content page in area 'Jaapa Essentials' - The honest comparison, including the ones to avoid.",newborn 0-6 weeks + mother (all bands),371,1,placeholder,new,lib/screens/post_pregnancy/pp_first40_content.dart,"format=COMPARISON TABLE; 1 step-lists, 1 tables, 1 callouts, 1 India notes, 1 links; 0 cards, 4 steps; 23 REQUIRED_REVIEW/clinical-review markers in file"
parenting,Door: Jaapa: Your First 40 Days,"My Child tab > 'Current | V3' pill > V3 home > 'The first 40 days' door > 'Jaapa: Your First 40 Days' section > 'Jaapa Essentials' > 'Which swaddle, and how many?'",comparison table,"Which swaddle, and how many?","Content page in area 'Jaapa Essentials' - Cloth, muslin or a velcro bag.",newborn 0-6 weeks + mother (all bands),294,1,placeholder,new,lib/screens/post_pregnancy/pp_first40_content.dart,"format=COMPARISON TABLE; 1 tables, 1 chart cards, 1 callouts, 1 India notes, 1 links; 0 cards, 0 steps; 23 REQUIRED_REVIEW/clinical-review markers in file"
parenting,"Door: You, Maa","My Child tab > 'Current | V3' pill > V3 home > 'You (Your own recovery)' door > 'You, Maa' section",section-hero copy,"You, Maa",Section title + intro paragraph on the door landing,mother (postpartum),37,1,placeholder,new,lib/screens/post_pregnancy/pp_you_maa_content.dart,subtitle='Because you matter too.'; also reachable by surface id pp_section/parenting_maternal
parenting,"Door: You, Maa","My Child tab > 'Current | V3' pill > V3 home > 'You (Your own recovery)' door > 'You, Maa' section > area tiles",area title + blurb,10 areas,Cover-card tiles that open each area,mother (postpartum),179,10,placeholder,new,lib/screens/post_pregnancy/pp_you_maa_content.dart,"areas: How are you today, Maa? | What is happening to my body? | I do not feel like myself | Leaks, heaviness and your pelvic floor | Moving again, at your own pace | Have you eaten today? | The healing kitchen | The people in your house | Going back, and finding yourself again | You are not the only one"
parenting,"Door: You, Maa","My Child tab > 'Current | V3' pill > V3 home > 'You (Your own recovery)' door > 'You, Maa' section > 'How are you today, Maa?' > 'I am having thoughts that frighten me'",route/decision page,I am having thoughts that frighten me,"Content page in area 'How are you today, Maa?' - Read this one first.",mother (postpartum) (all bands),296,1,placeholder,new,lib/screens/post_pregnancy/pp_you_maa_content.dart,"format=ROUTE; 1 article blocks, 1 callouts, 1 India notes, 1 video slots, 1 links; 0 cards, 0 steps; 50 REQUIRED_REVIEW/clinical-review markers in file"
parenting,"Door: You, Maa","My Child tab > 'Current | V3' pill > V3 home > 'You (Your own recovery)' door > 'You, Maa' section > 'How are you today, Maa?' > 'I feel low, or I keep crying'",route/decision page,"I feel low, or I keep crying","Content page in area 'How are you today, Maa?'",mother (postpartum) (all bands),166,1,placeholder,new,lib/screens/post_pregnancy/pp_you_maa_content.dart,"format=ROUTE; 1 article blocks, 1 callouts, 1 links; 0 cards, 0 steps; 50 REQUIRED_REVIEW/clinical-review markers in file"
parenting,"Door: You, Maa","My Child tab > 'Current | V3' pill > V3 home > 'You (Your own recovery)' door > 'You, Maa' section > 'How are you today, Maa?' > 'I am sore, or still healing'",route/decision page,"I am sore, or still healing","Content page in area 'How are you today, Maa?'",mother (postpartum) (all bands),211,1,placeholder,new,lib/screens/post_pregnancy/pp_you_maa_content.dart,"format=ROUTE; 1 article blocks, 1 callouts, 1 India notes; 0 cards, 0 steps; 50 REQUIRED_REVIEW/clinical-review markers in file"
parenting,"Door: You, Maa","My Child tab > 'Current | V3' pill > V3 home > 'You (Your own recovery)' door > 'You, Maa' section > 'How are you today, Maa?' > 'I leak, or I feel heavy down there'",route/decision page,"I leak, or I feel heavy down there","Content page in area 'How are you today, Maa?'",mother (postpartum) (all bands),145,1,placeholder,new,lib/screens/post_pregnancy/pp_you_maa_content.dart,"format=ROUTE; 1 article blocks, 1 callouts; 0 cards, 0 steps; 50 REQUIRED_REVIEW/clinical-review markers in file"
parenting,"Door: You, Maa","My Child tab > 'Current | V3' pill > V3 home > 'You (Your own recovery)' door > 'You, Maa' section > 'How are you today, Maa?' > 'I am stiff and I want to move again'",route/decision page,I am stiff and I want to move again,"Content page in area 'How are you today, Maa?'",mother (postpartum) (all bands),142,1,placeholder,new,lib/screens/post_pregnancy/pp_you_maa_content.dart,"format=ROUTE; 1 article blocks, 1 callouts, 1 links; 0 cards, 0 steps; 50 REQUIRED_REVIEW/clinical-review markers in file"
parenting,"Door: You, Maa","My Child tab > 'Current | V3' pill > V3 home > 'You (Your own recovery)' door > 'You, Maa' section > 'How are you today, Maa?' > 'I am drained, and I keep forgetting to eat'",route/decision page,"I am drained, and I keep forgetting to eat","Content page in area 'How are you today, Maa?'",mother (postpartum) (all bands),157,1,placeholder,new,lib/screens/post_pregnancy/pp_you_maa_content.dart,"format=ROUTE; 1 article blocks, 1 callouts, 1 links; 0 cards, 0 steps; 50 REQUIRED_REVIEW/clinical-review markers in file"
parenting,"Door: You, Maa","My Child tab > 'Current | V3' pill > V3 home > 'You (Your own recovery)' door > 'You, Maa' section > 'How are you today, Maa?' > 'I feel alone in this'",route/decision page,I feel alone in this,"Content page in area 'How are you today, Maa?'",mother (postpartum) (all bands),155,1,placeholder,new,lib/screens/post_pregnancy/pp_you_maa_content.dart,"format=ROUTE; 1 article blocks, 1 callouts, 1 links; 0 cards, 0 steps; 50 REQUIRED_REVIEW/clinical-review markers in file"
parenting,"Door: You, Maa","My Child tab > 'Current | V3' pill > V3 home > 'You (Your own recovery)' door > 'You, Maa' section > 'How are you today, Maa?' > 'I am going back to work soon'",route/decision page,I am going back to work soon,"Content page in area 'How are you today, Maa?'",mother (postpartum) (all bands),124,1,placeholder,new,lib/screens/post_pregnancy/pp_you_maa_content.dart,"format=ROUTE; 1 article blocks, 1 callouts; 0 cards, 0 steps; 50 REQUIRED_REVIEW/clinical-review markers in file"
parenting,"Door: You, Maa","My Child tab > 'Current | V3' pill > V3 home > 'You (Your own recovery)' door > 'You, Maa' section > 'What is happening to my body?' > 'When to call a doctor, not wait'",flagged callout,"When to call a doctor, not wait",Content page in area 'What is happening to my body?' - The short list. Worth knowing by heart.,mother (postpartum) (all bands),373,1,placeholder,new,lib/screens/post_pregnancy/pp_you_maa_content.dart,"format=FLAGGED CALLOUT; 1 article blocks, 1 callouts, 1 India notes, 1 video slots; 0 cards, 0 steps; 50 REQUIRED_REVIEW/clinical-review markers in file"
parenting,"Door: You, Maa","My Child tab > 'Current | V3' pill > V3 home > 'You (Your own recovery)' door > 'You, Maa' section > 'What is happening to my body?' > 'The bleeding, and what is normal'",article,"The bleeding, and what is normal",Content page in area 'What is happening to my body?',mother (postpartum) (all bands),340,1,placeholder,new,lib/screens/post_pregnancy/pp_you_maa_content.dart,"format=ARTICLE; 2 article blocks, 1 chart cards, 1 callouts, 1 India notes, 1 links; 0 cards, 0 steps; 50 REQUIRED_REVIEW/clinical-review markers in file"
parenting,"Door: You, Maa","My Child tab > 'Current | V3' pill > V3 home > 'You (Your own recovery)' door > 'You, Maa' section > 'What is happening to my body?' > 'Stitches, and sitting down again'",article,"Stitches, and sitting down again",Content page in area 'What is happening to my body?',mother (postpartum) (all bands),406,1,placeholder,new,lib/screens/post_pregnancy/pp_you_maa_content.dart,"format=ARTICLE; 1 article blocks, 1 step-lists, 1 callouts, 1 India notes, 1 links; 0 cards, 6 steps; 50 REQUIRED_REVIEW/clinical-review markers in file"
parenting,"Door: You, Maa","My Child tab > 'Current | V3' pill > V3 home > 'You (Your own recovery)' door > 'You, Maa' section > 'What is happening to my body?' > 'After a C-section, the first weeks'",article,"After a C-section, the first weeks",Content page in area 'What is happening to my body?',mother (postpartum) (all bands),484,1,placeholder,new,lib/screens/post_pregnancy/pp_you_maa_content.dart,"format=ARTICLE; 1 article blocks, 1 step-lists, 1 card groups, 1 callouts, 1 India notes, 1 links; 5 cards, 4 steps; 50 REQUIRED_REVIEW/clinical-review markers in file"
parenting,"Door: You, Maa","My Child tab > 'Current | V3' pill > V3 home > 'You (Your own recovery)' door > 'You, Maa' section > 'What is happening to my body?' > 'Cramps that come back when you feed'",short-article,Cramps that come back when you feed,Content page in area 'What is happening to my body?',mother (postpartum) (all bands),210,1,placeholder,new,lib/screens/post_pregnancy/pp_you_maa_content.dart,"format=SHORT ARTICLE; 1 article blocks, 1 card groups, 1 callouts; 4 cards, 0 steps; 50 REQUIRED_REVIEW/clinical-review markers in file"
parenting,"Door: You, Maa","My Child tab > 'Current | V3' pill > V3 home > 'You (Your own recovery)' door > 'You, Maa' section > 'What is happening to my body?' > 'Swelling, and sweating through the night'",short-article,"Swelling, and sweating through the night",Content page in area 'What is happening to my body?',mother (postpartum) (all bands),229,1,placeholder,new,lib/screens/post_pregnancy/pp_you_maa_content.dart,"format=SHORT ARTICLE; 1 article blocks, 1 card groups, 1 callouts; 4 cards, 0 steps; 50 REQUIRED_REVIEW/clinical-review markers in file"
parenting,"Door: You, Maa","My Child tab > 'Current | V3' pill > V3 home > 'You (Your own recovery)' door > 'You, Maa' section > 'What is happening to my body?' > 'Sore, rock hard breasts'",article,"Sore, rock hard breasts",Content page in area 'What is happening to my body?',mother (postpartum) (all bands),390,1,placeholder,new,lib/screens/post_pregnancy/pp_you_maa_content.dart,"format=ARTICLE; 1 article blocks, 1 step-lists, 2 callouts, 1 India notes, 1 links; 0 cards, 5 steps; 50 REQUIRED_REVIEW/clinical-review markers in file"
parenting,"Door: You, Maa","My Child tab > 'Current | V3' pill > V3 home > 'You (Your own recovery)' door > 'You, Maa' section > 'What is happening to my body?' > 'Rest, and why it is not laziness'",article,"Rest, and why it is not laziness",Content page in area 'What is happening to my body?',mother (postpartum) (all bands),331,1,placeholder,new,lib/screens/post_pregnancy/pp_you_maa_content.dart,"format=ARTICLE; 1 article blocks, 1 card groups, 1 callouts, 1 India notes, 1 links; 4 cards, 0 steps; 50 REQUIRED_REVIEW/clinical-review markers in file"
parenting,"Door: You, Maa","My Child tab > 'Current | V3' pill > V3 home > 'You (Your own recovery)' door > 'You, Maa' section > 'What is happening to my body?' > 'Your C-section scar, and the numbness'",article,"Your C-section scar, and the numbness",Content page in area 'What is happening to my body?',mother (postpartum) (all bands),412,1,placeholder,new,lib/screens/post_pregnancy/pp_you_maa_content.dart,"format=ARTICLE; 1 article blocks, 1 step-lists, 1 callouts, 1 India notes, 1 links; 0 cards, 6 steps; 50 REQUIRED_REVIEW/clinical-review markers in file"
parenting,"Door: You, Maa","My Child tab > 'Current | V3' pill > V3 home > 'You (Your own recovery)' door > 'You, Maa' section > 'What is happening to my body?' > 'Your back, and the way you now stand'",article,"Your back, and the way you now stand",Content page in area 'What is happening to my body?',mother (postpartum) (all bands),397,1,placeholder,new,lib/screens/post_pregnancy/pp_you_maa_content.dart,"format=ARTICLE; 1 article blocks, 1 card groups, 1 callouts, 1 India notes, 1 links; 5 cards, 0 steps; 50 REQUIRED_REVIEW/clinical-review markers in file"
parenting,"Door: You, Maa","My Child tab > 'Current | V3' pill > V3 home > 'You (Your own recovery)' door > 'You, Maa' section > 'What is happening to my body?' > 'Wrist, thumb and neck pain from feeding'",short-article,"Wrist, thumb and neck pain from feeding",Content page in area 'What is happening to my body?',mother (postpartum) (all bands),286,1,placeholder,new,lib/screens/post_pregnancy/pp_you_maa_content.dart,"format=SHORT ARTICLE; 1 article blocks, 1 step-lists, 1 callouts; 0 cards, 5 steps; 50 REQUIRED_REVIEW/clinical-review markers in file"
parenting,"Door: You, Maa","My Child tab > 'Current | V3' pill > V3 home > 'You (Your own recovery)' door > 'You, Maa' section > 'What is happening to my body?' > 'My hair is coming out in handfuls'",short-article,My hair is coming out in handfuls,Content page in area 'What is happening to my body?',mother (postpartum) (all bands),296,1,placeholder,new,lib/screens/post_pregnancy/pp_you_maa_content.dart,"format=SHORT ARTICLE; 1 article blocks, 1 card groups, 1 callouts, 1 India notes; 4 cards, 0 steps; 50 REQUIRED_REVIEW/clinical-review markers in file"
parenting,"Door: You, Maa","My Child tab > 'Current | V3' pill > V3 home > 'You (Your own recovery)' door > 'You, Maa' section > 'What is happening to my body?' > 'The gap in my stomach muscles'",article,The gap in my stomach muscles,Content page in area 'What is happening to my body?',mother (postpartum) (all bands),490,1,placeholder,new,lib/screens/post_pregnancy/pp_you_maa_content.dart,"format=ARTICLE; 1 article blocks, 1 step-lists, 1 card groups, 2 callouts, 1 links; 5 cards, 5 steps; 50 REQUIRED_REVIEW/clinical-review markers in file"
parenting,"Door: You, Maa","My Child tab > 'Current | V3' pill > V3 home > 'You (Your own recovery)' door > 'You, Maa' section > 'What is happening to my body?' > 'Constipation and piles'",article,Constipation and piles,Content page in area 'What is happening to my body?',mother (postpartum) (all bands),395,1,placeholder,new,lib/screens/post_pregnancy/pp_you_maa_content.dart,"format=ARTICLE; 1 article blocks, 1 step-lists, 1 callouts, 1 India notes; 0 cards, 6 steps; 50 REQUIRED_REVIEW/clinical-review markers in file"
parenting,"Door: You, Maa","My Child tab > 'Current | V3' pill > V3 home > 'You (Your own recovery)' door > 'You, Maa' section > 'What is happening to my body?' > 'Your core and your scar, months later'",article,"Your core and your scar, months later",Content page in area 'What is happening to my body?',mother (postpartum) (all bands),332,1,placeholder,new,lib/screens/post_pregnancy/pp_you_maa_content.dart,"format=ARTICLE; 1 article blocks, 1 card groups, 1 links, 1 consult CTAs; 4 cards, 0 steps; 50 REQUIRED_REVIEW/clinical-review markers in file"
parenting,"Door: You, Maa","My Child tab > 'Current | V3' pill > V3 home > 'You (Your own recovery)' door > 'You, Maa' section > 'What is happening to my body?' > 'When will I feel normal, and what is worth checking'",article,"When will I feel normal, and what is worth checking",Content page in area 'What is happening to my body?',mother (postpartum) (all bands),365,1,placeholder,new,lib/screens/post_pregnancy/pp_you_maa_content.dart,"format=ARTICLE; 1 article blocks, 1 card groups, 1 chart cards, 1 callouts, 1 India notes; 5 cards, 0 steps; 50 REQUIRED_REVIEW/clinical-review markers in file"
parenting,"Door: You, Maa","My Child tab > 'Current | V3' pill > V3 home > 'You (Your own recovery)' door > 'You, Maa' section > 'What is happening to my body?' > 'Your skin, stretch marks and the line on your belly'",short-article,"Your skin, stretch marks and the line on your belly",Content page in area 'What is happening to my body?',mother (postpartum) (all bands),246,1,placeholder,new,lib/screens/post_pregnancy/pp_you_maa_content.dart,"format=SHORT ARTICLE; 1 article blocks, 1 card groups, 1 callouts; 4 cards, 0 steps; 50 REQUIRED_REVIEW/clinical-review markers in file"
parenting,"Door: You, Maa","My Child tab > 'Current | V3' pill > V3 home > 'You (Your own recovery)' door > 'You, Maa' section > 'What is happening to my body?' > 'Getting your energy back'",article,Getting your energy back,Content page in area 'What is happening to my body?',mother (postpartum) (all bands),396,1,placeholder,new,lib/screens/post_pregnancy/pp_you_maa_content.dart,"format=ARTICLE; 1 article blocks, 1 card groups, 1 callouts, 1 India notes, 1 links; 5 cards, 0 steps; 50 REQUIRED_REVIEW/clinical-review markers in file"
parenting,"Door: You, Maa","My Child tab > 'Current | V3' pill > V3 home > 'You (Your own recovery)' door > 'You, Maa' section > 'I do not feel like myself' > 'How do you feel right now?'",video shelf page,How do you feel right now?,"Content page in area 'I do not feel like myself' - Tap the one that fits. A short video, from someone who has been there or works with mothers who have.",mother (postpartum) (all bands),347,1,placeholder,new,lib/screens/post_pregnancy/pp_you_maa_content.dart,"format=VIDEO SHELF; 2 callouts, 10 video slots, 1 links; 0 cards, 0 steps; 50 REQUIRED_REVIEW/clinical-review markers in file"
parenting,"Door: You, Maa","My Child tab > 'Current | V3' pill > V3 home > 'You (Your own recovery)' door > 'You, Maa' section > 'I do not feel like myself' > 'Baby blues, or something more?'",comparison table,"Baby blues, or something more?",Content page in area 'I do not feel like myself',mother (postpartum) (all bands),475,1,placeholder,new,lib/screens/post_pregnancy/pp_you_maa_content.dart,"format=COMPARISON TABLE; 1 article blocks, 1 tables, 2 callouts, 1 India notes, 1 links, 1 consult CTAs; 0 cards, 0 steps; 50 REQUIRED_REVIEW/clinical-review markers in file"
parenting,"Door: You, Maa","My Child tab > 'Current | V3' pill > V3 home > 'You (Your own recovery)' door > 'You, Maa' section > 'I do not feel like myself' > 'I am anxious every single minute'",article,I am anxious every single minute,Content page in area 'I do not feel like myself',mother (postpartum) (all bands),464,1,placeholder,new,lib/screens/post_pregnancy/pp_you_maa_content.dart,"format=ARTICLE; 1 article blocks, 1 card groups, 2 callouts, 1 India notes, 1 consult CTAs; 6 cards, 0 steps; 50 REQUIRED_REVIEW/clinical-review markers in file"
parenting,"Door: You, Maa","My Child tab > 'Current | V3' pill > V3 home > 'You (Your own recovery)' door > 'You, Maa' section > 'I do not feel like myself' > 'Thoughts that frighten me'",article,Thoughts that frighten me,Content page in area 'I do not feel like myself',mother (postpartum) (all bands),503,1,placeholder,new,lib/screens/post_pregnancy/pp_you_maa_content.dart,"format=ARTICLE; 1 article blocks, 1 step-lists, 2 callouts, 1 links, 1 consult CTAs; 0 cards, 5 steps; 50 REQUIRED_REVIEW/clinical-review markers in file"
parenting,"Door: You, Maa","My Child tab > 'Current | V3' pill > V3 home > 'You (Your own recovery)' door > 'You, Maa' section > 'I do not feel like myself' > 'The anger nobody warned me about'",article,The anger nobody warned me about,Content page in area 'I do not feel like myself',mother (postpartum) (all bands),439,1,placeholder,new,lib/screens/post_pregnancy/pp_you_maa_content.dart,"format=ARTICLE; 1 article blocks, 1 step-lists, 2 callouts, 1 India notes, 1 links; 0 cards, 5 steps; 50 REQUIRED_REVIEW/clinical-review markers in file"
parenting,"Door: You, Maa","My Child tab > 'Current | V3' pill > V3 home > 'You (Your own recovery)' door > 'You, Maa' section > 'I do not feel like myself' > 'I love my baby and I am not okay'",article,I love my baby and I am not okay,Content page in area 'I do not feel like myself',mother (postpartum) (all bands),371,1,placeholder,new,lib/screens/post_pregnancy/pp_you_maa_content.dart,"format=ARTICLE; 1 article blocks, 1 callouts, 1 scripts, 1 consult CTAs; 0 cards, 0 steps; 50 REQUIRED_REVIEW/clinical-review markers in file"
parenting,"Door: You, Maa","My Child tab > 'Current | V3' pill > V3 home > 'You (Your own recovery)' door > 'You, Maa' section > 'I do not feel like myself' > 'Who am I now?'",article,Who am I now?,Content page in area 'I do not feel like myself',mother (postpartum) (all bands),358,1,placeholder,new,lib/screens/post_pregnancy/pp_you_maa_content.dart,"format=ARTICLE; 1 article blocks, 1 card groups, 1 callouts, 1 video slots; 5 cards, 0 steps; 50 REQUIRED_REVIEW/clinical-review markers in file"
parenting,"Door: You, Maa","My Child tab > 'Current | V3' pill > V3 home > 'You (Your own recovery)' door > 'You, Maa' section > 'I do not feel like myself' > 'The guilt, and the comparison'",article,"The guilt, and the comparison",Content page in area 'I do not feel like myself',mother (postpartum) (all bands),359,1,placeholder,new,lib/screens/post_pregnancy/pp_you_maa_content.dart,"format=ARTICLE; 1 article blocks, 1 card groups, 1 callouts, 1 links; 5 cards, 0 steps; 50 REQUIRED_REVIEW/clinical-review markers in file"
parenting,"Door: You, Maa","My Child tab > 'Current | V3' pill > V3 home > 'You (Your own recovery)' door > 'You, Maa' section > 'I do not feel like myself' > 'Alone in a full house'",article,Alone in a full house,Content page in area 'I do not feel like myself',mother (postpartum) (all bands),393,1,placeholder,new,lib/screens/post_pregnancy/pp_you_maa_content.dart,"format=ARTICLE; 1 article blocks, 1 card groups, 1 callouts, 1 links, 1 consult CTAs; 5 cards, 0 steps; 50 REQUIRED_REVIEW/clinical-review markers in file"
parenting,"Door: You, Maa","My Child tab > 'Current | V3' pill > V3 home > 'You (Your own recovery)' door > 'You, Maa' section > 'I do not feel like myself' > 'You and your partner, after'",article,"You and your partner, after",Content page in area 'I do not feel like myself',mother (postpartum) (all bands),471,1,placeholder,new,lib/screens/post_pregnancy/pp_you_maa_content.dart,"format=ARTICLE; 1 article blocks, 1 card groups, 1 callouts, 1 scripts, 1 consult CTAs; 4 cards, 0 steps; 50 REQUIRED_REVIEW/clinical-review markers in file"
parenting,"Door: You, Maa","My Child tab > 'Current | V3' pill > V3 home > 'You (Your own recovery)' door > 'You, Maa' section > 'I do not feel like myself' > 'Postpartum psychosis: rare, urgent, know the signs'",flagged callout,"Postpartum psychosis: rare, urgent, know the signs",Content page in area 'I do not feel like myself',mother (postpartum) (all bands),346,1,placeholder,new,lib/screens/post_pregnancy/pp_you_maa_content.dart,"format=FLAGGED CALLOUT; 1 article blocks, 2 callouts, 1 India notes, 1 links; 0 cards, 0 steps; 50 REQUIRED_REVIEW/clinical-review markers in file"
parenting,"Door: You, Maa","My Child tab > 'Current | V3' pill > V3 home > 'You (Your own recovery)' door > 'You, Maa' section > 'I do not feel like myself' > 'How to actually get help, in India'",step-list,"How to actually get help, in India",Content page in area 'I do not feel like myself',mother (postpartum) (all bands),443,1,placeholder,new,lib/screens/post_pregnancy/pp_you_maa_content.dart,"format=STEP-LIST; 1 step-lists, 1 card groups, 1 links, 2 consult CTAs; 4 cards, 6 steps; 50 REQUIRED_REVIEW/clinical-review markers in file"
parenting,"Door: You, Maa","My Child tab > 'Current | V3' pill > V3 home > 'You (Your own recovery)' door > 'You, Maa' section > 'Leaks, heaviness and your pelvic floor' > 'What your pelvic floor is, and why it matters'",article,"What your pelvic floor is, and why it matters","Content page in area 'Leaks, heaviness and your pelvic floor'",mother (postpartum) (all bands),308,1,placeholder,new,lib/screens/post_pregnancy/pp_you_maa_content.dart,"format=ARTICLE; 1 article blocks, 1 chart cards, 1 callouts, 1 India notes; 0 cards, 0 steps; 50 REQUIRED_REVIEW/clinical-review markers in file"
parenting,"Door: You, Maa","My Child tab > 'Current | V3' pill > V3 home > 'You (Your own recovery)' door > 'You, Maa' section > 'Leaks, heaviness and your pelvic floor' > 'I leak when I cough, laugh or lift'",article,"I leak when I cough, laugh or lift","Content page in area 'Leaks, heaviness and your pelvic floor'",mother (postpartum) (all bands),402,1,placeholder,new,lib/screens/post_pregnancy/pp_you_maa_content.dart,"format=ARTICLE; 1 article blocks, 1 card groups, 2 callouts, 1 consult CTAs; 6 cards, 0 steps; 50 REQUIRED_REVIEW/clinical-review markers in file"
parenting,"Door: You, Maa","My Child tab > 'Current | V3' pill > V3 home > 'You (Your own recovery)' door > 'You, Maa' section > 'Leaks, heaviness and your pelvic floor' > 'A heavy, dragging feeling down there'",article,"A heavy, dragging feeling down there","Content page in area 'Leaks, heaviness and your pelvic floor'",mother (postpartum) (all bands),387,1,placeholder,new,lib/screens/post_pregnancy/pp_you_maa_content.dart,"format=ARTICLE; 1 article blocks, 1 card groups, 1 callouts, 1 consult CTAs; 5 cards, 0 steps; 50 REQUIRED_REVIEW/clinical-review markers in file"
parenting,"Door: You, Maa","My Child tab > 'Current | V3' pill > V3 home > 'You (Your own recovery)' door > 'You, Maa' section > 'Leaks, heaviness and your pelvic floor' > 'Wind and bowel control'",short-article,Wind and bowel control,"Content page in area 'Leaks, heaviness and your pelvic floor'",mother (postpartum) (all bands),303,1,placeholder,new,lib/screens/post_pregnancy/pp_you_maa_content.dart,"format=SHORT ARTICLE; 1 article blocks, 1 card groups, 1 callouts, 1 consult CTAs; 4 cards, 0 steps; 50 REQUIRED_REVIEW/clinical-review markers in file"
parenting,"Door: You, Maa","My Child tab > 'Current | V3' pill > V3 home > 'You (Your own recovery)' door > 'You, Maa' section > 'Leaks, heaviness and your pelvic floor' > 'When sex hurts after birth'",article,When sex hurts after birth,"Content page in area 'Leaks, heaviness and your pelvic floor'",mother (postpartum) (all bands),510,1,placeholder,new,lib/screens/post_pregnancy/pp_you_maa_content.dart,"format=ARTICLE; 1 article blocks, 1 step-lists, 1 callouts, 1 India notes, 1 consult CTAs; 0 cards, 6 steps; 50 REQUIRED_REVIEW/clinical-review markers in file"
parenting,"Door: You, Maa","My Child tab > 'Current | V3' pill > V3 home > 'You (Your own recovery)' door > 'You, Maa' section > 'Leaks, heaviness and your pelvic floor' > 'When to stop exercising and see a physio'",flagged callout,When to stop exercising and see a physio,"Content page in area 'Leaks, heaviness and your pelvic floor'",mother (postpartum) (all bands),373,1,placeholder,new,lib/screens/post_pregnancy/pp_you_maa_content.dart,"format=FLAGGED CALLOUT; 1 article blocks, 1 card groups, 1 callouts, 2 consult CTAs; 4 cards, 0 steps; 50 REQUIRED_REVIEW/clinical-review markers in file"
parenting,"Door: You, Maa","My Child tab > 'Current | V3' pill > V3 home > 'You (Your own recovery)' door > 'You, Maa' section > 'Leaks, heaviness and your pelvic floor' > 'Belly breathing, the foundation'",activity,"Belly breathing, the foundation","Content page in area 'Leaks, heaviness and your pelvic floor' - Safe from the first days, including after a caesarean.",mother (postpartum) (all bands),335,1,placeholder,new,lib/screens/post_pregnancy/pp_you_maa_content.dart,"format=ACTIVITY; 1 article blocks, 1 step-lists, 2 callouts, 1 video slots; 0 cards, 6 steps; 50 REQUIRED_REVIEW/clinical-review markers in file"
parenting,"Door: You, Maa","My Child tab > 'Current | V3' pill > V3 home > 'You (Your own recovery)' door > 'You, Maa' section > 'Leaks, heaviness and your pelvic floor' > 'Kegels, done correctly'",activity,"Kegels, done correctly","Content page in area 'Leaks, heaviness and your pelvic floor' - Once your doctor has cleared you, usually after the six week check.",mother (postpartum) (all bands),487,1,placeholder,new,lib/screens/post_pregnancy/pp_you_maa_content.dart,"format=ACTIVITY; 2 step-lists, 1 card groups, 1 callouts, 1 India notes, 1 video slots; 5 cards, 10 steps; 50 REQUIRED_REVIEW/clinical-review markers in file"
parenting,"Door: You, Maa","My Child tab > 'Current | V3' pill > V3 home > 'You (Your own recovery)' door > 'You, Maa' section > 'Leaks, heaviness and your pelvic floor' > 'Making it harder: long holds and quick flicks'",activity,Making it harder: long holds and quick flicks,"Content page in area 'Leaks, heaviness and your pelvic floor'",mother (postpartum) (all bands),313,1,placeholder,new,lib/screens/post_pregnancy/pp_you_maa_content.dart,"format=ACTIVITY; 1 article blocks, 3 step-lists, 1 callouts, 1 video slots; 0 cards, 9 steps; 50 REQUIRED_REVIEW/clinical-review markers in file"
parenting,"Door: You, Maa","My Child tab > 'Current | V3' pill > V3 home > 'You (Your own recovery)' door > 'You, Maa' section > 'Leaks, heaviness and your pelvic floor' > 'Connecting breath, pelvic floor and deep core'",activity,"Connecting breath, pelvic floor and deep core","Content page in area 'Leaks, heaviness and your pelvic floor'",mother (postpartum) (all bands),373,1,placeholder,new,lib/screens/post_pregnancy/pp_you_maa_content.dart,"format=ACTIVITY; 1 article blocks, 1 step-lists, 1 card groups, 1 video slots, 1 links; 4 cards, 7 steps; 50 REQUIRED_REVIEW/clinical-review markers in file"
parenting,"Door: You, Maa","My Child tab > 'Current | V3' pill > V3 home > 'You (Your own recovery)' door > 'You, Maa' section > 'Leaks, heaviness and your pelvic floor' > 'Using it when you lift, cough and carry her'",activity,"Using it when you lift, cough and carry her","Content page in area 'Leaks, heaviness and your pelvic floor'",mother (postpartum) (all bands),334,1,placeholder,new,lib/screens/post_pregnancy/pp_you_maa_content.dart,"format=ACTIVITY; 1 article blocks, 1 step-lists, 1 card groups, 1 callouts; 4 cards, 5 steps; 50 REQUIRED_REVIEW/clinical-review markers in file"
parenting,"Door: You, Maa","My Child tab > 'Current | V3' pill > V3 home > 'You (Your own recovery)' door > 'You, Maa' section > 'Moving again, at your own pace' > 'There is no bouncing back, and that is not bad news'",article,"There is no bouncing back, and that is not bad news","Content page in area 'Moving again, at your own pace'",mother (postpartum) (all bands),422,1,placeholder,new,lib/screens/post_pregnancy/pp_you_maa_content.dart,"format=ARTICLE; 1 article blocks, 1 card groups, 2 callouts, 1 India notes; 5 cards, 0 steps; 50 REQUIRED_REVIEW/clinical-review markers in file"
parenting,"Door: You, Maa","My Child tab > 'Current | V3' pill > V3 home > 'You (Your own recovery)' door > 'You, Maa' section > 'Moving again, at your own pace' > 'Moving in the first six weeks'",activity,Moving in the first six weeks,"Content page in area 'Moving again, at your own pace' - Which is mostly walking, and mostly not much.",mother (postpartum) (all bands),467,1,placeholder,new,lib/screens/post_pregnancy/pp_you_maa_content.dart,"format=ACTIVITY; 1 article blocks, 1 step-lists, 2 callouts, 1 India notes; 0 cards, 5 steps; 50 REQUIRED_REVIEW/clinical-review markers in file"
parenting,"Door: You, Maa","My Child tab > 'Current | V3' pill > V3 home > 'You (Your own recovery)' door > 'You, Maa' section > 'Moving again, at your own pace' > 'The six week check, and what ""cleared"" actually means'",article,"The six week check, and what ""cleared"" actually means","Content page in area 'Moving again, at your own pace'",mother (postpartum) (all bands),427,1,placeholder,new,lib/screens/post_pregnancy/pp_you_maa_content.dart,"format=ARTICLE; 1 article blocks, 1 step-lists, 1 callouts, 1 India notes; 0 cards, 6 steps; 50 REQUIRED_REVIEW/clinical-review markers in file"
parenting,"Door: You, Maa","My Child tab > 'Current | V3' pill > V3 home > 'You (Your own recovery)' door > 'You, Maa' section > 'Moving again, at your own pace' > 'Walking, which is doing more than you think'",activity,"Walking, which is doing more than you think","Content page in area 'Moving again, at your own pace'",mother (postpartum) (all bands),392,1,placeholder,new,lib/screens/post_pregnancy/pp_you_maa_content.dart,"format=ACTIVITY; 1 article blocks, 1 step-lists, 1 callouts, 1 India notes, 1 video slots; 0 cards, 5 steps; 50 REQUIRED_REVIEW/clinical-review markers in file"
parenting,"Door: You, Maa","My Child tab > 'Current | V3' pill > V3 home > 'You (Your own recovery)' door > 'You, Maa' section > 'Moving again, at your own pace' > 'Waking up your deep core'",activity,Waking up your deep core,"Content page in area 'Moving again, at your own pace' - After clearance. This is the one that everything else needs.",mother (postpartum) (all bands),473,1,placeholder,new,lib/screens/post_pregnancy/pp_you_maa_content.dart,"format=ACTIVITY; 1 article blocks, 1 step-lists, 1 card groups, 1 callouts, 1 video slots; 4 cards, 6 steps; 50 REQUIRED_REVIEW/clinical-review markers in file"
parenting,"Door: You, Maa","My Child tab > 'Current | V3' pill > V3 home > 'You (Your own recovery)' door > 'You, Maa' section > 'Moving again, at your own pace' > 'Training with a gap in your stomach muscles'",activity,Training with a gap in your stomach muscles,"Content page in area 'Moving again, at your own pace'",mother (postpartum) (all bands),487,1,placeholder,new,lib/screens/post_pregnancy/pp_you_maa_content.dart,"format=ACTIVITY; 1 article blocks, 1 step-lists, 1 card groups, 1 callouts; 5 cards, 4 steps; 50 REQUIRED_REVIEW/clinical-review markers in file"
parenting,"Door: You, Maa","My Child tab > 'Current | V3' pill > V3 home > 'You (Your own recovery)' door > 'You, Maa' section > 'Moving again, at your own pace' > 'Moving after a caesarean'",activity,Moving after a caesarean,"Content page in area 'Moving again, at your own pace' - Written only for mothers who had a C-section.",mother (postpartum) (all bands),587,1,placeholder,new,lib/screens/post_pregnancy/pp_you_maa_content.dart,"format=ACTIVITY; 1 article blocks, 1 step-lists, 2 callouts, 1 video slots, 1 links, 2 consult CTAs; 0 cards, 6 steps; 50 REQUIRED_REVIEW/clinical-review markers in file"
parenting,"Door: You, Maa","My Child tab > 'Current | V3' pill > V3 home > 'You (Your own recovery)' door > 'You, Maa' section > 'Moving again, at your own pace' > 'Getting stronger, from about three months'",activity,"Getting stronger, from about three months","Content page in area 'Moving again, at your own pace'",mother (postpartum) (all bands),450,1,placeholder,new,lib/screens/post_pregnancy/pp_you_maa_content.dart,"format=ACTIVITY; 1 article blocks, 1 step-lists, 1 card groups, 1 callouts, 2 links; 6 cards, 5 steps; 50 REQUIRED_REVIEW/clinical-review markers in file"
parenting,"Door: You, Maa","My Child tab > 'Current | V3' pill > V3 home > 'You (Your own recovery)' door > 'You, Maa' section > 'Moving again, at your own pace' > 'Going back to running, or anything that bounces'",article,"Going back to running, or anything that bounces","Content page in area 'Moving again, at your own pace'",mother (postpartum) (all bands),391,1,placeholder,new,lib/screens/post_pregnancy/pp_you_maa_content.dart,"format=ARTICLE; 1 article blocks, 1 step-lists, 1 card groups, 1 callouts; 4 cards, 5 steps; 50 REQUIRED_REVIEW/clinical-review markers in file"
parenting,"Door: You, Maa","My Child tab > 'Current | V3' pill > V3 home > 'You (Your own recovery)' door > 'You, Maa' section > 'Have you eaten today?' > 'What your body actually needs right now'",article,What your body actually needs right now,Content page in area 'Have you eaten today?',mother (postpartum) (all bands),457,1,placeholder,new,lib/screens/post_pregnancy/pp_you_maa_content.dart,"format=ARTICLE; 2 article blocks, 1 chart cards, 1 callouts, 1 India notes, 1 video slots, 1 links; 0 cards, 0 steps; 50 REQUIRED_REVIEW/clinical-review markers in file"
parenting,"Door: You, Maa","My Child tab > 'Current | V3' pill > V3 home > 'You (Your own recovery)' door > 'You, Maa' section > 'Have you eaten today?' > 'Eating while breastfeeding, without the banned list'",article,"Eating while breastfeeding, without the banned list",Content page in area 'Have you eaten today?',mother (postpartum) (all bands),484,1,placeholder,new,lib/screens/post_pregnancy/pp_you_maa_content.dart,"format=ARTICLE; 2 article blocks, 1 card groups, 1 callouts, 1 India notes; 5 cards, 0 steps; 50 REQUIRED_REVIEW/clinical-review markers in file"
parenting,"Door: You, Maa","My Child tab > 'Current | V3' pill > V3 home > 'You (Your own recovery)' door > 'You, Maa' section > 'Have you eaten today?' > 'Iron, and why you are so tired'",article,"Iron, and why you are so tired",Content page in area 'Have you eaten today?',mother (postpartum) (all bands),490,1,placeholder,new,lib/screens/post_pregnancy/pp_you_maa_content.dart,"format=ARTICLE; 1 article blocks, 1 step-lists, 1 card groups, 1 callouts, 1 links; 6 cards, 5 steps; 50 REQUIRED_REVIEW/clinical-review markers in file"
parenting,"Door: You, Maa","My Child tab > 'Current | V3' pill > V3 home > 'You (Your own recovery)' door > 'You, Maa' section > 'Have you eaten today?' > 'Calcium, your bones, and the sun you never see'",article,"Calcium, your bones, and the sun you never see",Content page in area 'Have you eaten today?',mother (postpartum) (all bands),424,1,placeholder,new,lib/screens/post_pregnancy/pp_you_maa_content.dart,"format=ARTICLE; 1 article blocks, 1 step-lists, 1 chart cards, 1 callouts, 1 India notes; 0 cards, 4 steps; 50 REQUIRED_REVIEW/clinical-review markers in file"
parenting,"Door: You, Maa","My Child tab > 'Current | V3' pill > V3 home > 'You (Your own recovery)' door > 'You, Maa' section > 'Have you eaten today?' > 'Why you are so thirsty, and what to do about it'",article,"Why you are so thirsty, and what to do about it",Content page in area 'Have you eaten today?',mother (postpartum) (all bands),376,1,placeholder,new,lib/screens/post_pregnancy/pp_you_maa_content.dart,"format=ARTICLE; 1 article blocks, 1 step-lists, 1 callouts, 1 India notes, 1 links; 0 cards, 5 steps; 50 REQUIRED_REVIEW/clinical-review markers in file"
parenting,"Door: You, Maa","My Child tab > 'Current | V3' pill > V3 home > 'You (Your own recovery)' door > 'You, Maa' section > 'Have you eaten today?' > 'When you have no appetite, or no hands, or no time'",article,"When you have no appetite, or no hands, or no time",Content page in area 'Have you eaten today?',mother (postpartum) (all bands),374,1,placeholder,new,lib/screens/post_pregnancy/pp_you_maa_content.dart,"format=ARTICLE; 1 article blocks, 1 card groups, 1 callouts, 1 India notes; 6 cards, 0 steps; 50 REQUIRED_REVIEW/clinical-review markers in file"
parenting,"Door: You, Maa","My Child tab > 'Current | V3' pill > V3 home > 'You (Your own recovery)' door > 'You, Maa' section > 'Have you eaten today?' > 'The weight question, answered honestly once'",article,"The weight question, answered honestly once",Content page in area 'Have you eaten today?',mother (postpartum) (all bands),484,1,placeholder,new,lib/screens/post_pregnancy/pp_you_maa_content.dart,"format=ARTICLE; 1 article blocks, 1 card groups, 2 callouts, 1 India notes; 4 cards, 0 steps; 50 REQUIRED_REVIEW/clinical-review markers in file"
parenting,"Door: You, Maa","My Child tab > 'Current | V3' pill > V3 home > 'You (Your own recovery)' door > 'You, Maa' section > 'The healing kitchen' > 'What jaapa food is actually doing'",article,What jaapa food is actually doing,Content page in area 'The healing kitchen',mother (postpartum) (all bands),413,1,placeholder,new,lib/screens/post_pregnancy/pp_you_maa_content.dart,"format=ARTICLE; 1 article blocks, 1 chart cards, 1 callouts, 1 India notes; 0 cards, 0 steps; 50 REQUIRED_REVIEW/clinical-review markers in file"
parenting,"Door: You, Maa","My Child tab > 'Current | V3' pill > V3 home > 'You (Your own recovery)' door > 'You, Maa' section > 'The healing kitchen' > 'Gond ke laddoo'",recipe (mother),Gond ke laddoo,Content page in area 'The healing kitchen' - The one worth making first.,mother (postpartum) (all bands),549,1,placeholder,new,lib/screens/post_pregnancy/pp_you_maa_content.dart,"format=RECIPE; 1 article blocks, 1 step-lists, 1 chart cards, 2 callouts, 1 India notes, 1 video slots; 0 cards, 7 steps; 50 REQUIRED_REVIEW/clinical-review markers in file"
parenting,"Door: You, Maa","My Child tab > 'Current | V3' pill > V3 home > 'You (Your own recovery)' door > 'You, Maa' section > 'The healing kitchen' > 'Methi laddoo, and the truth about methi for milk'",recipe (mother),"Methi laddoo, and the truth about methi for milk",Content page in area 'The healing kitchen',mother (postpartum) (all bands),502,1,placeholder,new,lib/screens/post_pregnancy/pp_you_maa_content.dart,"format=RECIPE; 1 article blocks, 1 step-lists, 1 chart cards, 2 callouts, 1 video slots, 1 consult CTAs; 0 cards, 5 steps; 50 REQUIRED_REVIEW/clinical-review markers in file"
parenting,"Door: You, Maa","My Child tab > 'Current | V3' pill > V3 home > 'You (Your own recovery)' door > 'You, Maa' section > 'The healing kitchen' > 'Panjiri and harira'",recipe (mother),Panjiri and harira,Content page in area 'The healing kitchen' - The two that get made in the first week.,mother (postpartum) (all bands),395,1,placeholder,new,lib/screens/post_pregnancy/pp_you_maa_content.dart,"format=RECIPE; 2 step-lists, 2 chart cards, 1 callouts, 1 India notes, 1 video slots; 0 cards, 8 steps; 50 REQUIRED_REVIEW/clinical-review markers in file"
parenting,"Door: You, Maa","My Child tab > 'Current | V3' pill > V3 home > 'You (Your own recovery)' door > 'You, Maa' section > 'The healing kitchen' > 'Ajwain water, jeera water and the kadha'",recipe (mother),"Ajwain water, jeera water and the kadha",Content page in area 'The healing kitchen',mother (postpartum) (all bands),370,1,placeholder,new,lib/screens/post_pregnancy/pp_you_maa_content.dart,"format=RECIPE; 1 article blocks, 1 step-lists, 1 chart cards, 1 callouts, 1 video slots; 0 cards, 4 steps; 50 REQUIRED_REVIEW/clinical-review markers in file"
parenting,"Door: You, Maa","My Child tab > 'Current | V3' pill > V3 home > 'You (Your own recovery)' door > 'You, Maa' section > 'The healing kitchen' > 'Cooking for iron: dates, beetroot, palak and gur'",recipe (mother),"Cooking for iron: dates, beetroot, palak and gur",Content page in area 'The healing kitchen',mother (postpartum) (all bands),471,1,placeholder,new,lib/screens/post_pregnancy/pp_you_maa_content.dart,"format=RECIPE; 1 article blocks, 1 step-lists, 1 card groups, 1 callouts, 1 video slots; 7 cards, 5 steps; 50 REQUIRED_REVIEW/clinical-review markers in file"
parenting,"Door: You, Maa","My Child tab > 'Current | V3' pill > V3 home > 'You (Your own recovery)' door > 'You, Maa' section > 'The healing kitchen' > 'Meals you can eat holding her'",recipe (mother),Meals you can eat holding her,Content page in area 'The healing kitchen',mother (postpartum) (all bands),465,1,placeholder,new,lib/screens/post_pregnancy/pp_you_maa_content.dart,"format=RECIPE; 1 article blocks, 1 step-lists, 1 card groups, 1 chart cards, 1 India notes, 1 video slots; 7 cards, 4 steps; 50 REQUIRED_REVIEW/clinical-review markers in file"
parenting,"Door: You, Maa","My Child tab > 'Current | V3' pill > V3 home > 'You (Your own recovery)' door > 'You, Maa' section > 'The healing kitchen' > 'Foods for milk supply, honestly'",article,"Foods for milk supply, honestly",Content page in area 'The healing kitchen',mother (postpartum) (all bands),456,1,placeholder,new,lib/screens/post_pregnancy/pp_you_maa_content.dart,"format=ARTICLE; 1 article blocks, 1 chart cards, 1 callouts, 1 India notes, 1 consult CTAs; 0 cards, 0 steps; 50 REQUIRED_REVIEW/clinical-review markers in file"
parenting,"Door: You, Maa","My Child tab > 'Current | V3' pill > V3 home > 'You (Your own recovery)' door > 'You, Maa' section > 'The healing kitchen' > 'Where the tradition goes too far'",article,Where the tradition goes too far,Content page in area 'The healing kitchen',mother (postpartum) (all bands),652,1,placeholder,new,lib/screens/post_pregnancy/pp_you_maa_content.dart,"format=ARTICLE; 1 article blocks, 1 card groups, 3 callouts, 1 scripts; 7 cards, 0 steps; 50 REQUIRED_REVIEW/clinical-review markers in file"
parenting,"Door: You, Maa","My Child tab > 'Current | V3' pill > V3 home > 'You (Your own recovery)' door > 'You, Maa' section > 'The people in your house' > 'Visitors, and how to survive the first month of them'",article,"Visitors, and how to survive the first month of them",Content page in area 'The people in your house',mother (postpartum) (all bands),519,1,placeholder,new,lib/screens/post_pregnancy/pp_you_maa_content.dart,"format=ARTICLE; 1 article blocks, 1 step-lists, 1 callouts, 1 scripts, 1 India notes, 1 video slots; 0 cards, 6 steps; 50 REQUIRED_REVIEW/clinical-review markers in file"
parenting,"Door: You, Maa","My Child tab > 'Current | V3' pill > V3 home > 'You (Your own recovery)' door > 'You, Maa' section > 'The people in your house' > 'Asking for help without apologising for it'",article,Asking for help without apologising for it,Content page in area 'The people in your house',mother (postpartum) (all bands),506,1,placeholder,new,lib/screens/post_pregnancy/pp_you_maa_content.dart,"format=ARTICLE; 1 article blocks, 1 step-lists, 1 callouts, 1 scripts, 1 India notes; 0 cards, 5 steps; 50 REQUIRED_REVIEW/clinical-review markers in file"
parenting,"Door: You, Maa","My Child tab > 'Current | V3' pill > V3 home > 'You (Your own recovery)' door > 'You, Maa' section > 'The people in your house' > 'You and your mother in law'",article,You and your mother in law,Content page in area 'The people in your house',mother (postpartum) (all bands),609,1,placeholder,new,lib/screens/post_pregnancy/pp_you_maa_content.dart,"format=ARTICLE; 1 article blocks, 1 card groups, 2 callouts, 1 scripts; 6 cards, 0 steps; 50 REQUIRED_REVIEW/clinical-review markers in file"
parenting,"Door: You, Maa","My Child tab > 'Current | V3' pill > V3 home > 'You (Your own recovery)' door > 'You, Maa' section > 'The people in your house' > 'Your partner, and the work he cannot see'",article,"Your partner, and the work he cannot see",Content page in area 'The people in your house',mother (postpartum) (all bands),537,1,placeholder,new,lib/screens/post_pregnancy/pp_you_maa_content.dart,"format=ARTICLE; 1 article blocks, 1 card groups, 1 callouts, 1 scripts, 1 India notes; 6 cards, 0 steps; 50 REQUIRED_REVIEW/clinical-review markers in file"
parenting,"Door: You, Maa","My Child tab > 'Current | V3' pill > V3 home > 'You (Your own recovery)' door > 'You, Maa' section > 'The people in your house' > 'Advice you did not ask for'",article,Advice you did not ask for,Content page in area 'The people in your house',mother (postpartum) (all bands),445,1,placeholder,new,lib/screens/post_pregnancy/pp_you_maa_content.dart,"format=ARTICLE; 1 article blocks, 1 step-lists, 1 callouts, 1 scripts, 1 India notes; 0 cards, 5 steps; 50 REQUIRED_REVIEW/clinical-review markers in file"
parenting,"Door: You, Maa","My Child tab > 'Current | V3' pill > V3 home > 'You (Your own recovery)' door > 'You, Maa' section > 'The people in your house' > 'Saying no in a house where nobody says no'",article,Saying no in a house where nobody says no,Content page in area 'The people in your house',mother (postpartum) (all bands),461,1,placeholder,new,lib/screens/post_pregnancy/pp_you_maa_content.dart,"format=ARTICLE; 1 article blocks, 1 card groups, 1 callouts, 1 scripts, 1 India notes; 6 cards, 0 steps; 50 REQUIRED_REVIEW/clinical-review markers in file"
parenting,"Door: You, Maa","My Child tab > 'Current | V3' pill > V3 home > 'You (Your own recovery)' door > 'You, Maa' section > 'The people in your house' > 'Help at home: the maid, the cook, and the maalishwali'",article,"Help at home: the maid, the cook, and the maalishwali",Content page in area 'The people in your house',mother (postpartum) (all bands),538,1,placeholder,new,lib/screens/post_pregnancy/pp_you_maa_content.dart,"format=ARTICLE; 1 article blocks, 1 step-lists, 1 card groups, 1 callouts, 1 India notes; 6 cards, 5 steps; 50 REQUIRED_REVIEW/clinical-review markers in file"
parenting,"Door: You, Maa","My Child tab > 'Current | V3' pill > V3 home > 'You (Your own recovery)' door > 'You, Maa' section > 'The people in your house' > 'Log kya kahenge'",article,Log kya kahenge,Content page in area 'The people in your house',mother (postpartum) (all bands),498,1,placeholder,new,lib/screens/post_pregnancy/pp_you_maa_content.dart,"format=ARTICLE; 1 article blocks, 1 card groups, 1 callouts, 1 scripts, 1 India notes; 5 cards, 0 steps; 50 REQUIRED_REVIEW/clinical-review markers in file"
parenting,"Door: You, Maa","My Child tab > 'Current | V3' pill > V3 home > 'You (Your own recovery)' door > 'You, Maa' section > 'The people in your house' > 'Sex, contraception, and the two of you'",article,"Sex, contraception, and the two of you",Content page in area 'The people in your house',mother (postpartum) (all bands),642,1,placeholder,new,lib/screens/post_pregnancy/pp_you_maa_content.dart,"format=ARTICLE; 2 article blocks, 1 card groups, 3 callouts, 1 India notes; 5 cards, 0 steps; 50 REQUIRED_REVIEW/clinical-review markers in file"
parenting,"Door: You, Maa","My Child tab > 'Current | V3' pill > V3 home > 'You (Your own recovery)' door > 'You, Maa' section > 'Going back, and finding yourself again' > 'Planning your return, starting about four weeks out'",article,"Planning your return, starting about four weeks out","Content page in area 'Going back, and finding yourself again'",mother (postpartum) (all bands),461,1,placeholder,new,lib/screens/post_pregnancy/pp_you_maa_content.dart,"format=ARTICLE; 1 article blocks, 1 step-lists, 1 callouts, 1 India notes; 0 cards, 7 steps; 50 REQUIRED_REVIEW/clinical-review markers in file"
parenting,"Door: You, Maa","My Child tab > 'Current | V3' pill > V3 home > 'You (Your own recovery)' door > 'You, Maa' section > 'Going back, and finding yourself again' > 'What your maternity leave actually entitles you to'",article,What your maternity leave actually entitles you to,"Content page in area 'Going back, and finding yourself again'",mother (postpartum) (all bands),533,1,placeholder,new,lib/screens/post_pregnancy/pp_you_maa_content.dart,"format=ARTICLE; 1 article blocks, 1 card groups, 1 chart cards, 1 callouts, 1 India notes; 5 cards, 0 steps; 50 REQUIRED_REVIEW/clinical-review markers in file"
parenting,"Door: You, Maa","My Child tab > 'Current | V3' pill > V3 home > 'You (Your own recovery)' door > 'You, Maa' section > 'Going back, and finding yourself again' > 'Building a milk stash before you go back'",article,Building a milk stash before you go back,"Content page in area 'Going back, and finding yourself again'",mother (postpartum) (all bands),442,1,placeholder,new,lib/screens/post_pregnancy/pp_you_maa_content.dart,"format=ARTICLE; 1 article blocks, 1 step-lists, 1 callouts, 1 links, 1 consult CTAs; 0 cards, 6 steps; 50 REQUIRED_REVIEW/clinical-review markers in file"
parenting,"Door: You, Maa","My Child tab > 'Current | V3' pill > V3 home > 'You (Your own recovery)' door > 'You, Maa' section > 'Going back, and finding yourself again' > 'Pumping at work when there is no room to pump in'",article,Pumping at work when there is no room to pump in,"Content page in area 'Going back, and finding yourself again'",mother (postpartum) (all bands),544,1,placeholder,new,lib/screens/post_pregnancy/pp_you_maa_content.dart,"format=ARTICLE; 1 article blocks, 1 step-lists, 1 chart cards, 1 callouts, 1 India notes; 0 cards, 7 steps; 50 REQUIRED_REVIEW/clinical-review markers in file"
parenting,"Door: You, Maa","My Child tab > 'Current | V3' pill > V3 home > 'You (Your own recovery)' door > 'You, Maa' section > 'Going back, and finding yourself again' > 'Who will hold her at ten in the morning'",article,Who will hold her at ten in the morning,"Content page in area 'Going back, and finding yourself again'",mother (postpartum) (all bands),509,1,placeholder,new,lib/screens/post_pregnancy/pp_you_maa_content.dart,"format=ARTICLE; 1 article blocks, 1 step-lists, 1 tables, 2 callouts, 1 India notes; 0 cards, 7 steps; 50 REQUIRED_REVIEW/clinical-review markers in file"
parenting,"Door: You, Maa","My Child tab > 'Current | V3' pill > V3 home > 'You (Your own recovery)' door > 'You, Maa' section > 'Going back, and finding yourself again' > 'The guilt, which almost every mother has'",article,"The guilt, which almost every mother has","Content page in area 'Going back, and finding yourself again'",mother (postpartum) (all bands),437,1,placeholder,new,lib/screens/post_pregnancy/pp_you_maa_content.dart,"format=ARTICLE; 1 article blocks, 1 card groups, 2 callouts, 1 India notes; 5 cards, 0 steps; 50 REQUIRED_REVIEW/clinical-review markers in file"
parenting,"Door: You, Maa","My Child tab > 'Current | V3' pill > V3 home > 'You (Your own recovery)' door > 'You, Maa' section > 'Going back, and finding yourself again' > 'The first week back'",article,The first week back,"Content page in area 'Going back, and finding yourself again'",mother (postpartum) (all bands),415,1,placeholder,new,lib/screens/post_pregnancy/pp_you_maa_content.dart,"format=ARTICLE; 1 article blocks, 1 step-lists, 2 callouts, 1 video slots; 0 cards, 7 steps; 50 REQUIRED_REVIEW/clinical-review markers in file"
parenting,"Door: You, Maa","My Child tab > 'Current | V3' pill > V3 home > 'You (Your own recovery)' door > 'You, Maa' section > 'Going back, and finding yourself again' > 'Choosing not to go back'",article,Choosing not to go back,"Content page in area 'Going back, and finding yourself again'",mother (postpartum) (all bands),388,1,placeholder,new,lib/screens/post_pregnancy/pp_you_maa_content.dart,"format=ARTICLE; 1 article blocks, 1 card groups, 1 callouts, 1 India notes; 6 cards, 0 steps; 50 REQUIRED_REVIEW/clinical-review markers in file"
parenting,"Door: You, Maa","My Child tab > 'Current | V3' pill > V3 home > 'You (Your own recovery)' door > 'You, Maa' section > 'Going back, and finding yourself again' > 'Finding yourself again'",article,Finding yourself again,"Content page in area 'Going back, and finding yourself again'",mother (postpartum) (all bands),417,1,placeholder,new,lib/screens/post_pregnancy/pp_you_maa_content.dart,"format=ARTICLE; 1 article blocks, 1 card groups, 2 callouts, 1 video slots, 1 links; 6 cards, 0 steps; 50 REQUIRED_REVIEW/clinical-review markers in file"
parenting,"Door: You, Maa","My Child tab > 'Current | V3' pill > V3 home > 'You (Your own recovery)' door > 'You, Maa' section > 'You are not the only one' > 'The 4th trimester circle'",article,The 4th trimester circle,Content page in area 'You are not the only one',mother (postpartum) (all bands),343,1,placeholder,new,lib/screens/post_pregnancy/pp_you_maa_content.dart,"format=ARTICLE; 1 article blocks, 1 card groups, 1 callouts, 1 India notes, 1 video slots, 1 links; 5 cards, 0 steps; 50 REQUIRED_REVIEW/clinical-review markers in file"
parenting,"Door: You, Maa","My Child tab > 'Current | V3' pill > V3 home > 'You (Your own recovery)' door > 'You, Maa' section > 'You are not the only one' > 'What other mothers are actually good for'",article,What other mothers are actually good for,Content page in area 'You are not the only one',mother (postpartum) (all bands),390,1,placeholder,new,lib/screens/post_pregnancy/pp_you_maa_content.dart,"format=ARTICLE; 1 article blocks, 1 card groups, 1 tables, 1 callouts, 1 India notes; 4 cards, 0 steps; 50 REQUIRED_REVIEW/clinical-review markers in file"
parenting,"Door: You, Maa","My Child tab > 'Current | V3' pill > V3 home > 'You (Your own recovery)' door > 'You, Maa' section > 'You are not the only one' > 'Finding your people, with or without an app'",article,"Finding your people, with or without an app",Content page in area 'You are not the only one',mother (postpartum) (all bands),464,1,placeholder,new,lib/screens/post_pregnancy/pp_you_maa_content.dart,"format=ARTICLE; 1 article blocks, 1 step-lists, 1 card groups, 1 callouts, 1 India notes; 6 cards, 5 steps; 50 REQUIRED_REVIEW/clinical-review markers in file"
parenting,"Door: You, Maa","My Child tab > 'Current | V3' pill > V3 home > 'You (Your own recovery)' door > 'You, Maa' section > 'You are not the only one' > 'What to say when you do not know what to say'",article,What to say when you do not know what to say,Content page in area 'You are not the only one',mother (postpartum) (all bands),377,1,placeholder,new,lib/screens/post_pregnancy/pp_you_maa_content.dart,"format=ARTICLE; 1 article blocks, 1 card groups, 1 scripts, 1 India notes; 5 cards, 0 steps; 50 REQUIRED_REVIEW/clinical-review markers in file"
parenting,"Door: You, Maa","My Child tab > 'Current | V3' pill > V3 home > 'You (Your own recovery)' door > 'You, Maa' section > 'You are not the only one' > 'How the circle is kept safe'",article,How the circle is kept safe,Content page in area 'You are not the only one',mother (postpartum) (all bands),374,1,placeholder,new,lib/screens/post_pregnancy/pp_you_maa_content.dart,"format=ARTICLE; 1 article blocks, 1 card groups, 1 callouts, 1 India notes, 1 links; 6 cards, 0 steps; 50 REQUIRED_REVIEW/clinical-review markers in file"
parenting,"Door: You, Maa","My Child tab > 'Current | V3' pill > V3 home > 'You (Your own recovery)' door > 'You, Maa' section > 'You are not the only one' > 'The mothers online who all seem fine'",article,The mothers online who all seem fine,Content page in area 'You are not the only one',mother (postpartum) (all bands),315,1,placeholder,new,lib/screens/post_pregnancy/pp_you_maa_content.dart,"format=ARTICLE; 1 article blocks, 1 card groups, 1 callouts, 1 India notes; 5 cards, 0 steps; 50 REQUIRED_REVIEW/clinical-review markers in file"
parenting,Door: Behaviour,My Child tab > 'Current | V3' pill > V3 home > 'Behaviour & psychology' door > 'Behaviour' section,section-hero copy,Behaviour,Section title + intro paragraph on the door landing,0-6 years,16,1,placeholder,new,lib/screens/post_pregnancy/pp_behaviour_content.dart + pp_behaviour_more.dart + pp_behaviour_bands.dart,subtitle=''; also reachable by surface id pp_section/parenting_behaviour
parenting,Door: Behaviour,My Child tab > 'Current | V3' pill > V3 home > 'Behaviour & psychology' door > 'Behaviour' section > area tiles,area title + blurb,10 areas,Cover-card tiles that open each area,0-6 years,187,10,placeholder,new,lib/screens/post_pregnancy/pp_behaviour_content.dart + pp_behaviour_more.dart + pp_behaviour_bands.dart,"areas: Why is my baby crying so much? | The first tantrums, and hitting | She says no to everything | Lying, back-talk and screens | He keeps doing this one thing | Screens, in a real house | Things that actually calm him | The ziddi child | Guiding without hitting | Three to six"
parenting,Door: Behaviour,My Child tab > 'Current | V3' pill > V3 home > 'Behaviour & psychology' door > 'Behaviour' section > 'Why is my baby crying so much?' > 'Is my baby's crying normal?',article,Is my baby's crying normal?,Content page in area 'Why is my baby crying so much?' - The curve almost every baby follows.,0-12 months,640,1,placeholder,new,lib/screens/post_pregnancy/pp_behaviour_content.dart + pp_behaviour_more.dart + pp_behaviour_bands.dart,"format=ARTICLE; 1 article blocks, 1 step-lists, 1 card groups, 2 callouts, 1 India notes, 1 video slots, 1 links; 3 cards, 6 steps"
parenting,Door: Behaviour,My Child tab > 'Current | V3' pill > V3 home > 'Behaviour & psychology' door > 'Behaviour' section > 'Why is my baby crying so much?' > 'Why won't my baby settle?',article,Why won't my baby settle?,"Content page in area 'Why is my baby crying so much?' - Overtired, overstimulated, or needing to be held.",0-12 months,478,1,placeholder,new,lib/screens/post_pregnancy/pp_behaviour_content.dart + pp_behaviour_more.dart + pp_behaviour_bands.dart,"format=ARTICLE; 1 article blocks, 1 step-lists, 1 card groups, 1 callouts, 3 links; 3 cards, 6 steps"
parenting,Door: Behaviour,My Child tab > 'Current | V3' pill > V3 home > 'Behaviour & psychology' door > 'Behaviour' section > 'Why is my baby crying so much?' > 'You cannot spoil a newborn',short-article,You cannot spoil a newborn,Content page in area 'Why is my baby crying so much?' - And what to say when the family disagrees.,0-12 months,366,1,placeholder,new,lib/screens/post_pregnancy/pp_behaviour_content.dart + pp_behaviour_more.dart + pp_behaviour_bands.dart,"format=SHORT ARTICLE; 1 article blocks, 2 callouts, 1 scripts, 1 India notes; 0 cards, 0 steps"
parenting,Door: Behaviour,My Child tab > 'Current | V3' pill > V3 home > 'Behaviour & psychology' door > 'Behaviour' section > 'Why is my baby crying so much?' > 'Understanding your baby's temperament',cards page,Understanding your baby's temperament,"Content page in area 'Why is my baby crying so much?' - Descriptions, not labels, and not a verdict.",0-12 months,354,1,placeholder,new,lib/screens/post_pregnancy/pp_behaviour_content.dart + pp_behaviour_more.dart + pp_behaviour_bands.dart,"format=CARDS; 1 article blocks, 1 card groups, 2 callouts, 1 links; 4 cards, 0 steps"
parenting,Door: Behaviour,My Child tab > 'Current | V3' pill > V3 home > 'Behaviour & psychology' door > 'Behaviour' section > 'Why is my baby crying so much?' > 'When the crying is too much',article + flagged callout,When the crying is too much,Content page in area 'Why is my baby crying so much?' - For the moment you feel you cannot take another minute.,0-12 months,650,1,placeholder,new,lib/screens/post_pregnancy/pp_behaviour_content.dart + pp_behaviour_more.dart + pp_behaviour_bands.dart,"format=ARTICLE + FLAGGED CALLOUT; 1 article blocks, 1 step-lists, 1 card groups, 2 callouts, 1 India notes; 4 cards, 6 steps"
parenting,Door: Behaviour,My Child tab > 'Current | V3' pill > V3 home > 'Behaviour & psychology' door > 'Behaviour' section > 'Why is my baby crying so much?' > 'When crying needs a doctor',flagged callout,When crying needs a doctor,"Content page in area 'Why is my baby crying so much?' - The honest signs, and how to describe them.",0-12 months,352,1,placeholder,new,lib/screens/post_pregnancy/pp_behaviour_content.dart + pp_behaviour_more.dart + pp_behaviour_bands.dart,"format=FLAGGED CALLOUT; 1 article blocks, 1 card groups, 2 callouts, 1 consult CTAs; 4 cards, 0 steps"
parenting,Door: Behaviour,"My Child tab > 'Current | V3' pill > V3 home > 'Behaviour & psychology' door > 'Behaviour' section > 'The first tantrums, and hitting' > 'The first tantrums'",article,The first tantrums,"Content page in area 'The first tantrums, and hitting' - Why they start now, and what actually shortens them.",0-6 years (all bands),493,1,placeholder,new,lib/screens/post_pregnancy/pp_behaviour_content.dart + pp_behaviour_more.dart + pp_behaviour_bands.dart,"format=ARTICLE; 1 article blocks, 1 step-lists, 1 card groups, 1 callouts, 1 scripts, 1 India notes, 1 video slots; 4 cards, 5 steps"
parenting,Door: Behaviour,"My Child tab > 'Current | V3' pill > V3 home > 'Behaviour & psychology' door > 'Behaviour' section > 'The first tantrums, and hitting' > 'Hitting, biting and pulling hair'",article,"Hitting, biting and pulling hair","Content page in area 'The first tantrums, and hitting' - Almost always communication, not aggression.",0-6 years (all bands),316,1,placeholder,new,lib/screens/post_pregnancy/pp_behaviour_content.dart + pp_behaviour_more.dart + pp_behaviour_bands.dart,"format=ARTICLE; 1 article blocks, 1 step-lists, 1 card groups, 1 callouts, 1 scripts, 1 links; 3 cards, 4 steps"
parenting,Door: Behaviour,"My Child tab > 'Current | V3' pill > V3 home > 'Behaviour & psychology' door > 'Behaviour' section > 'The first tantrums, and hitting' > 'She cries every time I leave'",article,She cries every time I leave,"Content page in area 'The first tantrums, and hitting' - Separation anxiety, and why it is a good sign.",0-6 years (all bands),270,1,placeholder,new,lib/screens/post_pregnancy/pp_behaviour_content.dart + pp_behaviour_more.dart + pp_behaviour_bands.dart,"format=ARTICLE; 1 article blocks, 1 step-lists, 1 card groups, 1 callouts, 1 India notes; 3 cards, 4 steps"
parenting,Door: Behaviour,"My Child tab > 'Current | V3' pill > V3 home > 'Behaviour & psychology' door > 'Behaviour' section > 'The first tantrums, and hitting' > 'Tantrum, or meltdown?'",short-article,"Tantrum, or meltdown?","Content page in area 'The first tantrums, and hitting'",0-6 years (all bands),251,1,placeholder,new,lib/screens/post_pregnancy/pp_behaviour_content.dart + pp_behaviour_more.dart + pp_behaviour_bands.dart,"format=SHORT ARTICLE; 1 article blocks, 1 tables, 1 links; 0 cards, 0 steps"
parenting,Door: Behaviour,"My Child tab > 'Current | V3' pill > V3 home > 'Behaviour & psychology' door > 'Behaviour' section > 'The first tantrums, and hitting' > 'The five steps, in the moment'",step-list,"The five steps, in the moment","Content page in area 'The first tantrums, and hitting'",0-6 years (all bands),264,1,placeholder,new,lib/screens/post_pregnancy/pp_behaviour_content.dart + pp_behaviour_more.dart + pp_behaviour_bands.dart,"format=STEP-LIST; 1 step-lists, 1 card groups, 1 video slots, 1 links; 3 cards, 5 steps"
parenting,Door: Behaviour,"My Child tab > 'Current | V3' pill > V3 home > 'Behaviour & psychology' door > 'Behaviour' section > 'The first tantrums, and hitting' > 'When it happens in front of everyone'",article,When it happens in front of everyone,"Content page in area 'The first tantrums, and hitting'",0-6 years (all bands),338,1,placeholder,new,lib/screens/post_pregnancy/pp_behaviour_content.dart + pp_behaviour_more.dart + pp_behaviour_bands.dart,"format=ARTICLE; 1 article blocks, 1 step-lists, 1 card groups, 1 India notes, 1 links; 3 cards, 5 steps"
parenting,Door: Behaviour,My Child tab > 'Current | V3' pill > V3 home > 'Behaviour & psychology' door > 'Behaviour' section > 'She says no to everything' > 'Saying no to everything',article,Saying no to everything,Content page in area 'She says no to everything' - What defiance at two actually is.,0-6 years (all bands),395,1,placeholder,new,lib/screens/post_pregnancy/pp_behaviour_content.dart + pp_behaviour_more.dart + pp_behaviour_bands.dart,"format=ARTICLE; 1 article blocks, 1 step-lists, 1 card groups, 1 callouts, 1 scripts, 1 India notes, 1 video slots; 3 cards, 5 steps"
parenting,Door: Behaviour,My Child tab > 'Current | V3' pill > V3 home > 'Behaviour & psychology' door > 'Behaviour' section > 'She says no to everything' > 'She will not share',article,She will not share,"Content page in area 'She says no to everything' - Because she cannot yet, not because she will not.",0-6 years (all bands),225,1,placeholder,new,lib/screens/post_pregnancy/pp_behaviour_content.dart + pp_behaviour_more.dart + pp_behaviour_bands.dart,"format=ARTICLE; 1 article blocks, 1 step-lists, 1 card groups, 1 callouts; 2 cards, 4 steps"
parenting,Door: Behaviour,"My Child tab > 'Current | V3' pill > V3 home > 'Behaviour & psychology' door > 'Behaviour' section > 'Lying, back-talk and screens' > 'She told me a lie'",article,She told me a lie,"Content page in area 'Lying, back-talk and screens' - What lying at four actually means.",3-5 years,288,1,placeholder,new,lib/screens/post_pregnancy/pp_behaviour_content.dart + pp_behaviour_more.dart + pp_behaviour_bands.dart,"format=ARTICLE; 1 article blocks, 1 step-lists, 1 card groups, 1 callouts, 1 scripts, 1 video slots; 2 cards, 4 steps"
parenting,Door: Behaviour,"My Child tab > 'Current | V3' pill > V3 home > 'Behaviour & psychology' door > 'Behaviour' section > 'Lying, back-talk and screens' > 'The fighting between them'",article,The fighting between them,"Content page in area 'Lying, back-talk and screens' - Sibling rivalry, and the one thing that helps most.",3-5 years,258,1,placeholder,new,lib/screens/post_pregnancy/pp_behaviour_content.dart + pp_behaviour_more.dart + pp_behaviour_bands.dart,"format=ARTICLE; 1 article blocks, 1 step-lists, 1 card groups, 1 callouts, 1 consult CTAs; 2 cards, 5 steps"
parenting,Door: Behaviour,My Child tab > 'Current | V3' pill > V3 home > 'Behaviour & psychology' door > 'Behaviour' section > 'He keeps doing this one thing' > 'He throws everything',article,He throws everything,Content page in area 'He keeps doing this one thing',0-6 years (all bands),505,1,placeholder,new,lib/screens/post_pregnancy/pp_behaviour_content.dart + pp_behaviour_more.dart + pp_behaviour_bands.dart,"format=ARTICLE; 1 article blocks, 1 step-lists, 1 card groups, 1 callouts, 1 scripts, 1 India notes, 1 video slots, 1 links; 3 cards, 5 steps"
parenting,Door: Behaviour,My Child tab > 'Current | V3' pill > V3 home > 'Behaviour & psychology' door > 'Behaviour' section > 'He keeps doing this one thing' > 'The screaming',article,The screaming,Content page in area 'He keeps doing this one thing',0-6 years (all bands),278,1,placeholder,new,lib/screens/post_pregnancy/pp_behaviour_content.dart + pp_behaviour_more.dart + pp_behaviour_bands.dart,"format=ARTICLE; 1 article blocks, 1 step-lists, 1 card groups, 1 links; 3 cards, 4 steps"
parenting,Door: Behaviour,"My Child tab > 'Current | V3' pill > V3 home > 'Behaviour & psychology' door > 'Behaviour' section > 'He keeps doing this one thing' > 'Anger, and hurting out of it'",article,"Anger, and hurting out of it",Content page in area 'He keeps doing this one thing',0-6 years (all bands),434,1,placeholder,new,lib/screens/post_pregnancy/pp_behaviour_content.dart + pp_behaviour_more.dart + pp_behaviour_bands.dart,"format=ARTICLE; 1 article blocks, 1 step-lists, 1 card groups, 1 callouts, 1 scripts, 1 video slots, 1 links; 3 cards, 5 steps"
parenting,Door: Behaviour,My Child tab > 'Current | V3' pill > V3 home > 'Behaviour & psychology' door > 'Behaviour' section > 'He keeps doing this one thing' > 'He does not listen to anything I say',article,He does not listen to anything I say,Content page in area 'He keeps doing this one thing',0-6 years (all bands),271,1,placeholder,new,lib/screens/post_pregnancy/pp_behaviour_content.dart + pp_behaviour_more.dart + pp_behaviour_bands.dart,"format=ARTICLE; 1 article blocks, 1 step-lists, 1 card groups, 1 India notes; 3 cards, 5 steps"
parenting,Door: Behaviour,My Child tab > 'Current | V3' pill > V3 home > 'Behaviour & psychology' door > 'Behaviour' section > 'He keeps doing this one thing' > 'The whining',short-article,The whining,Content page in area 'He keeps doing this one thing',0-6 years (all bands),160,1,placeholder,new,lib/screens/post_pregnancy/pp_behaviour_content.dart + pp_behaviour_more.dart + pp_behaviour_bands.dart,"format=SHORT ARTICLE; 1 step-lists, 1 card groups; 2 cards, 4 steps"
parenting,Door: Behaviour,"My Child tab > 'Current | V3' pill > V3 home > 'Behaviour & psychology' door > 'Behaviour' section > 'Screens, in a real house' > 'How much is too much, honestly'",chart,"How much is too much, honestly","Content page in area 'Screens, in a real house'",0-6 years (all bands),355,1,placeholder,new,lib/screens/post_pregnancy/pp_behaviour_content.dart + pp_behaviour_more.dart + pp_behaviour_bands.dart,"format=CHART; 1 article blocks, 1 card groups, 1 tables, 1 India notes, 1 video slots; 3 cards, 0 steps"
parenting,Door: Behaviour,"My Child tab > 'Current | V3' pill > V3 home > 'Behaviour & psychology' door > 'Behaviour' section > 'Screens, in a real house' > 'Ending it without a meltdown'",step-list,Ending it without a meltdown,"Content page in area 'Screens, in a real house'",0-6 years (all bands),293,1,placeholder,new,lib/screens/post_pregnancy/pp_behaviour_content.dart + pp_behaviour_more.dart + pp_behaviour_bands.dart,"format=STEP-LIST; 1 step-lists, 1 card groups, 1 scripts, 1 video slots, 1 links; 3 cards, 5 steps"
parenting,Door: Behaviour,"My Child tab > 'Current | V3' pill > V3 home > 'Behaviour & psychology' door > 'Behaviour' section > 'Screens, in a real house' > 'When everyone in the house has a phone'",article,When everyone in the house has a phone,"Content page in area 'Screens, in a real house'",0-6 years (all bands),299,1,placeholder,new,lib/screens/post_pregnancy/pp_behaviour_content.dart + pp_behaviour_more.dart + pp_behaviour_bands.dart,"format=ARTICLE; 1 article blocks, 1 step-lists, 1 India notes, 1 links; 0 cards, 5 steps"
parenting,Door: Behaviour,My Child tab > 'Current | V3' pill > V3 home > 'Behaviour & psychology' door > 'Behaviour' section > 'Things that actually calm him' > 'A calm-down corner',activity,A calm-down corner,Content page in area 'Things that actually calm him',0-6 years (all bands),224,1,placeholder,new,lib/screens/post_pregnancy/pp_behaviour_content.dart + pp_behaviour_more.dart + pp_behaviour_bands.dart,"format=ACTIVITY; 1 step-lists, 1 card groups, 1 video slots; 3 cards, 5 steps"
parenting,Door: Behaviour,My Child tab > 'Current | V3' pill > V3 home > 'Behaviour & psychology' door > 'Behaviour' section > 'Things that actually calm him' > 'Balloon breathing',activity,Balloon breathing,Content page in area 'Things that actually calm him',0-6 years (all bands),141,1,placeholder,new,lib/screens/post_pregnancy/pp_behaviour_content.dart + pp_behaviour_more.dart + pp_behaviour_bands.dart,"format=ACTIVITY; 1 step-lists, 1 links; 0 cards, 5 steps"
parenting,Door: Behaviour,My Child tab > 'Current | V3' pill > V3 home > 'Behaviour & psychology' door > 'Behaviour' section > 'Things that actually calm him' > 'Naming the feeling',activity,Naming the feeling,Content page in area 'Things that actually calm him',0-6 years (all bands),152,1,placeholder,new,lib/screens/post_pregnancy/pp_behaviour_content.dart + pp_behaviour_more.dart + pp_behaviour_bands.dart,"format=ACTIVITY; 1 step-lists, 1 card groups; 2 cards, 4 steps"
parenting,Door: Behaviour,My Child tab > 'Current | V3' pill > V3 home > 'Behaviour & psychology' door > 'Behaviour' section > 'Things that actually calm him' > 'A calm jar',activity,A calm jar,Content page in area 'Things that actually calm him',0-6 years (all bands),120,1,placeholder,new,lib/screens/post_pregnancy/pp_behaviour_content.dart + pp_behaviour_more.dart + pp_behaviour_bands.dart,"format=ACTIVITY; 1 step-lists; 0 cards, 4 steps"
parenting,Door: Behaviour,My Child tab > 'Current | V3' pill > V3 home > 'Behaviour & psychology' door > 'Behaviour' section > 'Things that actually calm him' > 'Filling the tank',activity,Filling the tank,Content page in area 'Things that actually calm him',0-6 years (all bands),176,1,placeholder,new,lib/screens/post_pregnancy/pp_behaviour_content.dart + pp_behaviour_more.dart + pp_behaviour_bands.dart,"format=ACTIVITY; 1 step-lists, 1 card groups, 1 video slots; 2 cards, 5 steps"
parenting,Door: Behaviour,My Child tab > 'Current | V3' pill > V3 home > 'Behaviour & psychology' door > 'Behaviour' section > 'Things that actually calm him' > 'A daily feelings check-in',activity,A daily feelings check-in,Content page in area 'Things that actually calm him',3-5 years,115,1,placeholder,new,lib/screens/post_pregnancy/pp_behaviour_content.dart + pp_behaviour_more.dart + pp_behaviour_bands.dart,"format=ACTIVITY; 1 step-lists, 1 links; 0 cards, 4 steps"
parenting,Door: Behaviour,My Child tab > 'Current | V3' pill > V3 home > 'Behaviour & psychology' door > 'Behaviour' section > 'The ziddi child' > 'How to handle a ziddi bachcha',article,How to handle a ziddi bachcha,Content page in area 'The ziddi child',0-6 years (all bands),631,1,placeholder,new,lib/screens/post_pregnancy/pp_behaviour_content.dart + pp_behaviour_more.dart + pp_behaviour_bands.dart,"format=ARTICLE; 1 article blocks, 1 step-lists, 1 card groups, 1 callouts, 1 scripts, 1 India notes, 1 video slots, 1 links; 4 cards, 5 steps"
parenting,Door: Behaviour,My Child tab > 'Current | V3' pill > V3 home > 'Behaviour & psychology' door > 'Behaviour' section > 'The ziddi child' > 'Choices within limits',step-list,Choices within limits,Content page in area 'The ziddi child',0-6 years (all bands),228,1,placeholder,new,lib/screens/post_pregnancy/pp_behaviour_content.dart + pp_behaviour_more.dart + pp_behaviour_bands.dart,"format=STEP-LIST; 1 step-lists, 1 card groups, 1 links; 3 cards, 5 steps"
parenting,Door: Behaviour,"My Child tab > 'Current | V3' pill > V3 home > 'Behaviour & psychology' door > 'Behaviour' section > 'The ziddi child' > 'Am I too strict, or too soft?'",article,"Am I too strict, or too soft?",Content page in area 'The ziddi child',0-6 years (all bands),328,1,placeholder,new,lib/screens/post_pregnancy/pp_behaviour_content.dart + pp_behaviour_more.dart + pp_behaviour_bands.dart,"format=ARTICLE; 1 article blocks, 1 card groups, 1 India notes, 1 links; 3 cards, 0 steps"
parenting,Door: Behaviour,My Child tab > 'Current | V3' pill > V3 home > 'Behaviour & psychology' door > 'Behaviour' section > 'Guiding without hitting' > 'Why hitting does not do what it looks like it does',article,Why hitting does not do what it looks like it does,Content page in area 'Guiding without hitting',0-6 years (all bands),466,1,placeholder,new,lib/screens/post_pregnancy/pp_behaviour_content.dart + pp_behaviour_more.dart + pp_behaviour_bands.dart,"format=ARTICLE; 1 article blocks, 1 step-lists, 1 card groups, 1 callouts, 1 video slots, 1 links; 3 cards, 5 steps"
parenting,Door: Behaviour,"My Child tab > 'Current | V3' pill > V3 home > 'Behaviour & psychology' door > 'Behaviour' section > 'Guiding without hitting' > 'Redirection, consequences and consistency'",step-list,"Redirection, consequences and consistency",Content page in area 'Guiding without hitting',0-6 years (all bands),223,1,placeholder,new,lib/screens/post_pregnancy/pp_behaviour_content.dart + pp_behaviour_more.dart + pp_behaviour_bands.dart,"format=STEP-LIST; 1 step-lists, 1 card groups; 3 cards, 4 steps"
parenting,Door: Behaviour,"My Child tab > 'Current | V3' pill > V3 home > 'Behaviour & psychology' door > 'Behaviour' section > 'Guiding without hitting' > 'Time-outs, and whether they are worth it'",short-article,"Time-outs, and whether they are worth it",Content page in area 'Guiding without hitting',0-6 years (all bands),170,1,placeholder,new,lib/screens/post_pregnancy/pp_behaviour_content.dart + pp_behaviour_more.dart + pp_behaviour_bands.dart,"format=SHORT ARTICLE; 1 article blocks, 1 card groups; 3 cards, 0 steps"
parenting,Door: Behaviour,My Child tab > 'Current | V3' pill > V3 home > 'Behaviour & psychology' door > 'Behaviour' section > 'Guiding without hitting' > 'When elders discipline differently',article,When elders discipline differently,Content page in area 'Guiding without hitting',0-6 years (all bands),280,1,placeholder,new,lib/screens/post_pregnancy/pp_behaviour_content.dart + pp_behaviour_more.dart + pp_behaviour_bands.dart,"format=ARTICLE; 1 article blocks, 1 step-lists, 1 India notes; 0 cards, 5 steps"
parenting,Door: Behaviour,"My Child tab > 'Current | V3' pill > V3 home > 'Behaviour & psychology' door > 'Behaviour' section > 'Three to six' > 'Big feelings, and helping him manage them'",article,"Big feelings, and helping him manage them",Content page in area 'Three to six',0-6 years (all bands),386,1,placeholder,new,lib/screens/post_pregnancy/pp_behaviour_content.dart + pp_behaviour_more.dart + pp_behaviour_bands.dart,"format=ARTICLE; 1 article blocks, 1 step-lists, 1 card groups, 1 callouts, 1 scripts, 1 video slots; 3 cards, 5 steps"
parenting,Door: Behaviour,My Child tab > 'Current | V3' pill > V3 home > 'Behaviour & psychology' door > 'Behaviour' section > 'Three to six' > 'Listening and cooperation',step-list,Listening and cooperation,Content page in area 'Three to six',0-6 years (all bands),178,1,placeholder,new,lib/screens/post_pregnancy/pp_behaviour_content.dart + pp_behaviour_more.dart + pp_behaviour_bands.dart,"format=STEP-LIST; 1 step-lists, 1 card groups; 3 cards, 5 steps"
parenting,Door: Behaviour,My Child tab > 'Current | V3' pill > V3 home > 'Behaviour & psychology' door > 'Behaviour' section > 'Three to six' > 'Early friendships and falling out',article,Early friendships and falling out,Content page in area 'Three to six',0-6 years (all bands),185,1,placeholder,new,lib/screens/post_pregnancy/pp_behaviour_content.dart + pp_behaviour_more.dart + pp_behaviour_bands.dart,"format=ARTICLE; 1 article blocks, 1 step-lists, 1 callouts; 0 cards, 3 steps"
parenting,Door: Behaviour,"My Child tab > 'Current | V3' pill > V3 home > 'Behaviour & psychology' door > 'Behaviour' section > 'Three to six' > 'Lying, fairness and telling on people'",article,"Lying, fairness and telling on people",Content page in area 'Three to six',0-6 years (all bands),227,1,placeholder,new,lib/screens/post_pregnancy/pp_behaviour_content.dart + pp_behaviour_more.dart + pp_behaviour_bands.dart,"format=ARTICLE; 1 article blocks, 1 step-lists, 1 card groups; 2 cards, 4 steps"
parenting,Door: Traditions,My Child tab > 'Current | V3' pill > V3 home > 'Traditional & cultural' door > 'Traditions' section,section-hero copy,Traditions,Section title + intro paragraph on the door landing,0-5 years,28,1,placeholder,new,lib/screens/post_pregnancy/pp_traditions_content.dart,subtitle='Ceremonies & Milestones'; also reachable by surface id pp_section/parenting_traditional
parenting,Door: Traditions,My Child tab > 'Current | V3' pill > V3 home > 'Traditional & cultural' door > 'Traditions' section > area tiles,area title + blurb,7 areas,Cover-card tiles that open each area,0-5 years,115,7,placeholder,new,lib/screens/post_pregnancy/pp_traditions_content.dart,"areas: Which ceremony is coming up now? | Welcoming her home | Her first solid meal | Hair, ears and the first birthday | Ceremonies in Muslim, Christian, Sikh, Jain and Parsi families | What it costs, and how to keep it small | Customs done with love that are not safe"
parenting,Door: Traditions,"My Child tab > 'Current | V3' pill > V3 home > 'Traditional & cultural' door > 'Traditions' section > 'Which ceremony is coming up now?' > 'The first months, in order'",chart card page,"The first months, in order",Content page in area 'Which ceremony is coming up now?',first months,242,1,placeholder,new,lib/screens/post_pregnancy/pp_traditions_content.dart,"format=CHART-CARD; 1 chart cards, 1 callouts, 1 India notes, 1 video slots, 5 links; 0 cards, 0 steps; 25 REQUIRED_REVIEW/clinical-review markers in file"
parenting,Door: Traditions,My Child tab > 'Current | V3' pill > V3 home > 'Traditional & cultural' door > 'Traditions' section > 'Which ceremony is coming up now?' > 'Coming up: her first solid meal',chart card page,Coming up: her first solid meal,Content page in area 'Which ceremony is coming up now?',4-12 months,161,1,placeholder,new,lib/screens/post_pregnancy/pp_traditions_content.dart,"format=CHART-CARD; 1 chart cards, 1 callouts, 3 links; 0 cards, 0 steps; 25 REQUIRED_REVIEW/clinical-review markers in file"
parenting,Door: Traditions,"My Child tab > 'Current | V3' pill > V3 home > 'Traditional & cultural' door > 'Traditions' section > 'Which ceremony is coming up now?' > 'Coming up: birthday, mundan, ears'",chart card page,"Coming up: birthday, mundan, ears",Content page in area 'Which ceremony is coming up now?',1-3 years,144,1,placeholder,new,lib/screens/post_pregnancy/pp_traditions_content.dart,"format=CHART-CARD; 1 chart cards, 1 callouts, 4 links; 0 cards, 0 steps; 25 REQUIRED_REVIEW/clinical-review markers in file"
parenting,Door: Traditions,My Child tab > 'Current | V3' pill > V3 home > 'Traditional & cultural' door > 'Traditions' section > 'Which ceremony is coming up now?' > 'Coming up: the start of learning',chart card page,Coming up: the start of learning,Content page in area 'Which ceremony is coming up now?',3-5 years,154,1,placeholder,new,lib/screens/post_pregnancy/pp_traditions_content.dart,"format=CHART-CARD; 1 chart cards, 1 callouts, 3 links; 0 cards, 0 steps; 25 REQUIRED_REVIEW/clinical-review markers in file"
parenting,Door: Traditions,"My Child tab > 'Current | V3' pill > V3 home > 'Traditional & cultural' door > 'Traditions' section > 'Welcoming her home' > 'Chatti, the sixth day'",ceremony guide,"Chatti, the sixth day","Content page in area 'Welcoming her home' - The first welcome, usually at home",0-5 years (all bands),699,1,placeholder,new,lib/screens/post_pregnancy/pp_traditions_content.dart,"format=CEREMONY; 1 article blocks, 1 step-lists, 2 card groups, 1 tables, 3 callouts, 1 India notes, 1 video slots, 2 links; 9 cards, 5 steps; 25 REQUIRED_REVIEW/clinical-review markers in file"
parenting,Door: Traditions,"My Child tab > 'Current | V3' pill > V3 home > 'Traditional & cultural' door > 'Traditions' section > 'Welcoming her home' > 'Namkaran, the naming ceremony'",ceremony guide,"Namkaran, the naming ceremony",Content page in area 'Welcoming her home' - The day her name is said out loud,0-5 years (all bands),889,1,placeholder,new,lib/screens/post_pregnancy/pp_traditions_content.dart,"format=CEREMONY; 1 article blocks, 1 step-lists, 2 card groups, 1 tables, 3 callouts, 1 India notes, 1 video slots, 4 links; 10 cards, 6 steps; 25 REQUIRED_REVIEW/clinical-review markers in file"
parenting,Door: Traditions,"My Child tab > 'Current | V3' pill > V3 home > 'Traditional & cultural' door > 'Traditions' section > 'Welcoming her home' > 'Jhula, the cradle ceremony'",ceremony guide,"Jhula, the cradle ceremony",Content page in area 'Welcoming her home' - The day she is placed in her cradle for the first time,0-5 years (all bands),638,1,placeholder,new,lib/screens/post_pregnancy/pp_traditions_content.dart,"format=CEREMONY; 1 article blocks, 1 step-lists, 1 card groups, 1 tables, 3 callouts, 1 India notes, 1 video slots, 2 links; 5 cards, 6 steps; 25 REQUIRED_REVIEW/clinical-review markers in file"
parenting,Door: Traditions,"My Child tab > 'Current | V3' pill > V3 home > 'Traditional & cultural' door > 'Traditions' section > 'Welcoming her home' > 'Nishkramana, the first outing'",ceremony guide,"Nishkramana, the first outing",Content page in area 'Welcoming her home' - The first time she leaves the house,0-5 years (all bands),672,1,placeholder,new,lib/screens/post_pregnancy/pp_traditions_content.dart,"format=CEREMONY; 1 article blocks, 1 step-lists, 1 card groups, 1 tables, 3 callouts, 1 India notes, 1 video slots, 2 links; 4 cards, 6 steps; 25 REQUIRED_REVIEW/clinical-review markers in file"
parenting,Door: Traditions,"My Child tab > 'Current | V3' pill > V3 home > 'Traditional & cultural' door > 'Traditions' section > 'Her first solid meal' > 'Annaprashan, the first solid food'",ceremony guide,"Annaprashan, the first solid food","Content page in area 'Her first solid meal' - The first grain, usually around six months",0-5 years (all bands),926,1,placeholder,new,lib/screens/post_pregnancy/pp_traditions_content.dart,"format=CEREMONY; 1 article blocks, 1 step-lists, 2 card groups, 1 tables, 3 callouts, 1 India notes, 1 video slots, 4 links; 10 cards, 7 steps; 25 REQUIRED_REVIEW/clinical-review markers in file"
parenting,Door: Traditions,"My Child tab > 'Current | V3' pill > V3 home > 'Traditional & cultural' door > 'Traditions' section > 'Her first solid meal' > 'What to actually feed, on the day and after'",cards page,"What to actually feed, on the day and after","Content page in area 'Her first solid meal' - The ceremony food, and the real food that follows it",0-5 years (all bands),507,1,placeholder,new,lib/screens/post_pregnancy/pp_traditions_content.dart,"format=CARDS; 2 card groups, 3 callouts, 1 India notes, 3 links; 11 cards, 0 steps; 25 REQUIRED_REVIEW/clinical-review markers in file"
parenting,Door: Traditions,"My Child tab > 'Current | V3' pill > V3 home > 'Traditional & cultural' door > 'Traditions' section > 'Hair, ears and the first birthday' > 'Mundan, the first head shaving'",ceremony guide,"Mundan, the first head shaving","Content page in area 'Hair, ears and the first birthday' - Usually in the first or third year",0-5 years (all bands),837,1,placeholder,new,lib/screens/post_pregnancy/pp_traditions_content.dart,"format=CEREMONY; 1 article blocks, 1 step-lists, 1 card groups, 1 tables, 4 callouts, 1 India notes, 1 video slots, 2 links; 6 cards, 7 steps; 25 REQUIRED_REVIEW/clinical-review markers in file"
parenting,Door: Traditions,"My Child tab > 'Current | V3' pill > V3 home > 'Traditional & cultural' door > 'Traditions' section > 'Hair, ears and the first birthday' > 'Karnavedha, ear piercing'",ceremony guide,"Karnavedha, ear piercing","Content page in area 'Hair, ears and the first birthday' - For girls and, in many families, for boys",0-5 years (all bands),766,1,placeholder,new,lib/screens/post_pregnancy/pp_traditions_content.dart,"format=CEREMONY; 1 article blocks, 1 step-lists, 1 card groups, 1 tables, 4 callouts, 1 India notes, 1 video slots, 1 links; 5 cards, 6 steps; 25 REQUIRED_REVIEW/clinical-review markers in file"
parenting,Door: Traditions,"My Child tab > 'Current | V3' pill > V3 home > 'Traditional & cultural' door > 'Traditions' section > 'Hair, ears and the first birthday' > 'The first birthday'",ceremony guide,The first birthday,"Content page in area 'Hair, ears and the first birthday' - The modern milestone, and how to keep it hers",0-5 years (all bands),618,1,placeholder,new,lib/screens/post_pregnancy/pp_traditions_content.dart,"format=CEREMONY; 1 article blocks, 1 step-lists, 1 card groups, 2 callouts, 1 India notes, 1 video slots, 3 links; 6 cards, 6 steps; 25 REQUIRED_REVIEW/clinical-review markers in file"
parenting,Door: Traditions,"My Child tab > 'Current | V3' pill > V3 home > 'Traditional & cultural' door > 'Traditions' section > 'Hair, ears and the first birthday' > 'Aksharabhyasam, the first letters'",ceremony guide,"Aksharabhyasam, the first letters","Content page in area 'Hair, ears and the first birthday' - The start of learning, usually between two and five",0-5 years (all bands),527,1,placeholder,new,lib/screens/post_pregnancy/pp_traditions_content.dart,"format=CEREMONY; 1 article blocks, 1 step-lists, 1 card groups, 1 tables, 2 callouts, 1 India notes, 1 video slots, 2 links; 4 cards, 6 steps; 25 REQUIRED_REVIEW/clinical-review markers in file"
parenting,Door: Traditions,"My Child tab > 'Current | V3' pill > V3 home > 'Traditional & cultural' door > 'Traditions' section > 'Ceremonies in Muslim, Christian, Sikh, Jain and Parsi families' > 'Aqiqah, and naming in a Muslim family'",ceremony guide,"Aqiqah, and naming in a Muslim family","Content page in area 'Ceremonies in Muslim, Christian, Sikh, Jain and Parsi families' - Usually around the seventh day",0-5 years (all bands),563,1,placeholder,new,lib/screens/post_pregnancy/pp_traditions_content.dart,"format=CEREMONY; 1 article blocks, 1 step-lists, 1 card groups, 2 callouts, 1 India notes, 1 video slots, 3 links; 5 cards, 6 steps; 25 REQUIRED_REVIEW/clinical-review markers in file"
parenting,Door: Traditions,"My Child tab > 'Current | V3' pill > V3 home > 'Traditional & cultural' door > 'Traditions' section > 'Ceremonies in Muslim, Christian, Sikh, Jain and Parsi families' > 'Tahneek, the first sweet taste'",ceremony guide,"Tahneek, the first sweet taste","Content page in area 'Ceremonies in Muslim, Christian, Sikh, Jain and Parsi families' - In the first days after birth",0-5 years (all bands),437,1,placeholder,new,lib/screens/post_pregnancy/pp_traditions_content.dart,"format=CEREMONY; 1 article blocks, 1 step-lists, 3 callouts, 1 India notes, 1 video slots, 2 links; 0 cards, 5 steps; 25 REQUIRED_REVIEW/clinical-review markers in file"
parenting,Door: Traditions,"My Child tab > 'Current | V3' pill > V3 home > 'Traditional & cultural' door > 'Traditions' section > 'Ceremonies in Muslim, Christian, Sikh, Jain and Parsi families' > 'Baptism, christening and dedication'",ceremony guide,"Baptism, christening and dedication","Content page in area 'Ceremonies in Muslim, Christian, Sikh, Jain and Parsi families' - In Christian families",0-5 years (all bands),550,1,placeholder,new,lib/screens/post_pregnancy/pp_traditions_content.dart,"format=CEREMONY; 1 article blocks, 1 step-lists, 1 card groups, 2 callouts, 1 India notes, 1 video slots, 3 links; 6 cards, 7 steps; 25 REQUIRED_REVIEW/clinical-review markers in file"
parenting,Door: Traditions,"My Child tab > 'Current | V3' pill > V3 home > 'Traditional & cultural' door > 'Traditions' section > 'Ceremonies in Muslim, Christian, Sikh, Jain and Parsi families' > 'Naam Karan at the Gurdwara, and kesh'",ceremony guide,"Naam Karan at the Gurdwara, and kesh","Content page in area 'Ceremonies in Muslim, Christian, Sikh, Jain and Parsi families' - In Sikh families",0-5 years (all bands),614,1,placeholder,new,lib/screens/post_pregnancy/pp_traditions_content.dart,"format=CEREMONY; 2 article blocks, 1 step-lists, 1 card groups, 2 callouts, 1 India notes, 1 video slots, 2 links; 4 cards, 6 steps; 25 REQUIRED_REVIEW/clinical-review markers in file"
parenting,Door: Traditions,"My Child tab > 'Current | V3' pill > V3 home > 'Traditional & cultural' door > 'Traditions' section > 'Ceremonies in Muslim, Christian, Sikh, Jain and Parsi families' > 'Welcomes in Jain and Parsi families'",ceremony guide,Welcomes in Jain and Parsi families,"Content page in area 'Ceremonies in Muslim, Christian, Sikh, Jain and Parsi families' - Naming, and the ceremonies that come later",0-5 years (all bands),484,1,placeholder,new,lib/screens/post_pregnancy/pp_traditions_content.dart,"format=CEREMONY; 2 article blocks, 1 card groups, 2 callouts, 1 India notes, 1 video slots, 2 links; 4 cards, 0 steps; 25 REQUIRED_REVIEW/clinical-review markers in file"
parenting,Door: Traditions,"My Child tab > 'Current | V3' pill > V3 home > 'Traditional & cultural' door > 'Traditions' section > 'What it costs, and how to keep it small' > 'What a ceremony actually costs'",chart card page,What a ceremony actually costs,"Content page in area 'What it costs, and how to keep it small' - Honest ranges, so you can decide before anyone books anything",0-5 years (all bands),402,1,placeholder,new,lib/screens/post_pregnancy/pp_traditions_content.dart,"format=CHART-CARD; 1 card groups, 1 tables, 1 chart cards, 1 callouts, 1 India notes, 3 links; 5 cards, 0 steps; 25 REQUIRED_REVIEW/clinical-review markers in file"
parenting,Door: Traditions,"My Child tab > 'Current | V3' pill > V3 home > 'Traditional & cultural' door > 'Traditions' section > 'What it costs, and how to keep it small' > 'How to keep it small'",step-list,How to keep it small,"Content page in area 'What it costs, and how to keep it small' - The one hour, at home, family only version",0-5 years (all bands),492,1,placeholder,new,lib/screens/post_pregnancy/pp_traditions_content.dart,"format=STEP-LIST; 1 step-lists, 1 card groups, 1 tables, 1 callouts, 1 India notes, 1 video slots, 2 links; 5 cards, 7 steps; 25 REQUIRED_REVIEW/clinical-review markers in file"
parenting,Door: Traditions,"My Child tab > 'Current | V3' pill > V3 home > 'Traditional & cultural' door > 'Traditions' section > 'What it costs, and how to keep it small' > 'What to say when family wants it bigger'",script (what to say),What to say when family wants it bigger,"Content page in area 'What it costs, and how to keep it small' - The exact words, for the conversations that are hard",0-5 years (all bands),549,1,placeholder,new,lib/screens/post_pregnancy/pp_traditions_content.dart,"format=SCRIPT BOX; 1 callouts, 4 scripts, 1 India notes, 2 links; 0 cards, 0 steps; 25 REQUIRED_REVIEW/clinical-review markers in file"
parenting,Door: Traditions,"My Child tab > 'Current | V3' pill > V3 home > 'Traditional & cultural' door > 'Traditions' section > 'Customs done with love that are not safe' > 'On a newborn: kajal, honey and the cord'",cards page,"On a newborn: kajal, honey and the cord","Content page in area 'Customs done with love that are not safe' - Six customs worth stopping, and why",0-5 years (all bands),1089,1,placeholder,new,lib/screens/post_pregnancy/pp_traditions_content.dart,"format=CARDS; 1 article blocks, 5 card groups, 2 callouts, 1 India notes, 1 video slots, 2 links; 19 cards, 0 steps; 25 REQUIRED_REVIEW/clinical-review markers in file"
parenting,Door: Traditions,"My Child tab > 'Current | V3' pill > V3 home > 'Traditional & cultural' door > 'Traditions' section > 'Customs done with love that are not safe' > 'On the day: blades, piercing and heat'",cards page,"On the day: blades, piercing and heat","Content page in area 'Customs done with love that are not safe' - The things that go wrong at ceremonies, and how to prevent them",0-5 years (all bands),637,1,placeholder,new,lib/screens/post_pregnancy/pp_traditions_content.dart,"format=CARDS; 4 card groups, 2 callouts, 1 India notes, 3 links; 14 cards, 0 steps; 25 REQUIRED_REVIEW/clinical-review markers in file"
parenting,Door: Feeding,My Child tab > 'Current | V3' pill > V3 home > 'Feeding' door > 'Feeding' section,section-hero copy,Feeding,Section title + intro paragraph on the door landing,0-3 years,13,1,placeholder,new,lib/screens/post_pregnancy/pp_feeding_content.dart,subtitle=''; also reachable by surface id pp_section/parenting_feeding
parenting,Door: Feeding,My Child tab > 'Current | V3' pill > V3 home > 'Feeding' door > 'Feeding' section > area tiles,area title + blurb,8 areas,Cover-card tiles that open each area,0-3 years,119,8,placeholder,new,lib/screens/post_pregnancy/pp_feeding_content.dart,"areas: Feeding at the breast | Formula, bottles and doing both | Starting solids | What to feed at this age | Cooking for him | Weight gain and growing well | Baby not eating food | Keeping feeding safe"
parenting,Door: Feeding,My Child tab > 'Current | V3' pill > V3 home > 'Feeding' door > 'Feeding' section > 'Feeding at the breast' > 'Getting the latch right',step-list,Getting the latch right,Content page in area 'Feeding at the breast' - The one thing that fixes most of the rest,"0-6 months (milk only), 6-8 months",405,1,placeholder,new,lib/screens/post_pregnancy/pp_feeding_content.dart,"format=STEP-LIST; 1 step-lists, 1 callouts, 1 India notes, 1 video slots, 1 links, 1 consult CTAs; 0 cards, 6 steps; 17 REQUIRED_REVIEW/clinical-review markers in file"
parenting,Door: Feeding,My Child tab > 'Current | V3' pill > V3 home > 'Feeding' door > 'Feeding' section > 'Feeding at the breast' > 'Positions that actually work',cards page,Positions that actually work,Content page in area 'Feeding at the breast',"0-6 months (milk only), 6-8 months",301,1,placeholder,new,lib/screens/post_pregnancy/pp_feeding_content.dart,"format=CARDS; 1 card groups, 1 callouts, 1 India notes, 1 links; 5 cards, 0 steps; 17 REQUIRED_REVIEW/clinical-review markers in file"
parenting,Door: Feeding,"My Child tab > 'Current | V3' pill > V3 home > 'Feeding' door > 'Feeding' section > 'Feeding at the breast' > 'How often, and how much'",short-article,"How often, and how much",Content page in area 'Feeding at the breast',0-3 years (all bands),449,1,placeholder,new,lib/screens/post_pregnancy/pp_feeding_content.dart,"format=SHORT ARTICLE; 1 article blocks, 1 chart cards, 2 callouts, 1 India notes, 1 links; 0 cards, 0 steps; 17 REQUIRED_REVIEW/clinical-review markers in file"
parenting,Door: Feeding,"My Child tab > 'Current | V3' pill > V3 home > 'Feeding' door > 'Feeding' section > 'Feeding at the breast' > 'Making enough milk, and keeping it'",short-article,"Making enough milk, and keeping it",Content page in area 'Feeding at the breast',0-3 years (all bands),385,1,placeholder,new,lib/screens/post_pregnancy/pp_feeding_content.dart,"format=SHORT ARTICLE; 1 article blocks, 2 callouts, 1 India notes, 1 links; 0 cards, 0 steps; 17 REQUIRED_REVIEW/clinical-review markers in file"
parenting,Door: Feeding,My Child tab > 'Current | V3' pill > V3 home > 'Feeding' door > 'Feeding' section > 'Feeding at the breast' > 'What you eat while you are nursing',cards page,What you eat while you are nursing,Content page in area 'Feeding at the breast',0-3 years (all bands),418,1,placeholder,new,lib/screens/post_pregnancy/pp_feeding_content.dart,"format=CARDS; 2 card groups, 1 callouts, 1 India notes; 9 cards, 0 steps; 17 REQUIRED_REVIEW/clinical-review markers in file"
parenting,Door: Feeding,My Child tab > 'Current | V3' pill > V3 home > 'Feeding' door > 'Feeding' section > 'Feeding at the breast' > 'Pumping when you go back to work',article,Pumping when you go back to work,Content page in area 'Feeding at the breast',0-3 years (all bands),477,1,placeholder,new,lib/screens/post_pregnancy/pp_feeding_content.dart,"format=ARTICLE; 1 article blocks, 1 chart cards, 1 callouts, 1 India notes, 1 video slots, 2 links; 0 cards, 0 steps; 17 REQUIRED_REVIEW/clinical-review markers in file"
parenting,Door: Feeding,My Child tab > 'Current | V3' pill > V3 home > 'Feeding' door > 'Feeding' section > 'Feeding at the breast' > 'It feels like I am not making enough',article,It feels like I am not making enough,Content page in area 'Feeding at the breast',0-3 years (all bands),434,1,placeholder,new,lib/screens/post_pregnancy/pp_feeding_content.dart,"format=ARTICLE; 1 article blocks, 2 callouts, 1 India notes, 1 consult CTAs; 0 cards, 0 steps; 17 REQUIRED_REVIEW/clinical-review markers in file"
parenting,Door: Feeding,"My Child tab > 'Current | V3' pill > V3 home > 'Feeding' door > 'Feeding' section > 'Feeding at the breast' > 'Too much milk, and a baby who splutters'",article,"Too much milk, and a baby who splutters",Content page in area 'Feeding at the breast',0-3 years (all bands),351,1,placeholder,new,lib/screens/post_pregnancy/pp_feeding_content.dart,"format=ARTICLE; 1 article blocks, 2 callouts, 1 India notes, 1 consult CTAs; 0 cards, 0 steps; 17 REQUIRED_REVIEW/clinical-review markers in file"
parenting,Door: Feeding,"My Child tab > 'Current | V3' pill > V3 home > 'Feeding' door > 'Feeding' section > 'Feeding at the breast' > 'A hot, painful lump in the breast'",article,"A hot, painful lump in the breast",Content page in area 'Feeding at the breast' - Blocked ducts and mastitis,0-3 years (all bands),388,1,placeholder,new,lib/screens/post_pregnancy/pp_feeding_content.dart,"format=ARTICLE; 1 article blocks, 2 callouts, 1 India notes, 1 consult CTAs; 0 cards, 0 steps; 17 REQUIRED_REVIEW/clinical-review markers in file"
parenting,Door: Feeding,My Child tab > 'Current | V3' pill > V3 home > 'Feeding' door > 'Feeding' section > 'Feeding at the breast' > 'Sore and cracked nipples',article,Sore and cracked nipples,Content page in area 'Feeding at the breast',0-3 years (all bands),421,1,placeholder,new,lib/screens/post_pregnancy/pp_feeding_content.dart,"format=ARTICLE; 1 article blocks, 2 callouts, 1 India notes, 1 links, 1 consult CTAs; 0 cards, 0 steps; 17 REQUIRED_REVIEW/clinical-review markers in file"
parenting,Door: Feeding,My Child tab > 'Current | V3' pill > V3 home > 'Feeding' door > 'Feeding' section > 'Feeding at the breast' > 'He has started biting',article,He has started biting,Content page in area 'Feeding at the breast',"8-12 months, 1-2 years, 2 years+",293,1,placeholder,new,lib/screens/post_pregnancy/pp_feeding_content.dart,"format=ARTICLE; 1 article blocks, 1 callouts, 1 India notes; 0 cards, 0 steps; 17 REQUIRED_REVIEW/clinical-review markers in file"
parenting,Door: Feeding,My Child tab > 'Current | V3' pill > V3 home > 'Feeding' door > 'Feeding' section > 'Feeding at the breast' > 'He is refusing the breast',article,He is refusing the breast,Content page in area 'Feeding at the breast',0-3 years (all bands),388,1,placeholder,new,lib/screens/post_pregnancy/pp_feeding_content.dart,"format=ARTICLE; 1 article blocks, 2 callouts, 1 India notes, 1 consult CTAs; 0 cards, 0 steps; 17 REQUIRED_REVIEW/clinical-review markers in file"
parenting,Door: Feeding,"My Child tab > 'Current | V3' pill > V3 home > 'Feeding' door > 'Feeding' section > 'Formula, bottles and doing both' > 'Fed is fine, and that is not a consolation prize'",short-article,"Fed is fine, and that is not a consolation prize","Content page in area 'Formula, bottles and doing both'",0-3 years (all bands),398,1,placeholder,new,lib/screens/post_pregnancy/pp_feeding_content.dart,"format=SHORT ARTICLE; 1 article blocks, 1 callouts, 1 India notes, 1 video slots; 0 cards, 0 steps; 17 REQUIRED_REVIEW/clinical-review markers in file"
parenting,Door: Feeding,"My Child tab > 'Current | V3' pill > V3 home > 'Feeding' door > 'Feeding' section > 'Formula, bottles and doing both' > 'Choosing a formula'",article,Choosing a formula,"Content page in area 'Formula, bottles and doing both' - Review only, and we sell none of it",0-3 years (all bands),398,1,placeholder,new,lib/screens/post_pregnancy/pp_feeding_content.dart,"format=ARTICLE; 1 article blocks, 2 callouts, 1 India notes; 0 cards, 0 steps; 17 REQUIRED_REVIEW/clinical-review markers in file"
parenting,Door: Feeding,"My Child tab > 'Current | V3' pill > V3 home > 'Feeding' door > 'Feeding' section > 'Formula, bottles and doing both' > 'Making up a bottle safely'",step-list,Making up a bottle safely,"Content page in area 'Formula, bottles and doing both'",0-3 years (all bands),472,1,placeholder,new,lib/screens/post_pregnancy/pp_feeding_content.dart,"format=STEP-LIST; 1 step-lists, 2 callouts, 1 India notes, 1 video slots; 0 cards, 7 steps; 17 REQUIRED_REVIEW/clinical-review markers in file"
parenting,Door: Feeding,"My Child tab > 'Current | V3' pill > V3 home > 'Feeding' door > 'Feeding' section > 'Formula, bottles and doing both' > 'Indian formula, compared honestly'",comparison table,"Indian formula, compared honestly","Content page in area 'Formula, bottles and doing both' - Review only. Nothing here is sponsored or sold.",0-3 years (all bands),344,1,placeholder,new,lib/screens/post_pregnancy/pp_feeding_content.dart,"format=COMPARISON TABLE; 1 tables, 2 callouts, 1 India notes; 0 cards, 0 steps; 17 REQUIRED_REVIEW/clinical-review markers in file"
parenting,Door: Feeding,"My Child tab > 'Current | V3' pill > V3 home > 'Feeding' door > 'Feeding' section > 'Formula, bottles and doing both' > 'Switching brands'",short-article,Switching brands,"Content page in area 'Formula, bottles and doing both'",0-3 years (all bands),261,1,placeholder,new,lib/screens/post_pregnancy/pp_feeding_content.dart,"format=SHORT ARTICLE; 1 article blocks, 1 callouts, 1 India notes; 0 cards, 0 steps; 17 REQUIRED_REVIEW/clinical-review markers in file"
parenting,Door: Feeding,"My Child tab > 'Current | V3' pill > V3 home > 'Feeding' door > 'Feeding' section > 'Formula, bottles and doing both' > 'Doing both, breast and bottle'",article,"Doing both, breast and bottle","Content page in area 'Formula, bottles and doing both'",0-3 years (all bands),369,1,placeholder,new,lib/screens/post_pregnancy/pp_feeding_content.dart,"format=ARTICLE; 1 article blocks, 1 callouts, 1 India notes, 1 consult CTAs; 0 cards, 0 steps; 17 REQUIRED_REVIEW/clinical-review markers in file"
parenting,Door: Feeding,"My Child tab > 'Current | V3' pill > V3 home > 'Feeding' door > 'Feeding' section > 'Formula, bottles and doing both' > 'He will not take the bottle'",short-article,He will not take the bottle,"Content page in area 'Formula, bottles and doing both'",0-3 years (all bands),287,1,placeholder,new,lib/screens/post_pregnancy/pp_feeding_content.dart,"format=SHORT ARTICLE; 1 article blocks, 1 callouts, 1 India notes; 0 cards, 0 steps; 17 REQUIRED_REVIEW/clinical-review markers in file"
parenting,Door: Feeding,"My Child tab > 'Current | V3' pill > V3 home > 'Feeding' door > 'Feeding' section > 'Formula, bottles and doing both' > 'Stopping breastfeeding when you are ready'",article,Stopping breastfeeding when you are ready,"Content page in area 'Formula, bottles and doing both'",0-3 years (all bands),401,1,placeholder,new,lib/screens/post_pregnancy/pp_feeding_content.dart,"format=ARTICLE; 1 article blocks, 2 callouts, 1 India notes; 0 cards, 0 steps; 17 REQUIRED_REVIEW/clinical-review markers in file"
parenting,Door: Feeding,"My Child tab > 'Current | V3' pill > V3 home > 'Feeding' door > 'Feeding' section > 'Starting solids' > 'When to start, and how to begin'",article,"When to start, and how to begin",Content page in area 'Starting solids',0-3 years (all bands),471,1,placeholder,new,lib/screens/post_pregnancy/pp_feeding_content.dart,"format=ARTICLE; 1 article blocks, 2 callouts, 1 India notes, 1 video slots, 1 links; 0 cards, 0 steps; 17 REQUIRED_REVIEW/clinical-review markers in file"
parenting,Door: Feeding,My Child tab > 'Current | V3' pill > V3 home > 'Feeding' door > 'Feeding' section > 'Starting solids' > 'The first foods',cards page,The first foods,Content page in area 'Starting solids',0-3 years (all bands),331,1,placeholder,new,lib/screens/post_pregnancy/pp_feeding_content.dart,"format=CARDS; 1 card groups, 1 callouts, 1 India notes, 1 links; 8 cards, 0 steps; 17 REQUIRED_REVIEW/clinical-review markers in file"
parenting,Door: Feeding,My Child tab > 'Current | V3' pill > V3 home > 'Feeding' door > 'Feeding' section > 'Starting solids' > 'Spoon-feeding or letting him feed himself',comparison table,Spoon-feeding or letting him feed himself,Content page in area 'Starting solids' - Both work. Most families do a bit of each.,0-3 years (all bands),397,1,placeholder,new,lib/screens/post_pregnancy/pp_feeding_content.dart,"format=COMPARISON TABLE; 1 tables, 2 callouts, 1 India notes, 1 links; 0 cards, 0 steps; 17 REQUIRED_REVIEW/clinical-review markers in file"
parenting,Door: Feeding,My Child tab > 'Current | V3' pill > V3 home > 'Feeding' door > 'Feeding' section > 'Starting solids' > 'Introducing allergens safely',step-list,Introducing allergens safely,Content page in area 'Starting solids',0-3 years (all bands),402,1,placeholder,new,lib/screens/post_pregnancy/pp_feeding_content.dart,"format=STEP-LIST; 1 step-lists, 2 callouts, 1 India notes, 1 links; 0 cards, 6 steps; 17 REQUIRED_REVIEW/clinical-review markers in file"
parenting,Door: Feeding,"My Child tab > 'Current | V3' pill > V3 home > 'Feeding' door > 'Feeding' section > 'Starting solids' > 'Textures, stage by stage'",chart card page,"Textures, stage by stage",Content page in area 'Starting solids',0-3 years (all bands),330,1,placeholder,new,lib/screens/post_pregnancy/pp_feeding_content.dart,"format=CHART-CARD; 1 card groups, 1 chart cards, 1 callouts, 1 India notes, 1 video slots; 4 cards, 0 steps; 17 REQUIRED_REVIEW/clinical-review markers in file"
parenting,Door: Feeding,"My Child tab > 'Current | V3' pill > V3 home > 'Feeding' door > 'Feeding' section > 'Starting solids' > 'Annaprashan, the first bite'",short-article,"Annaprashan, the first bite",Content page in area 'Starting solids',0-3 years (all bands),340,1,placeholder,new,lib/screens/post_pregnancy/pp_feeding_content.dart,"format=SHORT ARTICLE; 1 article blocks, 1 callouts, 1 India notes; 0 cards, 0 steps; 17 REQUIRED_REVIEW/clinical-review markers in file"
parenting,Door: Feeding,"My Child tab > 'Current | V3' pill > V3 home > 'Feeding' door > 'Feeding' section > 'What to feed at this age' > 'Before 6 months, milk is the whole chart'",chart card page,"Before 6 months, milk is the whole chart",Content page in area 'What to feed at this age',0-6 months (milk only),218,1,placeholder,new,lib/screens/post_pregnancy/pp_feeding_content.dart,"format=CHART-CARD; 1 chart cards, 1 callouts, 1 India notes, 1 links; 0 cards, 0 steps; 17 REQUIRED_REVIEW/clinical-review markers in file"
parenting,Door: Feeding,My Child tab > 'Current | V3' pill > V3 home > 'Feeding' door > 'Feeding' section > 'What to feed at this age' > 'A day at 6 months',chart card page,A day at 6 months,Content page in area 'What to feed at this age',6-8 months,263,1,placeholder,new,lib/screens/post_pregnancy/pp_feeding_content.dart,"format=CHART-CARD; 1 card groups, 1 chart cards, 1 callouts, 1 India notes, 1 links; 3 cards, 0 steps; 17 REQUIRED_REVIEW/clinical-review markers in file"
parenting,Door: Feeding,My Child tab > 'Current | V3' pill > V3 home > 'Feeding' door > 'Feeding' section > 'What to feed at this age' > 'A day at 7 months',chart card page,A day at 7 months,Content page in area 'What to feed at this age',6-8 months,260,1,placeholder,new,lib/screens/post_pregnancy/pp_feeding_content.dart,"format=CHART-CARD; 1 card groups, 1 chart cards, 1 callouts, 1 India notes, 1 links; 3 cards, 0 steps; 17 REQUIRED_REVIEW/clinical-review markers in file"
parenting,Door: Feeding,My Child tab > 'Current | V3' pill > V3 home > 'Feeding' door > 'Feeding' section > 'What to feed at this age' > 'A day at 8 months',chart card page,A day at 8 months,Content page in area 'What to feed at this age',8-12 months,253,1,placeholder,new,lib/screens/post_pregnancy/pp_feeding_content.dart,"format=CHART-CARD; 1 card groups, 1 chart cards, 1 callouts, 1 India notes, 1 links; 3 cards, 0 steps; 17 REQUIRED_REVIEW/clinical-review markers in file"
parenting,Door: Feeding,My Child tab > 'Current | V3' pill > V3 home > 'Feeding' door > 'Feeding' section > 'What to feed at this age' > 'A day at 9 months',chart card page,A day at 9 months,Content page in area 'What to feed at this age',8-12 months,254,1,placeholder,new,lib/screens/post_pregnancy/pp_feeding_content.dart,"format=CHART-CARD; 1 card groups, 1 chart cards, 1 callouts, 1 India notes, 1 links; 3 cards, 0 steps; 17 REQUIRED_REVIEW/clinical-review markers in file"
parenting,Door: Feeding,My Child tab > 'Current | V3' pill > V3 home > 'Feeding' door > 'Feeding' section > 'What to feed at this age' > 'A day at 10 to 12 months',chart card page,A day at 10 to 12 months,Content page in area 'What to feed at this age',8-12 months,275,1,placeholder,new,lib/screens/post_pregnancy/pp_feeding_content.dart,"format=CHART-CARD; 1 card groups, 1 chart cards, 1 callouts, 1 India notes, 1 links; 3 cards, 0 steps; 17 REQUIRED_REVIEW/clinical-review markers in file"
parenting,Door: Feeding,My Child tab > 'Current | V3' pill > V3 home > 'Feeding' door > 'Feeding' section > 'What to feed at this age' > 'A day for a toddler',chart card page,A day for a toddler,Content page in area 'What to feed at this age',"1-2 years, 2 years+",319,1,placeholder,new,lib/screens/post_pregnancy/pp_feeding_content.dart,"format=CHART-CARD; 1 card groups, 1 chart cards, 1 callouts, 1 India notes, 1 links; 3 cards, 0 steps; 17 REQUIRED_REVIEW/clinical-review markers in file"
parenting,Door: Feeding,My Child tab > 'Current | V3' pill > V3 home > 'Feeding' door > 'Feeding' section > 'What to feed at this age' > 'Non-vegetarian and regional swaps',chart card page,Non-vegetarian and regional swaps,Content page in area 'What to feed at this age',0-3 years (all bands),332,1,placeholder,new,lib/screens/post_pregnancy/pp_feeding_content.dart,"format=CHART-CARD; 1 card groups, 1 chart cards, 1 callouts, 1 India notes, 1 video slots, 1 links; 4 cards, 0 steps; 17 REQUIRED_REVIEW/clinical-review markers in file"
parenting,Door: Feeding,My Child tab > 'Current | V3' pill > V3 home > 'Feeding' door > 'Feeding' section > 'Cooking for him' > 'Recipes for his age',cards page,Recipes for his age,Content page in area 'Cooking for him',0-3 years (all bands),227,1,placeholder,new,lib/screens/post_pregnancy/pp_feeding_content.dart,"format=CARDS; 1 card groups, 1 callouts, 1 India notes, 1 links; 4 cards, 0 steps; 17 REQUIRED_REVIEW/clinical-review markers in file"
parenting,Door: Feeding,"My Child tab > 'Current | V3' pill > V3 home > 'Feeding' door > 'Feeding' section > 'Cooking for him' > 'Ragi, khichdi, dalia and the rest'",cards page,"Ragi, khichdi, dalia and the rest",Content page in area 'Cooking for him',0-3 years (all bands),308,1,placeholder,new,lib/screens/post_pregnancy/pp_feeding_content.dart,"format=CARDS; 1 card groups, 1 callouts, 1 India notes, 1 video slots, 1 links; 6 cards, 0 steps; 17 REQUIRED_REVIEW/clinical-review markers in file"
parenting,Door: Feeding,"My Child tab > 'Current | V3' pill > V3 home > 'Feeding' door > 'Feeding' section > 'Cooking for him' > 'Cooking for weight, iron or immunity'",cards page,"Cooking for weight, iron or immunity",Content page in area 'Cooking for him',0-3 years (all bands),262,1,placeholder,new,lib/screens/post_pregnancy/pp_feeding_content.dart,"format=CARDS; 1 card groups, 1 callouts, 1 India notes, 2 links; 4 cards, 0 steps; 17 REQUIRED_REVIEW/clinical-review markers in file"
parenting,Door: Feeding,My Child tab > 'Current | V3' pill > V3 home > 'Feeding' door > 'Feeding' section > 'Cooking for him' > 'What to feed when he is unwell',short-article,What to feed when he is unwell,Content page in area 'Cooking for him',0-3 years (all bands),363,1,placeholder,new,lib/screens/post_pregnancy/pp_feeding_content.dart,"format=SHORT ARTICLE; 1 article blocks, 2 callouts, 1 India notes, 2 links; 0 cards, 0 steps; 17 REQUIRED_REVIEW/clinical-review markers in file"
parenting,Door: Feeding,"My Child tab > 'Current | V3' pill > V3 home > 'Feeding' door > 'Feeding' section > 'Cooking for him' > 'Cooking once, feeding all week'",step-list,"Cooking once, feeding all week",Content page in area 'Cooking for him',0-3 years (all bands),352,1,placeholder,new,lib/screens/post_pregnancy/pp_feeding_content.dart,"format=STEP-LIST; 1 step-lists, 1 callouts, 1 India notes, 2 links; 0 cards, 7 steps; 17 REQUIRED_REVIEW/clinical-review markers in file"
parenting,Door: Feeding,My Child tab > 'Current | V3' pill > V3 home > 'Feeding' door > 'Feeding' section > 'Weight gain and growing well' > 'Foods that help him gain weight',cards page,Foods that help him gain weight,Content page in area 'Weight gain and growing well',0-3 years (all bands),313,1,placeholder,new,lib/screens/post_pregnancy/pp_feeding_content.dart,"format=CARDS; 1 card groups, 1 callouts, 1 India notes, 1 links; 8 cards, 0 steps; 17 REQUIRED_REVIEW/clinical-review markers in file"
parenting,Door: Feeding,"My Child tab > 'Current | V3' pill > V3 home > 'Feeding' door > 'Feeding' section > 'Weight gain and growing well' > 'Ghee, nuts and the fats a baby needs'",article,"Ghee, nuts and the fats a baby needs",Content page in area 'Weight gain and growing well',0-3 years (all bands),331,1,placeholder,new,lib/screens/post_pregnancy/pp_feeding_content.dart,"format=ARTICLE; 1 article blocks, 1 callouts, 1 India notes, 1 links; 0 cards, 0 steps; 17 REQUIRED_REVIEW/clinical-review markers in file"
parenting,Door: Feeding,My Child tab > 'Current | V3' pill > V3 home > 'Feeding' door > 'Feeding' section > 'Weight gain and growing well' > 'Is my baby too thin?',article,Is my baby too thin?,Content page in area 'Weight gain and growing well',0-3 years (all bands),573,1,placeholder,new,lib/screens/post_pregnancy/pp_feeding_content.dart,"format=ARTICLE; 1 article blocks, 3 callouts, 1 India notes, 1 video slots, 1 links, 1 consult CTAs; 0 cards, 0 steps; 17 REQUIRED_REVIEW/clinical-review markers in file"
parenting,Door: Feeding,My Child tab > 'Current | V3' pill > V3 home > 'Feeding' door > 'Feeding' section > 'Weight gain and growing well' > 'Reading the growth chart without panic',short-article,Reading the growth chart without panic,Content page in area 'Weight gain and growing well',0-3 years (all bands),294,1,placeholder,new,lib/screens/post_pregnancy/pp_feeding_content.dart,"format=SHORT ARTICLE; 1 article blocks, 1 callouts, 1 India notes, 1 links; 0 cards, 0 steps; 17 REQUIRED_REVIEW/clinical-review markers in file"
parenting,Door: Feeding,My Child tab > 'Current | V3' pill > V3 home > 'Feeding' door > 'Feeding' section > 'Baby not eating food' > 'He is not eating anything',article,He is not eating anything,Content page in area 'Baby not eating food',0-3 years (all bands),499,1,placeholder,new,lib/screens/post_pregnancy/pp_feeding_content.dart,"format=ARTICLE; 1 article blocks, 2 callouts, 1 India notes, 1 video slots, 1 links; 0 cards, 0 steps; 17 REQUIRED_REVIEW/clinical-review markers in file"
parenting,Door: Feeding,"My Child tab > 'Current | V3' pill > V3 home > 'Feeding' door > 'Feeding' section > 'Baby not eating food' > 'Who decides what, and who decides how much'",short-article,"Who decides what, and who decides how much",Content page in area 'Baby not eating food',0-3 years (all bands),456,1,placeholder,new,lib/screens/post_pregnancy/pp_feeding_content.dart,"format=SHORT ARTICLE; 1 article blocks, 1 callouts, 1 scripts, 1 India notes; 0 cards, 0 steps; 17 REQUIRED_REVIEW/clinical-review markers in file"
parenting,Door: Feeding,My Child tab > 'Current | V3' pill > V3 home > 'Feeding' door > 'Feeding' section > 'Baby not eating food' > 'He ate it last week and now he hates it',article,He ate it last week and now he hates it,Content page in area 'Baby not eating food',0-3 years (all bands),350,1,placeholder,new,lib/screens/post_pregnancy/pp_feeding_content.dart,"format=ARTICLE; 1 article blocks, 1 callouts, 1 India notes, 1 links; 0 cards, 0 steps; 17 REQUIRED_REVIEW/clinical-review markers in file"
parenting,Door: Feeding,"My Child tab > 'Current | V3' pill > V3 home > 'Feeding' door > 'Feeding' section > 'Baby not eating food' > 'Mealtime battles, and why force-feeding backfires'",article,"Mealtime battles, and why force-feeding backfires",Content page in area 'Baby not eating food',0-3 years (all bands),456,1,placeholder,new,lib/screens/post_pregnancy/pp_feeding_content.dart,"format=ARTICLE; 1 article blocks, 2 callouts, 1 India notes, 1 consult CTAs; 0 cards, 0 steps; 17 REQUIRED_REVIEW/clinical-review markers in file"
parenting,Door: Feeding,My Child tab > 'Current | V3' pill > V3 home > 'Feeding' door > 'Feeding' section > 'Baby not eating food' > 'He only wants biscuits and chips',short-article,He only wants biscuits and chips,Content page in area 'Baby not eating food',"1-2 years, 2 years+",300,1,placeholder,new,lib/screens/post_pregnancy/pp_feeding_content.dart,"format=SHORT ARTICLE; 1 article blocks, 1 callouts, 1 India notes; 0 cards, 0 steps; 17 REQUIRED_REVIEW/clinical-review markers in file"
parenting,Door: Feeding,"My Child tab > 'Current | V3' pill > V3 home > 'Feeding' door > 'Feeding' section > 'Keeping feeding safe' > 'Choking, and how to cut food so it does not happen'",article,"Choking, and how to cut food so it does not happen",Content page in area 'Keeping feeding safe',0-3 years (all bands),534,1,placeholder,new,lib/screens/post_pregnancy/pp_feeding_content.dart,"format=ARTICLE; 1 article blocks, 3 callouts, 1 India notes, 1 video slots; 0 cards, 0 steps; 17 REQUIRED_REVIEW/clinical-review markers in file"
parenting,Door: Feeding,My Child tab > 'Current | V3' pill > V3 home > 'Feeding' door > 'Feeding' section > 'Keeping feeding safe' > 'Foods to avoid before his first birthday',flagged cards,Foods to avoid before his first birthday,Content page in area 'Keeping feeding safe',0-3 years (all bands),345,1,placeholder,new,lib/screens/post_pregnancy/pp_feeding_content.dart,"format=FLAGGED CARDS; 1 card groups, 1 callouts, 1 India notes, 1 links; 8 cards, 0 steps; 17 REQUIRED_REVIEW/clinical-review markers in file"
parenting,Door: Feeding,My Child tab > 'Current | V3' pill > V3 home > 'Feeding' door > 'Feeding' section > 'Keeping feeding safe' > 'What an allergic reaction looks like',article,What an allergic reaction looks like,Content page in area 'Keeping feeding safe',0-3 years (all bands),390,1,placeholder,new,lib/screens/post_pregnancy/pp_feeding_content.dart,"format=ARTICLE; 1 article blocks, 1 callouts, 1 India notes, 1 links; 0 cards, 0 steps; 17 REQUIRED_REVIEW/clinical-review markers in file"
parenting,Door: Feeding,My Child tab > 'Current | V3' pill > V3 home > 'Feeding' door > 'Feeding' section > 'Keeping feeding safe' > 'Iron and the nutrients that matter',cards page,Iron and the nutrients that matter,Content page in area 'Keeping feeding safe',0-3 years (all bands),434,1,placeholder,new,lib/screens/post_pregnancy/pp_feeding_content.dart,"format=CARDS; 1 card groups, 2 callouts, 1 India notes, 1 consult CTAs; 8 cards, 0 steps; 17 REQUIRED_REVIEW/clinical-review markers in file"
parenting,Door: Feeding,My Child tab > 'Current | V3' pill > V3 home > 'Feeding' door > 'Feeding' section > 'Keeping feeding safe' > 'When to start water',short-article,When to start water,Content page in area 'Keeping feeding safe',0-3 years (all bands),370,1,placeholder,new,lib/screens/post_pregnancy/pp_feeding_content.dart,"format=SHORT ARTICLE; 1 article blocks, 1 chart cards, 2 callouts, 1 India notes; 0 cards, 0 steps; 17 REQUIRED_REVIEW/clinical-review markers in file"
parenting,Door: Health,My Child tab > 'Current | V3' pill > V3 home > 'Health & illness' door > 'Health' section,section-hero copy,Health,Section title + intro paragraph on the door landing,0-5 years,20,1,placeholder,new,lib/screens/post_pregnancy/pp_health_content.dart,"subtitle='Is this normal, and does it need a doctor?'; also reachable by surface id pp_section/parenting_health"
parenting,Door: Health,My Child tab > 'Current | V3' pill > V3 home > 'Health & illness' door > 'Health' section > area tiles,area title + blurb,11 areas,Cover-card tiles that open each area,0-5 years,209,11,placeholder,new,lib/screens/post_pregnancy/pp_health_content.dart,"areas: Is this an emergency? | He has a fever | Cough, cold and a blocked nose | Loose motions, vomiting and a hard tummy | A rash appeared | The other things that go around | Not sure what is wrong? | Is he up to date on his shots? | Is he growing well? | Keeping his papers together | Keeping him well"
parenting,Door: Health,"My Child tab > 'Current | V3' pill > V3 home > 'Health & illness' door > 'Health' section > 'Is this an emergency?' > 'Go now, or can it wait?'",flagged reference,"Go now, or can it wait?",Content page in area 'Is this an emergency?',0-5 years (all bands),411,1,placeholder,new,lib/screens/post_pregnancy/pp_health_content.dart,"format=FLAGGED REFERENCE; 1 tables, 2 callouts, 1 India notes, 1 video slots, 1 links; 0 cards, 0 steps; 50 REQUIRED_REVIEW/clinical-review markers in file"
parenting,Door: Health,My Child tab > 'Current | V3' pill > V3 home > 'Health & illness' door > 'Health' section > 'He has a fever' > 'What the number actually means',chart card page,What the number actually means,Content page in area 'He has a fever',0-5 years (all bands),282,1,placeholder,new,lib/screens/post_pregnancy/pp_health_content.dart,"format=CHART-CARD; 1 chart cards, 2 callouts, 1 India notes, 1 video slots, 1 links; 0 cards, 0 steps; 50 REQUIRED_REVIEW/clinical-review markers in file"
parenting,Door: Health,My Child tab > 'Current | V3' pill > V3 home > 'Health & illness' door > 'Health' section > 'He has a fever' > 'Reading a baby\'s temperature',short-article,Reading a baby\'s temperature,Content page in area 'He has a fever',0-5 years (all bands),360,1,placeholder,new,lib/screens/post_pregnancy/pp_health_content.dart,"format=SHORT ARTICLE; 1 article blocks, 1 tables, 1 callouts, 1 India notes; 0 cards, 0 steps; 50 REQUIRED_REVIEW/clinical-review markers in file"
parenting,Door: Health,My Child tab > 'Current | V3' pill > V3 home > 'Health & illness' door > 'Health' section > 'He has a fever' > 'A fever in a baby under three months',flagged callout,A fever in a baby under three months,Content page in area 'He has a fever',0-3 months,258,1,placeholder,new,lib/screens/post_pregnancy/pp_health_content.dart,"format=FLAGGED CALLOUT; 1 card groups, 2 callouts, 1 India notes; 4 cards, 0 steps; 50 REQUIRED_REVIEW/clinical-review markers in file"
parenting,Door: Health,"My Child tab > 'Current | V3' pill > V3 home > 'Health & illness' door > 'Health' section > 'He has a fever' > 'Bringing a fever down, and the sponging myths'",article,"Bringing a fever down, and the sponging myths",Content page in area 'He has a fever',0-5 years (all bands),433,1,placeholder,new,lib/screens/post_pregnancy/pp_health_content.dart,"format=ARTICLE; 1 article blocks, 1 step-lists, 2 callouts, 1 India notes; 0 cards, 5 steps; 50 REQUIRED_REVIEW/clinical-review markers in file"
parenting,Door: Health,My Child tab > 'Current | V3' pill > V3 home > 'Health & illness' door > 'Health' section > 'He has a fever' > 'Paracetamol and ibuprofen: the typical ranges',flagged callout + table,Paracetamol and ibuprofen: the typical ranges,Content page in area 'He has a fever',0-5 years (all bands),544,1,placeholder,new,lib/screens/post_pregnancy/pp_health_content.dart,"format=FLAGGED CALLOUT + TABLE; 1 article blocks, 1 tables, 1 chart cards, 2 callouts, 1 India notes, 1 links; 0 cards, 0 steps; 50 REQUIRED_REVIEW/clinical-review markers in file"
parenting,Door: Health,My Child tab > 'Current | V3' pill > V3 home > 'Health & illness' door > 'Health' section > 'He has a fever' > 'Fever red flags: when to stop watching',flagged callout,Fever red flags: when to stop watching,Content page in area 'He has a fever',0-5 years (all bands),357,1,placeholder,new,lib/screens/post_pregnancy/pp_health_content.dart,"format=FLAGGED CALLOUT; 1 card groups, 2 callouts, 1 India notes, 1 consult CTAs; 4 cards, 0 steps; 50 REQUIRED_REVIEW/clinical-review markers in file"
parenting,Door: Health,"My Child tab > 'Current | V3' pill > V3 home > 'Health & illness' door > 'Health' section > 'He has a fever' > 'Home remedies for fever, honestly'",cards page,"Home remedies for fever, honestly",Content page in area 'He has a fever',0-5 years (all bands),315,1,placeholder,new,lib/screens/post_pregnancy/pp_health_content.dart,"format=CARDS; 1 card groups, 1 callouts, 1 India notes, 1 links; 7 cards, 0 steps; 50 REQUIRED_REVIEW/clinical-review markers in file"
parenting,Door: Health,"My Child tab > 'Current | V3' pill > V3 home > 'Health & illness' door > 'Health' section > 'He has a fever' > 'A fever that will not settle: dengue, typhoid and malaria'",article,"A fever that will not settle: dengue, typhoid and malaria",Content page in area 'He has a fever',0-5 years (all bands),472,1,placeholder,new,lib/screens/post_pregnancy/pp_health_content.dart,"format=ARTICLE; 1 article blocks, 1 tables, 2 callouts, 1 India notes, 1 links; 0 cards, 0 steps; 50 REQUIRED_REVIEW/clinical-review markers in file"
parenting,Door: Health,"My Child tab > 'Current | V3' pill > V3 home > 'Health & illness' door > 'Health' section > 'Cough, cold and a blocked nose' > 'The common cold, and why it keeps coming back'",article,"The common cold, and why it keeps coming back","Content page in area 'Cough, cold and a blocked nose'",0-5 years (all bands),460,1,placeholder,new,lib/screens/post_pregnancy/pp_health_content.dart,"format=ARTICLE; 1 article blocks, 1 chart cards, 2 callouts, 1 India notes, 1 links; 0 cards, 0 steps; 50 REQUIRED_REVIEW/clinical-review markers in file"
parenting,Door: Health,"My Child tab > 'Current | V3' pill > V3 home > 'Health & illness' door > 'Health' section > 'Cough, cold and a blocked nose' > 'Clearing a blocked nose'",step-list,Clearing a blocked nose,"Content page in area 'Cough, cold and a blocked nose'",0-5 years (all bands),417,1,placeholder,new,lib/screens/post_pregnancy/pp_health_content.dart,"format=STEP-LIST; 1 article blocks, 1 step-lists, 1 callouts, 1 India notes, 1 video slots, 1 links; 0 cards, 6 steps; 50 REQUIRED_REVIEW/clinical-review markers in file"
parenting,Door: Health,"My Child tab > 'Current | V3' pill > V3 home > 'Health & illness' door > 'Health' section > 'Cough, cold and a blocked nose' > 'Cough syrups: what is safe and what is not'",flagged callout + table,Cough syrups: what is safe and what is not,"Content page in area 'Cough, cold and a blocked nose'",0-5 years (all bands),321,1,placeholder,new,lib/screens/post_pregnancy/pp_health_content.dart,"format=FLAGGED CALLOUT + TABLE; 1 tables, 2 callouts, 1 India notes, 1 links; 0 cards, 0 steps; 50 REQUIRED_REVIEW/clinical-review markers in file"
parenting,Door: Health,"My Child tab > 'Current | V3' pill > V3 home > 'Health & illness' door > 'Health' section > 'Cough, cold and a blocked nose' > 'Home remedies for cough and cold'",cards page,Home remedies for cough and cold,"Content page in area 'Cough, cold and a blocked nose'",0-5 years (all bands),296,1,placeholder,new,lib/screens/post_pregnancy/pp_health_content.dart,"format=CARDS; 1 card groups, 1 callouts, 1 India notes, 1 links; 7 cards, 0 steps; 50 REQUIRED_REVIEW/clinical-review markers in file"
parenting,Door: Health,"My Child tab > 'Current | V3' pill > V3 home > 'Health & illness' door > 'Health' section > 'Cough, cold and a blocked nose' > 'When a cough is more than a cold'",article,When a cough is more than a cold,"Content page in area 'Cough, cold and a blocked nose'",0-5 years (all bands),442,1,placeholder,new,lib/screens/post_pregnancy/pp_health_content.dart,"format=ARTICLE; 1 article blocks, 1 chart cards, 1 callouts, 1 India notes, 1 consult CTAs; 0 cards, 0 steps; 50 REQUIRED_REVIEW/clinical-review markers in file"
parenting,Door: Health,"My Child tab > 'Current | V3' pill > V3 home > 'Health & illness' door > 'Health' section > 'Loose motions, vomiting and a hard tummy' > 'Loose motions'",article,Loose motions,"Content page in area 'Loose motions, vomiting and a hard tummy'",0-5 years (all bands),397,1,placeholder,new,lib/screens/post_pregnancy/pp_health_content.dart,"format=ARTICLE; 1 article blocks, 1 card groups, 1 callouts, 1 India notes, 1 links; 4 cards, 0 steps; 50 REQUIRED_REVIEW/clinical-review markers in file"
parenting,Door: Health,"My Child tab > 'Current | V3' pill > V3 home > 'Health & illness' door > 'Health' section > 'Loose motions, vomiting and a hard tummy' > 'ORS, made right'",step-list,"ORS, made right","Content page in area 'Loose motions, vomiting and a hard tummy'",0-5 years (all bands),496,1,placeholder,new,lib/screens/post_pregnancy/pp_health_content.dart,"format=STEP-LIST; 1 article blocks, 1 step-lists, 2 callouts, 1 India notes, 1 video slots; 0 cards, 5 steps; 50 REQUIRED_REVIEW/clinical-review markers in file"
parenting,Door: Health,"My Child tab > 'Current | V3' pill > V3 home > 'Health & illness' door > 'Health' section > 'Loose motions, vomiting and a hard tummy' > 'Spotting dehydration early'",chart card page,Spotting dehydration early,"Content page in area 'Loose motions, vomiting and a hard tummy'",0-5 years (all bands),248,1,placeholder,new,lib/screens/post_pregnancy/pp_health_content.dart,"format=CHART-CARD; 1 chart cards, 2 callouts, 1 India notes, 1 links; 0 cards, 0 steps; 50 REQUIRED_REVIEW/clinical-review markers in file"
parenting,Door: Health,"My Child tab > 'Current | V3' pill > V3 home > 'Health & illness' door > 'Health' section > 'Loose motions, vomiting and a hard tummy' > 'Vomiting'",article,Vomiting,"Content page in area 'Loose motions, vomiting and a hard tummy'",0-5 years (all bands),326,1,placeholder,new,lib/screens/post_pregnancy/pp_health_content.dart,"format=ARTICLE; 1 article blocks, 2 callouts, 1 India notes; 0 cards, 0 steps; 50 REQUIRED_REVIEW/clinical-review markers in file"
parenting,Door: Health,"My Child tab > 'Current | V3' pill > V3 home > 'Health & illness' door > 'Health' section > 'Loose motions, vomiting and a hard tummy' > 'Constipation, and the days without a poo'",article,"Constipation, and the days without a poo","Content page in area 'Loose motions, vomiting and a hard tummy'",0-5 years (all bands),457,1,placeholder,new,lib/screens/post_pregnancy/pp_health_content.dart,"format=ARTICLE; 1 article blocks, 1 step-lists, 2 callouts, 1 India notes; 0 cards, 5 steps; 50 REQUIRED_REVIEW/clinical-review markers in file"
parenting,Door: Health,"My Child tab > 'Current | V3' pill > V3 home > 'Health & illness' door > 'Health' section > 'Loose motions, vomiting and a hard tummy' > 'Colic and the evening crying'",article,Colic and the evening crying,"Content page in area 'Loose motions, vomiting and a hard tummy'","0-3 months, 3-12 months",406,1,placeholder,new,lib/screens/post_pregnancy/pp_health_content.dart,"format=ARTICLE; 1 article blocks, 2 callouts, 1 India notes, 1 links; 0 cards, 0 steps; 50 REQUIRED_REVIEW/clinical-review markers in file"
parenting,Door: Health,My Child tab > 'Current | V3' pill > V3 home > 'Health & illness' door > 'Health' section > 'A rash appeared' > 'Which rash is this?',comparison table,Which rash is this?,Content page in area 'A rash appeared',0-5 years (all bands),381,1,placeholder,new,lib/screens/post_pregnancy/pp_health_content.dart,"format=COMPARISON TABLE; 1 tables, 2 callouts, 1 India notes, 1 video slots; 0 cards, 0 steps; 50 REQUIRED_REVIEW/clinical-review markers in file"
parenting,Door: Health,"My Child tab > 'Current | V3' pill > V3 home > 'Health & illness' door > 'Health' section > 'A rash appeared' > 'Hand, foot and mouth disease'",article,"Hand, foot and mouth disease",Content page in area 'A rash appeared',0-5 years (all bands),439,1,placeholder,new,lib/screens/post_pregnancy/pp_health_content.dart,"format=ARTICLE; 1 article blocks, 1 card groups, 1 callouts, 1 India notes, 1 links; 4 cards, 0 steps; 50 REQUIRED_REVIEW/clinical-review markers in file"
parenting,Door: Health,My Child tab > 'Current | V3' pill > V3 home > 'Health & illness' door > 'Health' section > 'A rash appeared' > 'Nappy rash',article,Nappy rash,Content page in area 'A rash appeared',0-5 years (all bands),438,1,placeholder,new,lib/screens/post_pregnancy/pp_health_content.dart,"format=ARTICLE; 1 article blocks, 1 step-lists, 2 callouts, 1 India notes, 1 links; 0 cards, 5 steps; 50 REQUIRED_REVIEW/clinical-review markers in file"
parenting,Door: Health,My Child tab > 'Current | V3' pill > V3 home > 'Health & illness' door > 'Health' section > 'A rash appeared' > 'Eczema and dry rough patches',article,Eczema and dry rough patches,Content page in area 'A rash appeared',0-5 years (all bands),429,1,placeholder,new,lib/screens/post_pregnancy/pp_health_content.dart,"format=ARTICLE; 1 article blocks, 1 card groups, 1 callouts, 1 India notes, 1 links; 5 cards, 0 steps; 50 REQUIRED_REVIEW/clinical-review markers in file"
parenting,Door: Health,"My Child tab > 'Current | V3' pill > V3 home > 'Health & illness' door > 'Health' section > 'A rash appeared' > 'Prickly heat, and Indian summers'",short-article,"Prickly heat, and Indian summers",Content page in area 'A rash appeared',0-5 years (all bands),327,1,placeholder,new,lib/screens/post_pregnancy/pp_health_content.dart,"format=SHORT ARTICLE; 1 article blocks, 1 step-lists, 2 callouts, 1 India notes; 0 cards, 5 steps; 50 REQUIRED_REVIEW/clinical-review markers in file"
parenting,Door: Health,"My Child tab > 'Current | V3' pill > V3 home > 'Health & illness' door > 'Health' section > 'A rash appeared' > 'Cradle cap, baby acne and peeling skin'",cards page,"Cradle cap, baby acne and peeling skin",Content page in area 'A rash appeared',0-3 months,328,1,placeholder,new,lib/screens/post_pregnancy/pp_health_content.dart,"format=CARDS; 1 card groups, 1 callouts, 1 India notes, 1 links; 6 cards, 0 steps; 50 REQUIRED_REVIEW/clinical-review markers in file"
parenting,Door: Health,My Child tab > 'Current | V3' pill > V3 home > 'Health & illness' door > 'Health' section > 'A rash appeared' > 'Chickenpox',article,Chickenpox,Content page in area 'A rash appeared',0-5 years (all bands),383,1,placeholder,new,lib/screens/post_pregnancy/pp_health_content.dart,"format=ARTICLE; 1 article blocks, 2 callouts, 1 India notes, 1 links; 0 cards, 0 steps; 50 REQUIRED_REVIEW/clinical-review markers in file"
parenting,Door: Health,My Child tab > 'Current | V3' pill > V3 home > 'Health & illness' door > 'Health' section > 'The other things that go around' > 'Teething',article,Teething,Content page in area 'The other things that go around',"3-12 months, 1-3 years",362,1,placeholder,new,lib/screens/post_pregnancy/pp_health_content.dart,"format=ARTICLE; 1 article blocks, 2 callouts, 1 India notes, 1 links; 0 cards, 0 steps; 50 REQUIRED_REVIEW/clinical-review markers in file"
parenting,Door: Health,My Child tab > 'Current | V3' pill > V3 home > 'Health & illness' door > 'Health' section > 'The other things that go around' > 'Ear pain and ear infections',article,Ear pain and ear infections,Content page in area 'The other things that go around',0-5 years (all bands),401,1,placeholder,new,lib/screens/post_pregnancy/pp_health_content.dart,"format=ARTICLE; 1 article blocks, 2 callouts, 1 India notes, 1 video slots; 0 cards, 0 steps; 50 REQUIRED_REVIEW/clinical-review markers in file"
parenting,Door: Health,My Child tab > 'Current | V3' pill > V3 home > 'Health & illness' door > 'Health' section > 'The other things that go around' > 'Sticky eyes and eye discharge',short-article,Sticky eyes and eye discharge,Content page in area 'The other things that go around',0-5 years (all bands),321,1,placeholder,new,lib/screens/post_pregnancy/pp_health_content.dart,"format=SHORT ARTICLE; 1 article blocks, 2 callouts, 1 India notes; 0 cards, 0 steps; 50 REQUIRED_REVIEW/clinical-review markers in file"
parenting,Door: Health,My Child tab > 'Current | V3' pill > V3 home > 'Health & illness' door > 'Health' section > 'The other things that go around' > 'Newborn jaundice',article,Newborn jaundice,Content page in area 'The other things that go around',0-3 months,395,1,placeholder,new,lib/screens/post_pregnancy/pp_health_content.dart,"format=ARTICLE; 1 article blocks, 2 callouts, 1 India notes; 0 cards, 0 steps; 50 REQUIRED_REVIEW/clinical-review markers in file"
parenting,Door: Health,"My Child tab > 'Current | V3' pill > V3 home > 'Health & illness' door > 'Health' section > 'The other things that go around' > 'Allergies, and what an allergy is not'",article,"Allergies, and what an allergy is not",Content page in area 'The other things that go around',0-5 years (all bands),423,1,placeholder,new,lib/screens/post_pregnancy/pp_health_content.dart,"format=ARTICLE; 1 article blocks, 2 callouts, 1 India notes, 1 consult CTAs; 0 cards, 0 steps; 50 REQUIRED_REVIEW/clinical-review markers in file"
parenting,Door: Health,My Child tab > 'Current | V3' pill > V3 home > 'Health & illness' door > 'Health' section > 'Not sure what is wrong?' > 'Something suddenly different?',flow,Something suddenly different?,Content page in area 'Not sure what is wrong?',0-5 years (all bands),248,1,placeholder,new,lib/screens/post_pregnancy/pp_health_content.dart,"format=FLOW; 1 step-lists, 1 card groups, 1 callouts, 2 links; 4 cards, 4 steps; 50 REQUIRED_REVIEW/clinical-review markers in file"
parenting,Door: Health,My Child tab > 'Current | V3' pill > V3 home > 'Health & illness' door > 'Health' section > 'Not sure what is wrong?' > 'Something is off and you cannot name it',flow,Something is off and you cannot name it,Content page in area 'Not sure what is wrong?',0-5 years (all bands),307,1,placeholder,new,lib/screens/post_pregnancy/pp_health_content.dart,"format=FLOW; 1 article blocks, 2 callouts, 1 video slots, 1 links, 1 consult CTAs; 0 cards, 0 steps; 50 REQUIRED_REVIEW/clinical-review markers in file"
parenting,Door: Health,"My Child tab > 'Current | V3' pill > V3 home > 'Health & illness' door > 'Health' section > 'Is he up to date on his shots?' > 'What is due, and when'",chart,"What is due, and when",Content page in area 'Is he up to date on his shots?',0-5 years (all bands),240,1,placeholder,new,lib/screens/post_pregnancy/pp_health_content.dart,"format=CHART; 1 chart cards, 1 callouts, 1 India notes, 1 links; 0 cards, 0 steps; 50 REQUIRED_REVIEW/clinical-review markers in file"
parenting,Door: Health,My Child tab > 'Current | V3' pill > V3 home > 'Health & illness' door > 'Health' section > 'Is he up to date on his shots?' > 'What each shot is for',cards page,What each shot is for,Content page in area 'Is he up to date on his shots?',0-5 years (all bands),371,1,placeholder,new,lib/screens/post_pregnancy/pp_health_content.dart,"format=CARDS; 1 card groups, 2 callouts, 1 India notes; 11 cards, 0 steps; 50 REQUIRED_REVIEW/clinical-review markers in file"
parenting,Door: Health,My Child tab > 'Current | V3' pill > V3 home > 'Health & illness' door > 'Health' section > 'Is he up to date on his shots?' > 'After a shot: what is normal',article,After a shot: what is normal,Content page in area 'Is he up to date on his shots?',0-5 years (all bands),355,1,placeholder,new,lib/screens/post_pregnancy/pp_health_content.dart,"format=ARTICLE; 1 article blocks, 1 callouts, 1 India notes, 1 video slots; 0 cards, 0 steps; 50 REQUIRED_REVIEW/clinical-review markers in file"
parenting,Door: Health,My Child tab > 'Current | V3' pill > V3 home > 'Health & illness' door > 'Health' section > 'Is he up to date on his shots?' > 'If you are behind',short-article,If you are behind,Content page in area 'Is he up to date on his shots?',0-5 years (all bands),327,1,placeholder,new,lib/screens/post_pregnancy/pp_health_content.dart,"format=SHORT ARTICLE; 1 article blocks, 2 callouts, 1 India notes, 1 links; 0 cards, 0 steps; 50 REQUIRED_REVIEW/clinical-review markers in file"
parenting,Door: Health,"My Child tab > 'Current | V3' pill > V3 home > 'Health & illness' door > 'Health' section > 'Is he up to date on his shots?' > 'Government hospital or private clinic, and what it costs'",comparison table,"Government hospital or private clinic, and what it costs",Content page in area 'Is he up to date on his shots?',0-5 years (all bands),291,1,placeholder,new,lib/screens/post_pregnancy/pp_health_content.dart,"format=COMPARISON TABLE; 1 tables, 2 callouts, 1 India notes, 1 links; 0 cards, 0 steps; 50 REQUIRED_REVIEW/clinical-review markers in file"
parenting,Door: Health,My Child tab > 'Current | V3' pill > V3 home > 'Health & illness' door > 'Health' section > 'Is he growing well?' > 'The pressure to make him mota',article,The pressure to make him mota,Content page in area 'Is he growing well?',0-5 years (all bands),389,1,placeholder,new,lib/screens/post_pregnancy/pp_health_content.dart,"format=ARTICLE; 1 article blocks, 1 chart cards, 1 callouts, 1 India notes, 1 links; 0 cards, 0 steps; 50 REQUIRED_REVIEW/clinical-review markers in file"
parenting,Door: Health,My Child tab > 'Current | V3' pill > V3 home > 'Health & illness' door > 'Health' section > 'Is he growing well?' > 'What a percentile actually means',short-article,What a percentile actually means,Content page in area 'Is he growing well?',0-5 years (all bands),341,1,placeholder,new,lib/screens/post_pregnancy/pp_health_content.dart,"format=SHORT ARTICLE; 1 article blocks, 2 callouts, 1 India notes, 1 video slots; 0 cards, 0 steps; 50 REQUIRED_REVIEW/clinical-review markers in file"
parenting,Door: Health,My Child tab > 'Current | V3' pill > V3 home > 'Health & illness' door > 'Health' section > 'Is he growing well?' > 'Growth that needs a doctor',flagged callout,Growth that needs a doctor,Content page in area 'Is he growing well?',0-5 years (all bands),284,1,placeholder,new,lib/screens/post_pregnancy/pp_health_content.dart,"format=FLAGGED CALLOUT; 1 card groups, 2 callouts, 1 India notes, 1 links; 4 cards, 0 steps; 50 REQUIRED_REVIEW/clinical-review markers in file"
parenting,Door: Health,My Child tab > 'Current | V3' pill > V3 home > 'Health & illness' door > 'Health' section > 'Keeping his papers together' > 'Create your emergency card',takes 5 minutes,Create your emergency card,Content page in area 'Keeping his papers together',0-5 years (all bands),211,1,placeholder,new,lib/screens/post_pregnancy/pp_health_content.dart,"format=TAKES 5 MINUTES; 1 step-lists, 1 callouts, 1 India notes, 1 links; 0 cards, 5 steps; 50 REQUIRED_REVIEW/clinical-review markers in file"
parenting,Door: Health,My Child tab > 'Current | V3' pill > V3 home > 'Health & illness' door > 'Health' section > 'Keeping his papers together' > 'Everything in one place',records,Everything in one place,Content page in area 'Keeping his papers together',0-5 years (all bands),329,1,placeholder,new,lib/screens/post_pregnancy/pp_health_content.dart,"format=RECORDS; 1 article blocks, 1 step-lists, 1 callouts, 1 India notes, 1 links; 0 cards, 5 steps; 50 REQUIRED_REVIEW/clinical-review markers in file"
parenting,Door: Health,My Child tab > 'Current | V3' pill > V3 home > 'Health & illness' door > 'Health' section > 'Keeping his papers together' > 'Getting the most out of seven minutes',step-list,Getting the most out of seven minutes,Content page in area 'Keeping his papers together',0-5 years (all bands),411,1,placeholder,new,lib/screens/post_pregnancy/pp_health_content.dart,"format=STEP-LIST; 1 step-lists, 1 callouts, 1 scripts, 1 India notes, 1 video slots, 1 links; 0 cards, 6 steps; 50 REQUIRED_REVIEW/clinical-review markers in file"
parenting,Door: Health,My Child tab > 'Current | V3' pill > V3 home > 'Health & illness' door > 'Health' section > 'Keeping him well' > 'The dull things that actually work',short-article,The dull things that actually work,Content page in area 'Keeping him well',0-5 years (all bands),305,1,placeholder,new,lib/screens/post_pregnancy/pp_health_content.dart,"format=SHORT ARTICLE; 1 article blocks, 1 card groups, 1 callouts, 1 India notes; 5 cards, 0 steps; 50 REQUIRED_REVIEW/clinical-review markers in file"
parenting,Door: Health,"My Child tab > 'Current | V3' pill > V3 home > 'Health & illness' door > 'Health' section > 'Keeping him well' > 'Building immunity, and the tonics that will not'",article,"Building immunity, and the tonics that will not",Content page in area 'Keeping him well',0-5 years (all bands),342,1,placeholder,new,lib/screens/post_pregnancy/pp_health_content.dart,"format=ARTICLE; 1 article blocks, 1 callouts, 1 India notes, 1 links; 0 cards, 0 steps; 50 REQUIRED_REVIEW/clinical-review markers in file"
parenting,Door: Health,"My Child tab > 'Current | V3' pill > V3 home > 'Health & illness' door > 'Health' section > 'Keeping him well' > 'Monsoon, and the season of illness'",short-article,"Monsoon, and the season of illness",Content page in area 'Keeping him well',0-5 years (all bands),374,1,placeholder,new,lib/screens/post_pregnancy/pp_health_content.dart,"format=SHORT ARTICLE; 1 article blocks, 1 card groups, 1 callouts, 1 India notes; 5 cards, 0 steps; 50 REQUIRED_REVIEW/clinical-review markers in file"
parenting,Door: Health,My Child tab > 'Current | V3' pill > V3 home > 'Health & illness' door > 'Health' section > 'Keeping him well' > 'Air pollution and small lungs',short-article,Air pollution and small lungs,Content page in area 'Keeping him well',0-5 years (all bands),377,1,placeholder,new,lib/screens/post_pregnancy/pp_health_content.dart,"format=SHORT ARTICLE; 1 article blocks, 2 callouts, 1 India notes; 0 cards, 0 steps; 50 REQUIRED_REVIEW/clinical-review markers in file"
parenting,Door: Health,My Child tab > 'Current | V3' pill > V3 home > 'Health & illness' door > 'Health' section > 'Keeping him well' > 'How to give medicine to a baby',step-list,How to give medicine to a baby,Content page in area 'Keeping him well',0-5 years (all bands),462,1,placeholder,new,lib/screens/post_pregnancy/pp_health_content.dart,"format=STEP-LIST; 1 article blocks, 1 step-lists, 2 callouts, 1 India notes, 1 video slots; 0 cards, 6 steps; 50 REQUIRED_REVIEW/clinical-review markers in file"
parenting,Door: Health,My Child tab > 'Current | V3' pill > V3 home > 'Health & illness' door > 'Health' section > 'Keeping him well' > 'When to keep him home',cards page,When to keep him home,Content page in area 'Keeping him well',0-5 years (all bands),296,1,placeholder,new,lib/screens/post_pregnancy/pp_health_content.dart,"format=CARDS; 1 card groups, 2 callouts, 1 India notes; 6 cards, 0 steps; 50 REQUIRED_REVIEW/clinical-review markers in file"
parenting,Door: Health,"My Child tab > 'Current | V3' pill > V3 home > 'Health & illness' door > 'Health' section > 'Keeping him well' > 'Antibiotics, and why the chemist should not decide'",article,"Antibiotics, and why the chemist should not decide",Content page in area 'Keeping him well',0-5 years (all bands),533,1,placeholder,new,lib/screens/post_pregnancy/pp_health_content.dart,"format=ARTICLE; 1 article blocks, 1 card groups, 2 callouts, 1 India notes, 1 consult CTAs; 4 cards, 0 steps; 50 REQUIRED_REVIEW/clinical-review markers in file"
parenting,Door: Early Learning,My Child tab > 'Current | V3' pill > V3 home > 'Early learning' door > 'Early Learning' section,section-hero copy,Early Learning,Section title + intro paragraph on the door landing,0-6 years,34,1,placeholder,new,lib/screens/post_pregnancy/pp_early_learning_content.dart,"subtitle='Play, stories, habits and getting ready for school'; also reachable by surface id pp_section/parenting_early_learning"
parenting,Door: Early Learning,My Child tab > 'Current | V3' pill > V3 home > 'Early learning' door > 'Early Learning' section > area tiles,area title + blurb,12 areas,Cover-card tiles that open each area,0-6 years,265,12,placeholder,new,lib/screens/post_pregnancy/pp_early_learning_content.dart,"areas: Something to do with him today | Learning through play at home | Telling him a story tonight | Little bedtime tales | Panchatantra stories | Jataka tales | Akbar and Birbal | Tenali Rama | Stories from around the world | The small habits that make a day easier | Getting ready to read, write and count | Getting ready for school"
parenting,Door: Early Learning,My Child tab > 'Current | V3' pill > V3 home > 'Early learning' door > 'Early Learning' section > 'Something to do with him today' > 'Tummy time reach',activity,Tummy time reach,Content page in area 'Something to do with him today' - For 0 to 6 months,0-12 months,365,1,placeholder,new,lib/screens/post_pregnancy/pp_early_learning_content.dart,"format=ACTIVITY; 1 article blocks, 1 step-lists, 1 card groups, 1 India notes, 1 video slots; 3 cards, 5 steps"
parenting,Door: Early Learning,My Child tab > 'Current | V3' pill > V3 home > 'Early learning' door > 'Early Learning' section > 'Something to do with him today' > 'Black and white card gazing',activity,Black and white card gazing,Content page in area 'Something to do with him today' - For 0 to 3 months,0-12 months,259,1,placeholder,new,lib/screens/post_pregnancy/pp_early_learning_content.dart,"format=ACTIVITY; 1 article blocks, 1 step-lists, 1 card groups; 2 cards, 4 steps"
parenting,Door: Early Learning,My Child tab > 'Current | V3' pill > V3 home > 'Early learning' door > 'Early Learning' section > 'Something to do with him today' > 'Peekaboo',activity,Peekaboo,Content page in area 'Something to do with him today' - For 4 to 12 months,0-12 months,265,1,placeholder,new,lib/screens/post_pregnancy/pp_early_learning_content.dart,"format=ACTIVITY; 1 article blocks, 1 step-lists, 1 card groups; 2 cards, 5 steps"
parenting,Door: Early Learning,My Child tab > 'Current | V3' pill > V3 home > 'Early learning' door > 'Early Learning' section > 'Something to do with him today' > 'Naming things as you carry him',activity,Naming things as you carry him,Content page in area 'Something to do with him today' - For 0 to 12 months,0-12 months,284,1,placeholder,new,lib/screens/post_pregnancy/pp_early_learning_content.dart,"format=ACTIVITY; 1 article blocks, 1 step-lists, 1 card groups, 1 India notes; 1 cards, 5 steps"
parenting,Door: Early Learning,My Child tab > 'Current | V3' pill > V3 home > 'Early learning' door > 'Early Learning' section > 'Something to do with him today' > 'Shake it and hear it',activity,Shake it and hear it,Content page in area 'Something to do with him today' - For 4 to 9 months,0-12 months,285,1,placeholder,new,lib/screens/post_pregnancy/pp_early_learning_content.dart,"format=ACTIVITY; 1 article blocks, 1 step-lists, 1 card groups, 1 callouts; 2 cards, 5 steps"
parenting,Door: Early Learning,My Child tab > 'Current | V3' pill > V3 home > 'Early learning' door > 'Early Learning' section > 'Something to do with him today' > 'Mirror play',activity,Mirror play,Content page in area 'Something to do with him today' - For 5 to 12 months,0-12 months,233,1,placeholder,new,lib/screens/post_pregnancy/pp_early_learning_content.dart,"format=ACTIVITY; 1 article blocks, 1 step-lists, 1 card groups; 2 cards, 5 steps"
parenting,Door: Early Learning,My Child tab > 'Current | V3' pill > V3 home > 'Early learning' door > 'Early Learning' section > 'Something to do with him today' > 'The touch basket',activity,The touch basket,Content page in area 'Something to do with him today' - For 6 to 12 months,0-12 months,306,1,placeholder,new,lib/screens/post_pregnancy/pp_early_learning_content.dart,"format=ACTIVITY; 1 article blocks, 1 step-lists, 1 card groups, 1 callouts; 2 cards, 5 steps"
parenting,Door: Early Learning,My Child tab > 'Current | V3' pill > V3 home > 'Early learning' door > 'Early Learning' section > 'Something to do with him today' > 'Rolling a ball back',activity,Rolling a ball back,Content page in area 'Something to do with him today' - For 8 to 12 months,0-12 months,204,1,placeholder,new,lib/screens/post_pregnancy/pp_early_learning_content.dart,"format=ACTIVITY; 1 article blocks, 1 step-lists, 1 card groups; 2 cards, 5 steps"
parenting,Door: Early Learning,My Child tab > 'Current | V3' pill > V3 home > 'Early learning' door > 'Early Learning' section > 'Something to do with him today' > 'Stacking and nesting steel bowls',activity,Stacking and nesting steel bowls,Content page in area 'Something to do with him today' - For 1 to 2 years,1-2 years,230,1,placeholder,new,lib/screens/post_pregnancy/pp_early_learning_content.dart,"format=ACTIVITY; 1 article blocks, 1 step-lists, 1 card groups; 2 cards, 5 steps"
parenting,Door: Early Learning,My Child tab > 'Current | V3' pill > V3 home > 'Early learning' door > 'Early Learning' section > 'Something to do with him today' > 'The posting box',activity,The posting box,Content page in area 'Something to do with him today' - For 1 to 1.5 years,1-2 years,293,1,placeholder,new,lib/screens/post_pregnancy/pp_early_learning_content.dart,"format=ACTIVITY; 1 article blocks, 1 step-lists, 1 card groups, 1 callouts; 3 cards, 5 steps"
parenting,Door: Early Learning,My Child tab > 'Current | V3' pill > V3 home > 'Early learning' door > 'Early Learning' section > 'Something to do with him today' > 'Sorting into two bowls',activity,Sorting into two bowls,Content page in area 'Something to do with him today' - For 1.5 to 2 years,1-2 years,244,1,placeholder,new,lib/screens/post_pregnancy/pp_early_learning_content.dart,"format=ACTIVITY; 1 article blocks, 1 step-lists, 1 card groups; 2 cards, 5 steps"
parenting,Door: Early Learning,My Child tab > 'Current | V3' pill > V3 home > 'Early learning' door > 'Early Learning' section > 'Something to do with him today' > 'Pouring water between two glasses',activity,Pouring water between two glasses,Content page in area 'Something to do with him today' - For 1.5 to 2 years,1-2 years,332,1,placeholder,new,lib/screens/post_pregnancy/pp_early_learning_content.dart,"format=ACTIVITY; 1 article blocks, 1 step-lists, 1 card groups, 1 India notes, 1 video slots; 3 cards, 5 steps"
parenting,Door: Early Learning,"My Child tab > 'Current | V3' pill > V3 home > 'Early learning' door > 'Early Learning' section > 'Something to do with him today' > 'Feeding the doll, putting teddy to sleep'",activity,"Feeding the doll, putting teddy to sleep",Content page in area 'Something to do with him today' - For 1.5 to 2 years,1-2 years,276,1,placeholder,new,lib/screens/post_pregnancy/pp_early_learning_content.dart,"format=ACTIVITY; 1 article blocks, 1 step-lists, 1 card groups, 1 callouts; 3 cards, 5 steps"
parenting,Door: Early Learning,My Child tab > 'Current | V3' pill > V3 home > 'Early learning' door > 'Early Learning' section > 'Something to do with him today' > 'Clapping and dancing to a song',activity,Clapping and dancing to a song,Content page in area 'Something to do with him today' - For 1 to 2 years,1-2 years,254,1,placeholder,new,lib/screens/post_pregnancy/pp_early_learning_content.dart,"format=ACTIVITY; 1 article blocks, 1 step-lists, 1 card groups, 1 India notes; 2 cards, 5 steps"
parenting,Door: Early Learning,My Child tab > 'Current | V3' pill > V3 home > 'Early learning' door > 'Early Learning' section > 'Something to do with him today' > 'Pointing at pictures in a book',activity,Pointing at pictures in a book,Content page in area 'Something to do with him today' - For 1 to 2 years,1-2 years,240,1,placeholder,new,lib/screens/post_pregnancy/pp_early_learning_content.dart,"format=ACTIVITY; 1 article blocks, 1 step-lists, 1 card groups, 1 links; 2 cards, 5 steps"
parenting,Door: Early Learning,My Child tab > 'Current | V3' pill > V3 home > 'Early learning' door > 'Early Learning' section > 'Something to do with him today' > 'Spooning dal from one bowl to another',activity,Spooning dal from one bowl to another,Content page in area 'Something to do with him today' - For 2 to 3 years,2-3 years,272,1,placeholder,new,lib/screens/post_pregnancy/pp_early_learning_content.dart,"format=ACTIVITY; 1 article blocks, 1 step-lists, 1 card groups, 1 video slots; 3 cards, 5 steps"
parenting,Door: Early Learning,My Child tab > 'Current | V3' pill > V3 home > 'Early learning' door > 'Early Learning' section > 'Something to do with him today' > 'Find something red',activity,Find something red,Content page in area 'Something to do with him today' - For 2 to 3 years,2-3 years,211,1,placeholder,new,lib/screens/post_pregnancy/pp_early_learning_content.dart,"format=ACTIVITY; 1 article blocks, 1 step-lists, 1 card groups; 1 cards, 5 steps"
parenting,Door: Early Learning,My Child tab > 'Current | V3' pill > V3 home > 'Early learning' door > 'Early Learning' section > 'Something to do with him today' > 'Matching lids to their containers',activity,Matching lids to their containers,Content page in area 'Something to do with him today' - For 2 to 3 years,2-3 years,208,1,placeholder,new,lib/screens/post_pregnancy/pp_early_learning_content.dart,"format=ACTIVITY; 1 article blocks, 1 step-lists, 1 card groups; 2 cards, 5 steps"
parenting,Door: Early Learning,My Child tab > 'Current | V3' pill > V3 home > 'Early learning' door > 'Early Learning' section > 'Something to do with him today' > 'Threading pasta on a string',activity,Threading pasta on a string,Content page in area 'Something to do with him today' - For 2.5 to 3 years,2-3 years,255,1,placeholder,new,lib/screens/post_pregnancy/pp_early_learning_content.dart,"format=ACTIVITY; 1 article blocks, 1 step-lists, 1 card groups, 1 callouts; 2 cards, 5 steps"
parenting,Door: Early Learning,My Child tab > 'Current | V3' pill > V3 home > 'Early learning' door > 'Early Learning' section > 'Something to do with him today' > 'Playing sabzi shop',activity,Playing sabzi shop,Content page in area 'Something to do with him today' - For 2 to 3 years,2-3 years,251,1,placeholder,new,lib/screens/post_pregnancy/pp_early_learning_content.dart,"format=ACTIVITY; 1 article blocks, 1 step-lists, 1 card groups, 1 India notes; 3 cards, 5 steps"
parenting,Door: Early Learning,My Child tab > 'Current | V3' pill > V3 home > 'Early learning' door > 'Early Learning' section > 'Something to do with him today' > 'Scribbling with fat crayons',activity,Scribbling with fat crayons,Content page in area 'Something to do with him today' - For 2 to 3 years,2-3 years,315,1,placeholder,new,lib/screens/post_pregnancy/pp_early_learning_content.dart,"format=ACTIVITY; 1 article blocks, 1 step-lists, 1 card groups, 1 callouts; 3 cards, 5 steps"
parenting,Door: Early Learning,My Child tab > 'Current | V3' pill > V3 home > 'Early learning' door > 'Early Learning' section > 'Something to do with him today' > 'Counting out the katoris',activity,Counting out the katoris,Content page in area 'Something to do with him today' - For 2.5 to 3 years,2-3 years,228,1,placeholder,new,lib/screens/post_pregnancy/pp_early_learning_content.dart,"format=ACTIVITY; 1 article blocks, 1 step-lists, 1 card groups; 2 cards, 5 steps"
parenting,Door: Early Learning,My Child tab > 'Current | V3' pill > V3 home > 'Early learning' door > 'Early Learning' section > 'Something to do with him today' > 'Acting out a story with sounds',activity,Acting out a story with sounds,Content page in area 'Something to do with him today' - For 2.5 to 3 years,2-3 years,239,1,placeholder,new,lib/screens/post_pregnancy/pp_early_learning_content.dart,"format=ACTIVITY; 1 article blocks, 1 step-lists, 1 card groups, 1 links; 2 cards, 5 steps"
parenting,Door: Early Learning,"My Child tab > 'Current | V3' pill > V3 home > 'Early learning' door > 'Early Learning' section > 'Something to do with him today' > 'Lines, zigzags and circles before letters'",activity,"Lines, zigzags and circles before letters",Content page in area 'Something to do with him today' - For 3 to 4 years,3-4 years,348,1,placeholder,new,lib/screens/post_pregnancy/pp_early_learning_content.dart,"format=ACTIVITY; 1 article blocks, 1 step-lists, 1 card groups, 1 callouts, 1 video slots; 3 cards, 5 steps"
parenting,Door: Early Learning,My Child tab > 'Current | V3' pill > V3 home > 'Early learning' door > 'Early Learning' section > 'Something to do with him today' > 'Counting the stairs and the rotis',activity,Counting the stairs and the rotis,Content page in area 'Something to do with him today' - For 3 to 4 years,3-4 years,236,1,placeholder,new,lib/screens/post_pregnancy/pp_early_learning_content.dart,"format=ACTIVITY; 1 article blocks, 1 step-lists, 1 card groups; 1 cards, 5 steps"
parenting,Door: Early Learning,My Child tab > 'Current | V3' pill > V3 home > 'Early learning' door > 'Early Learning' section > 'Something to do with him today' > 'What starts with mmm',activity,What starts with mmm,Content page in area 'Something to do with him today' - For 3 to 4 years,3-4 years,284,1,placeholder,new,lib/screens/post_pregnancy/pp_early_learning_content.dart,"format=ACTIVITY; 1 article blocks, 1 step-lists, 1 card groups, 1 callouts; 2 cards, 5 steps"
parenting,Door: Early Learning,My Child tab > 'Current | V3' pill > V3 home > 'Early learning' door > 'Early Learning' section > 'Something to do with him today' > 'Making a pattern and continuing it',activity,Making a pattern and continuing it,Content page in area 'Something to do with him today' - For 3 to 4 years,3-4 years,205,1,placeholder,new,lib/screens/post_pregnancy/pp_early_learning_content.dart,"format=ACTIVITY; 1 article blocks, 1 step-lists, 1 card groups; 1 cards, 5 steps"
parenting,Door: Early Learning,"My Child tab > 'Current | V3' pill > V3 home > 'Early learning' door > 'Early Learning' section > 'Something to do with him today' > 'Buttons, zips and pouring his own water'",activity,"Buttons, zips and pouring his own water",Content page in area 'Something to do with him today' - For 3 to 4 years,3-4 years,301,1,placeholder,new,lib/screens/post_pregnancy/pp_early_learning_content.dart,"format=ACTIVITY; 1 article blocks, 1 step-lists, 1 card groups, 1 India notes; 3 cards, 5 steps"
parenting,Door: Early Learning,My Child tab > 'Current | V3' pill > V3 home > 'Early learning' door > 'Early Learning' section > 'Something to do with him today' > 'Building something from the raddi',activity,Building something from the raddi,Content page in area 'Something to do with him today' - For 3 to 4 years,3-4 years,239,1,placeholder,new,lib/screens/post_pregnancy/pp_early_learning_content.dart,"format=ACTIVITY; 1 article blocks, 1 step-lists, 1 card groups; 3 cards, 5 steps"
parenting,Door: Early Learning,My Child tab > 'Current | V3' pill > V3 home > 'Early learning' door > 'Early Learning' section > 'Something to do with him today' > 'Asking what happens next',activity,Asking what happens next,Content page in area 'Something to do with him today' - For 3 to 4 years,3-4 years,229,1,placeholder,new,lib/screens/post_pregnancy/pp_early_learning_content.dart,"format=ACTIVITY; 1 article blocks, 1 step-lists, 1 card groups; 2 cards, 5 steps"
parenting,Door: Early Learning,My Child tab > 'Current | V3' pill > V3 home > 'Early learning' door > 'Early Learning' section > 'Something to do with him today' > 'Writing his own name',activity,Writing his own name,Content page in area 'Something to do with him today' - For 4 to 6 years,4-6 years,279,1,placeholder,new,lib/screens/post_pregnancy/pp_early_learning_content.dart,"format=ACTIVITY; 1 article blocks, 1 step-lists, 1 card groups, 1 callouts; 2 cards, 5 steps"
parenting,Door: Early Learning,My Child tab > 'Current | V3' pill > V3 home > 'Early learning' door > 'Early Learning' section > 'Something to do with him today' > 'First sums with kaju and stones',activity,First sums with kaju and stones,Content page in area 'Something to do with him today' - For 4 to 6 years,4-6 years,235,1,placeholder,new,lib/screens/post_pregnancy/pp_early_learning_content.dart,"format=ACTIVITY; 1 article blocks, 1 step-lists, 1 card groups; 2 cards, 5 steps"
parenting,Door: Early Learning,My Child tab > 'Current | V3' pill > V3 home > 'Early learning' door > 'Early Learning' section > 'Something to do with him today' > 'Which words sound the same',activity,Which words sound the same,Content page in area 'Something to do with him today' - For 4 to 6 years,4-6 years,212,1,placeholder,new,lib/screens/post_pregnancy/pp_early_learning_content.dart,"format=ACTIVITY; 1 article blocks, 1 step-lists, 1 card groups; 1 cards, 5 steps"
parenting,Door: Early Learning,My Child tab > 'Current | V3' pill > V3 home > 'Early learning' door > 'Early Learning' section > 'Something to do with him today' > 'Putting a story back in order',activity,Putting a story back in order,Content page in area 'Something to do with him today' - For 4 to 6 years,4-6 years,229,1,placeholder,new,lib/screens/post_pregnancy/pp_early_learning_content.dart,"format=ACTIVITY; 1 article blocks, 1 step-lists, 1 card groups; 2 cards, 5 steps"
parenting,Door: Early Learning,My Child tab > 'Current | V3' pill > V3 home > 'Early learning' door > 'Early Learning' section > 'Something to do with him today' > 'A job that is his',activity,A job that is his,Content page in area 'Something to do with him today' - For 4 to 6 years,4-6 years,280,1,placeholder,new,lib/screens/post_pregnancy/pp_early_learning_content.dart,"format=ACTIVITY; 1 article blocks, 1 step-lists, 1 card groups, 1 India notes; 2 cards, 5 steps"
parenting,Door: Early Learning,My Child tab > 'Current | V3' pill > V3 home > 'Early learning' door > 'Early Learning' section > 'Something to do with him today' > 'Talking to the family for one minute',activity,Talking to the family for one minute,Content page in area 'Something to do with him today' - For 4 to 6 years,4-6 years,279,1,placeholder,new,lib/screens/post_pregnancy/pp_early_learning_content.dart,"format=ACTIVITY; 1 article blocks, 1 step-lists, 1 card groups, 1 callouts; 2 cards, 5 steps"
parenting,Door: Early Learning,My Child tab > 'Current | V3' pill > V3 home > 'Early learning' door > 'Early Learning' section > 'Learning through play at home' > 'Montessori without the forty thousand rupee school',article,Montessori without the forty thousand rupee school,Content page in area 'Learning through play at home',0-6 years (all bands),423,1,placeholder,new,lib/screens/post_pregnancy/pp_early_learning_content.dart,"format=ARTICLE; 1 article blocks, 1 step-lists, 1 card groups, 1 India notes, 1 video slots, 1 links; 4 cards, 5 steps"
parenting,Door: Early Learning,My Child tab > 'Current | V3' pill > V3 home > 'Early learning' door > 'Early Learning' section > 'Learning through play at home' > 'Setting up a corner he is allowed to touch',step-list,Setting up a corner he is allowed to touch,Content page in area 'Learning through play at home',0-6 years (all bands),374,1,placeholder,new,lib/screens/post_pregnancy/pp_early_learning_content.dart,"format=STEP-LIST; 1 article blocks, 1 step-lists, 1 card groups, 1 callouts; 3 cards, 7 steps"
parenting,Door: Early Learning,My Child tab > 'Current | V3' pill > V3 home > 'Early learning' door > 'Early Learning' section > 'Learning through play at home' > 'Letting him help with real work',short-article,Letting him help with real work,Content page in area 'Learning through play at home',0-6 years (all bands),319,1,placeholder,new,lib/screens/post_pregnancy/pp_early_learning_content.dart,"format=SHORT ARTICLE; 1 article blocks, 1 step-lists, 1 card groups, 1 India notes; 3 cards, 5 steps"
parenting,Door: Early Learning,My Child tab > 'Current | V3' pill > V3 home > 'Early learning' door > 'Early Learning' section > 'Learning through play at home' > 'Following what he is already interested in',short-article,Following what he is already interested in,Content page in area 'Learning through play at home',0-6 years (all bands),330,1,placeholder,new,lib/screens/post_pregnancy/pp_early_learning_content.dart,"format=SHORT ARTICLE; 1 article blocks, 1 step-lists, 1 card groups, 1 links, 1 consult CTAs; 2 cards, 4 steps"
parenting,Door: Early Learning,My Child tab > 'Current | V3' pill > V3 home > 'Early learning' door > 'Early Learning' section > 'Telling him a story tonight' > 'Reading to a baby who cannot understand a word',short-article,Reading to a baby who cannot understand a word,Content page in area 'Telling him a story tonight',"0-12 months, 1-2 years",286,1,placeholder,new,lib/screens/post_pregnancy/pp_early_learning_content.dart,"format=SHORT ARTICLE; 1 article blocks, 1 step-lists, 1 India notes, 1 video slots, 1 links; 0 cards, 5 steps"
parenting,Door: Early Learning,My Child tab > 'Current | V3' pill > V3 home > 'Early learning' door > 'Early Learning' section > 'Telling him a story tonight' > 'Telling a story with no book at all',step-list,Telling a story with no book at all,Content page in area 'Telling him a story tonight',0-6 years (all bands),222,1,placeholder,new,lib/screens/post_pregnancy/pp_early_learning_content.dart,"format=STEP-LIST; 1 step-lists, 1 card groups; 3 cards, 5 steps"
parenting,Door: Early Learning,My Child tab > 'Current | V3' pill > V3 home > 'Early learning' door > 'Early Learning' section > 'Telling him a story tonight' > 'What to say when the story ends',short-article,What to say when the story ends,Content page in area 'Telling him a story tonight',0-6 years (all bands),278,1,placeholder,new,lib/screens/post_pregnancy/pp_early_learning_content.dart,"format=SHORT ARTICLE; 1 article blocks, 1 step-lists, 1 card groups; 2 cards, 4 steps"
parenting,Door: Early Learning,My Child tab > 'Current | V3' pill > V3 home > 'Early learning' door > 'Early Learning' section > 'Little bedtime tales' > 'The sleepy little elephant',bedtime/folk story,The sleepy little elephant,Content page in area 'Little bedtime tales' - Little bedtime tales,0-6 years (all bands),248,1,placeholder,new,lib/screens/post_pregnancy/pp_early_learning_content.dart,"format=STORY; 1 article blocks, 1 card groups, 1 video slots, 1 audio slots; 2 cards, 0 steps"
parenting,Door: Early Learning,My Child tab > 'Current | V3' pill > V3 home > 'Early learning' door > 'Early Learning' section > 'Little bedtime tales' > 'Goodnight to everything in the house',bedtime/folk story,Goodnight to everything in the house,Content page in area 'Little bedtime tales' - Little bedtime tales,0-6 years (all bands),225,1,placeholder,new,lib/screens/post_pregnancy/pp_early_learning_content.dart,"format=STORY; 1 article blocks, 1 card groups, 1 audio slots; 2 cards, 0 steps"
parenting,Door: Early Learning,My Child tab > 'Current | V3' pill > V3 home > 'Early learning' door > 'Early Learning' section > 'Little bedtime tales' > 'The moon that followed us home',bedtime/folk story,The moon that followed us home,Content page in area 'Little bedtime tales' - Little bedtime tales,0-6 years (all bands),224,1,placeholder,new,lib/screens/post_pregnancy/pp_early_learning_content.dart,"format=STORY; 1 article blocks, 1 card groups, 1 audio slots; 2 cards, 0 steps"
parenting,Door: Early Learning,My Child tab > 'Current | V3' pill > V3 home > 'Early learning' door > 'Early Learning' section > 'Little bedtime tales' > 'The little sparrow who came home',bedtime/folk story,The little sparrow who came home,Content page in area 'Little bedtime tales' - Little bedtime tales,0-6 years (all bands),239,1,placeholder,new,lib/screens/post_pregnancy/pp_early_learning_content.dart,"format=STORY; 1 article blocks, 1 card groups, 1 audio slots; 2 cards, 0 steps"
parenting,Door: Early Learning,My Child tab > 'Current | V3' pill > V3 home > 'Early learning' door > 'Early Learning' section > 'Little bedtime tales' > 'Moti finds his blanket',bedtime/folk story,Moti finds his blanket,Content page in area 'Little bedtime tales' - Little bedtime tales,0-6 years (all bands),216,1,placeholder,new,lib/screens/post_pregnancy/pp_early_learning_content.dart,"format=STORY; 1 article blocks, 1 card groups, 1 audio slots; 2 cards, 0 steps"
parenting,Door: Early Learning,My Child tab > 'Current | V3' pill > V3 home > 'Early learning' door > 'Early Learning' section > 'Little bedtime tales' > 'The cat who wanted one more story',bedtime/folk story,The cat who wanted one more story,Content page in area 'Little bedtime tales' - Little bedtime tales,0-6 years (all bands),230,1,placeholder,new,lib/screens/post_pregnancy/pp_early_learning_content.dart,"format=STORY; 1 article blocks, 1 card groups, 1 audio slots; 2 cards, 0 steps"
parenting,Door: Early Learning,My Child tab > 'Current | V3' pill > V3 home > 'Early learning' door > 'Early Learning' section > 'Little bedtime tales' > 'The tired little auto',bedtime/folk story,The tired little auto,Content page in area 'Little bedtime tales' - Little bedtime tales,0-6 years (all bands),230,1,placeholder,new,lib/screens/post_pregnancy/pp_early_learning_content.dart,"format=STORY; 1 article blocks, 1 card groups, 1 audio slots; 2 cards, 0 steps"
parenting,Door: Early Learning,My Child tab > 'Current | V3' pill > V3 home > 'Early learning' door > 'Early Learning' section > 'Little bedtime tales' > 'Ten little toes go to sleep',bedtime/folk story,Ten little toes go to sleep,Content page in area 'Little bedtime tales' - Little bedtime tales,0-6 years (all bands),204,1,placeholder,new,lib/screens/post_pregnancy/pp_early_learning_content.dart,"format=STORY; 1 article blocks, 1 card groups, 1 audio slots; 2 cards, 0 steps"
parenting,Door: Early Learning,My Child tab > 'Current | V3' pill > V3 home > 'Early learning' door > 'Early Learning' section > 'Little bedtime tales' > 'The night it rained on the roof',bedtime/folk story,The night it rained on the roof,Content page in area 'Little bedtime tales' - Little bedtime tales,0-6 years (all bands),225,1,placeholder,new,lib/screens/post_pregnancy/pp_early_learning_content.dart,"format=STORY; 1 article blocks, 1 card groups, 1 audio slots; 2 cards, 0 steps"
parenting,Door: Early Learning,My Child tab > 'Current | V3' pill > V3 home > 'Early learning' door > 'Early Learning' section > 'Little bedtime tales' > 'The star that waited',bedtime/folk story,The star that waited,Content page in area 'Little bedtime tales' - Little bedtime tales,0-6 years (all bands),195,1,placeholder,new,lib/screens/post_pregnancy/pp_early_learning_content.dart,"format=STORY; 1 article blocks, 1 card groups, 1 audio slots; 2 cards, 0 steps"
parenting,Door: Early Learning,My Child tab > 'Current | V3' pill > V3 home > 'Early learning' door > 'Early Learning' section > 'Panchatantra stories' > 'The monkey and the crocodile',bedtime/folk story,The monkey and the crocodile,Content page in area 'Panchatantra stories' - Panchatantra,0-6 years (all bands),318,1,placeholder,new,lib/screens/post_pregnancy/pp_early_learning_content.dart,"format=STORY; 1 article blocks, 1 card groups, 1 video slots, 1 audio slots; 2 cards, 0 steps"
parenting,Door: Early Learning,My Child tab > 'Current | V3' pill > V3 home > 'Early learning' door > 'Early Learning' section > 'Panchatantra stories' > 'The lion and the clever rabbit',bedtime/folk story,The lion and the clever rabbit,Content page in area 'Panchatantra stories' - Panchatantra,0-6 years (all bands),246,1,placeholder,new,lib/screens/post_pregnancy/pp_early_learning_content.dart,"format=STORY; 1 article blocks, 1 card groups, 1 audio slots; 2 cards, 0 steps"
parenting,Door: Early Learning,My Child tab > 'Current | V3' pill > V3 home > 'Early learning' door > 'Early Learning' section > 'Panchatantra stories' > 'The blue jackal',bedtime/folk story,The blue jackal,Content page in area 'Panchatantra stories' - Panchatantra,0-6 years (all bands),247,1,placeholder,new,lib/screens/post_pregnancy/pp_early_learning_content.dart,"format=STORY; 1 article blocks, 1 card groups, 1 audio slots; 2 cards, 0 steps"
parenting,Door: Early Learning,My Child tab > 'Current | V3' pill > V3 home > 'Early learning' door > 'Early Learning' section > 'Panchatantra stories' > 'The four friends',bedtime/folk story,The four friends,Content page in area 'Panchatantra stories' - Panchatantra,0-6 years (all bands),277,1,placeholder,new,lib/screens/post_pregnancy/pp_early_learning_content.dart,"format=STORY; 1 article blocks, 1 card groups, 1 audio slots; 2 cards, 0 steps"
parenting,Door: Early Learning,My Child tab > 'Current | V3' pill > V3 home > 'Early learning' door > 'Early Learning' section > 'Panchatantra stories' > 'The talkative tortoise',bedtime/folk story,The talkative tortoise,Content page in area 'Panchatantra stories' - Panchatantra,0-6 years (all bands),243,1,placeholder,new,lib/screens/post_pregnancy/pp_early_learning_content.dart,"format=STORY; 1 article blocks, 1 card groups, 1 audio slots; 2 cards, 0 steps"
parenting,Door: Early Learning,"My Child tab > 'Current | V3' pill > V3 home > 'Early learning' door > 'Early Learning' section > 'Panchatantra stories' > 'The man, the goat and the three tricksters'",bedtime/folk story,"The man, the goat and the three tricksters",Content page in area 'Panchatantra stories' - Panchatantra,0-6 years (all bands),245,1,placeholder,new,lib/screens/post_pregnancy/pp_early_learning_content.dart,"format=STORY; 1 article blocks, 1 card groups, 1 audio slots; 2 cards, 0 steps"
parenting,Door: Early Learning,My Child tab > 'Current | V3' pill > V3 home > 'Early learning' door > 'Early Learning' section > 'Panchatantra stories' > 'The crows and the snake',bedtime/folk story,The crows and the snake,Content page in area 'Panchatantra stories' - Panchatantra,0-6 years (all bands),242,1,placeholder,new,lib/screens/post_pregnancy/pp_early_learning_content.dart,"format=STORY; 1 article blocks, 1 card groups, 1 audio slots; 2 cards, 0 steps"
parenting,Door: Early Learning,My Child tab > 'Current | V3' pill > V3 home > 'Early learning' door > 'Early Learning' section > 'Panchatantra stories' > 'The mice that ate the iron scales',bedtime/folk story,The mice that ate the iron scales,Content page in area 'Panchatantra stories' - Panchatantra,0-6 years (all bands),247,1,placeholder,new,lib/screens/post_pregnancy/pp_early_learning_content.dart,"format=STORY; 1 article blocks, 1 card groups, 1 audio slots; 2 cards, 0 steps"
parenting,Door: Early Learning,My Child tab > 'Current | V3' pill > V3 home > 'Early learning' door > 'Early Learning' section > 'Panchatantra stories' > 'The hare and the elephants',bedtime/folk story,The hare and the elephants,Content page in area 'Panchatantra stories' - Panchatantra,0-6 years (all bands),261,1,placeholder,new,lib/screens/post_pregnancy/pp_early_learning_content.dart,"format=STORY; 1 article blocks, 1 card groups, 1 audio slots; 2 cards, 0 steps"
parenting,Door: Early Learning,My Child tab > 'Current | V3' pill > V3 home > 'Early learning' door > 'Early Learning' section > 'Panchatantra stories' > 'The bird with two heads',bedtime/folk story,The bird with two heads,Content page in area 'Panchatantra stories' - Panchatantra,0-6 years (all bands),225,1,placeholder,new,lib/screens/post_pregnancy/pp_early_learning_content.dart,"format=STORY; 1 article blocks, 1 card groups, 1 audio slots; 2 cards, 0 steps"
parenting,Door: Early Learning,My Child tab > 'Current | V3' pill > V3 home > 'Early learning' door > 'Early Learning' section > 'Panchatantra stories' > 'The donkey in the tiger skin',bedtime/folk story,The donkey in the tiger skin,Content page in area 'Panchatantra stories' - Panchatantra,0-6 years (all bands),234,1,placeholder,new,lib/screens/post_pregnancy/pp_early_learning_content.dart,"format=STORY; 1 article blocks, 1 card groups, 1 audio slots; 2 cards, 0 steps"
parenting,Door: Early Learning,My Child tab > 'Current | V3' pill > V3 home > 'Early learning' door > 'Early Learning' section > 'Panchatantra stories' > 'The three fishes',bedtime/folk story,The three fishes,Content page in area 'Panchatantra stories' - Panchatantra,0-6 years (all bands),239,1,placeholder,new,lib/screens/post_pregnancy/pp_early_learning_content.dart,"format=STORY; 1 article blocks, 1 card groups, 1 audio slots; 2 cards, 0 steps"
parenting,Door: Early Learning,My Child tab > 'Current | V3' pill > V3 home > 'Early learning' door > 'Early Learning' section > 'Jataka tales' > 'The monkey king who made a bridge',bedtime/folk story,The monkey king who made a bridge,Content page in area 'Jataka tales' - Jataka tales,0-6 years (all bands),288,1,placeholder,new,lib/screens/post_pregnancy/pp_early_learning_content.dart,"format=STORY; 1 article blocks, 1 card groups, 1 video slots, 1 audio slots; 2 cards, 0 steps"
parenting,Door: Early Learning,My Child tab > 'Current | V3' pill > V3 home > 'Early learning' door > 'Early Learning' section > 'Jataka tales' > 'The golden deer and the drowning man',bedtime/folk story,The golden deer and the drowning man,Content page in area 'Jataka tales' - Jataka tales,0-6 years (all bands),267,1,placeholder,new,lib/screens/post_pregnancy/pp_early_learning_content.dart,"format=STORY; 1 article blocks, 1 card groups, 1 audio slots; 2 cards, 0 steps"
parenting,Door: Early Learning,My Child tab > 'Current | V3' pill > V3 home > 'Early learning' door > 'Early Learning' section > 'Jataka tales' > 'The little quail and the forest fire',bedtime/folk story,The little quail and the forest fire,Content page in area 'Jataka tales' - Jataka tales,0-6 years (all bands),248,1,placeholder,new,lib/screens/post_pregnancy/pp_early_learning_content.dart,"format=STORY; 1 article blocks, 1 card groups, 1 audio slots; 2 cards, 0 steps"
parenting,Door: Early Learning,My Child tab > 'Current | V3' pill > V3 home > 'Early learning' door > 'Early Learning' section > 'Jataka tales' > 'The deer who took another deer place',bedtime/folk story,The deer who took another deer place,Content page in area 'Jataka tales' - Jataka tales,0-6 years (all bands),275,1,placeholder,new,lib/screens/post_pregnancy/pp_early_learning_content.dart,"format=STORY; 1 article blocks, 1 card groups, 1 audio slots; 2 cards, 0 steps"
parenting,Door: Early Learning,My Child tab > 'Current | V3' pill > V3 home > 'Early learning' door > 'Early Learning' section > 'Jataka tales' > 'The elephant and the dog',bedtime/folk story,The elephant and the dog,Content page in area 'Jataka tales' - Jataka tales,0-6 years (all bands),242,1,placeholder,new,lib/screens/post_pregnancy/pp_early_learning_content.dart,"format=STORY; 1 article blocks, 1 card groups, 1 audio slots; 2 cards, 0 steps"
parenting,Door: Early Learning,My Child tab > 'Current | V3' pill > V3 home > 'Early learning' door > 'Early Learning' section > 'Jataka tales' > 'The ox who would not pull',bedtime/folk story,The ox who would not pull,Content page in area 'Jataka tales' - Jataka tales,0-6 years (all bands),233,1,placeholder,new,lib/screens/post_pregnancy/pp_early_learning_content.dart,"format=STORY; 1 article blocks, 1 card groups, 1 audio slots; 2 cards, 0 steps"
parenting,Door: Early Learning,My Child tab > 'Current | V3' pill > V3 home > 'Early learning' door > 'Early Learning' section > 'Jataka tales' > 'The hare who had nothing to give',bedtime/folk story,The hare who had nothing to give,Content page in area 'Jataka tales' - Jataka tales,0-6 years (all bands),235,1,placeholder,new,lib/screens/post_pregnancy/pp_early_learning_content.dart,"format=STORY; 1 article blocks, 1 card groups, 1 audio slots; 2 cards, 0 steps"
parenting,Door: Early Learning,My Child tab > 'Current | V3' pill > V3 home > 'Early learning' door > 'Early Learning' section > 'Jataka tales' > 'The woodpecker and the lion',bedtime/folk story,The woodpecker and the lion,Content page in area 'Jataka tales' - Jataka tales,0-6 years (all bands),239,1,placeholder,new,lib/screens/post_pregnancy/pp_early_learning_content.dart,"format=STORY; 1 article blocks, 1 card groups, 1 audio slots; 2 cards, 0 steps"
parenting,Door: Early Learning,My Child tab > 'Current | V3' pill > V3 home > 'Early learning' door > 'Early Learning' section > 'Jataka tales' > 'The crane and the crab',bedtime/folk story,The crane and the crab,Content page in area 'Jataka tales' - Jataka tales,0-6 years (all bands),275,1,placeholder,new,lib/screens/post_pregnancy/pp_early_learning_content.dart,"format=STORY; 1 article blocks, 1 card groups, 1 audio slots; 2 cards, 0 steps"
parenting,Door: Early Learning,My Child tab > 'Current | V3' pill > V3 home > 'Early learning' door > 'Early Learning' section > 'Jataka tales' > 'The parrot who stayed with his tree',bedtime/folk story,The parrot who stayed with his tree,Content page in area 'Jataka tales' - Jataka tales,0-6 years (all bands),242,1,placeholder,new,lib/screens/post_pregnancy/pp_early_learning_content.dart,"format=STORY; 1 article blocks, 1 card groups, 1 audio slots; 2 cards, 0 steps"
parenting,Door: Early Learning,My Child tab > 'Current | V3' pill > V3 home > 'Early learning' door > 'Early Learning' section > 'Akbar and Birbal' > 'Make this line shorter',bedtime/folk story,Make this line shorter,Content page in area 'Akbar and Birbal' - Akbar and Birbal,0-6 years (all bands),248,1,placeholder,new,lib/screens/post_pregnancy/pp_early_learning_content.dart,"format=STORY; 1 article blocks, 1 card groups, 1 video slots, 1 audio slots; 2 cards, 0 steps"
parenting,Door: Early Learning,My Child tab > 'Current | V3' pill > V3 home > 'Early learning' door > 'Early Learning' section > 'Akbar and Birbal' > 'How many crows in the kingdom',bedtime/folk story,How many crows in the kingdom,Content page in area 'Akbar and Birbal' - Akbar and Birbal,0-6 years (all bands),172,1,placeholder,new,lib/screens/post_pregnancy/pp_early_learning_content.dart,"format=STORY; 1 article blocks, 1 card groups, 1 audio slots; 2 cards, 0 steps"
parenting,Door: Early Learning,My Child tab > 'Current | V3' pill > V3 home > 'Early learning' door > 'Early Learning' section > 'Akbar and Birbal' > 'The man who sold his well',bedtime/folk story,The man who sold his well,Content page in area 'Akbar and Birbal' - Akbar and Birbal,0-6 years (all bands),219,1,placeholder,new,lib/screens/post_pregnancy/pp_early_learning_content.dart,"format=STORY; 1 article blocks, 1 card groups, 1 audio slots; 2 cards, 0 steps"
parenting,Door: Early Learning,My Child tab > 'Current | V3' pill > V3 home > 'Early learning' door > 'Early Learning' section > 'Akbar and Birbal' > 'The pot that had a baby',bedtime/folk story,The pot that had a baby,Content page in area 'Akbar and Birbal' - Akbar and Birbal,0-6 years (all bands),225,1,placeholder,new,lib/screens/post_pregnancy/pp_early_learning_content.dart,"format=STORY; 1 article blocks, 1 card groups, 1 audio slots; 2 cards, 0 steps"
parenting,Door: Early Learning,My Child tab > 'Current | V3' pill > V3 home > 'Early learning' door > 'Early Learning' section > 'Akbar and Birbal' > 'The khichdi cooked far from the fire',bedtime/folk story,The khichdi cooked far from the fire,Content page in area 'Akbar and Birbal' - Akbar and Birbal,0-6 years (all bands),280,1,placeholder,new,lib/screens/post_pregnancy/pp_early_learning_content.dart,"format=STORY; 1 article blocks, 1 card groups, 1 audio slots; 2 cards, 0 steps"
parenting,Door: Early Learning,My Child tab > 'Current | V3' pill > V3 home > 'Early learning' door > 'Early Learning' section > 'Akbar and Birbal' > 'Birbal and the brinjals',bedtime/folk story,Birbal and the brinjals,Content page in area 'Akbar and Birbal' - Akbar and Birbal,0-6 years (all bands),203,1,placeholder,new,lib/screens/post_pregnancy/pp_early_learning_content.dart,"format=STORY; 1 article blocks, 1 card groups, 1 audio slots; 2 cards, 0 steps"
parenting,Door: Early Learning,My Child tab > 'Current | V3' pill > V3 home > 'Early learning' door > 'Early Learning' section > 'Akbar and Birbal' > 'The most beautiful child',bedtime/folk story,The most beautiful child,Content page in area 'Akbar and Birbal' - Akbar and Birbal,0-6 years (all bands),180,1,placeholder,new,lib/screens/post_pregnancy/pp_early_learning_content.dart,"format=STORY; 1 article blocks, 1 card groups, 1 audio slots; 2 cards, 0 steps"
parenting,Door: Early Learning,My Child tab > 'Current | V3' pill > V3 home > 'Early learning' door > 'Early Learning' section > 'Akbar and Birbal' > 'The parrot that would not die',bedtime/folk story,The parrot that would not die,Content page in area 'Akbar and Birbal' - Akbar and Birbal,0-6 years (all bands),217,1,placeholder,new,lib/screens/post_pregnancy/pp_early_learning_content.dart,"format=STORY; 1 article blocks, 1 card groups, 1 audio slots; 2 cards, 0 steps"
parenting,Door: Early Learning,My Child tab > 'Current | V3' pill > V3 home > 'Early learning' door > 'Early Learning' section > 'Akbar and Birbal' > 'The stick that grew in the night',bedtime/folk story,The stick that grew in the night,Content page in area 'Akbar and Birbal' - Akbar and Birbal,0-6 years (all bands),240,1,placeholder,new,lib/screens/post_pregnancy/pp_early_learning_content.dart,"format=STORY; 1 article blocks, 1 card groups, 1 audio slots; 2 cards, 0 steps"
parenting,Door: Early Learning,My Child tab > 'Current | V3' pill > V3 home > 'Early learning' door > 'Early Learning' section > 'Akbar and Birbal' > 'The barber and the dream',bedtime/folk story,The barber and the dream,Content page in area 'Akbar and Birbal' - Akbar and Birbal,0-6 years (all bands),228,1,placeholder,new,lib/screens/post_pregnancy/pp_early_learning_content.dart,"format=STORY; 1 article blocks, 1 card groups, 1 audio slots; 2 cards, 0 steps"
parenting,Door: Early Learning,My Child tab > 'Current | V3' pill > V3 home > 'Early learning' door > 'Early Learning' section > 'Tenali Rama' > 'The thieves who watered the garden',bedtime/folk story,The thieves who watered the garden,Content page in area 'Tenali Rama' - Tenali Rama,0-6 years (all bands),258,1,placeholder,new,lib/screens/post_pregnancy/pp_early_learning_content.dart,"format=STORY; 1 article blocks, 1 card groups, 1 video slots, 1 audio slots; 2 cards, 0 steps"
parenting,Door: Early Learning,My Child tab > 'Current | V3' pill > V3 home > 'Early learning' door > 'Early Learning' section > 'Tenali Rama' > 'The king cats and the milk',bedtime/folk story,The king cats and the milk,Content page in area 'Tenali Rama' - Tenali Rama,0-6 years (all bands),253,1,placeholder,new,lib/screens/post_pregnancy/pp_early_learning_content.dart,"format=STORY; 1 article blocks, 1 card groups, 1 audio slots; 2 cards, 0 steps"
parenting,Door: Early Learning,My Child tab > 'Current | V3' pill > V3 home > 'Early learning' door > 'Early Learning' section > 'Tenali Rama' > 'The smell of the food and the sound of the coins',bedtime/folk story,The smell of the food and the sound of the coins,Content page in area 'Tenali Rama' - Tenali Rama,0-6 years (all bands),216,1,placeholder,new,lib/screens/post_pregnancy/pp_early_learning_content.dart,"format=STORY; 1 article blocks, 1 card groups, 1 audio slots; 2 cards, 0 steps"
parenting,Door: Early Learning,My Child tab > 'Current | V3' pill > V3 home > 'Early learning' door > 'Early Learning' section > 'Tenali Rama' > 'The painter who painted only half',bedtime/folk story,The painter who painted only half,Content page in area 'Tenali Rama' - Tenali Rama,0-6 years (all bands),211,1,placeholder,new,lib/screens/post_pregnancy/pp_early_learning_content.dart,"format=STORY; 1 article blocks, 1 card groups, 1 audio slots; 2 cards, 0 steps"
parenting,Door: Early Learning,My Child tab > 'Current | V3' pill > V3 home > 'Early learning' door > 'Early Learning' section > 'Tenali Rama' > 'The horse nobody could ride',bedtime/folk story,The horse nobody could ride,Content page in area 'Tenali Rama' - Tenali Rama,0-6 years (all bands),281,1,placeholder,new,lib/screens/post_pregnancy/pp_early_learning_content.dart,"format=STORY; 1 article blocks, 1 card groups, 1 audio slots; 2 cards, 0 steps"
parenting,Door: Early Learning,My Child tab > 'Current | V3' pill > V3 home > 'Early learning' door > 'Early Learning' section > 'Tenali Rama' > 'The three men and the bag of gold',bedtime/folk story,The three men and the bag of gold,Content page in area 'Tenali Rama' - Tenali Rama,0-6 years (all bands),240,1,placeholder,new,lib/screens/post_pregnancy/pp_early_learning_content.dart,"format=STORY; 1 article blocks, 1 card groups, 1 audio slots; 2 cards, 0 steps"
parenting,Door: Early Learning,My Child tab > 'Current | V3' pill > V3 home > 'Early learning' door > 'Early Learning' section > 'Stories from around the world' > 'The lion and the mouse',bedtime/folk story,The lion and the mouse,Content page in area 'Stories from around the world' - Stories from around the world,0-6 years (all bands),248,1,placeholder,new,lib/screens/post_pregnancy/pp_early_learning_content.dart,"format=STORY; 1 article blocks, 1 card groups, 1 video slots, 1 audio slots; 2 cards, 0 steps"
parenting,Door: Early Learning,My Child tab > 'Current | V3' pill > V3 home > 'Early learning' door > 'Early Learning' section > 'Stories from around the world' > 'The boy who cried wolf',bedtime/folk story,The boy who cried wolf,Content page in area 'Stories from around the world' - Stories from around the world,0-6 years (all bands),213,1,placeholder,new,lib/screens/post_pregnancy/pp_early_learning_content.dart,"format=STORY; 1 article blocks, 1 card groups, 1 audio slots; 2 cards, 0 steps"
parenting,Door: Early Learning,My Child tab > 'Current | V3' pill > V3 home > 'Early learning' door > 'Early Learning' section > 'Stories from around the world' > 'The tortoise and the hare',bedtime/folk story,The tortoise and the hare,Content page in area 'Stories from around the world' - Stories from around the world,0-6 years (all bands),213,1,placeholder,new,lib/screens/post_pregnancy/pp_early_learning_content.dart,"format=STORY; 1 article blocks, 1 card groups, 1 audio slots; 2 cards, 0 steps"
parenting,Door: Early Learning,My Child tab > 'Current | V3' pill > V3 home > 'Early learning' door > 'Early Learning' section > 'Stories from around the world' > 'The ant and the grasshopper',bedtime/folk story,The ant and the grasshopper,Content page in area 'Stories from around the world' - Stories from around the world,0-6 years (all bands),205,1,placeholder,new,lib/screens/post_pregnancy/pp_early_learning_content.dart,"format=STORY; 1 article blocks, 1 card groups, 1 audio slots; 2 cards, 0 steps"
parenting,Door: Early Learning,My Child tab > 'Current | V3' pill > V3 home > 'Early learning' door > 'Early Learning' section > 'Stories from around the world' > 'The thirsty crow',bedtime/folk story,The thirsty crow,Content page in area 'Stories from around the world' - Stories from around the world,0-6 years (all bands),237,1,placeholder,new,lib/screens/post_pregnancy/pp_early_learning_content.dart,"format=STORY; 1 article blocks, 1 card groups, 1 audio slots; 2 cards, 0 steps"
parenting,Door: Early Learning,My Child tab > 'Current | V3' pill > V3 home > 'Early learning' door > 'Early Learning' section > 'Stories from around the world' > 'The north wind and the sun',bedtime/folk story,The north wind and the sun,Content page in area 'Stories from around the world' - Stories from around the world,0-6 years (all bands),220,1,placeholder,new,lib/screens/post_pregnancy/pp_early_learning_content.dart,"format=STORY; 1 article blocks, 1 card groups, 1 audio slots; 2 cards, 0 steps"
parenting,Door: Early Learning,My Child tab > 'Current | V3' pill > V3 home > 'Early learning' door > 'Early Learning' section > 'Stories from around the world' > 'Stone soup',bedtime/folk story,Stone soup,Content page in area 'Stories from around the world' - Stories from around the world,0-6 years (all bands),236,1,placeholder,new,lib/screens/post_pregnancy/pp_early_learning_content.dart,"format=STORY; 1 article blocks, 1 card groups, 1 audio slots; 2 cards, 0 steps"
parenting,Door: Early Learning,My Child tab > 'Current | V3' pill > V3 home > 'Early learning' door > 'Early Learning' section > 'Stories from around the world' > 'The bundle of sticks',bedtime/folk story,The bundle of sticks,Content page in area 'Stories from around the world' - Stories from around the world,0-6 years (all bands),213,1,placeholder,new,lib/screens/post_pregnancy/pp_early_learning_content.dart,"format=STORY; 1 article blocks, 1 card groups, 1 audio slots; 2 cards, 0 steps"
parenting,Door: Early Learning,My Child tab > 'Current | V3' pill > V3 home > 'Early learning' door > 'Early Learning' section > 'Stories from around the world' > 'The honest woodcutter',bedtime/folk story,The honest woodcutter,Content page in area 'Stories from around the world' - Stories from around the world,0-6 years (all bands),260,1,placeholder,new,lib/screens/post_pregnancy/pp_early_learning_content.dart,"format=STORY; 1 article blocks, 1 card groups, 1 audio slots; 2 cards, 0 steps"
parenting,Door: Early Learning,My Child tab > 'Current | V3' pill > V3 home > 'Early learning' door > 'Early Learning' section > 'Stories from around the world' > 'The two brothers and the sacks of rice',bedtime/folk story,The two brothers and the sacks of rice,Content page in area 'Stories from around the world' - Stories from around the world,0-6 years (all bands),238,1,placeholder,new,lib/screens/post_pregnancy/pp_early_learning_content.dart,"format=STORY; 1 article blocks, 1 card groups, 1 audio slots; 2 cards, 0 steps"
parenting,Door: Early Learning,My Child tab > 'Current | V3' pill > V3 home > 'Early learning' door > 'Early Learning' section > 'The small habits that make a day easier' > 'Brushing his teeth',article,Brushing his teeth,Content page in area 'The small habits that make a day easier',0-6 years (all bands),428,1,placeholder,new,lib/screens/post_pregnancy/pp_early_learning_content.dart,"format=ARTICLE; 1 article blocks, 1 step-lists, 1 card groups, 2 callouts, 1 video slots; 3 cards, 5 steps"
parenting,Door: Early Learning,My Child tab > 'Current | V3' pill > V3 home > 'Early learning' door > 'Early Learning' section > 'The small habits that make a day easier' > 'Washing his hands',article,Washing his hands,Content page in area 'The small habits that make a day easier',0-6 years (all bands),350,1,placeholder,new,lib/screens/post_pregnancy/pp_early_learning_content.dart,"format=ARTICLE; 1 article blocks, 1 step-lists, 1 card groups, 1 callouts, 1 India notes; 3 cards, 5 steps"
parenting,Door: Early Learning,My Child tab > 'Current | V3' pill > V3 home > 'Early learning' door > 'Early Learning' section > 'The small habits that make a day easier' > 'Please and thank you',article,Please and thank you,Content page in area 'The small habits that make a day easier',0-6 years (all bands),331,1,placeholder,new,lib/screens/post_pregnancy/pp_early_learning_content.dart,"format=ARTICLE; 1 article blocks, 1 step-lists, 1 card groups, 1 callouts; 3 cards, 5 steps"
parenting,Door: Early Learning,My Child tab > 'Current | V3' pill > V3 home > 'Early learning' door > 'Early Learning' section > 'The small habits that make a day easier' > 'Sharing',article,Sharing,Content page in area 'The small habits that make a day easier',0-6 years (all bands),343,1,placeholder,new,lib/screens/post_pregnancy/pp_early_learning_content.dart,"format=ARTICLE; 1 article blocks, 1 step-lists, 1 card groups, 1 callouts, 1 links; 3 cards, 5 steps"
parenting,Door: Early Learning,My Child tab > 'Current | V3' pill > V3 home > 'Early learning' door > 'Early Learning' section > 'The small habits that make a day easier' > 'Putting his toys away',article,Putting his toys away,Content page in area 'The small habits that make a day easier',0-6 years (all bands),332,1,placeholder,new,lib/screens/post_pregnancy/pp_early_learning_content.dart,"format=ARTICLE; 1 article blocks, 1 step-lists, 1 card groups, 1 callouts; 3 cards, 5 steps"
parenting,Door: Early Learning,My Child tab > 'Current | V3' pill > V3 home > 'Early learning' door > 'Early Learning' section > 'The small habits that make a day easier' > 'Eating by himself',article,Eating by himself,Content page in area 'The small habits that make a day easier',0-6 years (all bands),328,1,placeholder,new,lib/screens/post_pregnancy/pp_early_learning_content.dart,"format=ARTICLE; 1 article blocks, 1 step-lists, 1 card groups, 1 callouts, 1 links; 3 cards, 5 steps"
parenting,Door: Early Learning,My Child tab > 'Current | V3' pill > V3 home > 'Early learning' door > 'Early Learning' section > 'The small habits that make a day easier' > 'Drinking enough water',article,Drinking enough water,Content page in area 'The small habits that make a day easier',0-6 years (all bands),315,1,placeholder,new,lib/screens/post_pregnancy/pp_early_learning_content.dart,"format=ARTICLE; 1 article blocks, 1 step-lists, 1 card groups, 2 callouts; 2 cards, 5 steps"
parenting,Door: Early Learning,My Child tab > 'Current | V3' pill > V3 home > 'Early learning' door > 'Early Learning' section > 'The small habits that make a day easier' > 'Going to bed on time',article,Going to bed on time,Content page in area 'The small habits that make a day easier',0-6 years (all bands),317,1,placeholder,new,lib/screens/post_pregnancy/pp_early_learning_content.dart,"format=ARTICLE; 1 article blocks, 1 step-lists, 1 card groups, 1 callouts, 1 links; 3 cards, 5 steps"
parenting,Door: Early Learning,"My Child tab > 'Current | V3' pill > V3 home > 'Early learning' door > 'Early Learning' section > 'The small habits that make a day easier' > 'Greeting people, namaste and hello'",article,"Greeting people, namaste and hello",Content page in area 'The small habits that make a day easier',0-6 years (all bands),344,1,placeholder,new,lib/screens/post_pregnancy/pp_early_learning_content.dart,"format=ARTICLE; 1 article blocks, 1 step-lists, 1 card groups, 1 callouts, 1 India notes; 3 cards, 5 steps"
parenting,Door: Early Learning,My Child tab > 'Current | V3' pill > V3 home > 'Early learning' door > 'Early Learning' section > 'The small habits that make a day easier' > 'Being kind to other people',article,Being kind to other people,Content page in area 'The small habits that make a day easier',0-6 years (all bands),319,1,placeholder,new,lib/screens/post_pregnancy/pp_early_learning_content.dart,"format=ARTICLE; 1 article blocks, 1 step-lists, 1 card groups, 1 callouts, 1 links; 3 cards, 5 steps"
parenting,Door: Early Learning,My Child tab > 'Current | V3' pill > V3 home > 'Early learning' door > 'Early Learning' section > 'The small habits that make a day easier' > 'Waiting for his turn',article,Waiting for his turn,Content page in area 'The small habits that make a day easier',0-6 years (all bands),311,1,placeholder,new,lib/screens/post_pregnancy/pp_early_learning_content.dart,"format=ARTICLE; 1 article blocks, 1 step-lists, 1 card groups, 1 callouts; 3 cards, 5 steps"
parenting,Door: Early Learning,My Child tab > 'Current | V3' pill > V3 home > 'Early learning' door > 'Early Learning' section > 'The small habits that make a day easier' > 'Telling the truth',article,Telling the truth,Content page in area 'The small habits that make a day easier',0-6 years (all bands),358,1,placeholder,new,lib/screens/post_pregnancy/pp_early_learning_content.dart,"format=ARTICLE; 1 article blocks, 1 step-lists, 1 card groups, 1 callouts, 1 links; 3 cards, 5 steps"
parenting,Door: Early Learning,"My Child tab > 'Current | V3' pill > V3 home > 'Early learning' door > 'Early Learning' section > 'The small habits that make a day easier' > 'Screens, as a habit rather than a battle'",article,"Screens, as a habit rather than a battle",Content page in area 'The small habits that make a day easier',0-6 years (all bands),348,1,placeholder,new,lib/screens/post_pregnancy/pp_early_learning_content.dart,"format=ARTICLE; 1 article blocks, 1 step-lists, 1 card groups, 1 callouts, 1 links; 3 cards, 5 steps"
parenting,Door: Early Learning,My Child tab > 'Current | V3' pill > V3 home > 'Early learning' door > 'Early Learning' section > 'The small habits that make a day easier' > 'Looking after himself',article,Looking after himself,Content page in area 'The small habits that make a day easier',0-6 years (all bands),297,1,placeholder,new,lib/screens/post_pregnancy/pp_early_learning_content.dart,"format=ARTICLE; 1 article blocks, 1 step-lists, 1 card groups, 1 callouts; 3 cards, 5 steps"
parenting,Door: Early Learning,My Child tab > 'Current | V3' pill > V3 home > 'Early learning' door > 'Early Learning' section > 'The small habits that make a day easier' > 'Helping at home',article,Helping at home,Content page in area 'The small habits that make a day easier',0-6 years (all bands),306,1,placeholder,new,lib/screens/post_pregnancy/pp_early_learning_content.dart,"format=ARTICLE; 1 article blocks, 1 step-lists, 1 card groups, 1 callouts, 1 links; 3 cards, 5 steps"
parenting,Door: Early Learning,"My Child tab > 'Current | V3' pill > V3 home > 'Early learning' door > 'Early Learning' section > 'Getting ready to read, write and count' > 'What comes before writing'",article,What comes before writing,"Content page in area 'Getting ready to read, write and count'",0-6 years (all bands),436,1,placeholder,new,lib/screens/post_pregnancy/pp_early_learning_content.dart,"format=ARTICLE; 1 article blocks, 1 step-lists, 1 card groups, 1 callouts, 1 video slots, 2 links; 3 cards, 5 steps"
parenting,Door: Early Learning,"My Child tab > 'Current | V3' pill > V3 home > 'Early learning' door > 'Early Learning' section > 'Getting ready to read, write and count' > 'First numbers, without a single worksheet'",article,"First numbers, without a single worksheet","Content page in area 'Getting ready to read, write and count'",0-6 years (all bands),333,1,placeholder,new,lib/screens/post_pregnancy/pp_early_learning_content.dart,"format=ARTICLE; 1 article blocks, 1 step-lists, 1 card groups, 1 callouts, 2 links; 3 cards, 5 steps"
parenting,Door: Early Learning,"My Child tab > 'Current | V3' pill > V3 home > 'Early learning' door > 'Early Learning' section > 'Getting ready to read, write and count' > 'Getting ready to read'",article,Getting ready to read,"Content page in area 'Getting ready to read, write and count'",0-6 years (all bands),392,1,placeholder,new,lib/screens/post_pregnancy/pp_early_learning_content.dart,"format=ARTICLE; 1 article blocks, 1 step-lists, 1 card groups, 2 callouts, 1 links; 3 cards, 5 steps"
parenting,Door: Early Learning,"My Child tab > 'Current | V3' pill > V3 home > 'Early learning' door > 'Early Learning' section > 'Getting ready to read, write and count' > 'Colours, shapes and sorting'",article,"Colours, shapes and sorting","Content page in area 'Getting ready to read, write and count'",0-6 years (all bands),291,1,placeholder,new,lib/screens/post_pregnancy/pp_early_learning_content.dart,"format=ARTICLE; 1 article blocks, 1 step-lists, 1 card groups, 1 callouts, 2 links; 2 cards, 5 steps"
parenting,Door: Early Learning,My Child tab > 'Current | V3' pill > V3 home > 'Early learning' door > 'Early Learning' section > 'Getting ready for school' > 'What school readiness actually means',article,What school readiness actually means,Content page in area 'Getting ready for school',0-6 years (all bands),394,1,placeholder,new,lib/screens/post_pregnancy/pp_early_learning_content.dart,"format=ARTICLE; 1 article blocks, 1 card groups, 1 callouts, 1 India notes, 1 video slots; 6 cards, 0 steps"
parenting,Door: Early Learning,My Child tab > 'Current | V3' pill > V3 home > 'Early learning' door > 'Early Learning' section > 'Getting ready for school' > 'The readiness checklist',checklist,The readiness checklist,Content page in area 'Getting ready for school',0-6 years (all bands),393,1,placeholder,new,lib/screens/post_pregnancy/pp_early_learning_content.dart,"format=CHECKLIST; 1 step-lists, 1 tables, 2 callouts, 1 links; 0 cards, 5 steps"
parenting,Door: Early Learning,My Child tab > 'Current | V3' pill > V3 home > 'Early learning' door > 'Early Learning' section > 'Getting ready for school' > 'Choosing a preschool',article,Choosing a preschool,Content page in area 'Getting ready for school',0-6 years (all bands),463,1,placeholder,new,lib/screens/post_pregnancy/pp_early_learning_content.dart,"format=ARTICLE; 1 article blocks, 1 step-lists, 1 card groups, 1 callouts, 1 India notes; 6 cards, 5 steps"
parenting,Door: Early Learning,My Child tab > 'Current | V3' pill > V3 home > 'Early learning' door > 'Early Learning' section > 'Getting ready for school' > 'The crying at the gate',step-list,The crying at the gate,Content page in area 'Getting ready for school',0-6 years (all bands),466,1,placeholder,new,lib/screens/post_pregnancy/pp_early_learning_content.dart,"format=STEP-LIST; 1 article blocks, 1 step-lists, 1 card groups, 2 callouts, 1 links; 4 cards, 7 steps"
parenting,Door: Early Learning,My Child tab > 'Current | V3' pill > V3 home > 'Early learning' door > 'Early Learning' section > 'Getting ready for school' > 'What comes after preschool',short-article,What comes after preschool,Content page in area 'Getting ready for school',4-6 years,333,1,placeholder,new,lib/screens/post_pregnancy/pp_early_learning_content.dart,"format=SHORT ARTICLE; 1 article blocks, 1 card groups, 1 callouts, 2 links, 1 consult CTAs; 5 cards, 0 steps"
parenting,V3 home (bracket grid),My Child tab > 'Current | V3' pill > V3 home > 11 door tiles,door label + title (bilingual),11 parenting brackets,Tile label/title on the grid home,all parenting,699,11,placeholder,new,lib/data/brackets/parenting_brackets.dart,"Sleep, Feeding, Health & illness, Development, Behaviour & psychology, Potty training, Early learning, The first 40 days, Your own recovery, Buying guides, Traditional & cultural. Existing Hindi pairs (_t) stay."
parenting,V3 home (bracket grid),My Child tab > 'Current | V3' pill > V3 home > door > problem hub,hub door copy (label + blurb),18 HubNeed doors,"The ""what do you need"" doors inside each bracket hub",all parenting,357,18,placeholder,new,lib/data/hubs/parenting_hubs.dart,"11 HubConfig hubs; e.g. ""Help my child sleep"", ""Solve a feeding problem"", ""My child is unwell"", ""Is my child ready?"""
parenting,V3 home (bracket grid),My Child tab > 'Current | V3' pill > V3 home > door > problem hub > closing consult door,consult door copy,7 HubClosing consult doors,"""Talk to a ... expert"" closing door per hub",all parenting,173,7,placeholder,new,lib/data/hubs/parenting_hubs.dart,"Sleep expert, Lactation expert, Development expert, Child psychologist, Pediatrician (potty), Early learning expert, Maternal mental health"
parenting,Current home (My Child),My Child tab (Current home = MyChildScreen),home section copy,"10 home sections: hero (photo/name/age + leap bar + growth), Today's parenting tip, What <age> looks like, How <child> is doing, What <child> is preparing for next, Products for this phase, About this phase (FAQs), Moments worth keeping (Journal), Videos for this phase, Reads for this phase, Timelines",Section eyebrows/titles/empty states on the default home,all parenting,0,11,placeholder,old,lib/screens/post_pregnancy/my_child_screen.dart,"Copy is structural; content comes from the data files inventoried elsewhere. ""old"" = shipping default; V3 is the experiment"
parenting,Daily tips,My Child tab (Current home = MyChildScreen) > Today's parenting tip (also V3 daily card),daily tip,14 DailyTip,One rotating tip a day,0-12 months (mostly 3-6 mo),812,14,placeholder,both/shared,lib/screens/post_pregnancy/pp_daily_tips.dart,e.g. Narrate the ordinary; Pause before you rush in; End tummy time happy. 14 tips = 2 weeks before repeat - more needed for a year
parenting,"Phases (""His journey"" birth-to-5)",My Child tab (Current home = MyChildScreen) > hero phase label > PhaseMapScreen > PhaseDetailScreen,phase definition,20 AgePhase,"Name, tagline, summary, per-domain expectations for each phase birth-to-5","per phase, birth to 5 years",3839,20,placeholder,both/shared,lib/screens/post_pregnancy/pp_phases_data.dart,"e.g. The fourth trimester; The peak, and the first smile; Getting ready for school. Cites AAP checkpoints in copy. Also drives ""What <age> looks like"" on home"
parenting,"Phases (""His journey"" birth-to-5)",My Child tab (Current home = MyChildScreen) > About this phase / PhaseDetailScreen,faq,28 PhaseFaq (6 universal + 22 by phase),Questions parents ask per phase,per phase,1320,28,placeholder,both/shared,lib/screens/post_pregnancy/pp_phase_faqs.dart,
parenting,Leaps / Wonder Weeks,My Child tab (Current home = MyChildScreen) > hero leap bar > LeapCalendarScreen > LeapDefinitionScreen (also pp_leaps surface),leap-definition,10 Leap,"Name, tagline, summary, signs, new skills, tips per leap",leap 1 (wk 5) to leap 10 (wk 75),2187,10,placeholder,both/shared,lib/screens/post_pregnancy/pp_leaps_data.dart,Wonder Weeks-derived copy (The World of Sensations ... Systems). IP/attribution check needed before commissioning
parenting,FAQ library,My Child > About this phase / Ask Veda suggestions (pp_faq_data),faq,16 PpFaq,"Evergreen parenting FAQs (sleep, feeding, growth, development)",all parenting,1816,16,placeholder,unsure,lib/screens/post_pregnancy/pp_faq_data.dart,Call site not verified in this pass
parenting,Tools hub,Tools tab (ToolsHubScreen),tool tile copy,"6 live tiles (Growth journey, Vaccination schedule, Baby names, Feeding journey, Sleep journey, Milestone journey) + 5 commented-out tiles",Tile title + one-line subtitle,all parenting,60,6,placeholder,new,lib/screens/post_pregnancy/tools_hub_screen.dart,"Commented tiles kept for revert: His Leap Window, Launches, Compare products, Baby name finder (V1 direct), Development journey, Due date & ovulation"
parenting,Explore drawer,My Child > hamburger > Explore,drawer row copy,22 live rows + 11 retired rows,Row title + one-line description,all parenting,200,22,placeholder,both/shared,lib/screens/post_pregnancy/explore_drawer.dart,"Retired rows (kept for revert): My Child, Guided journeys, His journey, Skill Development x2, Health Guide, Health (V1 direct), Food, Recipes (old), Recommendations (old), READ (old), Courses & Masterclasses (old), Masterclasses, Cohort Courses, Guides & Tools, Courses"
parenting,Family profile / personalisation,Explore > Personalize ParentVeda experience (FamilyProfileScreen) + FamilyIntelligenceOnboarding,onboarding copy,Progressive-profiling flow (~90 seconds),"Intro, prompts and completion copy",all parenting,471,1,placeholder,both/shared,lib/screens/post_pregnancy/family_intelligence_onboarding.dart,
parenting,Astrology & Numerology,Explore > Astrology & Numerology,astrology reading,"Demo reading (Pisces, Moon in Taurus, life-path 3; born 8 Mar 2026 New Delhi)","Optional cultural reading, refreshed monthly",all parenting,188,1,placeholder,unsure,lib/screens/post_pregnancy/astrology_screen.dart,"Labelled ""AI-generated ... for cultural interest"". Needs a real generator or 12 sun-sign x 9 life-path copy sets if kept"
parenting,Investments & Savings,Explore > Investments & Savings,micro-lesson,"6 two-minute lessons (""What is an SIP, really?"" etc.; ""2 of 6 done"")",Plain-language finance lessons + vetted instruments,parents,305,6,coming-soon,unsure,lib/screens/post_pregnancy/investments_screen.dart,"Lessons and instrument ""how it works"" pages tap to ""coming soon""; referral-fee disclosure present"
parenting,Ask Veda,My Child > 'Ask Veda anything else' / Ask FAB > AskVedaScreen,disclaimer,"Stage disclaimer ""general guidance for your child's stage - confirm anything important with your paediatrician""",Clinical disclaimer,all parenting,30,1,real,both/shared,lib/screens/post_pregnancy/askveda_screen.dart,"Product copy, keep"
parenting,Watch,Explore > Watch (WatchHomeScreen) > Deep Learn > WatchPlayerScreen,"video script + ""why watch"" blurb",Why your baby's sleep changes at 4 months,"deep video, Sleep",3-6 mo,45,1,placeholder,both/shared,lib/screens/post_pregnancy/pp_watch_data.dart,Only a ~40-word 'why' blurb exists; full script/outline needed. presenter=Dr. Ananya Rao (Paediatrician)
parenting,Watch,Explore > Watch (WatchHomeScreen) > Deep Learn > WatchPlayerScreen,"video script + ""why watch"" blurb",Inside the 4-month shift: the world of events,"deep video, Brain Development",3-6 mo,45,1,placeholder,both/shared,lib/screens/post_pregnancy/pp_watch_data.dart,Only a ~40-word 'why' blurb exists; full script/outline needed. presenter=Dr. Ananya Rao (Paediatrician)
parenting,Watch,Explore > Watch (WatchHomeScreen) > Deep Learn > WatchPlayerScreen,"video script + ""why watch"" blurb","Starting solids, calmly","deep video, Nutrition",6-12 mo,45,1,placeholder,both/shared,lib/screens/post_pregnancy/pp_watch_data.dart,Only a ~40-word 'why' blurb exists; full script/outline needed. presenter=Dr. Neha Sharma (Paediatrician)
parenting,Watch,Explore > Watch (WatchHomeScreen) > Deep Learn > WatchPlayerScreen,"video script + ""why watch"" blurb",Tummy time that doesn't end in tears,"deep video, Activities",3-6 mo,45,1,placeholder,both/shared,lib/screens/post_pregnancy/pp_watch_data.dart,Only a ~40-word 'why' blurb exists; full script/outline needed. presenter=Dr. Meher Shah (Paediatric sleep/physio)
parenting,Watch,Explore > Watch (WatchHomeScreen) > Deep Learn > WatchPlayerScreen,"video script + ""why watch"" blurb","The 4-month vaccines, explained","deep video, Doctor Talks",3-6 mo,45,1,placeholder,both/shared,lib/screens/post_pregnancy/pp_watch_data.dart,Only a ~40-word 'why' blurb exists; full script/outline needed. presenter=Dr. Neha Sharma (Paediatrician)
parenting,Watch,Explore > Watch (WatchHomeScreen) > Deep Learn > WatchPlayerScreen,"video script + ""why watch"" blurb",From coos to first words,"deep video, Language",3-6 mo,45,1,placeholder,both/shared,lib/screens/post_pregnancy/pp_watch_data.dart,Only a ~40-word 'why' blurb exists; full script/outline needed. presenter=Dr. Kabir Sen (Child psychologist)
parenting,Watch,Explore > Watch (WatchHomeScreen) > Deep Learn > WatchPlayerScreen,"video script + ""why watch"" blurb","Fever, without the panic","deep video, Health",0-12 mo,45,1,placeholder,both/shared,lib/screens/post_pregnancy/pp_watch_data.dart,Only a ~40-word 'why' blurb exists; full script/outline needed. presenter=Dr. Neha Sharma (Paediatrician)
parenting,Watch,Explore > Watch (WatchHomeScreen) > Deep Learn > WatchPlayerScreen,"video script + ""why watch"" blurb","Five minutes for you, too","deep video, Mental Wellness",All stages,45,1,placeholder,both/shared,lib/screens/post_pregnancy/pp_watch_data.dart,Only a ~40-word 'why' blurb exists; full script/outline needed. presenter=Meera Iyer (Child-safety educator)
parenting,Watch,Explore > Watch (WatchHomeScreen) > Deep Learn > WatchPlayerScreen,"video script + ""why watch"" blurb",Priya's fourth month,"deep video, Parent Stories",3-6 mo,45,1,placeholder,both/shared,lib/screens/post_pregnancy/pp_watch_data.dart,Only a ~40-word 'why' blurb exists; full script/outline needed. presenter=Ritu Malhotra (Paediatric nutritionist)
parenting,Watch,Explore > Watch (WatchHomeScreen) > Quick Learn toggle > QuickLearnScreen (vertical shorts feed),"video script + ""why watch"" blurb",A 30-second tummy-time trick,"quick video, Activities",3-6 mo,45,1,placeholder,both/shared,lib/screens/post_pregnancy/pp_watch_data.dart,Only a ~40-word 'why' blurb exists; full script/outline needed. presenter=Dr. Meher Shah (Paediatric sleep/physio)
parenting,Watch,Explore > Watch (WatchHomeScreen) > Quick Learn toggle > QuickLearnScreen (vertical shorts feed),"video script + ""why watch"" blurb",Why white noise works,"quick video, Sleep",0-6 mo,45,1,placeholder,both/shared,lib/screens/post_pregnancy/pp_watch_data.dart,Only a ~40-word 'why' blurb exists; full script/outline needed. presenter=Dr. Ananya Rao (Paediatrician)
parenting,Watch,Explore > Watch (WatchHomeScreen) > Quick Learn toggle > QuickLearnScreen (vertical shorts feed),"video script + ""why watch"" blurb",Three iron-rich first foods,"quick video, Nutrition",6-12 mo,45,1,placeholder,both/shared,lib/screens/post_pregnancy/pp_watch_data.dart,Only a ~40-word 'why' blurb exists; full script/outline needed. presenter=Dr. Neha Sharma (Paediatrician)
parenting,Watch,Explore > Watch (WatchHomeScreen) > Quick Learn toggle > QuickLearnScreen (vertical shorts feed),"video script + ""why watch"" blurb",The calm-down hold,"quick video, Behaviour",0-12 mo,45,1,placeholder,both/shared,lib/screens/post_pregnancy/pp_watch_data.dart,Only a ~40-word 'why' blurb exists; full script/outline needed. presenter=Dr. Meher Shah (Paediatric sleep/physio)
parenting,Watch,Explore > Watch (WatchHomeScreen) > Quick Learn toggle > QuickLearnScreen (vertical shorts feed),"video script + ""why watch"" blurb",Narrate your day,"quick video, Language",3-6 mo,45,1,placeholder,both/shared,lib/screens/post_pregnancy/pp_watch_data.dart,Only a ~40-word 'why' blurb exists; full script/outline needed. presenter=Dr. Kabir Sen (Child psychologist)
parenting,Watch,Explore > Watch (WatchHomeScreen) > Quick Learn toggle > QuickLearnScreen (vertical shorts feed),"video script + ""why watch"" blurb",High-contrast play,"quick video, Play",0-6 mo,45,1,placeholder,both/shared,lib/screens/post_pregnancy/pp_watch_data.dart,Only a ~40-word 'why' blurb exists; full script/outline needed. presenter=Dr. Kabir Sen (Child psychologist)
parenting,Watch,Explore > Watch (WatchHomeScreen) > Quick Learn toggle > QuickLearnScreen (vertical shorts feed),"video script + ""why watch"" blurb",A breath for you,"quick video, Mental Wellness",All stages,45,1,placeholder,both/shared,lib/screens/post_pregnancy/pp_watch_data.dart,Only a ~40-word 'why' blurb exists; full script/outline needed. presenter=Meera Iyer (Child-safety educator)
parenting,Watch,Explore > Watch (WatchHomeScreen) > Quick Learn toggle > QuickLearnScreen (vertical shorts feed),"video script + ""why watch"" blurb",The upright burping hold,"quick video, Health",0-6 mo,45,1,placeholder,both/shared,lib/screens/post_pregnancy/pp_watch_data.dart,Only a ~40-word 'why' blurb exists; full script/outline needed. presenter=Dr. Neha Sharma (Paediatrician)
parenting,Watch,Explore > Watch (WatchHomeScreen) > Quick Learn toggle > QuickLearnScreen (vertical shorts feed),"video script + ""why watch"" blurb",A 60-second leg massage,"quick video, Activities",0-12 mo,45,1,placeholder,both/shared,lib/screens/post_pregnancy/pp_watch_data.dart,Only a ~40-word 'why' blurb exists; full script/outline needed. presenter=Dr. Meher Shah (Paediatric sleep/physio)
parenting,Watch,Explore > Watch (WatchHomeScreen) > Quick Learn toggle > QuickLearnScreen (vertical shorts feed),"video script + ""why watch"" blurb",Why singing beats talking,"quick video, Language",3-6 mo,45,1,placeholder,both/shared,lib/screens/post_pregnancy/pp_watch_data.dart,Only a ~40-word 'why' blurb exists; full script/outline needed. presenter=Dr. Kabir Sen (Child psychologist)
parenting,Watch,Explore > Watch (WatchHomeScreen) > Quick Learn toggle > QuickLearnScreen (vertical shorts feed),"video script + ""why watch"" blurb",Spotting the first tired cue,"quick video, Sleep",0-6 mo,45,1,placeholder,both/shared,lib/screens/post_pregnancy/pp_watch_data.dart,Only a ~40-word 'why' blurb exists; full script/outline needed. presenter=Dr. Ananya Rao (Paediatrician)
parenting,Watch,Explore > Watch (WatchHomeScreen) > Quick Learn toggle > QuickLearnScreen (vertical shorts feed),"video script + ""why watch"" blurb","One drawer, one weekend","quick video, Health",6-12 mo,45,1,placeholder,both/shared,lib/screens/post_pregnancy/pp_watch_data.dart,Only a ~40-word 'why' blurb exists; full script/outline needed. presenter=Meera Iyer (Child-safety educator)
parenting,Watch,Explore > Watch (WatchHomeScreen) > Podcasts rail,podcast episode outline,The truth about baby sleep,Long-form audio episode,0-12 mo,35,1,placeholder,both/shared,lib/screens/post_pregnancy/pp_watch_data.dart,~35-word blurb only; presenter=Dr. Ananya Rao (Paediatrician)
parenting,Watch,Explore > Watch (WatchHomeScreen) > Podcasts rail,podcast episode outline,Inside the fussy leaps,Long-form audio episode,3-12 mo,35,1,placeholder,both/shared,lib/screens/post_pregnancy/pp_watch_data.dart,~35-word blurb only; presenter=Dr. Kabir Sen (Child psychologist)
parenting,Watch,Explore > Watch (WatchHomeScreen) > Podcasts rail,podcast episode outline,Feeding without the fear,Long-form audio episode,6-12 mo,35,1,placeholder,both/shared,lib/screens/post_pregnancy/pp_watch_data.dart,~35-word blurb only; presenter=Dr. Neha Sharma (Paediatrician)
parenting,Watch,Explore > Watch (WatchHomeScreen) > Podcasts rail,podcast episode outline,The crying conversation,Long-form audio episode,0-12 mo,35,1,placeholder,both/shared,lib/screens/post_pregnancy/pp_watch_data.dart,~35-word blurb only; presenter=Dr. Meher Shah (Paediatric sleep/physio)
parenting,Watch,Explore > Watch (WatchHomeScreen) > Podcasts rail,podcast episode outline,"The fourth trimester, for you",Long-form audio episode,All stages,35,1,placeholder,both/shared,lib/screens/post_pregnancy/pp_watch_data.dart,~35-word blurb only; presenter=Meera Iyer (Child-safety educator)
parenting,Watch,Explore > Watch (WatchHomeScreen) > Collections,collection title + subtitle,"5 WatchCollection (First Year Essentials, Understanding Sleep, Starting Solids, Brain Development, Speech & Language)",Curated playlists,all parenting,81,5,placeholder,both/shared,lib/screens/post_pregnancy/pp_watch_data.dart,
parenting,Watch,Explore > Watch (WatchHomeScreen) > expert avatar > WatchChannelScreen,channel course promo,"6 ChannelCourse (Gentle Sleep Foundations, Understanding fussy stretches, Starting Solids Calmly, The Soothing Toolkit, Room-by-Room Baby-Proofing, Indian-First Weaning)",Course card on each expert channel,all parenting,183,6,placeholder,both/shared,lib/screens/post_pregnancy/pp_channels_data.dart,"Falls back to ""New content coming soon"" when a channel has none"
parenting,Read,"Explore > Read (ReadExploreScreen, new) / pp_read surface -> ReadingHomeScreen (old) > ReadingReaderScreen",read (research),Why your baby's sleep changes at 4 months,"Premium reader article, collection=sleep, 6 min read, 4 sections",3-6 mo,381,1,placeholder,both/shared,lib/screens/post_pregnancy/pp_reading_data.dart,"Byline 'Dr. Ananya Rao, Paediatrician' is a fictional placeholder expert; stated 6 min vs 381 words actually present -> body is a stub for most. Needs full article + real author"
parenting,Read,"Explore > Read (ReadExploreScreen, new) / pp_read surface -> ReadingHomeScreen (old) > ReadingReaderScreen",read (article),"Phase 4, decoded: what the fussiness means","Premium reader article, collection=brain, 5 min read, 3 sections",3-6 mo,256,1,placeholder,both/shared,lib/screens/post_pregnancy/pp_reading_data.dart,Byline 'Dr. Ananya Rao' is a fictional placeholder expert; stated 5 min vs 256 words actually present -> body is a stub for most. Needs full article + real author
parenting,Read,"Explore > Read (ReadExploreScreen, new) / pp_read surface -> ReadingHomeScreen (old) > ReadingReaderScreen",read (article),Starting solids without the stress,"Premium reader article, collection=feeding, 6 min read, 3 sections",6+ mo,278,1,placeholder,both/shared,lib/screens/post_pregnancy/pp_reading_data.dart,Byline 'Dr. Neha Sharma' is a fictional placeholder expert; stated 6 min vs 278 words actually present -> body is a stub for most. Needs full article + real author
parenting,Read,"Explore > Read (ReadExploreScreen, new) / pp_read surface -> ReadingHomeScreen (old) > ReadingReaderScreen",read (bookSummary),Big feelings in a small body,"Premium reader article, collection=behaviour, 5 min read, 3 sections",1-3 yr,252,1,placeholder,both/shared,lib/screens/post_pregnancy/pp_reading_data.dart,"Byline 'Dr. Tara Joshi, Child Psychologist' is a fictional placeholder expert; stated 5 min vs 252 words actually present -> body is a stub for most. Needs full article + real author"
parenting,Read,"Explore > Read (ReadExploreScreen, new) / pp_read surface -> ReadingHomeScreen (old) > ReadingReaderScreen",read (research),"Fever, without the fear","Premium reader article, collection=health, 5 min read, 3 sections",0-12 mo,268,1,placeholder,both/shared,lib/screens/post_pregnancy/pp_reading_data.dart,Byline 'Dr. Neha Sharma' is a fictional placeholder expert; stated 5 min vs 268 words actually present -> body is a stub for most. Needs full article + real author
parenting,Read,"Explore > Read (ReadExploreScreen, new) / pp_read surface -> ReadingHomeScreen (old) > ReadingReaderScreen",read (article),Talking to your baby before they can talk,"Premium reader article, collection=play, 4 min read, 3 sections",3-12 mo,209,1,placeholder,both/shared,lib/screens/post_pregnancy/pp_reading_data.dart,"Byline 'Dr. Kabir Menon, Speech & Language' is a fictional placeholder expert; stated 4 min vs 209 words actually present -> body is a stub for most. Needs full article + real author"
parenting,Read,"Explore > Read (ReadExploreScreen, new) / pp_read surface -> ReadingHomeScreen (old) > ReadingReaderScreen",read (article),The quiet case for tummy time,"Premium reader article, collection=play, 3 min read, 3 sections",0-6 mo,212,1,placeholder,both/shared,lib/screens/post_pregnancy/pp_reading_data.dart,"Byline 'Dr. Meher Shah, Paediatric Physio' is a fictional placeholder expert; stated 3 min vs 212 words actually present -> body is a stub for most. Needs full article + real author"
parenting,Read,"Explore > Read (ReadExploreScreen, new) / pp_read surface -> ReadingHomeScreen (old) > ReadingReaderScreen",read (article),Drowsy but awake: the hardest skill,"Premium reader article, collection=sleep, 4 min read, 3 sections",3-6 mo,232,1,placeholder,both/shared,lib/screens/post_pregnancy/pp_reading_data.dart,Byline 'Dr. Meher Shah' is a fictional placeholder expert; stated 4 min vs 232 words actually present -> body is a stub for most. Needs full article + real author
parenting,Read,"Explore > Read (ReadExploreScreen, new) / pp_read surface -> ReadingHomeScreen (old) > ReadingReaderScreen",read (bookSummary),Matrescence: the birth of a mother,"Premium reader article, collection=parent, 5 min read, 3 sections",mother,267,1,placeholder,both/shared,lib/screens/post_pregnancy/pp_reading_data.dart,"Byline 'Dr. Tara Joshi, Perinatal Mental Health' is a fictional placeholder expert; stated 5 min vs 267 words actually present -> body is a stub for most. Needs full article + real author"
parenting,Read,"Explore > Read (ReadExploreScreen, new) / pp_read surface -> ReadingHomeScreen (old) > ReadingReaderScreen",read (article),C-section recovery: the full picture,"Premium reader article, collection=parent, 9 min read, 13 sections",mother (post C-section),1580,1,placeholder,both/shared,lib/screens/post_pregnancy/pp_reading_data.dart,"Byline 'Dr. Anjali Verma, Obstetrician' is a fictional placeholder expert; stated 9 min vs 1580 words actually present -> body is a stub for most. Needs full article + real author"
parenting,Read,"Explore > Read (ReadExploreScreen, new) / pp_read surface -> ReadingHomeScreen (old) > ReadingReaderScreen > Collections",collection title + subtitle,"7 ReadCollection (Understanding Sleep, Brain Development, Feeding & Nutrition, Behaviour & Emotions, Health & Illness, Play & Language, The Parent, Too)",Topic playlists,all parenting,78,7,placeholder,both/shared,lib/screens/post_pregnancy/pp_reading_data.dart,Only 1-2 articles per collection today
parenting,Read (old articles list),"NameDetailScreen > ArticleArchiveScreen (old) ; ArticleReaderScreen (old, food screens + retired home)",article stub,6 Article (titles + author + read-min only),Old article archive; bodies not in data,3-6 mo,60,6,placeholder,old,lib/screens/post_pregnancy/pp_articles_data.dart,"Superseded by pp_reading_data; keep or retire. ""Coming soon"" snackbars on the old reader/archive"
parenting,Courses & Masterclasses,"Explore > Courses & Masterclasses (CoursesExploreScreen, new) ; pp_courses surface -> LearningHomeScreen (older merged) > LearningDetailScreen",course/masterclass description,The Complete Parenting Guide,"recordedCourse: about, topics, takeaways, cover lines",per program (mostly 0-12 mo),100,1,placeholder,both/shared,lib/screens/post_pregnancy/pp_learning_data.dart,"instructor=Dr. Ananya Rao (Paediatrician); price=₹4,999"
parenting,Courses & Masterclasses,"Explore > Courses & Masterclasses (CoursesExploreScreen, new) ; pp_courses surface -> LearningHomeScreen (older merged) > LearningDetailScreen",course/masterclass description,"The 4-Month Sleep Regression, Solved","masterclass: about, topics, takeaways, cover lines",per program (mostly 0-12 mo),173,1,placeholder,both/shared,lib/screens/post_pregnancy/pp_learning_data.dart,"instructor=Dr. Ananya Rao (Paediatrician); price=₹1,499"
parenting,Courses & Masterclasses,"Explore > Courses & Masterclasses (CoursesExploreScreen, new) ; pp_courses surface -> LearningHomeScreen (older merged) > LearningDetailScreen",course/masterclass description,Sleep Bootcamp,"liveCohort: about, topics, takeaways, cover lines",per program (mostly 0-12 mo),157,1,placeholder,both/shared,lib/screens/post_pregnancy/pp_learning_data.dart,"instructor=Dr. Meher Shah (Paediatric sleep/physio); price=₹8,999"
parenting,Courses & Masterclasses,"Explore > Courses & Masterclasses (CoursesExploreScreen, new) ; pp_courses surface -> LearningHomeScreen (older merged) > LearningDetailScreen",course/masterclass description,Confident Weaning,"liveCohort: about, topics, takeaways, cover lines",per program (mostly 0-12 mo),55,1,placeholder,both/shared,lib/screens/post_pregnancy/pp_learning_data.dart,"instructor=Ritu Malhotra (Paediatric nutritionist); price=₹12,999"
parenting,Courses & Masterclasses,"Explore > Courses & Masterclasses (CoursesExploreScreen, new) ; pp_courses surface -> LearningHomeScreen (older merged) > LearningDetailScreen",course/masterclass description,"Calm Parent, Calm Baby","liveCohort: about, topics, takeaways, cover lines",per program (mostly 0-12 mo),53,1,placeholder,both/shared,lib/screens/post_pregnancy/pp_learning_data.dart,"instructor=Dr. Kabir Sen (Child psychologist); price=₹24,999"
parenting,Courses & Masterclasses,"Explore > Courses & Masterclasses (CoursesExploreScreen, new) ; pp_courses surface -> LearningHomeScreen (older merged) > LearningDetailScreen",course/masterclass description,Gentle Nights - July cohort,"liveCohort: about, topics, takeaways, cover lines",per program (mostly 0-12 mo),53,1,placeholder,both/shared,lib/screens/post_pregnancy/pp_learning_data.dart,"instructor=Dr. Meher Shah (Paediatric sleep/physio); price=₹8,999"
parenting,Courses & Masterclasses,"Explore > Courses & Masterclasses (CoursesExploreScreen, new) ; pp_courses surface -> LearningHomeScreen (older merged) > LearningDetailScreen",course/masterclass description,Starting solids without the stress,"masterclass: about, topics, takeaways, cover lines",per program (mostly 0-12 mo),71,1,placeholder,both/shared,lib/screens/post_pregnancy/pp_learning_data.dart,instructor=Ritu Malhotra (Paediatric nutritionist); price=₹999
parenting,Courses & Masterclasses,"Explore > Courses & Masterclasses (CoursesExploreScreen, new) ; pp_courses surface -> LearningHomeScreen (older merged) > LearningDetailScreen",course/masterclass description,Understanding the fussy stretches,"masterclass: about, topics, takeaways, cover lines",per program (mostly 0-12 mo),96,1,placeholder,both/shared,lib/screens/post_pregnancy/pp_learning_data.dart,"instructor=Dr. Kabir Sen (Child psychologist); price=₹2,499"
parenting,Courses & Masterclasses,"Explore > Courses & Masterclasses (CoursesExploreScreen, new) ; pp_courses surface -> LearningHomeScreen (older merged) > LearningDetailScreen",course/masterclass description,Baby-proofing for joint families,"masterclass: about, topics, takeaways, cover lines",per program (mostly 0-12 mo),73,1,placeholder,both/shared,lib/screens/post_pregnancy/pp_learning_data.dart,"instructor=Meera Iyer (Child-safety educator); price=₹1,299"
parenting,Courses & Masterclasses,"Explore > Courses & Masterclasses (CoursesExploreScreen, new) ; pp_courses surface -> LearningHomeScreen (older merged) > LearningDetailScreen",course/masterclass description,The First 40 Days,"masterclass: about, topics, takeaways, cover lines",per program (mostly 0-12 mo),68,1,placeholder,both/shared,lib/screens/post_pregnancy/pp_learning_data.dart,"instructor=Dr. Neha Sharma (Paediatrician); price=₹1,199"
parenting,Courses & Masterclasses,"Explore > Courses & Masterclasses (CoursesExploreScreen, new) ; pp_courses surface -> LearningHomeScreen (older merged) > LearningDetailScreen",course/masterclass description,Play & Brain,"recordedCourse: about, topics, takeaways, cover lines",per program (mostly 0-12 mo),49,1,placeholder,both/shared,lib/screens/post_pregnancy/pp_learning_data.dart,"instructor=Dr. Ananya Rao (Paediatrician); price=₹1,499"
parenting,Courses & Masterclasses,"Explore > Courses & Masterclasses (CoursesExploreScreen, new) ; pp_courses surface -> LearningHomeScreen (older merged) > LearningDetailScreen",course/masterclass description,Motor Skills,"recordedCourse: about, topics, takeaways, cover lines",per program (mostly 0-12 mo),53,1,placeholder,both/shared,lib/screens/post_pregnancy/pp_learning_data.dart,"instructor=Dr. Meher Shah (Paediatric sleep/physio); price=₹1,499"
parenting,Courses & Masterclasses,"Explore > Courses & Masterclasses (CoursesExploreScreen, new) ; pp_courses surface -> LearningHomeScreen (older merged) > LearningDetailScreen",course/masterclass description,Language & Communication,"recordedCourse: about, topics, takeaways, cover lines",per program (mostly 0-12 mo),51,1,placeholder,both/shared,lib/screens/post_pregnancy/pp_learning_data.dart,"instructor=Dr. Kabir Sen (Child psychologist); price=₹1,499"
parenting,Courses & Masterclasses,"Explore > Courses & Masterclasses (CoursesExploreScreen, new) ; pp_courses surface -> LearningHomeScreen (older merged) > LearningDetailScreen",course/masterclass description,"Baby Sleep, Understood","recordedCourse: about, topics, takeaways, cover lines",per program (mostly 0-12 mo),63,1,placeholder,both/shared,lib/screens/post_pregnancy/pp_learning_data.dart,"instructor=Dr. Meher Shah (Paediatric sleep/physio); price=₹1,499"
parenting,Courses & Masterclasses,"Explore > Courses & Masterclasses (CoursesExploreScreen, new) ; pp_courses surface -> LearningHomeScreen (older merged) > LearningDetailScreen",course/masterclass description,Parenting a Child with Special Needs,"recordedCourse: about, topics, takeaways, cover lines",per program (mostly 0-12 mo),42,1,placeholder,both/shared,lib/screens/post_pregnancy/pp_learning_data.dart,"instructor=Dr. Kabir Sen (Child psychologist); price=₹4,999"
parenting,Courses (recorded lessons),"Explore > Courses & Masterclasses (CoursesExploreScreen, new) ; pp_courses surface -> LearningHomeScreen (older merged) > LearningDetailScreen > CourseLessonScreen",lesson script,17 CourseLesson across 4 Course (titles + minutes only),Lesson body/script per recorded lesson,2-12 months,0,17,placeholder,both/shared,lib/screens/post_pregnancy/pp_courses_data.dart,Zero lesson body text exists
parenting,Yoga & Classes,Explore > Yoga & Classes (YogaHomeScreen) > YogaClassScreen ; pp_yoga surface (postnatal filter),class description + 2 reviews,Morning Sun Flow,"About copy, instructor bio, 2 fabricated reviews",mother (postnatal; some prenatal/TTC classes shared),85,1,placeholder,both/shared,lib/screens/post_pregnancy/pp_yoga_data.dart,liveGroup; ₹399 / class. The 2 reviews per class (54 total) are invented - remove or replace with real ones
parenting,Yoga & Classes,Explore > Yoga & Classes (YogaHomeScreen) > YogaClassScreen ; pp_yoga surface (postnatal filter),class description + 2 reviews,Personalised Hatha 1:1,"About copy, instructor bio, 2 fabricated reviews",mother (postnatal; some prenatal/TTC classes shared),85,1,placeholder,both/shared,lib/screens/post_pregnancy/pp_yoga_data.dart,liveOneToOne; ₹999 / session. The 2 reviews per class (54 total) are invented - remove or replace with real ones
parenting,Yoga & Classes,Explore > Yoga & Classes (YogaHomeScreen) > YogaClassScreen ; pp_yoga surface (postnatal filter),class description + 2 reviews,Evening Wind-Down,"About copy, instructor bio, 2 fabricated reviews",mother (postnatal; some prenatal/TTC classes shared),85,1,placeholder,both/shared,lib/screens/post_pregnancy/pp_yoga_data.dart,recorded; Free. The 2 reviews per class (54 total) are invented - remove or replace with real ones
parenting,Yoga & Classes,Explore > Yoga & Classes (YogaHomeScreen) > YogaClassScreen ; pp_yoga surface (postnatal filter),class description + 2 reviews,Everyday Strength & Mobility,"About copy, instructor bio, 2 fabricated reviews",mother (postnatal; some prenatal/TTC classes shared),85,1,placeholder,both/shared,lib/screens/post_pregnancy/pp_yoga_data.dart,recorded; ₹299. The 2 reviews per class (54 total) are invented - remove or replace with real ones
parenting,Yoga & Classes,Explore > Yoga & Classes (YogaHomeScreen) > YogaClassScreen ; pp_yoga surface (postnatal filter),class description + 2 reviews,Trimester-Safe Prenatal Flow,"About copy, instructor bio, 2 fabricated reviews",mother (postnatal; some prenatal/TTC classes shared),85,1,placeholder,both/shared,lib/screens/post_pregnancy/pp_yoga_data.dart,liveGroup; ₹499 / class. The 2 reviews per class (54 total) are invented - remove or replace with real ones
parenting,Yoga & Classes,Explore > Yoga & Classes (YogaHomeScreen) > YogaClassScreen ; pp_yoga surface (postnatal filter),class description + 2 reviews,"Your Prenatal Practice, 1:1","About copy, instructor bio, 2 fabricated reviews",mother (postnatal; some prenatal/TTC classes shared),85,1,placeholder,both/shared,lib/screens/post_pregnancy/pp_yoga_data.dart,"liveOneToOne; ₹1,199 / session. The 2 reviews per class (54 total) are invented - remove or replace with real ones"
parenting,Yoga & Classes,Explore > Yoga & Classes (YogaHomeScreen) > YogaClassScreen ; pp_yoga surface (postnatal filter),class description + 2 reviews,Open Hips for Labour,"About copy, instructor bio, 2 fabricated reviews",mother (postnatal; some prenatal/TTC classes shared),85,1,placeholder,both/shared,lib/screens/post_pregnancy/pp_yoga_data.dart,recorded; Free. The 2 reviews per class (54 total) are invented - remove or replace with real ones
parenting,Yoga & Classes,Explore > Yoga & Classes (YogaHomeScreen) > YogaClassScreen ; pp_yoga surface (postnatal filter),class description + 2 reviews,Relief for a Pregnancy Back,"About copy, instructor bio, 2 fabricated reviews",mother (postnatal; some prenatal/TTC classes shared),85,1,placeholder,both/shared,lib/screens/post_pregnancy/pp_yoga_data.dart,recorded; ₹299. The 2 reviews per class (54 total) are invented - remove or replace with real ones
parenting,Yoga & Classes,Explore > Yoga & Classes (YogaHomeScreen) > YogaClassScreen ; pp_yoga surface (postnatal filter),class description + 2 reviews,Fourth-Trimester Reset,"About copy, instructor bio, 2 fabricated reviews",mother (postnatal; some prenatal/TTC classes shared),85,1,placeholder,both/shared,lib/screens/post_pregnancy/pp_yoga_data.dart,liveGroup; ₹399 / class. The 2 reviews per class (54 total) are invented - remove or replace with real ones
parenting,Yoga & Classes,Explore > Yoga & Classes (YogaHomeScreen) > YogaClassScreen ; pp_yoga surface (postnatal filter),class description + 2 reviews,Postnatal Recovery 1:1,"About copy, instructor bio, 2 fabricated reviews",mother (postnatal; some prenatal/TTC classes shared),85,1,placeholder,both/shared,lib/screens/post_pregnancy/pp_yoga_data.dart,liveOneToOne; ₹999 / session. The 2 reviews per class (54 total) are invented - remove or replace with real ones
parenting,Yoga & Classes,Explore > Yoga & Classes (YogaHomeScreen) > YogaClassScreen ; pp_yoga surface (postnatal filter),class description + 2 reviews,Gentle Return to Movement,"About copy, instructor bio, 2 fabricated reviews",mother (postnatal; some prenatal/TTC classes shared),85,1,placeholder,both/shared,lib/screens/post_pregnancy/pp_yoga_data.dart,recorded; Free. The 2 reviews per class (54 total) are invented - remove or replace with real ones
parenting,Yoga & Classes,Explore > Yoga & Classes (YogaHomeScreen) > YogaClassScreen ; pp_yoga surface (postnatal filter),class description + 2 reviews,Baby-in-Arms Flow,"About copy, instructor bio, 2 fabricated reviews",mother (postnatal; some prenatal/TTC classes shared),85,1,placeholder,both/shared,lib/screens/post_pregnancy/pp_yoga_data.dart,recorded; ₹299. The 2 reviews per class (54 total) are invented - remove or replace with real ones
parenting,Yoga & Classes,Explore > Yoga & Classes (YogaHomeScreen) > YogaClassScreen ; pp_yoga surface (postnatal filter),class description + 2 reviews,Post-IVF Gentle 1:1,"About copy, instructor bio, 2 fabricated reviews",mother (postnatal; some prenatal/TTC classes shared),85,1,placeholder,both/shared,lib/screens/post_pregnancy/pp_yoga_data.dart,"liveOneToOne; ₹1,299 / session. The 2 reviews per class (54 total) are invented - remove or replace with real ones"
parenting,Yoga & Classes,Explore > Yoga & Classes (YogaHomeScreen) > YogaClassScreen ; pp_yoga surface (postnatal filter),class description + 2 reviews,Two-Week-Wait Calm Circle,"About copy, instructor bio, 2 fabricated reviews",mother (postnatal; some prenatal/TTC classes shared),85,1,placeholder,both/shared,lib/screens/post_pregnancy/pp_yoga_data.dart,liveGroup; ₹599 / class. The 2 reviews per class (54 total) are invented - remove or replace with real ones
parenting,Yoga & Classes,Explore > Yoga & Classes (YogaHomeScreen) > YogaClassScreen ; pp_yoga surface (postnatal filter),class description + 2 reviews,Restorative After IVF,"About copy, instructor bio, 2 fabricated reviews",mother (postnatal; some prenatal/TTC classes shared),85,1,placeholder,both/shared,lib/screens/post_pregnancy/pp_yoga_data.dart,recorded; Free. The 2 reviews per class (54 total) are invented - remove or replace with real ones
parenting,Yoga & Classes,Explore > Yoga & Classes (YogaHomeScreen) > YogaClassScreen ; pp_yoga surface (postnatal filter),class description + 2 reviews,Lamaze Breathing for Labour,"About copy, instructor bio, 2 fabricated reviews",mother (postnatal; some prenatal/TTC classes shared),85,1,placeholder,both/shared,lib/screens/post_pregnancy/pp_yoga_data.dart,liveGroup; ₹799 / class. The 2 reviews per class (54 total) are invented - remove or replace with real ones
parenting,Yoga & Classes,Explore > Yoga & Classes (YogaHomeScreen) > YogaClassScreen ; pp_yoga surface (postnatal filter),class description + 2 reviews,Breath Coaching 1:1,"About copy, instructor bio, 2 fabricated reviews",mother (postnatal; some prenatal/TTC classes shared),85,1,placeholder,both/shared,lib/screens/post_pregnancy/pp_yoga_data.dart,"liveOneToOne; ₹1,099 / session. The 2 reviews per class (54 total) are invented - remove or replace with real ones"
parenting,Yoga & Classes,Explore > Yoga & Classes (YogaHomeScreen) > YogaClassScreen ; pp_yoga surface (postnatal filter),class description + 2 reviews,Pranayama Basics,"About copy, instructor bio, 2 fabricated reviews",mother (postnatal; some prenatal/TTC classes shared),85,1,placeholder,both/shared,lib/screens/post_pregnancy/pp_yoga_data.dart,recorded; Free. The 2 reviews per class (54 total) are invented - remove or replace with real ones
parenting,Yoga & Classes,Explore > Yoga & Classes (YogaHomeScreen) > YogaClassScreen ; pp_yoga surface (postnatal filter),class description + 2 reviews,3-Minute Calm Breath,"About copy, instructor bio, 2 fabricated reviews",mother (postnatal; some prenatal/TTC classes shared),85,1,placeholder,both/shared,lib/screens/post_pregnancy/pp_yoga_data.dart,recorded; Free. The 2 reviews per class (54 total) are invented - remove or replace with real ones
parenting,Yoga & Classes,Explore > Yoga & Classes (YogaHomeScreen) > YogaClassScreen ; pp_yoga surface (postnatal filter),class description + 2 reviews,Guided Meditation Circle,"About copy, instructor bio, 2 fabricated reviews",mother (postnatal; some prenatal/TTC classes shared),85,1,placeholder,both/shared,lib/screens/post_pregnancy/pp_yoga_data.dart,liveGroup; ₹299 / class. The 2 reviews per class (54 total) are invented - remove or replace with real ones
parenting,Yoga & Classes,Explore > Yoga & Classes (YogaHomeScreen) > YogaClassScreen ; pp_yoga surface (postnatal filter),class description + 2 reviews,1:1 Meditation Coaching,"About copy, instructor bio, 2 fabricated reviews",mother (postnatal; some prenatal/TTC classes shared),85,1,placeholder,both/shared,lib/screens/post_pregnancy/pp_yoga_data.dart,liveOneToOne; ₹899 / session. The 2 reviews per class (54 total) are invented - remove or replace with real ones
parenting,Yoga & Classes,Explore > Yoga & Classes (YogaHomeScreen) > YogaClassScreen ; pp_yoga surface (postnatal filter),class description + 2 reviews,Sleep-Story Meditation,"About copy, instructor bio, 2 fabricated reviews",mother (postnatal; some prenatal/TTC classes shared),85,1,placeholder,both/shared,lib/screens/post_pregnancy/pp_yoga_data.dart,recorded; Free. The 2 reviews per class (54 total) are invented - remove or replace with real ones
parenting,Yoga & Classes,Explore > Yoga & Classes (YogaHomeScreen) > YogaClassScreen ; pp_yoga surface (postnatal filter),class description + 2 reviews,Meditation for New Mothers,"About copy, instructor bio, 2 fabricated reviews",mother (postnatal; some prenatal/TTC classes shared),85,1,placeholder,both/shared,lib/screens/post_pregnancy/pp_yoga_data.dart,recorded; ₹299. The 2 reviews per class (54 total) are invented - remove or replace with real ones
parenting,Yoga & Classes,Explore > Yoga & Classes (YogaHomeScreen) > YogaClassScreen ; pp_yoga surface (postnatal filter),class description + 2 reviews,Core & Pelvic-Floor Rebuild,"About copy, instructor bio, 2 fabricated reviews",mother (postnatal; some prenatal/TTC classes shared),85,1,placeholder,both/shared,lib/screens/post_pregnancy/pp_yoga_data.dart,liveGroup; ₹499 / class. The 2 reviews per class (54 total) are invented - remove or replace with real ones
parenting,Yoga & Classes,Explore > Yoga & Classes (YogaHomeScreen) > YogaClassScreen ; pp_yoga surface (postnatal filter),class description + 2 reviews,Diastasis Recovery 1:1,"About copy, instructor bio, 2 fabricated reviews",mother (postnatal; some prenatal/TTC classes shared),85,1,placeholder,both/shared,lib/screens/post_pregnancy/pp_yoga_data.dart,"liveOneToOne; ₹1,199 / session. The 2 reviews per class (54 total) are invented - remove or replace with real ones"
parenting,Yoga & Classes,Explore > Yoga & Classes (YogaHomeScreen) > YogaClassScreen ; pp_yoga surface (postnatal filter),class description + 2 reviews,Deep-Core Foundations,"About copy, instructor bio, 2 fabricated reviews",mother (postnatal; some prenatal/TTC classes shared),85,1,placeholder,both/shared,lib/screens/post_pregnancy/pp_yoga_data.dart,recorded; Free. The 2 reviews per class (54 total) are invented - remove or replace with real ones
parenting,Yoga & Classes,Explore > Yoga & Classes (YogaHomeScreen) > YogaClassScreen ; pp_yoga surface (postnatal filter),class description + 2 reviews,Pelvic-Floor Daily Ten,"About copy, instructor bio, 2 fabricated reviews",mother (postnatal; some prenatal/TTC classes shared),85,1,placeholder,both/shared,lib/screens/post_pregnancy/pp_yoga_data.dart,recorded; ₹299. The 2 reviews per class (54 total) are invented - remove or replace with real ones
parenting,Yoga & Classes,Explore > Yoga & Classes (YogaHomeScreen) > YogaClassScreen ; pp_yoga surface (postnatal filter),category copy,7 YogaCategory,Category title + subtitle,mother,69,7,placeholder,both/shared,lib/screens/post_pregnancy/pp_yoga_data.dart,"Yoga & Meditation, Prenatal, Postnatal, Post-IVF, Breathing & Lamaze, Meditation, Core & Recovery"
parenting,Community,Community tab (CommunityScreen) > feed,seed post,22 CommunityPost (parenting stage),"NOTHING TO WRITE - community content comes from members, not from us. These are prototype demo posts with invented authors and invented like counts, to be DELETED before launch or kept behind a demo flag.",all parenting,0,22,placeholder,both/shared,lib/data/community_data.dart,"Corrected 2026-09-06: an earlier draft counted seed posts as content to commission. What IS ours in a community is only the room names and descriptions, the community guidelines, and the moderation rota. Fabricated posts; replace with real seeded conversations or remove before launch"
parenting,Recipes,"Explore > Recipes (RecipesExploreScreen, newest) ; pp_food surface -> RecipesScreen (unified) > RecipePageScreen",recipe (full),Ragi & banana pancakes,"Full recipe: ingredients, steps, why, nutrients, storage, mistakes, substitutions, healthier note (Breakfast)",8-12 mo,259,1,placeholder,both/shared,lib/screens/post_pregnancy/pp_food_data.dart,id=ragipancake; FoodRecipe is the full body; RecipeItem (lib/screens/post_pregnancy/pp_recipes_data.dart) carries the card summary. Nutrition figures need a dietitian check
parenting,Recipes,"Explore > Recipes (RecipesExploreScreen, newest) ; pp_food surface -> RecipesScreen (unified) > RecipePageScreen",recipe (full),Sweet potato mash,"Full recipe: ingredients, steps, why, nutrients, storage, mistakes, substitutions, healthier note (First Foods)",6+ mo,192,1,placeholder,both/shared,lib/screens/post_pregnancy/pp_food_data.dart,id=sweetpotatomash; FoodRecipe is the full body; RecipeItem (lib/screens/post_pregnancy/pp_recipes_data.dart) carries the card summary. Nutrition figures need a dietitian check
parenting,Recipes,"Explore > Recipes (RecipesExploreScreen, newest) ; pp_food surface -> RecipesScreen (unified) > RecipePageScreen",recipe (full),Soft moong dal khichdi,"Full recipe: ingredients, steps, why, nutrients, storage, mistakes, substitutions, healthier note (Lunch)",6-12 mo,222,1,placeholder,both/shared,lib/screens/post_pregnancy/pp_food_data.dart,id=moongkhichdi; FoodRecipe is the full body; RecipeItem (lib/screens/post_pregnancy/pp_recipes_data.dart) carries the card summary. Nutrition figures need a dietitian check
parenting,Recipes,"Explore > Recipes (RecipesExploreScreen, newest) ; pp_food surface -> RecipesScreen (unified) > RecipePageScreen",recipe (full),Savoury vegetable oats,"Full recipe: ingredients, steps, why, nutrients, storage, mistakes, substitutions, healthier note (Breakfast)",8-12 mo,171,1,placeholder,both/shared,lib/screens/post_pregnancy/pp_food_data.dart,id=veggieoats; FoodRecipe is the full body; RecipeItem (lib/screens/post_pregnancy/pp_recipes_data.dart) carries the card summary. Nutrition figures need a dietitian check
parenting,Recipes,"Explore > Recipes (RecipesExploreScreen, newest) ; pp_food surface -> RecipesScreen (unified) > RecipePageScreen",recipe (full),Paneer & veg cutlets,"Full recipe: ingredients, steps, why, nutrients, storage, mistakes, substitutions, healthier note (Finger Foods)",10-12 mo,190,1,placeholder,both/shared,lib/screens/post_pregnancy/pp_food_data.dart,id=paneercutlet; FoodRecipe is the full body; RecipeItem (lib/screens/post_pregnancy/pp_recipes_data.dart) carries the card summary. Nutrition figures need a dietitian check
parenting,Recipes,"Explore > Recipes (RecipesExploreScreen, newest) ; pp_food surface -> RecipesScreen (unified) > RecipePageScreen",recipe (full),Soft vegetable khichdi,"Full recipe: ingredients, steps, why, nutrients, storage, mistakes, substitutions, healthier note (Dinner)",7-12 mo,208,1,placeholder,both/shared,lib/screens/post_pregnancy/pp_food_data.dart,id=vegkhichdi; FoodRecipe is the full body; RecipeItem (lib/screens/post_pregnancy/pp_recipes_data.dart) carries the card summary. Nutrition figures need a dietitian check
parenting,Recipes,"Explore > Recipes (RecipesExploreScreen, newest) ; pp_food surface -> RecipesScreen (unified) > RecipePageScreen",recipe (full),Ragi and vegetable porridge,"Full recipe: ingredients, steps, why, nutrients, storage, mistakes, substitutions, healthier note (Dinner)",6-10 mo,204,1,placeholder,both/shared,lib/screens/post_pregnancy/pp_food_data.dart,id=ragiveg; FoodRecipe is the full body; RecipeItem (lib/screens/post_pregnancy/pp_recipes_data.dart) carries the card summary. Nutrition figures need a dietitian check
parenting,Recipes,"Explore > Recipes (RecipesExploreScreen, newest) ; pp_food surface -> RecipesScreen (unified) > RecipePageScreen",recipe (full),Dalia with soft vegetables,"Full recipe: ingredients, steps, why, nutrients, storage, mistakes, substitutions, healthier note (Dinner)",8-14 mo,190,1,placeholder,both/shared,lib/screens/post_pregnancy/pp_food_data.dart,id=daliaveg; FoodRecipe is the full body; RecipeItem (lib/screens/post_pregnancy/pp_recipes_data.dart) carries the card summary. Nutrition figures need a dietitian check
parenting,Recipes,"Explore > Recipes (RecipesExploreScreen, newest) ; pp_food surface -> RecipesScreen (unified) > RecipePageScreen",recipe (full),Soft paneer pulao,"Full recipe: ingredients, steps, why, nutrients, storage, mistakes, substitutions, healthier note (Dinner)",9-14 mo,181,1,placeholder,both/shared,lib/screens/post_pregnancy/pp_food_data.dart,id=paneerpulao; FoodRecipe is the full body; RecipeItem (lib/screens/post_pregnancy/pp_recipes_data.dart) carries the card summary. Nutrition figures need a dietitian check
parenting,Recipes,"Explore > Recipes (RecipesExploreScreen, newest) ; pp_food surface -> RecipesScreen (unified) > RecipePageScreen",recipe (full),Moong dal chilla fingers,"Full recipe: ingredients, steps, why, nutrients, storage, mistakes, substitutions, healthier note (Dinner)",10-18 mo,215,1,placeholder,both/shared,lib/screens/post_pregnancy/pp_food_data.dart,id=moongchilla; FoodRecipe is the full body; RecipeItem (lib/screens/post_pregnancy/pp_recipes_data.dart) carries the card summary. Nutrition figures need a dietitian check
parenting,Recipes,"Explore > Recipes (RecipesExploreScreen, newest) ; pp_food surface -> RecipesScreen (unified) > RecipePageScreen",recipe (full),Palak (spinach) dal,"Full recipe: ingredients, steps, why, nutrients, storage, mistakes, substitutions, healthier note (Lunch)",8-12 mo,192,1,placeholder,both/shared,lib/screens/post_pregnancy/pp_food_data.dart,id=palakdal; FoodRecipe is the full body; RecipeItem (lib/screens/post_pregnancy/pp_recipes_data.dart) carries the card summary. Nutrition figures need a dietitian check
parenting,Recipes,"Explore > Recipes (RecipesExploreScreen, newest) ; pp_food surface -> RecipesScreen (unified) > RecipePageScreen",recipe (full),"Curd rice, travel-friendly","Full recipe: ingredients, steps, why, nutrients, storage, mistakes, substitutions, healthier note (Travel Food)",8-12 mo,157,1,placeholder,both/shared,lib/screens/post_pregnancy/pp_food_data.dart,id=curdrice; FoodRecipe is the full body; RecipeItem (lib/screens/post_pregnancy/pp_recipes_data.dart) carries the card summary. Nutrition figures need a dietitian check
parenting,Recipes,"Explore > Recipes (RecipesExploreScreen, newest) ; pp_food surface -> RecipesScreen (unified) > RecipePageScreen",recipe (full),Soft egg bhurji,"Full recipe: ingredients, steps, why, nutrients, storage, mistakes, substitutions, healthier note (Breakfast)",9-12 mo,182,1,placeholder,both/shared,lib/screens/post_pregnancy/pp_food_data.dart,id=eggbhurji; FoodRecipe is the full body; RecipeItem (lib/screens/post_pregnancy/pp_recipes_data.dart) carries the card summary. Nutrition figures need a dietitian check
parenting,Recipes,"Explore > Recipes (RecipesExploreScreen, newest) ; pp_food surface -> RecipesScreen (unified) > RecipePageScreen",recipe (full),Ragi & banana smoothie,"Full recipe: ingredients, steps, why, nutrients, storage, mistakes, substitutions, healthier note (Smoothies)",10-12 mo,157,1,placeholder,both/shared,lib/screens/post_pregnancy/pp_food_data.dart,id=ragismoothie; FoodRecipe is the full body; RecipeItem (lib/screens/post_pregnancy/pp_recipes_data.dart) carries the card summary. Nutrition figures need a dietitian check
parenting,Recipes,"Explore > Recipes (RecipesExploreScreen, newest) ; pp_food surface -> RecipesScreen (unified) > RecipePageScreen",recipe (full),Tomato & carrot soup,"Full recipe: ingredients, steps, why, nutrients, storage, mistakes, substitutions, healthier note (Soups)",8-12 mo,163,1,placeholder,both/shared,lib/screens/post_pregnancy/pp_food_data.dart,id=tomatocarrotsoup; FoodRecipe is the full body; RecipeItem (lib/screens/post_pregnancy/pp_recipes_data.dart) carries the card summary. Nutrition figures need a dietitian check
parenting,Recipes,"Explore > Recipes (RecipesExploreScreen, newest) ; pp_food surface -> RecipesScreen (unified) > RecipePageScreen",recipe (full),Soft besan chilla,"Full recipe: ingredients, steps, why, nutrients, storage, mistakes, substitutions, healthier note (Snacks)",10-12 mo,173,1,placeholder,both/shared,lib/screens/post_pregnancy/pp_food_data.dart,id=besanchilla; FoodRecipe is the full body; RecipeItem (lib/screens/post_pregnancy/pp_recipes_data.dart) carries the card summary. Nutrition figures need a dietitian check
parenting,Recipes,"Explore > Recipes (RecipesExploreScreen, newest) ; pp_food surface -> RecipesScreen (unified) > RecipePageScreen",recipe (full),Date & banana kheer,"Full recipe: ingredients, steps, why, nutrients, storage, mistakes, substitutions, healthier note (Healthy Desserts)",10-12 mo,160,1,placeholder,both/shared,lib/screens/post_pregnancy/pp_food_data.dart,id=datekheer; FoodRecipe is the full body; RecipeItem (lib/screens/post_pregnancy/pp_recipes_data.dart) carries the card summary. Nutrition figures need a dietitian check
parenting,Recipes,"Explore > Recipes (RecipesExploreScreen, newest) ; pp_food surface -> RecipesScreen (unified) > RecipePageScreen",recipe (full),"Veggie Maggi, the smarter way","Full recipe: ingredients, steps, why, nutrients, storage, mistakes, substitutions, healthier note (Snacks)",10-12 mo,295,1,placeholder,both/shared,lib/screens/post_pregnancy/pp_food_data.dart,id=maggi; FoodRecipe is the full body; RecipeItem (lib/screens/post_pregnancy/pp_recipes_data.dart) carries the card summary. Nutrition figures need a dietitian check
parenting,Recipes,"Explore > Recipes (RecipesExploreScreen, newest) ; pp_food surface -> RecipesScreen (unified) > RecipePageScreen",recipe (full),Soft veg pulao,"Full recipe: ingredients, steps, why, nutrients, storage, mistakes, substitutions, healthier note (Lunch)",10-12 mo,206,1,placeholder,both/shared,lib/screens/post_pregnancy/pp_food_data.dart,id=vegpulao; FoodRecipe is the full body; RecipeItem (lib/screens/post_pregnancy/pp_recipes_data.dart) carries the card summary. Nutrition figures need a dietitian check
parenting,Recipes,"Explore > Recipes (RecipesExploreScreen, newest) ; pp_food surface -> RecipesScreen (unified) > RecipePageScreen",recipe (full),Clear chicken soup,"Full recipe: ingredients, steps, why, nutrients, storage, mistakes, substitutions, healthier note (Soups)",10-12 mo,228,1,placeholder,both/shared,lib/screens/post_pregnancy/pp_food_data.dart,id=chickensoup; FoodRecipe is the full body; RecipeItem (lib/screens/post_pregnancy/pp_recipes_data.dart) carries the card summary. Nutrition figures need a dietitian check
parenting,Recipes,"Explore > Recipes (RecipesExploreScreen, newest) ; pp_food surface -> RecipesScreen (unified) > RecipePageScreen",recipe (full),Stewed prune & apple puree,"Full recipe: ingredients, steps, why, nutrients, storage, mistakes, substitutions, healthier note (Sick-Day Meals)",6-12 mo,177,1,placeholder,both/shared,lib/screens/post_pregnancy/pp_food_data.dart,id=prunepuree; FoodRecipe is the full body; RecipeItem (lib/screens/post_pregnancy/pp_recipes_data.dart) carries the card summary. Nutrition figures need a dietitian check
parenting,Recipes,"Explore > Recipes (RecipesExploreScreen, newest) ; pp_food surface -> RecipesScreen (unified) > RecipePageScreen",recipe (full),"Ragi porridge, loose","Full recipe: ingredients, steps, why, nutrients, storage, mistakes, substitutions, healthier note (Sick-Day Meals)",6-12 mo,168,1,placeholder,both/shared,lib/screens/post_pregnancy/pp_food_data.dart,id=ragiporridge; FoodRecipe is the full body; RecipeItem (lib/screens/post_pregnancy/pp_recipes_data.dart) carries the card summary. Nutrition figures need a dietitian check
parenting,Recipes,"Explore > Recipes (RecipesExploreScreen, newest) ; pp_food surface -> RecipesScreen (unified) > RecipePageScreen",recipe (full),Banana & rice mash,"Full recipe: ingredients, steps, why, nutrients, storage, mistakes, substitutions, healthier note (Sick-Day Meals)",6-12 mo,142,1,placeholder,both/shared,lib/screens/post_pregnancy/pp_food_data.dart,id=bananarice; FoodRecipe is the full body; RecipeItem (lib/screens/post_pregnancy/pp_recipes_data.dart) carries the card summary. Nutrition figures need a dietitian check
parenting,Recipes,"Explore > Recipes (RecipesExploreScreen, newest) ; pp_food surface -> RecipesScreen (unified) > RecipePageScreen",recipe (full),Tender coconut water,"Full recipe: ingredients, steps, why, nutrients, storage, mistakes, substitutions, healthier note (Sick-Day Meals)",8-12 mo,140,1,placeholder,both/shared,lib/screens/post_pregnancy/pp_food_data.dart,id=coconutwater; FoodRecipe is the full body; RecipeItem (lib/screens/post_pregnancy/pp_recipes_data.dart) carries the card summary. Nutrition figures need a dietitian check
parenting,Recipes,"Explore > Recipes (RecipesExploreScreen, newest) ; pp_food surface -> RecipesScreen (unified) > RecipePageScreen",recipe (full),Soft tomato rasam,"Full recipe: ingredients, steps, why, nutrients, storage, mistakes, substitutions, healthier note (Sick-Day Meals)",10-12 mo,170,1,placeholder,both/shared,lib/screens/post_pregnancy/pp_food_data.dart,id=rasam; FoodRecipe is the full body; RecipeItem (lib/screens/post_pregnancy/pp_recipes_data.dart) carries the card summary. Nutrition figures need a dietitian check
parenting,Recipes,"Explore > Recipes (RecipesExploreScreen, newest) ; pp_food surface -> RecipesScreen (unified) > RecipePageScreen",recipe (full),Golden turmeric milk,"Full recipe: ingredients, steps, why, nutrients, storage, mistakes, substitutions, healthier note (Sick-Day Meals)",12 mo+,166,1,placeholder,both/shared,lib/screens/post_pregnancy/pp_food_data.dart,id=turmericmilk; FoodRecipe is the full body; RecipeItem (lib/screens/post_pregnancy/pp_recipes_data.dart) carries the card summary. Nutrition figures need a dietitian check
parenting,Recipes,"Explore > Recipes (RecipesExploreScreen, newest) ; pp_food surface -> RecipesScreen (unified) > RecipePageScreen",recipe (full),Moong dal water,"Full recipe: ingredients, steps, why, nutrients, storage, mistakes, substitutions, healthier note (Sick-Day Meals)",6-12 mo,172,1,placeholder,both/shared,lib/screens/post_pregnancy/pp_food_data.dart,id=moongwater; FoodRecipe is the full body; RecipeItem (lib/screens/post_pregnancy/pp_recipes_data.dart) carries the card summary. Nutrition figures need a dietitian check
parenting,Recipes,"Explore > Recipes (RecipesExploreScreen, newest) ; pp_food surface -> RecipesScreen (unified) > RecipePageScreen",recipe (full),"Light khichdi, extra soft","Full recipe: ingredients, steps, why, nutrients, storage, mistakes, substitutions, healthier note (Sick-Day Meals)",6-12 mo,187,1,placeholder,both/shared,lib/screens/post_pregnancy/pp_food_data.dart,id=lightkhichdi; FoodRecipe is the full body; RecipeItem (lib/screens/post_pregnancy/pp_recipes_data.dart) carries the card summary. Nutrition figures need a dietitian check
parenting,Recipes,"Explore > Recipes (RecipesExploreScreen, newest) ; pp_food surface -> RecipesScreen (unified) > RecipePageScreen > cards",recipe card summary,"21 RecipeItem (unified RecipesScreen cards: title, subtitle, minutes, kcal/protein/fibre, description)",Card-level summary + nutrition chips,6-18 months,496,21,placeholder,both/shared,lib/screens/post_pregnancy/pp_recipes_data.dart,"1 recipe flagged hasVideo (Veggie Maggi); 9 sick-day recipes tagged by situation (Constipation, Loose motion, Cough & cold, Fever)"
parenting,Recipes,"Explore > Recipes (RecipesExploreScreen, newest) ; pp_food surface -> RecipesScreen (unified) > RecipePageScreen > Nutrition focus",nutrition focus,"5 NutritionFocus (Iron, Protein, Calcium, Vitamin A, Fibre & hydration)","Why the nutrient matters, sources, easy foods, deficiency signs",6-12 months,416,5,placeholder,both/shared,lib/screens/post_pregnancy/pp_food_data.dart,Clinical check needed
parenting,Nutrition by stage,My Child > How <child> is doing > NutritionScreen,nutrition stage guide,"5 NutritionStage (0-3, 4-5, 6-8, 9-11, 12+ months)",What/how much to feed at each stage,per stage,1404,5,placeholder,both/shared,lib/screens/post_pregnancy/pp_nutrition_data.dart,Clinical check needed
parenting,Products,Products tab (ProductsDiscoveryScreen) ; V3 'Buying guides' door > Compare & choose,"product ""why"" + pros/cons",Dozy White-Noise Soother,"Explained product row: why it is recommended, 3 pros, 1-2 cons (Sleep, Rs 1499)",0-24 months,88,1,placeholder,both/shared,lib/screens/post_pregnancy/pp_products_data.dart,"brand=Dozy; some brands are real (Philips, Chicco, Sebamed...) - legal/affiliate check; 'ParentVeda' own-brand items are placeholders"
parenting,Products,Products tab (ProductsDiscoveryScreen) ; V3 'Buying guides' door > Compare & choose,"product ""why"" + pros/cons",Lull Portable Soother,"Explained product row: why it is recommended, 3 pros, 1-2 cons (Sleep, Rs 999)",0-24 months,80,1,placeholder,both/shared,lib/screens/post_pregnancy/pp_products_data.dart,"brand=Lull; some brands are real (Philips, Chicco, Sebamed...) - legal/affiliate check; 'ParentVeda' own-brand items are placeholders"
parenting,Products,Products tab (ProductsDiscoveryScreen) ; V3 'Buying guides' door > Compare & choose,"product ""why"" + pros/cons",Hush Mini Sound Machine,"Explained product row: why it is recommended, 3 pros, 1-2 cons (Sleep, Rs 749)",0-24 months,70,1,placeholder,both/shared,lib/screens/post_pregnancy/pp_products_data.dart,"brand=Hushh; some brands are real (Philips, Chicco, Sebamed...) - legal/affiliate check; 'ParentVeda' own-brand items are placeholders"
parenting,Products,Products tab (ProductsDiscoveryScreen) ; V3 'Buying guides' door > Compare & choose,"product ""why"" + pros/cons",CloudTunes Soother,"Explained product row: why it is recommended, 3 pros, 1-2 cons (Sleep, Rs 599)",0-24 months,73,1,placeholder,both/shared,lib/screens/post_pregnancy/pp_products_data.dart,"brand=CloudTunes; some brands are real (Philips, Chicco, Sebamed...) - legal/affiliate check; 'ParentVeda' own-brand items are placeholders"
parenting,Products,Products tab (ProductsDiscoveryScreen) ; V3 'Buying guides' door > Compare & choose,"product ""why"" + pros/cons",Cosy Cotton Sleepsuit,"Explained product row: why it is recommended, 3 pros, 1-2 cons (Sleep, Rs 699)",0-24 months,38,1,placeholder,both/shared,lib/screens/post_pregnancy/pp_products_data.dart,"brand=Dozy; some brands are real (Philips, Chicco, Sebamed...) - legal/affiliate check; 'ParentVeda' own-brand items are placeholders"
parenting,Products,Products tab (ProductsDiscoveryScreen) ; V3 'Buying guides' door > Compare & choose,"product ""why"" + pros/cons",Merino Sleep Sack,"Explained product row: why it is recommended, 3 pros, 1-2 cons (Sleep, Rs 1499)",0-24 months,36,1,placeholder,both/shared,lib/screens/post_pregnancy/pp_products_data.dart,"brand=SnuggleSack; some brands are real (Philips, Chicco, Sebamed...) - legal/affiliate check; 'ParentVeda' own-brand items are placeholders"
parenting,Products,Products tab (ProductsDiscoveryScreen) ; V3 'Buying guides' door > Compare & choose,"product ""why"" + pros/cons",Hush Blackout Curtains,"Explained product row: why it is recommended, 3 pros, 1-2 cons (Sleep, Rs 1299)",0-24 months,48,1,placeholder,both/shared,lib/screens/post_pregnancy/pp_products_data.dart,"brand=ParentVeda; some brands are real (Philips, Chicco, Sebamed...) - legal/affiliate check; 'ParentVeda' own-brand items are placeholders"
parenting,Products,Products tab (ProductsDiscoveryScreen) ; V3 'Buying guides' door > Compare & choose,"product ""why"" + pros/cons",SnuggleSack Sleep Bag,"Explained product row: why it is recommended, 3 pros, 1-2 cons (Sleep, Rs 899)",0-24 months,45,1,placeholder,both/shared,lib/screens/post_pregnancy/pp_products_data.dart,"brand=SnuggleSack; some brands are real (Philips, Chicco, Sebamed...) - legal/affiliate check; 'ParentVeda' own-brand items are placeholders"
parenting,Products,Products tab (ProductsDiscoveryScreen) ; V3 'Buying guides' door > Compare & choose,"product ""why"" + pros/cons",Soothe Baby Lotion,"Explained product row: why it is recommended, 3 pros, 1-2 cons (Skincare, Rs 399)",0-24 months,68,1,placeholder,both/shared,lib/screens/post_pregnancy/pp_products_data.dart,"brand=ParentVeda; some brands are real (Philips, Chicco, Sebamed...) - legal/affiliate check; 'ParentVeda' own-brand items are placeholders"
parenting,Products,Products tab (ProductsDiscoveryScreen) ; V3 'Buying guides' door > Compare & choose,"product ""why"" + pros/cons",Calm Zinc Rash Cream,"Explained product row: why it is recommended, 3 pros, 1-2 cons (Skincare, Rs 299)",0-24 months,73,1,placeholder,both/shared,lib/screens/post_pregnancy/pp_products_data.dart,"brand=Sebamed; some brands are real (Philips, Chicco, Sebamed...) - legal/affiliate check; 'ParentVeda' own-brand items are placeholders"
parenting,Products,Products tab (ProductsDiscoveryScreen) ; V3 'Buying guides' door > Compare & choose,"product ""why"" + pros/cons",Gentle Top-to-Toe Wash,"Explained product row: why it is recommended, 3 pros, 1-2 cons (Skincare, Rs 349)",0-24 months,65,1,placeholder,both/shared,lib/screens/post_pregnancy/pp_products_data.dart,"brand=Mustela; some brands are real (Philips, Chicco, Sebamed...) - legal/affiliate check; 'ParentVeda' own-brand items are placeholders"
parenting,Products,Products tab (ProductsDiscoveryScreen) ; V3 'Buying guides' door > Compare & choose,"product ""why"" + pros/cons",Anti-Colic Feeding Bottle,"Explained product row: why it is recommended, 3 pros, 1-2 cons (Feeding, Rs 599)",0-24 months,59,1,placeholder,both/shared,lib/screens/post_pregnancy/pp_products_data.dart,"brand=Philips; some brands are real (Philips, Chicco, Sebamed...) - legal/affiliate check; 'ParentVeda' own-brand items are placeholders"
parenting,Products,Products tab (ProductsDiscoveryScreen) ; V3 'Buying guides' door > Compare & choose,"product ""why"" + pros/cons",First Spoons Weaning Set,"Explained product row: why it is recommended, 3 pros, 1-2 cons (Feeding, Rs 399)",0-24 months,56,1,placeholder,both/shared,lib/screens/post_pregnancy/pp_products_data.dart,"brand=ParentVeda; some brands are real (Philips, Chicco, Sebamed...) - legal/affiliate check; 'ParentVeda' own-brand items are placeholders"
parenting,Products,Products tab (ProductsDiscoveryScreen) ; V3 'Buying guides' door > Compare & choose,"product ""why"" + pros/cons",Steam Steriliser,"Explained product row: why it is recommended, 3 pros, 1-2 cons (Feeding, Rs 2499)",0-24 months,48,1,placeholder,both/shared,lib/screens/post_pregnancy/pp_products_data.dart,"brand=Philips; some brands are real (Philips, Chicco, Sebamed...) - legal/affiliate check; 'ParentVeda' own-brand items are placeholders"
parenting,Products,Products tab (ProductsDiscoveryScreen) ; V3 'Buying guides' door > Compare & choose,"product ""why"" + pros/cons",High-Contrast Play Gym,"Explained product row: why it is recommended, 3 pros, 1-2 cons (Play & Development, Rs 1999)",0-24 months,51,1,placeholder,both/shared,lib/screens/post_pregnancy/pp_products_data.dart,"brand=Skip Hop; some brands are real (Philips, Chicco, Sebamed...) - legal/affiliate check; 'ParentVeda' own-brand items are placeholders"
parenting,Products,Products tab (ProductsDiscoveryScreen) ; V3 'Buying guides' door > Compare & choose,"product ""why"" + pros/cons",Peekaboo Cloth Book,"Explained product row: why it is recommended, 3 pros, 1-2 cons (Play & Development, Rs 399)",0-24 months,47,1,placeholder,both/shared,lib/screens/post_pregnancy/pp_products_data.dart,"brand=ParentVeda; some brands are real (Philips, Chicco, Sebamed...) - legal/affiliate check; 'ParentVeda' own-brand items are placeholders"
parenting,Products,Products tab (ProductsDiscoveryScreen) ; V3 'Buying guides' door > Compare & choose,"product ""why"" + pros/cons",Crinkle Sensory Set,"Explained product row: why it is recommended, 3 pros, 1-2 cons (Play & Development, Rs 499)",0-24 months,50,1,placeholder,both/shared,lib/screens/post_pregnancy/pp_products_data.dart,"brand=Fisher-Price; some brands are real (Philips, Chicco, Sebamed...) - legal/affiliate check; 'ParentVeda' own-brand items are placeholders"
parenting,Products,Products tab (ProductsDiscoveryScreen) ; V3 'Buying guides' door > Compare & choose,"product ""why"" + pros/cons",Forehead Thermometer,"Explained product row: why it is recommended, 3 pros, 1-2 cons (Health & Safety, Rs 899)",0-24 months,48,1,placeholder,both/shared,lib/screens/post_pregnancy/pp_products_data.dart,"brand=Dr Trust; some brands are real (Philips, Chicco, Sebamed...) - legal/affiliate check; 'ParentVeda' own-brand items are placeholders"
parenting,Products,Products tab (ProductsDiscoveryScreen) ; V3 'Buying guides' door > Compare & choose,"product ""why"" + pros/cons",Corner Guard Pack,"Explained product row: why it is recommended, 3 pros, 1-2 cons (Health & Safety, Rs 299)",0-24 months,50,1,placeholder,both/shared,lib/screens/post_pregnancy/pp_products_data.dart,"brand=Safe-O-Kid; some brands are real (Philips, Chicco, Sebamed...) - legal/affiliate check; 'ParentVeda' own-brand items are placeholders"
parenting,Products,Products tab (ProductsDiscoveryScreen) ; V3 'Buying guides' door > Compare & choose,"product ""why"" + pros/cons",Baby First-Aid Kit,"Explained product row: why it is recommended, 3 pros, 1-2 cons (Health & Safety, Rs 799)",0-24 months,49,1,placeholder,both/shared,lib/screens/post_pregnancy/pp_products_data.dart,"brand=ParentVeda; some brands are real (Philips, Chicco, Sebamed...) - legal/affiliate check; 'ParentVeda' own-brand items are placeholders"
parenting,Products,Products tab (ProductsDiscoveryScreen) ; V3 'Buying guides' door > Compare & choose,"product ""why"" + pros/cons",Featherlite Stroller,"Explained product row: why it is recommended, 3 pros, 1-2 cons (On the move, Rs 8999)",0-24 months,51,1,placeholder,both/shared,lib/screens/post_pregnancy/pp_products_data.dart,"brand=LuvLap; some brands are real (Philips, Chicco, Sebamed...) - legal/affiliate check; 'ParentVeda' own-brand items are placeholders"
parenting,Products,Products tab (ProductsDiscoveryScreen) ; V3 'Buying guides' door > Compare & choose,"product ""why"" + pros/cons",Ergo Baby Carrier,"Explained product row: why it is recommended, 3 pros, 1-2 cons (On the move, Rs 3999)",0-24 months,53,1,placeholder,both/shared,lib/screens/post_pregnancy/pp_products_data.dart,"brand=Ergobaby; some brands are real (Philips, Chicco, Sebamed...) - legal/affiliate check; 'ParentVeda' own-brand items are placeholders"
parenting,Products,Products tab (ProductsDiscoveryScreen) ; V3 'Buying guides' door > Compare & choose,"product ""why"" + pros/cons",Infant Car Seat,"Explained product row: why it is recommended, 3 pros, 1-2 cons (On the move, Rs 6999)",0-24 months,54,1,placeholder,both/shared,lib/screens/post_pregnancy/pp_products_data.dart,"brand=Chicco; some brands are real (Philips, Chicco, Sebamed...) - legal/affiliate check; 'ParentVeda' own-brand items are placeholders"
parenting,Products,Products tab (ProductsDiscoveryScreen) ; V3 'Buying guides' door > Compare & choose > subcategory guides,buying guide,"18 PpGuide (Soothers & white noise, Sleepwear & sacks, Bedding & blackout, Lotions, Rash creams, Bath, Bottles, Weaning, Sterilisers, Toys, Books, Sensory, Thermometers, Baby-proofing, First aid, Strollers, Carriers, Car seats)",One-line guide + 3 look-for + 3 avoid per subcategory,0-24 months,1044,18,placeholder,both/shared,lib/screens/post_pregnancy/pp_products_data.dart,
parenting,Products,Products tab (ProductsDiscoveryScreen) ; V3 'Buying guides' door > Compare & choose > Compare,compare guide,6 CompareGuide (what matters per category),Compare-table guidance per category,0-24 months,200,6,placeholder,both/shared,lib/screens/post_pregnancy/pp_products_data.dart,
parenting,Recommendations,"Explore > Recommendations (RecoExploreScreen, new) > category / collection > RecoDetailScreen ; RecommendationsScreen (old) still reachable from My Child > Books","recommendation (""why"" + consider + best-for + benefits)","Black, White & Red Baby Book","Books recommendation with per-item why, consider, bestFor, skills, benefits, pvRating, communityLoves",0-6 months,78,1,placeholder,both/shared,lib/screens/post_pregnancy/pp_reco_data.dart,pvRating/communityLoves are invented numbers
parenting,Recommendations,"Explore > Recommendations (RecoExploreScreen, new) > category / collection > RecoDetailScreen ; RecommendationsScreen (old) still reachable from My Child > Books","recommendation (""why"" + consider + best-for + benefits)",Cloth Crinkle Book,"Books recommendation with per-item why, consider, bestFor, skills, benefits, pvRating, communityLoves",2-10 months,78,1,placeholder,both/shared,lib/screens/post_pregnancy/pp_reco_data.dart,pvRating/communityLoves are invented numbers
parenting,Recommendations,"Explore > Recommendations (RecoExploreScreen, new) > category / collection > RecoDetailScreen ; RecommendationsScreen (old) still reachable from My Child > Books","recommendation (""why"" + consider + best-for + benefits)",Peekaboo Baby - Indian Faces,"Books recommendation with per-item why, consider, bestFor, skills, benefits, pvRating, communityLoves",3-12 months,78,1,placeholder,both/shared,lib/screens/post_pregnancy/pp_reco_data.dart,pvRating/communityLoves are invented numbers
parenting,Recommendations,"Explore > Recommendations (RecoExploreScreen, new) > category / collection > RecoDetailScreen ; RecommendationsScreen (old) still reachable from My Child > Books","recommendation (""why"" + consider + best-for + benefits)",How Are You Feeling Today?,"Books recommendation with per-item why, consider, bestFor, skills, benefits, pvRating, communityLoves",18-48 months,78,1,placeholder,both/shared,lib/screens/post_pregnancy/pp_reco_data.dart,pvRating/communityLoves are invented numbers
parenting,Recommendations,"Explore > Recommendations (RecoExploreScreen, new) > category / collection > RecoDetailScreen ; RecommendationsScreen (old) still reachable from My Child > Books","recommendation (""why"" + consider + best-for + benefits)",First Words: Animals,"Books recommendation with per-item why, consider, bestFor, skills, benefits, pvRating, communityLoves",6-24 months,78,1,placeholder,both/shared,lib/screens/post_pregnancy/pp_reco_data.dart,pvRating/communityLoves are invented numbers
parenting,Recommendations,"Explore > Recommendations (RecoExploreScreen, new) > category / collection > RecoDetailScreen ; RecommendationsScreen (old) still reachable from My Child > Books","recommendation (""why"" + consider + best-for + benefits)","Goodnight, Little Moon","Books recommendation with per-item why, consider, bestFor, skills, benefits, pvRating, communityLoves",6-36 months,78,1,placeholder,both/shared,lib/screens/post_pregnancy/pp_reco_data.dart,pvRating/communityLoves are invented numbers
parenting,Recommendations,"Explore > Recommendations (RecoExploreScreen, new) > category / collection > RecoDetailScreen ; RecommendationsScreen (old) still reachable from My Child > Activities","recommendation (""why"" + consider + best-for + benefits)","Peekaboo, slow and silly","Activities recommendation with per-item why, consider, bestFor, skills, benefits, pvRating, communityLoves",3-12 months,78,1,placeholder,both/shared,lib/screens/post_pregnancy/pp_reco_data.dart,pvRating/communityLoves are invented numbers
parenting,Recommendations,"Explore > Recommendations (RecoExploreScreen, new) > category / collection > RecoDetailScreen ; RecommendationsScreen (old) still reachable from My Child > Activities","recommendation (""why"" + consider + best-for + benefits)",Tummy-time mirror play,"Activities recommendation with per-item why, consider, bestFor, skills, benefits, pvRating, communityLoves",0-8 months,78,1,placeholder,both/shared,lib/screens/post_pregnancy/pp_reco_data.dart,pvRating/communityLoves are invented numbers
parenting,Recommendations,"Explore > Recommendations (RecoExploreScreen, new) > category / collection > RecoDetailScreen ; RecommendationsScreen (old) still reachable from My Child > Activities","recommendation (""why"" + consider + best-for + benefits)",A little texture basket,"Activities recommendation with per-item why, consider, bestFor, skills, benefits, pvRating, communityLoves",3-18 months,78,1,placeholder,both/shared,lib/screens/post_pregnancy/pp_reco_data.dart,pvRating/communityLoves are invented numbers
parenting,Recommendations,"Explore > Recommendations (RecoExploreScreen, new) > category / collection > RecoDetailScreen ; RecommendationsScreen (old) still reachable from My Child > Activities","recommendation (""why"" + consider + best-for + benefits)",Roll the ball back and forth,"Activities recommendation with per-item why, consider, bestFor, skills, benefits, pvRating, communityLoves",6-18 months,78,1,placeholder,both/shared,lib/screens/post_pregnancy/pp_reco_data.dart,pvRating/communityLoves are invented numbers
parenting,Recommendations,"Explore > Recommendations (RecoExploreScreen, new) > category / collection > RecoDetailScreen ; RecommendationsScreen (old) still reachable from My Child > Activities","recommendation (""why"" + consider + best-for + benefits)",Edible finger painting,"Activities recommendation with per-item why, consider, bestFor, skills, benefits, pvRating, communityLoves",8-30 months,78,1,placeholder,both/shared,lib/screens/post_pregnancy/pp_reco_data.dart,pvRating/communityLoves are invented numbers
parenting,Recommendations,"Explore > Recommendations (RecoExploreScreen, new) > category / collection > RecoDetailScreen ; RecommendationsScreen (old) still reachable from My Child > Toys","recommendation (""why"" + consider + best-for + benefits)",Wooden grasping ring,"Toys recommendation with per-item why, consider, bestFor, skills, benefits, pvRating, communityLoves",3-12 months,78,1,placeholder,both/shared,lib/screens/post_pregnancy/pp_reco_data.dart,pvRating/communityLoves are invented numbers
parenting,Recommendations,"Explore > Recommendations (RecoExploreScreen, new) > category / collection > RecoDetailScreen ; RecommendationsScreen (old) still reachable from My Child > Toys","recommendation (""why"" + consider + best-for + benefits)",Open-ended stacking cups,"Toys recommendation with per-item why, consider, bestFor, skills, benefits, pvRating, communityLoves",6-36 months,78,1,placeholder,both/shared,lib/screens/post_pregnancy/pp_reco_data.dart,pvRating/communityLoves are invented numbers
parenting,Recommendations,"Explore > Recommendations (RecoExploreScreen, new) > category / collection > RecoDetailScreen ; RecommendationsScreen (old) still reachable from My Child > Toys","recommendation (""why"" + consider + best-for + benefits)",High-contrast soft rattle,"Toys recommendation with per-item why, consider, bestFor, skills, benefits, pvRating, communityLoves",0-6 months,78,1,placeholder,both/shared,lib/screens/post_pregnancy/pp_reco_data.dart,pvRating/communityLoves are invented numbers
parenting,Recommendations,"Explore > Recommendations (RecoExploreScreen, new) > category / collection > RecoDetailScreen ; RecommendationsScreen (old) still reachable from My Child > Toys","recommendation (""why"" + consider + best-for + benefits)",Silicone fruit teether,"Toys recommendation with per-item why, consider, bestFor, skills, benefits, pvRating, communityLoves",3-12 months,78,1,placeholder,both/shared,lib/screens/post_pregnancy/pp_reco_data.dart,pvRating/communityLoves are invented numbers
parenting,Recommendations,"Explore > Recommendations (RecoExploreScreen, new) > category / collection > RecoDetailScreen ; RecommendationsScreen (old) still reachable from My Child > Toys","recommendation (""why"" + consider + best-for + benefits)",Wooden shape sorter,"Toys recommendation with per-item why, consider, bestFor, skills, benefits, pvRating, communityLoves",12-36 months,78,1,placeholder,both/shared,lib/screens/post_pregnancy/pp_reco_data.dart,pvRating/communityLoves are invented numbers
parenting,Recommendations,"Explore > Recommendations (RecoExploreScreen, new) > category / collection > RecoDetailScreen ; RecommendationsScreen (old) still reachable from My Child > Videos","recommendation (""why"" + consider + best-for + benefits)",Cause and effect: what the fussiness means,"Videos recommendation with per-item why, consider, bestFor, skills, benefits, pvRating, communityLoves",3-6 months,78,1,placeholder,both/shared,lib/screens/post_pregnancy/pp_reco_data.dart,pvRating/communityLoves are invented numbers
parenting,Recommendations,"Explore > Recommendations (RecoExploreScreen, new) > category / collection > RecoDetailScreen ; RecommendationsScreen (old) still reachable from My Child > Videos","recommendation (""why"" + consider + best-for + benefits)","The 4-month sleep shift, explained","Videos recommendation with per-item why, consider, bestFor, skills, benefits, pvRating, communityLoves",3-6 months,78,1,placeholder,both/shared,lib/screens/post_pregnancy/pp_reco_data.dart,pvRating/communityLoves are invented numbers
parenting,Recommendations,"Explore > Recommendations (RecoExploreScreen, new) > category / collection > RecoDetailScreen ; RecommendationsScreen (old) still reachable from My Child > Videos","recommendation (""why"" + consider + best-for + benefits)",How to: a calming baby massage,"Videos recommendation with per-item why, consider, bestFor, skills, benefits, pvRating, communityLoves",0-12 months,78,1,placeholder,both/shared,lib/screens/post_pregnancy/pp_reco_data.dart,pvRating/communityLoves are invented numbers
parenting,Recommendations,"Explore > Recommendations (RecoExploreScreen, new) > category / collection > RecoDetailScreen ; RecommendationsScreen (old) still reachable from My Child > Videos","recommendation (""why"" + consider + best-for + benefits)",How-to: your first baby signs,"Videos recommendation with per-item why, consider, bestFor, skills, benefits, pvRating, communityLoves",6-18 months,78,1,placeholder,both/shared,lib/screens/post_pregnancy/pp_reco_data.dart,pvRating/communityLoves are invented numbers
parenting,Recommendations,"Explore > Recommendations (RecoExploreScreen, new) > category / collection > RecoDetailScreen ; RecommendationsScreen (old) still reachable from My Child > Videos","recommendation (""why"" + consider + best-for + benefits)",Sing-along rhyme series,"Videos recommendation with per-item why, consider, bestFor, skills, benefits, pvRating, communityLoves",6-24 months,78,1,placeholder,both/shared,lib/screens/post_pregnancy/pp_reco_data.dart,pvRating/communityLoves are invented numbers
parenting,Recommendations,"Explore > Recommendations (RecoExploreScreen, new) > category / collection > RecoDetailScreen ; RecommendationsScreen (old) still reachable from My Child > Music","recommendation (""why"" + consider + best-for + benefits)",Gentle Indian lullabies,"Music recommendation with per-item why, consider, bestFor, skills, benefits, pvRating, communityLoves",0-24 months,78,1,placeholder,both/shared,lib/screens/post_pregnancy/pp_reco_data.dart,pvRating/communityLoves are invented numbers
parenting,Recommendations,"Explore > Recommendations (RecoExploreScreen, new) > category / collection > RecoDetailScreen ; RecommendationsScreen (old) still reachable from My Child > Music","recommendation (""why"" + consider + best-for + benefits)",Action rhymes & finger play,"Music recommendation with per-item why, consider, bestFor, skills, benefits, pvRating, communityLoves",4-24 months,78,1,placeholder,both/shared,lib/screens/post_pregnancy/pp_reco_data.dart,pvRating/communityLoves are invented numbers
parenting,Recommendations,"Explore > Recommendations (RecoExploreScreen, new) > category / collection > RecoDetailScreen ; RecommendationsScreen (old) still reachable from My Child > Music","recommendation (""why"" + consider + best-for + benefits)",Soft Indian classical for calm,"Music recommendation with per-item why, consider, bestFor, skills, benefits, pvRating, communityLoves",0-36 months,78,1,placeholder,both/shared,lib/screens/post_pregnancy/pp_reco_data.dart,pvRating/communityLoves are invented numbers
parenting,Recommendations,"Explore > Recommendations (RecoExploreScreen, new) > category / collection > RecoDetailScreen ; RecommendationsScreen (old) still reachable from My Child > Music","recommendation (""why"" + consider + best-for + benefits)",Classic English nursery rhymes,"Music recommendation with per-item why, consider, bestFor, skills, benefits, pvRating, communityLoves",4-36 months,78,1,placeholder,both/shared,lib/screens/post_pregnancy/pp_reco_data.dart,pvRating/communityLoves are invented numbers
parenting,Recommendations,"Explore > Recommendations (RecoExploreScreen, new) > category / collection > RecoDetailScreen ; RecommendationsScreen (old) still reachable from My Child > Music","recommendation (""why"" + consider + best-for + benefits)",Lullabies in your mother tongue,"Music recommendation with per-item why, consider, bestFor, skills, benefits, pvRating, communityLoves",0-24 months,78,1,placeholder,both/shared,lib/screens/post_pregnancy/pp_reco_data.dart,pvRating/communityLoves are invented numbers
parenting,Recommendations,"Explore > Recommendations (RecoExploreScreen, new) > category / collection > RecoDetailScreen ; RecommendationsScreen (old) still reachable from My Child > Outdoor","recommendation (""why"" + consider + best-for + benefits)",A slow morning stroller walk,"Outdoor recommendation with per-item why, consider, bestFor, skills, benefits, pvRating, communityLoves",0-36 months,78,1,placeholder,both/shared,lib/screens/post_pregnancy/pp_reco_data.dart,pvRating/communityLoves are invented numbers
parenting,Recommendations,"Explore > Recommendations (RecoExploreScreen, new) > category / collection > RecoDetailScreen ; RecommendationsScreen (old) still reachable from My Child > Outdoor","recommendation (""why"" + consider + best-for + benefits)",Under-the-tree blanket time,"Outdoor recommendation with per-item why, consider, bestFor, skills, benefits, pvRating, communityLoves",2-36 months,78,1,placeholder,both/shared,lib/screens/post_pregnancy/pp_reco_data.dart,pvRating/communityLoves are invented numbers
parenting,Recommendations,"Explore > Recommendations (RecoExploreScreen, new) > category / collection > RecoDetailScreen ; RecommendationsScreen (old) still reachable from My Child > Outdoor","recommendation (""why"" + consider + best-for + benefits)",A patch of garden to explore,"Outdoor recommendation with per-item why, consider, bestFor, skills, benefits, pvRating, communityLoves",8-48 months,78,1,placeholder,both/shared,lib/screens/post_pregnancy/pp_reco_data.dart,pvRating/communityLoves are invented numbers
parenting,Recommendations,"Explore > Recommendations (RecoExploreScreen, new) > category / collection > RecoDetailScreen ; RecommendationsScreen (old) still reachable from My Child > Outdoor","recommendation (""why"" + consider + best-for + benefits)",Gentle water play outdoors,"Outdoor recommendation with per-item why, consider, bestFor, skills, benefits, pvRating, communityLoves",6-36 months,78,1,placeholder,both/shared,lib/screens/post_pregnancy/pp_reco_data.dart,pvRating/communityLoves are invented numbers
parenting,Recommendations,"Explore > Recommendations (RecoExploreScreen, new) > category / collection > RecoDetailScreen ; RecommendationsScreen (old) still reachable from My Child > Outdoor","recommendation (""why"" + consider + best-for + benefits)",Evening sky-watching,"Outdoor recommendation with per-item why, consider, bestFor, skills, benefits, pvRating, communityLoves",0-36 months,78,1,placeholder,both/shared,lib/screens/post_pregnancy/pp_reco_data.dart,pvRating/communityLoves are invented numbers
parenting,Recommendations,"Explore > Recommendations (RecoExploreScreen, new) > category / collection > RecoDetailScreen ; RecommendationsScreen (old) still reachable from My Child > Experiences","recommendation (""why"" + consider + best-for + benefits)",Baby sensory class,"Experiences recommendation with per-item why, consider, bestFor, skills, benefits, pvRating, communityLoves",3-12 months,78,1,placeholder,both/shared,lib/screens/post_pregnancy/pp_reco_data.dart,pvRating/communityLoves are invented numbers
parenting,Recommendations,"Explore > Recommendations (RecoExploreScreen, new) > category / collection > RecoDetailScreen ; RecommendationsScreen (old) still reachable from My Child > Experiences","recommendation (""why"" + consider + best-for + benefits)",Parent-and-baby water time,"Experiences recommendation with per-item why, consider, bestFor, skills, benefits, pvRating, communityLoves",4-24 months,78,1,placeholder,both/shared,lib/screens/post_pregnancy/pp_reco_data.dart,pvRating/communityLoves are invented numbers
parenting,Recommendations,"Explore > Recommendations (RecoExploreScreen, new) > category / collection > RecoDetailScreen ; RecommendationsScreen (old) still reachable from My Child > Experiences","recommendation (""why"" + consider + best-for + benefits)",Parent-and-baby music circle,"Experiences recommendation with per-item why, consider, bestFor, skills, benefits, pvRating, communityLoves",3-24 months,78,1,placeholder,both/shared,lib/screens/post_pregnancy/pp_reco_data.dart,pvRating/communityLoves are invented numbers
parenting,Recommendations,"Explore > Recommendations (RecoExploreScreen, new) > category / collection > RecoDetailScreen ; RecommendationsScreen (old) still reachable from My Child > Experiences","recommendation (""why"" + consider + best-for + benefits)",A messy art playdate,"Experiences recommendation with per-item why, consider, bestFor, skills, benefits, pvRating, communityLoves",12-48 months,78,1,placeholder,both/shared,lib/screens/post_pregnancy/pp_reco_data.dart,pvRating/communityLoves are invented numbers
parenting,Recommendations,"Explore > Recommendations (RecoExploreScreen, new) > category / collection > RecoDetailScreen ; RecommendationsScreen (old) still reachable from My Child > Experiences","recommendation (""why"" + consider + best-for + benefits)",A visit to a petting farm,"Experiences recommendation with per-item why, consider, bestFor, skills, benefits, pvRating, communityLoves",12-60 months,78,1,placeholder,both/shared,lib/screens/post_pregnancy/pp_reco_data.dart,pvRating/communityLoves are invented numbers
parenting,Recommendations,"Explore > Recommendations (RecoExploreScreen, new) > category / collection > RecoDetailScreen ; RecommendationsScreen (old) still reachable from My Child > Products","recommendation (""why"" + consider + best-for + benefits)",Dozy white-noise soother,"Products recommendation with per-item why, consider, bestFor, skills, benefits, pvRating, communityLoves",0-24 months,78,1,placeholder,both/shared,lib/screens/post_pregnancy/pp_reco_data.dart,pvRating/communityLoves are invented numbers
parenting,Recommendations,"Explore > Recommendations (RecoExploreScreen, new) > category / collection > RecoDetailScreen ; RecommendationsScreen (old) still reachable from My Child > Products","recommendation (""why"" + consider + best-for + benefits)",Ergonomic soft carrier,"Products recommendation with per-item why, consider, bestFor, skills, benefits, pvRating, communityLoves",0-18 months,78,1,placeholder,both/shared,lib/screens/post_pregnancy/pp_reco_data.dart,pvRating/communityLoves are invented numbers
parenting,Recommendations,"Explore > Recommendations (RecoExploreScreen, new) > category / collection > RecoDetailScreen ; RecommendationsScreen (old) still reachable from My Child > Products","recommendation (""why"" + consider + best-for + benefits)",A simple video baby monitor,"Products recommendation with per-item why, consider, bestFor, skills, benefits, pvRating, communityLoves",0-36 months,78,1,placeholder,both/shared,lib/screens/post_pregnancy/pp_reco_data.dart,pvRating/communityLoves are invented numbers
parenting,Recommendations,"Explore > Recommendations (RecoExploreScreen, new) > category / collection > RecoDetailScreen ; RecommendationsScreen (old) still reachable from My Child > Products","recommendation (""why"" + consider + best-for + benefits)",Breathable muslin swaddles,"Products recommendation with per-item why, consider, bestFor, skills, benefits, pvRating, communityLoves",0-6 months,78,1,placeholder,both/shared,lib/screens/post_pregnancy/pp_reco_data.dart,pvRating/communityLoves are invented numbers
parenting,Recommendations,"Explore > Recommendations (RecoExploreScreen, new) > category / collection > RecoDetailScreen ; RecommendationsScreen (old) still reachable from My Child > Products","recommendation (""why"" + consider + best-for + benefits)",Silicone bib & bowl set,"Products recommendation with per-item why, consider, bestFor, skills, benefits, pvRating, communityLoves",6-36 months,78,1,placeholder,both/shared,lib/screens/post_pregnancy/pp_reco_data.dart,pvRating/communityLoves are invented numbers
parenting,Recommendations,"Explore > Recommendations (RecoExploreScreen, new) > category / collection > RecoDetailScreen ; RecommendationsScreen (old) still reachable from My Child > Parent Picks","recommendation (""why"" + consider + best-for + benefits)",The CDC Milestone Tracker (app),"Parent Picks recommendation with per-item why, consider, bestFor, skills, benefits, pvRating, communityLoves",0-60 months,78,1,placeholder,both/shared,lib/screens/post_pregnancy/pp_reco_data.dart,pvRating/communityLoves are invented numbers
parenting,Recommendations,"Explore > Recommendations (RecoExploreScreen, new) > category / collection > RecoDetailScreen ; RecommendationsScreen (old) still reachable from My Child > Parent Picks","recommendation (""why"" + consider + best-for + benefits)","Five minutes for you, too","Parent Picks recommendation with per-item why, consider, bestFor, skills, benefits, pvRating, communityLoves",0-12 months,78,1,placeholder,both/shared,lib/screens/post_pregnancy/pp_reco_data.dart,pvRating/communityLoves are invented numbers
parenting,Recommendations,"Explore > Recommendations (RecoExploreScreen, new) > category / collection > RecoDetailScreen ; RecommendationsScreen (old) still reachable from My Child > Parent Picks","recommendation (""why"" + consider + best-for + benefits)",A calm parenting podcast,"Parent Picks recommendation with per-item why, consider, bestFor, skills, benefits, pvRating, communityLoves",0-60 months,78,1,placeholder,both/shared,lib/screens/post_pregnancy/pp_reco_data.dart,pvRating/communityLoves are invented numbers
parenting,Recommendations,"Explore > Recommendations (RecoExploreScreen, new) > category / collection > RecoDetailScreen ; RecommendationsScreen (old) still reachable from My Child > Parent Picks","recommendation (""why"" + consider + best-for + benefits)",A simple sleep-log habit,"Parent Picks recommendation with per-item why, consider, bestFor, skills, benefits, pvRating, communityLoves",0-24 months,78,1,placeholder,both/shared,lib/screens/post_pregnancy/pp_reco_data.dart,pvRating/communityLoves are invented numbers
parenting,Recommendations,"Explore > Recommendations (RecoExploreScreen, new) > category / collection > RecoDetailScreen ; RecommendationsScreen (old) still reachable from My Child > Parent Picks","recommendation (""why"" + consider + best-for + benefits)","First foods, without the fear (book)","Parent Picks recommendation with per-item why, consider, bestFor, skills, benefits, pvRating, communityLoves",5-18 months,78,1,placeholder,both/shared,lib/screens/post_pregnancy/pp_reco_data.dart,pvRating/communityLoves are invented numbers
parenting,Recommendations,"Explore > Recommendations (RecoExploreScreen, new) > category / collection > RecoDetailScreen ; RecommendationsScreen (old) still reachable from My Child > Events","recommendation (""why"" + consider + best-for + benefits)",Library baby story-time,"Events recommendation with per-item why, consider, bestFor, skills, benefits, pvRating, communityLoves",0-36 months,78,1,placeholder,both/shared,lib/screens/post_pregnancy/pp_reco_data.dart,pvRating/communityLoves are invented numbers
parenting,Recommendations,"Explore > Recommendations (RecoExploreScreen, new) > category / collection > RecoDetailScreen ; RecommendationsScreen (old) still reachable from My Child > Events","recommendation (""why"" + consider + best-for + benefits)","His first festival, gently","Events recommendation with per-item why, consider, bestFor, skills, benefits, pvRating, communityLoves",0-24 months,78,1,placeholder,both/shared,lib/screens/post_pregnancy/pp_reco_data.dart,pvRating/communityLoves are invented numbers
parenting,Recommendations,"Explore > Recommendations (RecoExploreScreen, new) > category / collection > RecoDetailScreen ; RecommendationsScreen (old) still reachable from My Child > Events","recommendation (""why"" + consider + best-for + benefits)",A neighbourhood playgroup,"Events recommendation with per-item why, consider, bestFor, skills, benefits, pvRating, communityLoves",6-48 months,78,1,placeholder,both/shared,lib/screens/post_pregnancy/pp_reco_data.dart,pvRating/communityLoves are invented numbers
parenting,Recommendations,"Explore > Recommendations (RecoExploreScreen, new) > category / collection > RecoDetailScreen ; RecommendationsScreen (old) still reachable from My Child > Events","recommendation (""why"" + consider + best-for + benefits)",A baby-massage workshop,"Events recommendation with per-item why, consider, bestFor, skills, benefits, pvRating, communityLoves",0-12 months,78,1,placeholder,both/shared,lib/screens/post_pregnancy/pp_reco_data.dart,pvRating/communityLoves are invented numbers
parenting,Recommendations,"Explore > Recommendations (RecoExploreScreen, new) > category / collection > RecoDetailScreen ; RecommendationsScreen (old) still reachable from My Child > Events","recommendation (""why"" + consider + best-for + benefits)",A quiet museum morning,"Events recommendation with per-item why, consider, bestFor, skills, benefits, pvRating, communityLoves",12-60 months,78,1,placeholder,both/shared,lib/screens/post_pregnancy/pp_reco_data.dart,pvRating/communityLoves are invented numbers
parenting,Recommendations,"Explore > Recommendations (RecoExploreScreen, new) > category / collection > RecoDetailScreen ; RecommendationsScreen (old) still reachable from My Child > Travel","recommendation (""why"" + consider + best-for + benefits)",The 4-month travel kit,"Travel recommendation with per-item why, consider, bestFor, skills, benefits, pvRating, communityLoves",0-18 months,78,1,placeholder,both/shared,lib/screens/post_pregnancy/pp_reco_data.dart,pvRating/communityLoves are invented numbers
parenting,Recommendations,"Explore > Recommendations (RecoExploreScreen, new) > category / collection > RecoDetailScreen ; RecommendationsScreen (old) still reachable from My Child > Travel","recommendation (""why"" + consider + best-for + benefits)",A slow hill-station break,"Travel recommendation with per-item why, consider, bestFor, skills, benefits, pvRating, communityLoves",3-36 months,78,1,placeholder,both/shared,lib/screens/post_pregnancy/pp_reco_data.dart,pvRating/communityLoves are invented numbers
parenting,Recommendations,"Explore > Recommendations (RecoExploreScreen, new) > category / collection > RecoDetailScreen ; RecommendationsScreen (old) still reachable from My Child > Travel","recommendation (""why"" + consider + best-for + benefits)",A calm beach stay,"Travel recommendation with per-item why, consider, bestFor, skills, benefits, pvRating, communityLoves",6-48 months,78,1,placeholder,both/shared,lib/screens/post_pregnancy/pp_reco_data.dart,pvRating/communityLoves are invented numbers
parenting,Recommendations,"Explore > Recommendations (RecoExploreScreen, new) > category / collection > RecoDetailScreen ; RecommendationsScreen (old) still reachable from My Child > Travel","recommendation (""why"" + consider + best-for + benefits)",The road-trip car kit,"Travel recommendation with per-item why, consider, bestFor, skills, benefits, pvRating, communityLoves",0-36 months,78,1,placeholder,both/shared,lib/screens/post_pregnancy/pp_reco_data.dart,pvRating/communityLoves are invented numbers
parenting,Recommendations,"Explore > Recommendations (RecoExploreScreen, new) > category / collection > RecoDetailScreen ; RecommendationsScreen (old) still reachable from My Child > Travel","recommendation (""why"" + consider + best-for + benefits)",A trip to the grandparents,"Travel recommendation with per-item why, consider, bestFor, skills, benefits, pvRating, communityLoves",0-60 months,78,1,placeholder,both/shared,lib/screens/post_pregnancy/pp_reco_data.dart,pvRating/communityLoves are invented numbers
parenting,Recommendations,"Explore > Recommendations (RecoExploreScreen, new) > category / collection > RecoDetailScreen ; RecommendationsScreen (old) still reachable from My Child > Restaurants","recommendation (""why"" + consider + best-for + benefits)",Baby-friendly cafe outings,"Restaurants recommendation with per-item why, consider, bestFor, skills, benefits, pvRating, communityLoves",0-36 months,78,1,placeholder,both/shared,lib/screens/post_pregnancy/pp_reco_data.dart,pvRating/communityLoves are invented numbers
parenting,Recommendations,"Explore > Recommendations (RecoExploreScreen, new) > category / collection > RecoDetailScreen ; RecommendationsScreen (old) still reachable from My Child > Restaurants","recommendation (""why"" + consider + best-for + benefits)",A relaxed family restaurant,"Restaurants recommendation with per-item why, consider, bestFor, skills, benefits, pvRating, communityLoves",6-60 months,78,1,placeholder,both/shared,lib/screens/post_pregnancy/pp_reco_data.dart,pvRating/communityLoves are invented numbers
parenting,Recommendations,"Explore > Recommendations (RecoExploreScreen, new) > category / collection > RecoDetailScreen ; RecommendationsScreen (old) still reachable from My Child > Restaurants","recommendation (""why"" + consider + best-for + benefits)",An open-air garden eatery,"Restaurants recommendation with per-item why, consider, bestFor, skills, benefits, pvRating, communityLoves",12-60 months,78,1,placeholder,both/shared,lib/screens/post_pregnancy/pp_reco_data.dart,pvRating/communityLoves are invented numbers
parenting,Recommendations,"Explore > Recommendations (RecoExploreScreen, new) > category / collection > RecoDetailScreen ; RecommendationsScreen (old) still reachable from My Child > Restaurants","recommendation (""why"" + consider + best-for + benefits)",A quiet weekday brunch spot,"Restaurants recommendation with per-item why, consider, bestFor, skills, benefits, pvRating, communityLoves",0-36 months,78,1,placeholder,both/shared,lib/screens/post_pregnancy/pp_reco_data.dart,pvRating/communityLoves are invented numbers
parenting,Recommendations,"Explore > Recommendations (RecoExploreScreen, new) > category / collection > RecoDetailScreen ; RecommendationsScreen (old) still reachable from My Child > Birthday Ideas","recommendation (""why"" + consider + best-for + benefits)",A gentle first birthday,"Birthday Ideas recommendation with per-item why, consider, bestFor, skills, benefits, pvRating, communityLoves",9-15 months,78,1,placeholder,both/shared,lib/screens/post_pregnancy/pp_reco_data.dart,pvRating/communityLoves are invented numbers
parenting,Recommendations,"Explore > Recommendations (RecoExploreScreen, new) > category / collection > RecoDetailScreen ; RecommendationsScreen (old) still reachable from My Child > Birthday Ideas","recommendation (""why"" + consider + best-for + benefits)",A first-year keepsake,"Birthday Ideas recommendation with per-item why, consider, bestFor, skills, benefits, pvRating, communityLoves",9-15 months,78,1,placeholder,both/shared,lib/screens/post_pregnancy/pp_reco_data.dart,pvRating/communityLoves are invented numbers
parenting,Recommendations,"Explore > Recommendations (RecoExploreScreen, new) > category / collection > RecoDetailScreen ; RecommendationsScreen (old) still reachable from My Child > Birthday Ideas","recommendation (""why"" + consider + best-for + benefits)",Gentle DIY decor,"Birthday Ideas recommendation with per-item why, consider, bestFor, skills, benefits, pvRating, communityLoves",9-24 months,78,1,placeholder,both/shared,lib/screens/post_pregnancy/pp_reco_data.dart,pvRating/communityLoves are invented numbers
parenting,Recommendations,"Explore > Recommendations (RecoExploreScreen, new) > category / collection > RecoDetailScreen ; RecommendationsScreen (old) still reachable from My Child > Birthday Ideas","recommendation (""why"" + consider + best-for + benefits)",A mindful smash cake,"Birthday Ideas recommendation with per-item why, consider, bestFor, skills, benefits, pvRating, communityLoves",9-15 months,78,1,placeholder,both/shared,lib/screens/post_pregnancy/pp_reco_data.dart,pvRating/communityLoves are invented numbers
parenting,Recommendations,"Explore > Recommendations (RecoExploreScreen, new) > category / collection > RecoDetailScreen ; RecommendationsScreen (old) still reachable from My Child > Birthday Ideas","recommendation (""why"" + consider + best-for + benefits)",Meaningful return gifts,"Birthday Ideas recommendation with per-item why, consider, bestFor, skills, benefits, pvRating, communityLoves",9-60 months,78,1,placeholder,both/shared,lib/screens/post_pregnancy/pp_reco_data.dart,pvRating/communityLoves are invented numbers
parenting,Recommendations,"Explore > Recommendations (RecoExploreScreen, new) > category / collection > RecoDetailScreen ; RecommendationsScreen (old) still reachable from My Child > Learning","recommendation (""why"" + consider + best-for + benefits)",Narrate-your-day habit,"Learning recommendation with per-item why, consider, bestFor, skills, benefits, pvRating, communityLoves",0-24 months,78,1,placeholder,both/shared,lib/screens/post_pregnancy/pp_reco_data.dart,pvRating/communityLoves are invented numbers
parenting,Recommendations,"Explore > Recommendations (RecoExploreScreen, new) > category / collection > RecoDetailScreen ; RecommendationsScreen (old) still reachable from My Child > Learning","recommendation (""why"" + consider + best-for + benefits)",A few first baby signs,"Learning recommendation with per-item why, consider, bestFor, skills, benefits, pvRating, communityLoves",6-18 months,78,1,placeholder,both/shared,lib/screens/post_pregnancy/pp_reco_data.dart,pvRating/communityLoves are invented numbers
parenting,Recommendations,"Explore > Recommendations (RecoExploreScreen, new) > category / collection > RecoDetailScreen ; RecommendationsScreen (old) still reachable from My Child > Learning","recommendation (""why"" + consider + best-for + benefits)",First-words picture cards,"Learning recommendation with per-item why, consider, bestFor, skills, benefits, pvRating, communityLoves",6-24 months,78,1,placeholder,both/shared,lib/screens/post_pregnancy/pp_reco_data.dart,pvRating/communityLoves are invented numbers
parenting,Recommendations,"Explore > Recommendations (RecoExploreScreen, new) > category / collection > RecoDetailScreen ; RecommendationsScreen (old) still reachable from My Child > Learning","recommendation (""why"" + consider + best-for + benefits)",Counting in everyday moments,"Learning recommendation with per-item why, consider, bestFor, skills, benefits, pvRating, communityLoves",12-36 months,78,1,placeholder,both/shared,lib/screens/post_pregnancy/pp_reco_data.dart,pvRating/communityLoves are invented numbers
parenting,Recommendations,"Explore > Recommendations (RecoExploreScreen, new) > category / collection > RecoDetailScreen ; RecommendationsScreen (old) still reachable from My Child > Learning","recommendation (""why"" + consider + best-for + benefits)",Learning through song,"Learning recommendation with per-item why, consider, bestFor, skills, benefits, pvRating, communityLoves",0-24 months,78,1,placeholder,both/shared,lib/screens/post_pregnancy/pp_reco_data.dart,pvRating/communityLoves are invented numbers
parenting,Recommendations,"Explore > Recommendations (RecoExploreScreen, new) > category / collection > RecoDetailScreen ; RecommendationsScreen (old) still reachable from My Child > Smart collections",collection copy,"10 RecoCollection (Books About Emotions, Sensory Play, Rainy Day, Weekend Family Ideas, Open-Ended Toys, First Birthday Ideas, Travel Essentials, Indian Story Books, Montessori Picks, Music & Rhymes)",Collection title + one-liner,all parenting,90,10,placeholder,both/shared,lib/screens/post_pregnancy/pp_reco_data.dart,14 facet groups (_catFacets) also carry filter labels
parenting,Development (V1 companion),"Brain tab (GrowHomeScreen, V1|V2|V3 toggle; V1 default) > V1 = DevelopmentHomeScreen > area 'Thinking & Problem Solving' > DevelopmentAreaScreen > DevStageDetailScreen",development area journey,Thinking & Problem Solving,"Area intro + 5 journey stages (name, meaning, why, activities)",birth to 5,540,1,placeholder,both/shared,lib/screens/post_pregnancy/pp_development_data.dart,5 stages
parenting,Development (V1 companion),"Brain tab (GrowHomeScreen, V1|V2|V3 toggle; V1 default) > V1 = DevelopmentHomeScreen > area 'Language & Communication' > DevelopmentAreaScreen > DevStageDetailScreen",development area journey,Language & Communication,"Area intro + 5 journey stages (name, meaning, why, activities)",birth to 5,486,1,placeholder,both/shared,lib/screens/post_pregnancy/pp_development_data.dart,5 stages
parenting,Development (V1 companion),"Brain tab (GrowHomeScreen, V1|V2|V3 toggle; V1 default) > V1 = DevelopmentHomeScreen > area 'Gross Motor' > DevelopmentAreaScreen > DevStageDetailScreen",development area journey,Gross Motor,"Area intro + 6 journey stages (name, meaning, why, activities)",birth to 5,546,1,placeholder,both/shared,lib/screens/post_pregnancy/pp_development_data.dart,6 stages
parenting,Development (V1 companion),"Brain tab (GrowHomeScreen, V1|V2|V3 toggle; V1 default) > V1 = DevelopmentHomeScreen > area 'Fine Motor' > DevelopmentAreaScreen > DevStageDetailScreen",development area journey,Fine Motor,"Area intro + 4 journey stages (name, meaning, why, activities)",birth to 5,312,1,placeholder,both/shared,lib/screens/post_pregnancy/pp_development_data.dart,4 stages
parenting,Development (V1 companion),"Brain tab (GrowHomeScreen, V1|V2|V3 toggle; V1 default) > V1 = DevelopmentHomeScreen > area 'Emotional' > DevelopmentAreaScreen > DevStageDetailScreen",development area journey,Emotional,"Area intro + 4 journey stages (name, meaning, why, activities)",birth to 5,396,1,placeholder,both/shared,lib/screens/post_pregnancy/pp_development_data.dart,4 stages
parenting,Development (V1 companion),"Brain tab (GrowHomeScreen, V1|V2|V3 toggle; V1 default) > V1 = DevelopmentHomeScreen > area 'Social' > DevelopmentAreaScreen > DevStageDetailScreen",development area journey,Social,"Area intro + 4 journey stages (name, meaning, why, activities)",birth to 5,275,1,placeholder,both/shared,lib/screens/post_pregnancy/pp_development_data.dart,4 stages
parenting,Development (V1 companion),"Brain tab (GrowHomeScreen, V1|V2|V3 toggle; V1 default) > V1 = DevelopmentHomeScreen > area 'Creativity & Imagination' > DevelopmentAreaScreen > DevStageDetailScreen",development area journey,Creativity & Imagination,"Area intro + 3 journey stages (name, meaning, why, activities)",birth to 5,188,1,placeholder,both/shared,lib/screens/post_pregnancy/pp_development_data.dart,3 stages
parenting,Development (V1 companion),"Brain tab (GrowHomeScreen, V1|V2|V3 toggle; V1 default) > V1 = DevelopmentHomeScreen > area 'Self-care & Independence' > DevelopmentAreaScreen > DevStageDetailScreen",development area journey,Self-care & Independence,"Area intro + 3 journey stages (name, meaning, why, activities)",birth to 5,204,1,placeholder,both/shared,lib/screens/post_pregnancy/pp_development_data.dart,3 stages
parenting,Development activities,"Brain tab (GrowHomeScreen, V1|V2|V3 toggle; V1 default) > V1 = DevelopmentHomeScreen > Today's focus / All activities (pp_activities surface) > DevelopmentActivityScreen",activity,"Peekaboo, slow and silly","Activity: benefit, materials, skills, safety, 4 steps",3-6 mo,82,1,placeholder,both/shared,lib/screens/post_pregnancy/pp_development_data.dart + pp_grow_activities.dart,8 in kDevActivities + 39 in kGrowExtraActivities; also surfaced on V3 home and Early learning door
parenting,Development activities,"Brain tab (GrowHomeScreen, V1|V2|V3 toggle; V1 default) > V1 = DevelopmentHomeScreen > Today's focus / All activities (pp_activities surface) > DevelopmentActivityScreen",activity,Narrate & pause,"Activity: benefit, materials, skills, safety, 4 steps",3-6 mo,64,1,placeholder,both/shared,lib/screens/post_pregnancy/pp_development_data.dart + pp_grow_activities.dart,8 in kDevActivities + 39 in kGrowExtraActivities; also surfaced on V3 home and Early learning door
parenting,Development activities,"Brain tab (GrowHomeScreen, V1|V2|V3 toggle; V1 default) > V1 = DevelopmentHomeScreen > Today's focus / All activities (pp_activities surface) > DevelopmentActivityScreen",activity,Tummy-time mirror play,"Activity: benefit, materials, skills, safety, 4 steps",3-6 mo,80,1,placeholder,both/shared,lib/screens/post_pregnancy/pp_development_data.dart + pp_grow_activities.dart,8 in kDevActivities + 39 in kGrowExtraActivities; also surfaced on V3 home and Early learning door
parenting,Development activities,"Brain tab (GrowHomeScreen, V1|V2|V3 toggle; V1 default) > V1 = DevelopmentHomeScreen > Today's focus / All activities (pp_activities surface) > DevelopmentActivityScreen",activity,Encourage the roll,"Activity: benefit, materials, skills, safety, 4 steps",3-6 mo,62,1,placeholder,both/shared,lib/screens/post_pregnancy/pp_development_data.dart + pp_grow_activities.dart,8 in kDevActivities + 39 in kGrowExtraActivities; also surfaced on V3 home and Early learning door
parenting,Development activities,"Brain tab (GrowHomeScreen, V1|V2|V3 toggle; V1 default) > V1 = DevelopmentHomeScreen > Today's focus / All activities (pp_activities surface) > DevelopmentActivityScreen",activity,Reach for the ring,"Activity: benefit, materials, skills, safety, 4 steps",3-6 mo,68,1,placeholder,both/shared,lib/screens/post_pregnancy/pp_development_data.dart + pp_grow_activities.dart,8 in kDevActivities + 39 in kGrowExtraActivities; also surfaced on V3 home and Early learning door
parenting,Development activities,"Brain tab (GrowHomeScreen, V1|V2|V3 toggle; V1 default) > V1 = DevelopmentHomeScreen > Today's focus / All activities (pp_activities surface) > DevelopmentActivityScreen",activity,A little texture basket,"Activity: benefit, materials, skills, safety, 4 steps",3-6 mo,72,1,placeholder,both/shared,lib/screens/post_pregnancy/pp_development_data.dart + pp_grow_activities.dart,8 in kDevActivities + 39 in kGrowExtraActivities; also surfaced on V3 home and Early learning door
parenting,Development activities,"Brain tab (GrowHomeScreen, V1|V2|V3 toggle; V1 default) > V1 = DevelopmentHomeScreen > Today's focus / All activities (pp_activities surface) > DevelopmentActivityScreen",activity,"Black, white & red","Activity: benefit, materials, skills, safety, 4 steps",0-6 mo,57,1,placeholder,both/shared,lib/screens/post_pregnancy/pp_development_data.dart + pp_grow_activities.dart,8 in kDevActivities + 39 in kGrowExtraActivities; also surfaced on V3 home and Early learning door
parenting,Development activities,"Brain tab (GrowHomeScreen, V1|V2|V3 toggle; V1 default) > V1 = DevelopmentHomeScreen > Today's focus / All activities (pp_activities surface) > DevelopmentActivityScreen",activity,"Sing, pause, and play","Activity: benefit, materials, skills, safety, 4 steps",3-12 mo,57,1,placeholder,both/shared,lib/screens/post_pregnancy/pp_development_data.dart + pp_grow_activities.dart,8 in kDevActivities + 39 in kGrowExtraActivities; also surfaced on V3 home and Early learning door
parenting,Development activities,"Brain tab (GrowHomeScreen, V1|V2|V3 toggle; V1 default) > V1 = DevelopmentHomeScreen > Today's focus / All activities (pp_activities surface) > DevelopmentActivityScreen",activity,"Face to face, up close","Activity: benefit, materials, skills, safety, 4 steps",0-3 mo,95,1,placeholder,both/shared,lib/screens/post_pregnancy/pp_development_data.dart + pp_grow_activities.dart,8 in kDevActivities + 39 in kGrowExtraActivities; also surfaced on V3 home and Early learning door
parenting,Development activities,"Brain tab (GrowHomeScreen, V1|V2|V3 toggle; V1 default) > V1 = DevelopmentHomeScreen > Today's focus / All activities (pp_activities surface) > DevelopmentActivityScreen",activity,Follow the slow toy,"Activity: benefit, materials, skills, safety, 4 steps",0-3 mo,94,1,placeholder,both/shared,lib/screens/post_pregnancy/pp_development_data.dart + pp_grow_activities.dart,8 in kDevActivities + 39 in kGrowExtraActivities; also surfaced on V3 home and Early learning door
parenting,Development activities,"Brain tab (GrowHomeScreen, V1|V2|V3 toggle; V1 default) > V1 = DevelopmentHomeScreen > Today's focus / All activities (pp_activities surface) > DevelopmentActivityScreen",activity,The first tummy minutes,"Activity: benefit, materials, skills, safety, 4 steps",0-3 mo,110,1,placeholder,both/shared,lib/screens/post_pregnancy/pp_development_data.dart + pp_grow_activities.dart,8 in kDevActivities + 39 in kGrowExtraActivities; also surfaced on V3 home and Early learning door
parenting,Development activities,"Brain tab (GrowHomeScreen, V1|V2|V3 toggle; V1 default) > V1 = DevelopmentHomeScreen > Today's focus / All activities (pp_activities surface) > DevelopmentActivityScreen",activity,Open the little fist,"Activity: benefit, materials, skills, safety, 4 steps",0-3 mo,75,1,placeholder,both/shared,lib/screens/post_pregnancy/pp_development_data.dart + pp_grow_activities.dart,8 in kDevActivities + 39 in kGrowExtraActivities; also surfaced on V3 home and Early learning door
parenting,Development activities,"Brain tab (GrowHomeScreen, V1|V2|V3 toggle; V1 default) > V1 = DevelopmentHomeScreen > Today's focus / All activities (pp_activities surface) > DevelopmentActivityScreen",activity,The 3am voice,"Activity: benefit, materials, skills, safety, 4 steps",0-3 mo,88,1,placeholder,both/shared,lib/screens/post_pregnancy/pp_development_data.dart + pp_grow_activities.dart,8 in kDevActivities + 39 in kGrowExtraActivities; also surfaced on V3 home and Early learning door
parenting,Development activities,"Brain tab (GrowHomeScreen, V1|V2|V3 toggle; V1 default) > V1 = DevelopmentHomeScreen > Today's focus / All activities (pp_activities surface) > DevelopmentActivityScreen",activity,Musical babble,"Activity: benefit, materials, skills, safety, 4 steps",3-8 mo,77,1,placeholder,both/shared,lib/screens/post_pregnancy/pp_development_data.dart + pp_grow_activities.dart,8 in kDevActivities + 39 in kGrowExtraActivities; also surfaced on V3 home and Early learning door
parenting,Development activities,"Brain tab (GrowHomeScreen, V1|V2|V3 toggle; V1 default) > V1 = DevelopmentHomeScreen > Today's focus / All activities (pp_activities surface) > DevelopmentActivityScreen",activity,Mirror faces,"Activity: benefit, materials, skills, safety, 4 steps",2-6 mo,89,1,placeholder,both/shared,lib/screens/post_pregnancy/pp_development_data.dart + pp_grow_activities.dart,8 in kDevActivities + 39 in kGrowExtraActivities; also surfaced on V3 home and Early learning door
parenting,Development activities,"Brain tab (GrowHomeScreen, V1|V2|V3 toggle; V1 default) > V1 = DevelopmentHomeScreen > Today's focus / All activities (pp_activities surface) > DevelopmentActivityScreen",activity,"Kick, and it sings","Activity: benefit, materials, skills, safety, 4 steps",0-12 mo,96,1,placeholder,both/shared,lib/screens/post_pregnancy/pp_development_data.dart + pp_grow_activities.dart,8 in kDevActivities + 39 in kGrowExtraActivities; also surfaced on V3 home and Early learning door
parenting,Development activities,"Brain tab (GrowHomeScreen, V1|V2|V3 toggle; V1 default) > V1 = DevelopmentHomeScreen > Today's focus / All activities (pp_activities surface) > DevelopmentActivityScreen",activity,A basket of real things,"Activity: benefit, materials, skills, safety, 4 steps",6-9 mo,112,1,placeholder,both/shared,lib/screens/post_pregnancy/pp_development_data.dart + pp_grow_activities.dart,8 in kDevActivities + 39 in kGrowExtraActivities; also surfaced on V3 home and Early learning door
parenting,Development activities,"Brain tab (GrowHomeScreen, V1|V2|V3 toggle; V1 default) > V1 = DevelopmentHomeScreen > Today's focus / All activities (pp_activities surface) > DevelopmentActivityScreen",activity,Ball drop,"Activity: benefit, materials, skills, safety, 4 steps",6-9 mo,86,1,placeholder,both/shared,lib/screens/post_pregnancy/pp_development_data.dart + pp_grow_activities.dart,8 in kDevActivities + 39 in kGrowExtraActivities; also surfaced on V3 home and Early learning door
parenting,Development activities,"Brain tab (GrowHomeScreen, V1|V2|V3 toggle; V1 default) > V1 = DevelopmentHomeScreen > Today's focus / All activities (pp_activities surface) > DevelopmentActivityScreen",activity,Let him hold the spoon,"Activity: benefit, materials, skills, safety, 4 steps",6-9 mo,101,1,placeholder,both/shared,lib/screens/post_pregnancy/pp_development_data.dart + pp_grow_activities.dart,8 in kDevActivities + 39 in kGrowExtraActivities; also surfaced on V3 home and Early learning door
parenting,Development activities,"Brain tab (GrowHomeScreen, V1|V2|V3 toggle; V1 default) > V1 = DevelopmentHomeScreen > Today's focus / All activities (pp_activities surface) > DevelopmentActivityScreen",activity,Name what he is already looking at,"Activity: benefit, materials, skills, safety, 4 steps",6-9 mo,67,1,placeholder,both/shared,lib/screens/post_pregnancy/pp_development_data.dart + pp_grow_activities.dart,8 in kDevActivities + 39 in kGrowExtraActivities; also surfaced on V3 home and Early learning door
parenting,Development activities,"Brain tab (GrowHomeScreen, V1|V2|V3 toggle; V1 default) > V1 = DevelopmentHomeScreen > Today's focus / All activities (pp_activities surface) > DevelopmentActivityScreen",activity,Sorting cups,"Activity: benefit, materials, skills, safety, 4 steps",9-12 mo,86,1,placeholder,both/shared,lib/screens/post_pregnancy/pp_development_data.dart + pp_grow_activities.dart,8 in kDevActivities + 39 in kGrowExtraActivities; also surfaced on V3 home and Early learning door
parenting,Development activities,"Brain tab (GrowHomeScreen, V1|V2|V3 toggle; V1 default) > V1 = DevelopmentHomeScreen > Today's focus / All activities (pp_activities surface) > DevelopmentActivityScreen",activity,Cruise the sofa,"Activity: benefit, materials, skills, safety, 4 steps",9-12 mo,101,1,placeholder,both/shared,lib/screens/post_pregnancy/pp_development_data.dart + pp_grow_activities.dart,8 in kDevActivities + 39 in kGrowExtraActivities; also surfaced on V3 home and Early learning door
parenting,Development activities,"Brain tab (GrowHomeScreen, V1|V2|V3 toggle; V1 default) > V1 = DevelopmentHomeScreen > Today's focus / All activities (pp_activities surface) > DevelopmentActivityScreen",activity,Pincer practice,"Activity: benefit, materials, skills, safety, 4 steps",9-12 mo,99,1,placeholder,both/shared,lib/screens/post_pregnancy/pp_development_data.dart + pp_grow_activities.dart,8 in kDevActivities + 39 in kGrowExtraActivities; also surfaced on V3 home and Early learning door
parenting,Development activities,"Brain tab (GrowHomeScreen, V1|V2|V3 toggle; V1 default) > V1 = DevelopmentHomeScreen > Today's focus / All activities (pp_activities surface) > DevelopmentActivityScreen",activity,"Wave, clap, bye-bye","Activity: benefit, materials, skills, safety, 4 steps",9-12 mo,69,1,placeholder,both/shared,lib/screens/post_pregnancy/pp_development_data.dart + pp_grow_activities.dart,8 in kDevActivities + 39 in kGrowExtraActivities; also surfaced on V3 home and Early learning door
parenting,Development activities,"Brain tab (GrowHomeScreen, V1|V2|V3 toggle; V1 default) > V1 = DevelopmentHomeScreen > Today's focus / All activities (pp_activities surface) > DevelopmentActivityScreen",activity,Sips from an open cup,"Activity: benefit, materials, skills, safety, 4 steps",9-12 mo,86,1,placeholder,both/shared,lib/screens/post_pregnancy/pp_development_data.dart + pp_grow_activities.dart,8 in kDevActivities + 39 in kGrowExtraActivities; also surfaced on V3 home and Early learning door
parenting,Development activities,"Brain tab (GrowHomeScreen, V1|V2|V3 toggle; V1 default) > V1 = DevelopmentHomeScreen > Today's focus / All activities (pp_activities surface) > DevelopmentActivityScreen",activity,"Stack it, crash it","Activity: benefit, materials, skills, safety, 4 steps",12-18 mo,91,1,placeholder,both/shared,lib/screens/post_pregnancy/pp_development_data.dart + pp_grow_activities.dart,8 in kDevActivities + 39 in kGrowExtraActivities; also surfaced on V3 home and Early learning door
parenting,Development activities,"Brain tab (GrowHomeScreen, V1|V2|V3 toggle; V1 default) > V1 = DevelopmentHomeScreen > Today's focus / All activities (pp_activities surface) > DevelopmentActivityScreen",activity,Point-and-name a book,"Activity: benefit, materials, skills, safety, 4 steps",12-18 mo,81,1,placeholder,both/shared,lib/screens/post_pregnancy/pp_development_data.dart + pp_grow_activities.dart,8 in kDevActivities + 39 in kGrowExtraActivities; also surfaced on V3 home and Early learning door
parenting,Development activities,"Brain tab (GrowHomeScreen, V1|V2|V3 toggle; V1 default) > V1 = DevelopmentHomeScreen > Today's focus / All activities (pp_activities surface) > DevelopmentActivityScreen",activity,Push something heavy,"Activity: benefit, materials, skills, safety, 4 steps",12-18 mo,102,1,placeholder,both/shared,lib/screens/post_pregnancy/pp_development_data.dart + pp_grow_activities.dart,8 in kDevActivities + 39 in kGrowExtraActivities; also surfaced on V3 home and Early learning door
parenting,Development activities,"Brain tab (GrowHomeScreen, V1|V2|V3 toggle; V1 default) > V1 = DevelopmentHomeScreen > Today's focus / All activities (pp_activities surface) > DevelopmentActivityScreen",activity,The first scribble,"Activity: benefit, materials, skills, safety, 4 steps",12-18 mo,85,1,placeholder,both/shared,lib/screens/post_pregnancy/pp_development_data.dart + pp_grow_activities.dart,8 in kDevActivities + 39 in kGrowExtraActivities; also surfaced on V3 home and Early learning door
parenting,Development activities,"Brain tab (GrowHomeScreen, V1|V2|V3 toggle; V1 default) > V1 = DevelopmentHomeScreen > Today's focus / All activities (pp_activities surface) > DevelopmentActivityScreen",activity,"Shoes off, by himself","Activity: benefit, materials, skills, safety, 4 steps",12-18 mo,67,1,placeholder,both/shared,lib/screens/post_pregnancy/pp_development_data.dart + pp_grow_activities.dart,8 in kDevActivities + 39 in kGrowExtraActivities; also surfaced on V3 home and Early learning door
parenting,Development activities,"Brain tab (GrowHomeScreen, V1|V2|V3 toggle; V1 default) > V1 = DevelopmentHomeScreen > Today's focus / All activities (pp_activities surface) > DevelopmentActivityScreen",activity,Pretend chai,"Activity: benefit, materials, skills, safety, 4 steps",18-24 mo,81,1,placeholder,both/shared,lib/screens/post_pregnancy/pp_development_data.dart + pp_grow_activities.dart,8 in kDevActivities + 39 in kGrowExtraActivities; also surfaced on V3 home and Early learning door
parenting,Development activities,"Brain tab (GrowHomeScreen, V1|V2|V3 toggle; V1 default) > V1 = DevelopmentHomeScreen > Today's focus / All activities (pp_activities surface) > DevelopmentActivityScreen",activity,Add one word to his,"Activity: benefit, materials, skills, safety, 4 steps",18-24 mo,66,1,placeholder,both/shared,lib/screens/post_pregnancy/pp_development_data.dart + pp_grow_activities.dart,8 in kDevActivities + 39 in kGrowExtraActivities; also surfaced on V3 home and Early learning door
parenting,Development activities,"Brain tab (GrowHomeScreen, V1|V2|V3 toggle; V1 default) > V1 = DevelopmentHomeScreen > Today's focus / All activities (pp_activities surface) > DevelopmentActivityScreen",activity,Name the big feeling,"Activity: benefit, materials, skills, safety, 4 steps",18-24 mo,92,1,placeholder,both/shared,lib/screens/post_pregnancy/pp_development_data.dart + pp_grow_activities.dart,8 in kDevActivities + 39 in kGrowExtraActivities; also surfaced on V3 home and Early learning door
parenting,Development activities,"Brain tab (GrowHomeScreen, V1|V2|V3 toggle; V1 default) > V1 = DevelopmentHomeScreen > Today's focus / All activities (pp_activities surface) > DevelopmentActivityScreen",activity,A safe thing to climb,"Activity: benefit, materials, skills, safety, 4 steps",18-24 mo,104,1,placeholder,both/shared,lib/screens/post_pregnancy/pp_development_data.dart + pp_grow_activities.dart,8 in kDevActivities + 39 in kGrowExtraActivities; also surfaced on V3 home and Early learning door
parenting,Development activities,"Brain tab (GrowHomeScreen, V1|V2|V3 toggle; V1 default) > V1 = DevelopmentHomeScreen > Today's focus / All activities (pp_activities surface) > DevelopmentActivityScreen",activity,Sort the socks,"Activity: benefit, materials, skills, safety, 4 steps",2-3 yr,77,1,placeholder,both/shared,lib/screens/post_pregnancy/pp_development_data.dart + pp_grow_activities.dart,8 in kDevActivities + 39 in kGrowExtraActivities; also surfaced on V3 home and Early learning door
parenting,Development activities,"Brain tab (GrowHomeScreen, V1|V2|V3 toggle; V1 default) > V1 = DevelopmentHomeScreen > Today's focus / All activities (pp_activities surface) > DevelopmentActivityScreen",activity,"My turn, your turn","Activity: benefit, materials, skills, safety, 4 steps",2-3 yr,81,1,placeholder,both/shared,lib/screens/post_pregnancy/pp_development_data.dart + pp_grow_activities.dart,8 in kDevActivities + 39 in kGrowExtraActivities; also surfaced on V3 home and Early learning door
parenting,Development activities,"Brain tab (GrowHomeScreen, V1|V2|V3 toggle; V1 default) > V1 = DevelopmentHomeScreen > Today's focus / All activities (pp_activities surface) > DevelopmentActivityScreen",activity,"Squeeze, roll, poke","Activity: benefit, materials, skills, safety, 4 steps",2-3 yr,82,1,placeholder,both/shared,lib/screens/post_pregnancy/pp_development_data.dart + pp_grow_activities.dart,8 in kDevActivities + 39 in kGrowExtraActivities; also surfaced on V3 home and Early learning door
parenting,Development activities,"Brain tab (GrowHomeScreen, V1|V2|V3 toggle; V1 default) > V1 = DevelopmentHomeScreen > Today's focus / All activities (pp_activities surface) > DevelopmentActivityScreen",activity,One thing he puts on himself,"Activity: benefit, materials, skills, safety, 4 steps",2-3 yr,83,1,placeholder,both/shared,lib/screens/post_pregnancy/pp_development_data.dart + pp_grow_activities.dart,8 in kDevActivities + 39 in kGrowExtraActivities; also surfaced on V3 home and Early learning door
parenting,Development activities,"Brain tab (GrowHomeScreen, V1|V2|V3 toggle; V1 default) > V1 = DevelopmentHomeScreen > Today's focus / All activities (pp_activities surface) > DevelopmentActivityScreen",activity,Tell it wrong on purpose,"Activity: benefit, materials, skills, safety, 4 steps",3-4 yr,72,1,placeholder,both/shared,lib/screens/post_pregnancy/pp_development_data.dart + pp_grow_activities.dart,8 in kDevActivities + 39 in kGrowExtraActivities; also surfaced on V3 home and Early learning door
parenting,Development activities,"Brain tab (GrowHomeScreen, V1|V2|V3 toggle; V1 default) > V1 = DevelopmentHomeScreen > Today's focus / All activities (pp_activities surface) > DevelopmentActivityScreen",activity,Walk the line,"Activity: benefit, materials, skills, safety, 4 steps",3-4 yr,92,1,placeholder,both/shared,lib/screens/post_pregnancy/pp_development_data.dart + pp_grow_activities.dart,8 in kDevActivities + 39 in kGrowExtraActivities; also surfaced on V3 home and Early learning door
parenting,Development activities,"Brain tab (GrowHomeScreen, V1|V2|V3 toggle; V1 default) > V1 = DevelopmentHomeScreen > Today's focus / All activities (pp_activities surface) > DevelopmentActivityScreen",activity,Which face is this?,"Activity: benefit, materials, skills, safety, 4 steps",3-4 yr,74,1,placeholder,both/shared,lib/screens/post_pregnancy/pp_development_data.dart + pp_grow_activities.dart,8 in kDevActivities + 39 in kGrowExtraActivities; also surfaced on V3 home and Early learning door
parenting,Development activities,"Brain tab (GrowHomeScreen, V1|V2|V3 toggle; V1 default) > V1 = DevelopmentHomeScreen > Today's focus / All activities (pp_activities surface) > DevelopmentActivityScreen",activity,Count something real,"Activity: benefit, materials, skills, safety, 4 steps",3-4 yr,88,1,placeholder,both/shared,lib/screens/post_pregnancy/pp_development_data.dart + pp_grow_activities.dart,8 in kDevActivities + 39 in kGrowExtraActivities; also surfaced on V3 home and Early learning door
parenting,Development activities,"Brain tab (GrowHomeScreen, V1|V2|V3 toggle; V1 default) > V1 = DevelopmentHomeScreen > Today's focus / All activities (pp_activities surface) > DevelopmentActivityScreen",activity,Words that sound the same,"Activity: benefit, materials, skills, safety, 4 steps",4-5 yr,77,1,placeholder,both/shared,lib/screens/post_pregnancy/pp_development_data.dart + pp_grow_activities.dart,8 in kDevActivities + 39 in kGrowExtraActivities; also surfaced on V3 home and Early learning door
parenting,Development activities,"Brain tab (GrowHomeScreen, V1|V2|V3 toggle; V1 default) > V1 = DevelopmentHomeScreen > Today's focus / All activities (pp_activities surface) > DevelopmentActivityScreen",activity,First cuts,"Activity: benefit, materials, skills, safety, 4 steps",4-5 yr,92,1,placeholder,both/shared,lib/screens/post_pregnancy/pp_development_data.dart + pp_grow_activities.dart,8 in kDevActivities + 39 in kGrowExtraActivities; also surfaced on V3 home and Early learning door
parenting,Development activities,"Brain tab (GrowHomeScreen, V1|V2|V3 toggle; V1 default) > V1 = DevelopmentHomeScreen > Today's focus / All activities (pp_activities surface) > DevelopmentActivityScreen",activity,A job that actually matters,"Activity: benefit, materials, skills, safety, 4 steps",4-5 yr,90,1,placeholder,both/shared,lib/screens/post_pregnancy/pp_development_data.dart + pp_grow_activities.dart,8 in kDevActivities + 39 in kGrowExtraActivities; also surfaced on V3 home and Early learning door
parenting,Development activities,"Brain tab (GrowHomeScreen, V1|V2|V3 toggle; V1 default) > V1 = DevelopmentHomeScreen > Today's focus / All activities (pp_activities surface) > DevelopmentActivityScreen",activity,Build a calm-down corner,"Activity: benefit, materials, skills, safety, 4 steps",4-5 yr,111,1,placeholder,both/shared,lib/screens/post_pregnancy/pp_development_data.dart + pp_grow_activities.dart,8 in kDevActivities + 39 in kGrowExtraActivities; also surfaced on V3 home and Early learning door
parenting,Development activities,"Brain tab (GrowHomeScreen, V1|V2|V3 toggle; V1 default) > V1 = DevelopmentHomeScreen > Today's focus / All activities (pp_activities surface) > DevelopmentActivityScreen",activity,Say the plan before doing it,"Activity: benefit, materials, skills, safety, 4 steps",4-5 yr,87,1,placeholder,both/shared,lib/screens/post_pregnancy/pp_development_data.dart + pp_grow_activities.dart,8 in kDevActivities + 39 in kGrowExtraActivities; also surfaced on V3 home and Early learning door
parenting,Development (V1 companion),"Brain tab (GrowHomeScreen, V1|V2|V3 toggle; V1 default) > V1 = DevelopmentHomeScreen > Brain windows",brain topic,"4 BrainTopic (Recognising familiar faces, Cause and effect, The music of language, Borrowing calm) + 4 LookAhead",What is happening in the brain now + what's next,3-6 mo,400,8,placeholder,both/shared,lib/screens/post_pregnancy/pp_development_data.dart,Only written for the 3-6 month window
parenting,Development (V1 companion),"Brain tab (GrowHomeScreen, V1|V2|V3 toggle; V1 default) > V1 = DevelopmentHomeScreen > Gentle check-in (DevelopmentCheckinScreen)",check-in question,"31 CheckInQ across 5 bands (0-6, 6-12, 1-2, 2-3, 3+)",Supportive yes/no check-in per domain,per band,400,31,placeholder,both/shared,lib/screens/post_pregnancy/pp_development_data.dart,Clinical review: must stay non-diagnostic
parenting,Development (Grow V2/V3),Brain tab > V2 / V3,capability copy,"5 GrowCapability (Think, Communicate, Move, ...) + streak copy","Alternative Brain homes (V2 streaks, V3 ""One thing, today"")",all parenting,197,5,placeholder,new,lib/screens/post_pregnancy/pp_grow_data.dart,Experimental; V1 is default
parenting,Milestones,Tools tab > Milestone journey (MilestoneJourneyScreen) ; pp_milestones surface ; pp_on_track -> OnTrackChecklistScreen,milestone,Lifting the head during tummy time,"Gross motor: description, why, 3 ways to encourage, variation, when to discuss",1-3 mo,88,1,placeholder,new,lib/screens/post_pregnancy/pp_milestones_data.dart,"Only 18 milestones, all 0-12 months; 1-5 years has none. Clinical review required"
parenting,Milestones,Tools tab > Milestone journey (MilestoneJourneyScreen) ; pp_milestones surface ; pp_on_track -> OnTrackChecklistScreen,milestone,Rolling over,"Gross motor: description, why, 3 ways to encourage, variation, when to discuss",4-6 mo,88,1,placeholder,new,lib/screens/post_pregnancy/pp_milestones_data.dart,"Only 18 milestones, all 0-12 months; 1-5 years has none. Clinical review required"
parenting,Milestones,Tools tab > Milestone journey (MilestoneJourneyScreen) ; pp_milestones surface ; pp_on_track -> OnTrackChecklistScreen,milestone,"Sitting with support, then alone","Gross motor: description, why, 3 ways to encourage, variation, when to discuss",5-8 mo,88,1,placeholder,new,lib/screens/post_pregnancy/pp_milestones_data.dart,"Only 18 milestones, all 0-12 months; 1-5 years has none. Clinical review required"
parenting,Milestones,Tools tab > Milestone journey (MilestoneJourneyScreen) ; pp_milestones surface ; pp_on_track -> OnTrackChecklistScreen,milestone,Crawling or scooting,"Gross motor: description, why, 3 ways to encourage, variation, when to discuss",6-10 mo,88,1,placeholder,new,lib/screens/post_pregnancy/pp_milestones_data.dart,"Only 18 milestones, all 0-12 months; 1-5 years has none. Clinical review required"
parenting,Milestones,Tools tab > Milestone journey (MilestoneJourneyScreen) ; pp_milestones surface ; pp_on_track -> OnTrackChecklistScreen,milestone,Reaching and grasping,"Fine motor: description, why, 3 ways to encourage, variation, when to discuss",3-5 mo,88,1,placeholder,new,lib/screens/post_pregnancy/pp_milestones_data.dart,"Only 18 milestones, all 0-12 months; 1-5 years has none. Clinical review required"
parenting,Milestones,Tools tab > Milestone journey (MilestoneJourneyScreen) ; pp_milestones surface ; pp_on_track -> OnTrackChecklistScreen,milestone,Passing objects hand to hand,"Fine motor: description, why, 3 ways to encourage, variation, when to discuss",5-8 mo,88,1,placeholder,new,lib/screens/post_pregnancy/pp_milestones_data.dart,"Only 18 milestones, all 0-12 months; 1-5 years has none. Clinical review required"
parenting,Milestones,Tools tab > Milestone journey (MilestoneJourneyScreen) ; pp_milestones surface ; pp_on_track -> OnTrackChecklistScreen,milestone,Pincer grasp (finger and thumb),"Fine motor: description, why, 3 ways to encourage, variation, when to discuss",8-12 mo,88,1,placeholder,new,lib/screens/post_pregnancy/pp_milestones_data.dart,"Only 18 milestones, all 0-12 months; 1-5 years has none. Clinical review required"
parenting,Milestones,Tools tab > Milestone journey (MilestoneJourneyScreen) ; pp_milestones surface ; pp_on_track -> OnTrackChecklistScreen,milestone,Cooing and first sounds,"Language: description, why, 3 ways to encourage, variation, when to discuss",1-4 mo,88,1,placeholder,new,lib/screens/post_pregnancy/pp_milestones_data.dart,"Only 18 milestones, all 0-12 months; 1-5 years has none. Clinical review required"
parenting,Milestones,Tools tab > Milestone journey (MilestoneJourneyScreen) ; pp_milestones surface ; pp_on_track -> OnTrackChecklistScreen,milestone,Babbling,"Language: description, why, 3 ways to encourage, variation, when to discuss",4-9 mo,88,1,placeholder,new,lib/screens/post_pregnancy/pp_milestones_data.dart,"Only 18 milestones, all 0-12 months; 1-5 years has none. Clinical review required"
parenting,Milestones,Tools tab > Milestone journey (MilestoneJourneyScreen) ; pp_milestones surface ; pp_on_track -> OnTrackChecklistScreen,milestone,Understanding simple words,"Language: description, why, 3 ways to encourage, variation, when to discuss",6-12 mo,88,1,placeholder,new,lib/screens/post_pregnancy/pp_milestones_data.dart,"Only 18 milestones, all 0-12 months; 1-5 years has none. Clinical review required"
parenting,Milestones,Tools tab > Milestone journey (MilestoneJourneyScreen) ; pp_milestones surface ; pp_on_track -> OnTrackChecklistScreen,milestone,Following faces and objects,"Cognitive: description, why, 3 ways to encourage, variation, when to discuss",1-3 mo,88,1,placeholder,new,lib/screens/post_pregnancy/pp_milestones_data.dart,"Only 18 milestones, all 0-12 months; 1-5 years has none. Clinical review required"
parenting,Milestones,Tools tab > Milestone journey (MilestoneJourneyScreen) ; pp_milestones surface ; pp_on_track -> OnTrackChecklistScreen,milestone,Exploring cause and effect,"Cognitive: description, why, 3 ways to encourage, variation, when to discuss",4-9 mo,88,1,placeholder,new,lib/screens/post_pregnancy/pp_milestones_data.dart,"Only 18 milestones, all 0-12 months; 1-5 years has none. Clinical review required"
parenting,Milestones,Tools tab > Milestone journey (MilestoneJourneyScreen) ; pp_milestones surface ; pp_on_track -> OnTrackChecklistScreen,milestone,Object permanence (peekaboo),"Cognitive: description, why, 3 ways to encourage, variation, when to discuss",6-10 mo,88,1,placeholder,new,lib/screens/post_pregnancy/pp_milestones_data.dart,"Only 18 milestones, all 0-12 months; 1-5 years has none. Clinical review required"
parenting,Milestones,Tools tab > Milestone journey (MilestoneJourneyScreen) ; pp_milestones surface ; pp_on_track -> OnTrackChecklistScreen,milestone,Social smiling,"Social: description, why, 3 ways to encourage, variation, when to discuss",1-3 mo,88,1,placeholder,new,lib/screens/post_pregnancy/pp_milestones_data.dart,"Only 18 milestones, all 0-12 months; 1-5 years has none. Clinical review required"
parenting,Milestones,Tools tab > Milestone journey (MilestoneJourneyScreen) ; pp_milestones surface ; pp_on_track -> OnTrackChecklistScreen,milestone,Laughing and showing joy,"Social: description, why, 3 ways to encourage, variation, when to discuss",3-6 mo,88,1,placeholder,new,lib/screens/post_pregnancy/pp_milestones_data.dart,"Only 18 milestones, all 0-12 months; 1-5 years has none. Clinical review required"
parenting,Milestones,Tools tab > Milestone journey (MilestoneJourneyScreen) ; pp_milestones surface ; pp_on_track -> OnTrackChecklistScreen,milestone,Stranger awareness & clinginess,"Social: description, why, 3 ways to encourage, variation, when to discuss",6-12 mo,88,1,placeholder,new,lib/screens/post_pregnancy/pp_milestones_data.dart,"Only 18 milestones, all 0-12 months; 1-5 years has none. Clinical review required"
parenting,Milestones,Tools tab > Milestone journey (MilestoneJourneyScreen) ; pp_milestones surface ; pp_on_track -> OnTrackChecklistScreen,milestone,Readiness for solids,"Self-care: description, why, 3 ways to encourage, variation, when to discuss",5-7 mo,88,1,placeholder,new,lib/screens/post_pregnancy/pp_milestones_data.dart,"Only 18 milestones, all 0-12 months; 1-5 years has none. Clinical review required"
parenting,Milestones,Tools tab > Milestone journey (MilestoneJourneyScreen) ; pp_milestones surface ; pp_on_track -> OnTrackChecklistScreen,milestone,Self-feeding finger foods,"Self-care: description, why, 3 ways to encourage, variation, when to discuss",8-12 mo,88,1,placeholder,new,lib/screens/post_pregnancy/pp_milestones_data.dart,"Only 18 milestones, all 0-12 months; 1-5 years has none. Clinical review required"
parenting,What Changed? library,My Child / Health / pp_what_changed surface > WhatChangedScreen > concern,concern (guided questions + result),Waking every 2 hours at night,"Sleep: label, parent quote, ~3 guided questions, cause/explanation result (16 age-rule sets)",0-3 years (age-aware rules),187,1,placeholder,both/shared,lib/screens/post_pregnancy/pp_what_changed_data.dart,Non-diagnostic; clinical review required. 29 concerns / 90 questions
parenting,What Changed? library,My Child / Health / pp_what_changed surface > WhatChangedScreen > concern,concern (guided questions + result),Waking very early (before 5am),"Sleep: label, parent quote, ~3 guided questions, cause/explanation result (16 age-rule sets)",0-3 years (age-aware rules),128,1,placeholder,both/shared,lib/screens/post_pregnancy/pp_what_changed_data.dart,Non-diagnostic; clinical review required. 29 concerns / 90 questions
parenting,What Changed? library,My Child / Health / pp_what_changed surface > WhatChangedScreen > concern,concern (guided questions + result),Suddenly fighting naps,"Sleep: label, parent quote, ~3 guided questions, cause/explanation result (16 age-rule sets)",0-3 years (age-aware rules),135,1,placeholder,both/shared,lib/screens/post_pregnancy/pp_what_changed_data.dart,Non-diagnostic; clinical review required. 29 concerns / 90 questions
parenting,What Changed? library,My Child / Health / pp_what_changed surface > WhatChangedScreen > concern,concern (guided questions + result),Short naps,"Sleep: label, parent quote, ~3 guided questions, cause/explanation result (16 age-rule sets)",0-3 years (age-aware rules),129,1,placeholder,both/shared,lib/screens/post_pregnancy/pp_what_changed_data.dart,Non-diagnostic; clinical review required. 29 concerns / 90 questions
parenting,What Changed? library,My Child / Health / pp_what_changed surface > WhatChangedScreen > concern,concern (guided questions + result),New night wakings,"Sleep: label, parent quote, ~3 guided questions, cause/explanation result (16 age-rule sets)",0-3 years (age-aware rules),133,1,placeholder,both/shared,lib/screens/post_pregnancy/pp_what_changed_data.dart,Non-diagnostic; clinical review required. 29 concerns / 90 questions
parenting,What Changed? library,My Child / Health / pp_what_changed surface > WhatChangedScreen > concern,concern (guided questions + result),Only sleeps when held,"Sleep: label, parent quote, ~3 guided questions, cause/explanation result (16 age-rule sets)",0-3 years (age-aware rules),135,1,placeholder,both/shared,lib/screens/post_pregnancy/pp_what_changed_data.dart,Non-diagnostic; clinical review required. 29 concerns / 90 questions
parenting,What Changed? library,My Child / Health / pp_what_changed surface > WhatChangedScreen > concern,concern (guided questions + result),Refusing feeds,"Feeding: label, parent quote, ~3 guided questions, cause/explanation result (16 age-rule sets)",0-3 years (age-aware rules),114,1,placeholder,both/shared,lib/screens/post_pregnancy/pp_what_changed_data.dart,Non-diagnostic; clinical review required. 29 concerns / 90 questions
parenting,What Changed? library,My Child / Health / pp_what_changed surface > WhatChangedScreen > concern,concern (guided questions + result),Eating less solids,"Feeding: label, parent quote, ~3 guided questions, cause/explanation result (16 age-rule sets)",0-3 years (age-aware rules),124,1,placeholder,both/shared,lib/screens/post_pregnancy/pp_what_changed_data.dart,Non-diagnostic; clinical review required. 29 concerns / 90 questions
parenting,What Changed? library,My Child / Health / pp_what_changed surface > WhatChangedScreen > concern,concern (guided questions + result),Refusing solids,"Feeding: label, parent quote, ~3 guided questions, cause/explanation result (16 age-rule sets)",0-3 years (age-aware rules),131,1,placeholder,both/shared,lib/screens/post_pregnancy/pp_what_changed_data.dart,Non-diagnostic; clinical review required. 29 concerns / 90 questions
parenting,What Changed? library,My Child / Health / pp_what_changed surface > WhatChangedScreen > concern,concern (guided questions + result),Cluster feeding,"Feeding: label, parent quote, ~3 guided questions, cause/explanation result (16 age-rule sets)",0-3 years (age-aware rules),131,1,placeholder,both/shared,lib/screens/post_pregnancy/pp_what_changed_data.dart,Non-diagnostic; clinical review required. 29 concerns / 90 questions
parenting,What Changed? library,My Child / Health / pp_what_changed surface > WhatChangedScreen > concern,concern (guided questions + result),Spitting up,"Feeding: label, parent quote, ~3 guided questions, cause/explanation result (16 age-rule sets)",0-3 years (age-aware rules),114,1,placeholder,both/shared,lib/screens/post_pregnancy/pp_what_changed_data.dart,Non-diagnostic; clinical review required. 29 concerns / 90 questions
parenting,What Changed? library,My Child / Health / pp_what_changed surface > WhatChangedScreen > concern,concern (guided questions + result),Extra clingy,"Mood: label, parent quote, ~3 guided questions, cause/explanation result (16 age-rule sets)",0-3 years (age-aware rules),139,1,placeholder,both/shared,lib/screens/post_pregnancy/pp_what_changed_data.dart,Non-diagnostic; clinical review required. 29 concerns / 90 questions
parenting,What Changed? library,My Child / Health / pp_what_changed surface > WhatChangedScreen > concern,concern (guided questions + result),Witching hour,"Mood: label, parent quote, ~3 guided questions, cause/explanation result (16 age-rule sets)",0-3 years (age-aware rules),117,1,placeholder,both/shared,lib/screens/post_pregnancy/pp_what_changed_data.dart,Non-diagnostic; clinical review required. 29 concerns / 90 questions
parenting,What Changed? library,My Child / Health / pp_what_changed surface > WhatChangedScreen > concern,concern (guided questions + result),Sudden tantrums,"Mood: label, parent quote, ~3 guided questions, cause/explanation result (16 age-rule sets)",0-3 years (age-aware rules),125,1,placeholder,both/shared,lib/screens/post_pregnancy/pp_what_changed_data.dart,Non-diagnostic; clinical review required. 29 concerns / 90 questions
parenting,What Changed? library,My Child / Health / pp_what_changed surface > WhatChangedScreen > concern,concern (guided questions + result),Separation upset,"Mood: label, parent quote, ~3 guided questions, cause/explanation result (16 age-rule sets)",0-3 years (age-aware rules),130,1,placeholder,both/shared,lib/screens/post_pregnancy/pp_what_changed_data.dart,Non-diagnostic; clinical review required. 29 concerns / 90 questions
parenting,What Changed? library,My Child / Health / pp_what_changed surface > WhatChangedScreen > concern,concern (guided questions + result),Not pooped,"Tummy: label, parent quote, ~3 guided questions, cause/explanation result (16 age-rule sets)",0-3 years (age-aware rules),141,1,placeholder,both/shared,lib/screens/post_pregnancy/pp_what_changed_data.dart,Non-diagnostic; clinical review required. 29 concerns / 90 questions
parenting,What Changed? library,My Child / Health / pp_what_changed surface > WhatChangedScreen > concern,concern (guided questions + result),Loose stools,"Tummy: label, parent quote, ~3 guided questions, cause/explanation result (16 age-rule sets)",0-3 years (age-aware rules),132,1,placeholder,both/shared,lib/screens/post_pregnancy/pp_what_changed_data.dart,Non-diagnostic; clinical review required. 29 concerns / 90 questions
parenting,What Changed? library,My Child / Health / pp_what_changed surface > WhatChangedScreen > concern,concern (guided questions + result),Gassy,"Tummy: label, parent quote, ~3 guided questions, cause/explanation result (16 age-rule sets)",0-3 years (age-aware rules),116,1,placeholder,both/shared,lib/screens/post_pregnancy/pp_what_changed_data.dart,Non-diagnostic; clinical review required. 29 concerns / 90 questions
parenting,What Changed? library,My Child / Health / pp_what_changed surface > WhatChangedScreen > concern,concern (guided questions + result),Drooling & chewing,"Teething: label, parent quote, ~3 guided questions, cause/explanation result (16 age-rule sets)",0-3 years (age-aware rules),121,1,placeholder,both/shared,lib/screens/post_pregnancy/pp_what_changed_data.dart,Non-diagnostic; clinical review required. 29 concerns / 90 questions
parenting,What Changed? library,My Child / Health / pp_what_changed surface > WhatChangedScreen > concern,concern (guided questions + result),Low fever,"Illness: label, parent quote, ~3 guided questions, cause/explanation result (16 age-rule sets)",0-3 years (age-aware rules),127,1,placeholder,both/shared,lib/screens/post_pregnancy/pp_what_changed_data.dart,Non-diagnostic; clinical review required. 29 concerns / 90 questions
parenting,What Changed? library,My Child / Health / pp_what_changed surface > WhatChangedScreen > concern,concern (guided questions + result),Runny nose,"Illness: label, parent quote, ~3 guided questions, cause/explanation result (16 age-rule sets)",0-3 years (age-aware rules),126,1,placeholder,both/shared,lib/screens/post_pregnancy/pp_what_changed_data.dart,Non-diagnostic; clinical review required. 29 concerns / 90 questions
parenting,What Changed? library,My Child / Health / pp_what_changed surface > WhatChangedScreen > concern,concern (guided questions + result),Pulling ears,"Illness: label, parent quote, ~3 guided questions, cause/explanation result (16 age-rule sets)",0-3 years (age-aware rules),140,1,placeholder,both/shared,lib/screens/post_pregnancy/pp_what_changed_data.dart,Non-diagnostic; clinical review required. 29 concerns / 90 questions
parenting,What Changed? library,My Child / Health / pp_what_changed surface > WhatChangedScreen > concern,concern (guided questions + result),New rash,"Skin: label, parent quote, ~3 guided questions, cause/explanation result (16 age-rule sets)",0-3 years (age-aware rules),146,1,placeholder,both/shared,lib/screens/post_pregnancy/pp_what_changed_data.dart,Non-diagnostic; clinical review required. 29 concerns / 90 questions
parenting,What Changed? library,My Child / Health / pp_what_changed surface > WhatChangedScreen > concern,concern (guided questions + result),Dry patches,"Skin: label, parent quote, ~3 guided questions, cause/explanation result (16 age-rule sets)",0-3 years (age-aware rules),127,1,placeholder,both/shared,lib/screens/post_pregnancy/pp_what_changed_data.dart,Non-diagnostic; clinical review required. 29 concerns / 90 questions
parenting,What Changed? library,My Child / Health / pp_what_changed surface > WhatChangedScreen > concern,concern (guided questions + result),Nappy rash,"Skin: label, parent quote, ~3 guided questions, cause/explanation result (16 age-rule sets)",0-3 years (age-aware rules),146,1,placeholder,both/shared,lib/screens/post_pregnancy/pp_what_changed_data.dart,Non-diagnostic; clinical review required. 29 concerns / 90 questions
parenting,What Changed? library,My Child / Health / pp_what_changed surface > WhatChangedScreen > concern,concern (guided questions + result),Gone quiet,"Development: label, parent quote, ~3 guided questions, cause/explanation result (16 age-rule sets)",0-3 years (age-aware rules),136,1,placeholder,both/shared,lib/screens/post_pregnancy/pp_what_changed_data.dart,Non-diagnostic; clinical review required. 29 concerns / 90 questions
parenting,What Changed? library,My Child / Health / pp_what_changed surface > WhatChangedScreen > concern,concern (guided questions + result),Shy with new people,"Development: label, parent quote, ~3 guided questions, cause/explanation result (16 age-rule sets)",0-3 years (age-aware rules),126,1,placeholder,both/shared,lib/screens/post_pregnancy/pp_what_changed_data.dart,Non-diagnostic; clinical review required. 29 concerns / 90 questions
parenting,What Changed? library,My Child / Health / pp_what_changed surface > WhatChangedScreen > concern,concern (guided questions + result),Head banging,"Behaviour: label, parent quote, ~3 guided questions, cause/explanation result (16 age-rule sets)",0-3 years (age-aware rules),134,1,placeholder,both/shared,lib/screens/post_pregnancy/pp_what_changed_data.dart,Non-diagnostic; clinical review required. 29 concerns / 90 questions
parenting,What Changed? library,My Child / Health / pp_what_changed surface > WhatChangedScreen > concern,concern (guided questions + result),Biting / hitting,"Behaviour: label, parent quote, ~3 guided questions, cause/explanation result (16 age-rule sets)",0-3 years (age-aware rules),125,1,placeholder,both/shared,lib/screens/post_pregnancy/pp_what_changed_data.dart,Non-diagnostic; clinical review required. 29 concerns / 90 questions
parenting,Vaccination (new tracker),"Tools tab > Vaccination schedule (VaxTrackerScreen, new) > VaxTimeline > VaxDetailScreen ; pp_vaccines surface",vaccine learn-why + after-care,Pneumococcal (PCV),"protects, 4 diseases, why, reactions, myths, FAQs, comfort (after-care), red flags",birth to 2 years,169,1,placeholder,new,lib/screens/post_pregnancy/pp_vaccine_data.dart,Clinical review required; no schedule source (IAP/NIS) cited in code
parenting,Vaccination (new tracker),"Tools tab > Vaccination schedule (VaxTrackerScreen, new) > VaxTimeline > VaxDetailScreen ; pp_vaccines surface",vaccine learn-why + after-care,Pentavalent (DTP-HepB-Hib),"protects, 5 diseases, why, reactions, myths, FAQs, comfort (after-care), red flags",birth to 2 years,98,1,placeholder,new,lib/screens/post_pregnancy/pp_vaccine_data.dart,Clinical review required; no schedule source (IAP/NIS) cited in code
parenting,Vaccination (new tracker),"Tools tab > Vaccination schedule (VaxTrackerScreen, new) > VaxTimeline > VaxDetailScreen ; pp_vaccines surface",vaccine learn-why + after-care,Rotavirus,"protects, 1 diseases, why, reactions, myths, FAQs, comfort (after-care), red flags",birth to 2 years,103,1,placeholder,new,lib/screens/post_pregnancy/pp_vaccine_data.dart,Clinical review required; no schedule source (IAP/NIS) cited in code
parenting,Vaccination (new tracker),"Tools tab > Vaccination schedule (VaxTrackerScreen, new) > VaxTimeline > VaxDetailScreen ; pp_vaccines surface",vaccine learn-why + after-care,Polio (IPV),"protects, 1 diseases, why, reactions, myths, FAQs, comfort (after-care), red flags",birth to 2 years,131,1,placeholder,new,lib/screens/post_pregnancy/pp_vaccine_data.dart,Clinical review required; no schedule source (IAP/NIS) cited in code
parenting,Vaccination (new tracker),"Tools tab > Vaccination schedule (VaxTrackerScreen, new) > VaxTimeline > VaxDetailScreen ; pp_vaccines surface",vaccine learn-why + after-care,Oral Polio (OPV),"protects, 1 diseases, why, reactions, myths, FAQs, comfort (after-care), red flags",birth to 2 years,130,1,placeholder,new,lib/screens/post_pregnancy/pp_vaccine_data.dart,Clinical review required; no schedule source (IAP/NIS) cited in code
parenting,Vaccination (new tracker),"Tools tab > Vaccination schedule (VaxTrackerScreen, new) > VaxTimeline > VaxDetailScreen ; pp_vaccines surface",vaccine learn-why + after-care,BCG,"protects, 1 diseases, why, reactions, myths, FAQs, comfort (after-care), red flags",birth to 2 years,176,1,placeholder,new,lib/screens/post_pregnancy/pp_vaccine_data.dart,Clinical review required; no schedule source (IAP/NIS) cited in code
parenting,Vaccination (new tracker),"Tools tab > Vaccination schedule (VaxTrackerScreen, new) > VaxTimeline > VaxDetailScreen ; pp_vaccines surface",vaccine learn-why + after-care,Hepatitis B (birth dose),"protects, 1 diseases, why, reactions, myths, FAQs, comfort (after-care), red flags",birth to 2 years,152,1,placeholder,new,lib/screens/post_pregnancy/pp_vaccine_data.dart,Clinical review required; no schedule source (IAP/NIS) cited in code
parenting,Vaccination (new tracker),"Tools tab > Vaccination schedule (VaxTrackerScreen, new) > VaxTimeline > VaxDetailScreen ; pp_vaccines surface",vaccine learn-why + after-care,Vitamin K,"protects, 1 diseases, why, reactions, myths, FAQs, comfort (after-care), red flags",birth to 2 years,160,1,placeholder,new,lib/screens/post_pregnancy/pp_vaccine_data.dart,Clinical review required; no schedule source (IAP/NIS) cited in code
parenting,Vaccination (new tracker),"Tools tab > Vaccination schedule (VaxTrackerScreen, new) > VaxTimeline > VaxDetailScreen ; pp_vaccines surface",vaccine learn-why + after-care,"Measles, Mumps & Rubella (MMR/MR)","protects, 3 diseases, why, reactions, myths, FAQs, comfort (after-care), red flags",birth to 2 years,126,1,placeholder,new,lib/screens/post_pregnancy/pp_vaccine_data.dart,Clinical review required; no schedule source (IAP/NIS) cited in code
parenting,Vaccination (new tracker),"Tools tab > Vaccination schedule (VaxTrackerScreen, new) > VaxTimeline > VaxDetailScreen ; pp_vaccines surface",vaccine learn-why + after-care,Typhoid conjugate (TCV),"protects, 1 diseases, why, reactions, myths, FAQs, comfort (after-care), red flags",birth to 2 years,100,1,placeholder,new,lib/screens/post_pregnancy/pp_vaccine_data.dart,Clinical review required; no schedule source (IAP/NIS) cited in code
parenting,Vaccination (new tracker),"Tools tab > Vaccination schedule (VaxTrackerScreen, new) > VaxTimeline > VaxDetailScreen ; pp_vaccines surface",vaccine learn-why + after-care,Hepatitis A,"protects, 1 diseases, why, reactions, myths, FAQs, comfort (after-care), red flags",birth to 2 years,89,1,placeholder,new,lib/screens/post_pregnancy/pp_vaccine_data.dart,Clinical review required; no schedule source (IAP/NIS) cited in code
parenting,Vaccination (new tracker),"Tools tab > Vaccination schedule (VaxTrackerScreen, new) > VaxTimeline > VaxDetailScreen ; pp_vaccines surface",vaccine learn-why + after-care,Varicella (Chickenpox),"protects, 1 diseases, why, reactions, myths, FAQs, comfort (after-care), red flags",birth to 2 years,147,1,placeholder,new,lib/screens/post_pregnancy/pp_vaccine_data.dart,Clinical review required; no schedule source (IAP/NIS) cited in code
parenting,Health ecosystem (V1),"Explore > Health (WalletHomeScreen: V1|V2|V3 wrapper, V2 'Health Wallet' DEFAULT) ; V1 = HealthHomeScreen ecosystem ; pp_health_home surface > V1 HealthHomeScreen",AI insight template,4 kHealthInsights templates + 4 HealthStat snapshot labels,Templated insight lines on the health snapshot,all parenting,100,4,placeholder,old,lib/screens/post_pregnancy/pp_health_data.dart,Templates with {child} placeholders
parenting,Health ecosystem (V1),"Explore > Health (WalletHomeScreen: V1|V2|V3 wrapper, V2 'Health Wallet' DEFAULT) ; V1 = HealthHomeScreen ecosystem ; pp_health_home surface > Doctor Visit Companion (HealthDoctorVisitScreen)",doctor visit prompt,3 seed doctor questions + companion copy,Questions to ask at the next visit,all parenting,242,3,placeholder,both/shared,lib/screens/post_pregnancy/health_doctor_visit_screen.dart,
parenting,Health ecosystem,"Explore > Health (WalletHomeScreen: V1|V2|V3 wrapper, V2 'Health Wallet' DEFAULT) ; V1 = HealthHomeScreen ecosystem ; pp_health_home surface > Emergency card (HealthEmergencyScreen / WalletEmergencyCardScreen)",emergency card copy,"Emergency card fields + ""what this card is, and is not""",Printable/copyable emergency card,all parenting,155,1,placeholder,both/shared,lib/screens/post_pregnancy/health_emergency_screen.dart,Legal/clinical wording review
parenting,Health Wallet (V2 default),"Explore > Health (WalletHomeScreen: V1|V2|V3 wrapper, V2 'Health Wallet' DEFAULT) ; V1 = HealthHomeScreen ecosystem ; pp_health_home surface > V2 Reminders",reminder kind copy,"8 WalletReminderKind (Upcoming vaccines, Follow-ups, Annual check-up, ...)",Reminder category labels + descriptions,all parenting,103,8,placeholder,new,lib/screens/post_pregnancy/pp_wallet_data.dart,
parenting,Checkers & safety tools,Health door tools / pp_fever_check,checker copy (questions + outcomes),Fever check (PpFeverCheckScreen),Guided fever questions -> calm/caution/urgent outcome,newborn/infant (maternal for crisis path),699,1,placeholder,new,lib/screens/post_pregnancy/pp_fever_check_screen.dart,CLINICAL REVIEW REQUIRED before ship; helpline numbers must be verified
parenting,Checkers & safety tools,First 40 days door tools / pp_baby_ok_check,checker copy (questions + outcomes),Is my baby OK? quick check (PpBabyOkCheckScreen),Newborn red-flag checklist,newborn/infant (maternal for crisis path),491,1,placeholder,new,lib/screens/post_pregnancy/pp_baby_ok_check_screen.dart,CLINICAL REVIEW REQUIRED before ship; helpline numbers must be verified
parenting,Checkers & safety tools,Feeding door tools / pp_baby_food_check,checker copy (questions + outcomes),Can he eat this? (PpBabyFoodCheckScreen),Food-by-age lookup,newborn/infant (maternal for crisis path),773,1,placeholder,new,lib/screens/post_pregnancy/pp_baby_food_check_screen.dart,CLINICAL REVIEW REQUIRED before ship; helpline numbers must be verified
parenting,Checkers & safety tools,sections link pp_crisis_path,checker copy (questions + outcomes),Crisis path (PpCrisisPathScreen),Maternal mental-health crisis routing + helplines,newborn/infant (maternal for crisis path),246,1,placeholder,new,lib/screens/post_pregnancy/pp_crisis_path_screen.dart,CLINICAL REVIEW REQUIRED before ship; helpline numbers must be verified
parenting,Sleep Sounds player,Sleep door > tools > Sleep Sounds (PpSoundsScreen) ; pp_sleep_sounds surface,category blurb,5 PpSoundCategory blurbs,Why each sound type helps,0-3 years,371,5,placeholder,new,lib/screens/post_pregnancy/pp_sounds_data.dart,Player reuses RagaAudioStore (pregnancy); library marked REQUIRED-CONFIRM
parenting,Behaviour scripts library,Behaviour door > tool 'What to say when...' (ScriptsLibraryScreen) ; pp_scripts surface,script (what to say),She hit another child,"Say-this script for a situation, 2 age bands",1-5 years,105,1,placeholder,new,lib/screens/post_pregnancy/pp_scripts_data.dart,Child-psychology review
parenting,Behaviour scripts library,Behaviour door > tool 'What to say when...' (ScriptsLibraryScreen) ; pp_scripts surface,script (what to say),"He hit his dadi, in front of everyone","Say-this script for a situation, 2 age bands",1-5 years,105,1,placeholder,new,lib/screens/post_pregnancy/pp_scripts_data.dart,Child-psychology review
parenting,Behaviour scripts library,Behaviour door > tool 'What to say when...' (ScriptsLibraryScreen) ; pp_scripts surface,script (what to say),He bit the new baby,"Say-this script for a situation, 2 age bands",1-5 years,105,1,placeholder,new,lib/screens/post_pregnancy/pp_scripts_data.dart,Child-psychology review
parenting,Behaviour scripts library,Behaviour door > tool 'What to say when...' (ScriptsLibraryScreen) ; pp_scripts surface,script (what to say),He will not leave the park,"Say-this script for a situation, 3 age bands",1-5 years,105,1,placeholder,new,lib/screens/post_pregnancy/pp_scripts_data.dart,Child-psychology review
parenting,Behaviour scripts library,Behaviour door > tool 'What to say when...' (ScriptsLibraryScreen) ; pp_scripts surface,script (what to say),Screaming for the phone when it goes off,"Say-this script for a situation, 3 age bands",1-5 years,105,1,placeholder,new,lib/screens/post_pregnancy/pp_scripts_data.dart,Child-psychology review
parenting,Behaviour scripts library,Behaviour door > tool 'What to say when...' (ScriptsLibraryScreen) ; pp_scripts surface,script (what to say),She will not put her shoes on,"Say-this script for a situation, 2 age bands",1-5 years,105,1,placeholder,new,lib/screens/post_pregnancy/pp_scripts_data.dart,Child-psychology review
parenting,Behaviour scripts library,Behaviour door > tool 'What to say when...' (ScriptsLibraryScreen) ; pp_scripts surface,script (what to say),"A full meltdown in a shop, with people watching","Say-this script for a situation, 2 age bands",1-5 years,105,1,placeholder,new,lib/screens/post_pregnancy/pp_scripts_data.dart,Child-psychology review
parenting,Behaviour scripts library,Behaviour door > tool 'What to say when...' (ScriptsLibraryScreen) ; pp_scripts surface,script (what to say),"She said ""I hate you""","Say-this script for a situation, 2 age bands",1-5 years,105,1,placeholder,new,lib/screens/post_pregnancy/pp_scripts_data.dart,Child-psychology review
parenting,Behaviour scripts library,Behaviour door > tool 'What to say when...' (ScriptsLibraryScreen) ; pp_scripts surface,script (what to say),He is throwing food off the tray,"Say-this script for a situation, 2 age bands",1-5 years,105,1,placeholder,new,lib/screens/post_pregnancy/pp_scripts_data.dart,Child-psychology review
parenting,Behaviour scripts library,Behaviour door > tool 'What to say when...' (ScriptsLibraryScreen) ; pp_scripts surface,script (what to say),She refuses to eat what everyone else is eating,"Say-this script for a situation, 3 age bands",1-5 years,105,1,placeholder,new,lib/screens/post_pregnancy/pp_scripts_data.dart,Child-psychology review
parenting,Behaviour scripts library,Behaviour door > tool 'What to say when...' (ScriptsLibraryScreen) ; pp_scripts surface,script (what to say),She will not share at a playdate,"Say-this script for a situation, 2 age bands",1-5 years,105,1,placeholder,new,lib/screens/post_pregnancy/pp_scripts_data.dart,Child-psychology review
parenting,Behaviour scripts library,Behaviour door > tool 'What to say when...' (ScriptsLibraryScreen) ; pp_scripts surface,script (what to say),He keeps getting out of bed,"Say-this script for a situation, 2 age bands",1-5 years,105,1,placeholder,new,lib/screens/post_pregnancy/pp_scripts_data.dart,Child-psychology review
parenting,Journal V2 (storybook),Explore > My Journal V2 (JournalWelcomeScreen -> journal_v2) ; My Child > Moments worth keeping,demo journal content,"5 JvMemory, 2 letters, 5 JvGuidedPrompt, 7 chapters, 3 storybooks, 5 milestones, 4 monthly items",Seeded storybook so the keepsake is not empty on first open,all parenting,372,31,placeholder,new,lib/screens/post_pregnancy/journal_v2/jv2_data.dart,"Guided prompts (First Day at School, First Sleepover, Learned to Ride...) are real product copy worth keeping/expanding"
parenting,Baby names > name catalogue,Tools tab > Baby names > Begin the journey > swipe deck > tap a card (Deep Dive) [also from 'Just show me names' list and the shortlist],name-entry,Aarav,"Name facts shown on card + Deep Dive: meaningShort/meaningFull, origin, syllables, Chaldean numerology, 'ParentVeda perspective', famous/mythological reference, nakshatra fit, popularity, 3 similar names",newborn (naming),91,1,placeholder,both/shared,lib/screens/post_pregnancy/pp_names_data.dart,"gender=boy; community=Hindu; region=Pan-India; popularity=Trending; origin=Sanskrit; script=आरव; pron=aa-rav; rare=False; mutual(demo match)=False. Catalogue is only 21 names (10 boy / 10 girl / 1 unisex; 13 Hindu, 3 Muslim, 2 Sikh, 2 Secular, 1 Christian; 14 Pan-India, 5 North, 2 South, 0 East, 0 West) — a real product needs hundreds; 'Meaning verified by our language reviewers' (V1 copy) has no reviewer evidence"
parenting,Baby names > name catalogue,Tools tab > Baby names > Begin the journey > swipe deck > tap a card (Deep Dive) [also from 'Just show me names' list and the shortlist],name-entry,Vihaan,"Name facts shown on card + Deep Dive: meaningShort/meaningFull, origin, syllables, Chaldean numerology, 'ParentVeda perspective', famous/mythological reference, nakshatra fit, popularity, 3 similar names",newborn (naming),77,1,placeholder,both/shared,lib/screens/post_pregnancy/pp_names_data.dart,"gender=boy; community=Hindu; region=Pan-India; popularity=Trending; origin=Sanskrit; script=विहान; pron=vi-haan; rare=False; mutual(demo match)=True. Catalogue is only 21 names (10 boy / 10 girl / 1 unisex; 13 Hindu, 3 Muslim, 2 Sikh, 2 Secular, 1 Christian; 14 Pan-India, 5 North, 2 South, 0 East, 0 West) — a real product needs hundreds; 'Meaning verified by our language reviewers' (V1 copy) has no reviewer evidence"
parenting,Baby names > name catalogue,Tools tab > Baby names > Begin the journey > swipe deck > tap a card (Deep Dive) [also from 'Just show me names' list and the shortlist],name-entry,Reyansh,"Name facts shown on card + Deep Dive: meaningShort/meaningFull, origin, syllables, Chaldean numerology, 'ParentVeda perspective', famous/mythological reference, nakshatra fit, popularity, 3 similar names",newborn (naming),72,1,placeholder,both/shared,lib/screens/post_pregnancy/pp_names_data.dart,"gender=boy; community=Hindu; region=Pan-India; popularity=Trending; origin=Sanskrit; script=रेयांश; pron=rey-aansh; rare=False; mutual(demo match)=True. Catalogue is only 21 names (10 boy / 10 girl / 1 unisex; 13 Hindu, 3 Muslim, 2 Sikh, 2 Secular, 1 Christian; 14 Pan-India, 5 North, 2 South, 0 East, 0 West) — a real product needs hundreds; 'Meaning verified by our language reviewers' (V1 copy) has no reviewer evidence"
parenting,Baby names > name catalogue,Tools tab > Baby names > Begin the journey > swipe deck > tap a card (Deep Dive) [also from 'Just show me names' list and the shortlist],name-entry,Kabir,"Name facts shown on card + Deep Dive: meaningShort/meaningFull, origin, syllables, Chaldean numerology, 'ParentVeda perspective', famous/mythological reference, nakshatra fit, popularity, 3 similar names",newborn (naming),69,1,placeholder,both/shared,lib/screens/post_pregnancy/pp_names_data.dart,"gender=boy; community=Hindu; region=Pan-India; popularity=Classic; origin=Arabic · Sant tradition; script=कबीर; pron=ka-beer; rare=False; mutual(demo match)=True. Catalogue is only 21 names (10 boy / 10 girl / 1 unisex; 13 Hindu, 3 Muslim, 2 Sikh, 2 Secular, 1 Christian; 14 Pan-India, 5 North, 2 South, 0 East, 0 West) — a real product needs hundreds; 'Meaning verified by our language reviewers' (V1 copy) has no reviewer evidence"
parenting,Baby names > name catalogue,Tools tab > Baby names > Begin the journey > swipe deck > tap a card (Deep Dive) [also from 'Just show me names' list and the shortlist],name-entry,Aarush,"Name facts shown on card + Deep Dive: meaningShort/meaningFull, origin, syllables, Chaldean numerology, 'ParentVeda perspective', famous/mythological reference, nakshatra fit, popularity, 3 similar names",newborn (naming),70,1,placeholder,both/shared,lib/screens/post_pregnancy/pp_names_data.dart,"gender=boy; community=Hindu; region=Pan-India; popularity=Classic; origin=Sanskrit; script=आरुष; pron=aa-rush; rare=False; mutual(demo match)=False. Catalogue is only 21 names (10 boy / 10 girl / 1 unisex; 13 Hindu, 3 Muslim, 2 Sikh, 2 Secular, 1 Christian; 14 Pan-India, 5 North, 2 South, 0 East, 0 West) — a real product needs hundreds; 'Meaning verified by our language reviewers' (V1 copy) has no reviewer evidence"
parenting,Baby names > name catalogue,Tools tab > Baby names > Begin the journey > swipe deck > tap a card (Deep Dive) [also from 'Just show me names' list and the shortlist],name-entry,Ishaan,"Name facts shown on card + Deep Dive: meaningShort/meaningFull, origin, syllables, Chaldean numerology, 'ParentVeda perspective', famous/mythological reference, nakshatra fit, popularity, 3 similar names",newborn (naming),71,1,placeholder,both/shared,lib/screens/post_pregnancy/pp_names_data.dart,"gender=boy; community=Hindu; region=Pan-India; popularity=Classic; origin=Sanskrit; script=ईशान; pron=ee-shaan; rare=False; mutual(demo match)=False. Catalogue is only 21 names (10 boy / 10 girl / 1 unisex; 13 Hindu, 3 Muslim, 2 Sikh, 2 Secular, 1 Christian; 14 Pan-India, 5 North, 2 South, 0 East, 0 West) — a real product needs hundreds; 'Meaning verified by our language reviewers' (V1 copy) has no reviewer evidence"
parenting,Baby names > name catalogue,Tools tab > Baby names > Begin the journey > swipe deck > tap a card (Deep Dive) [also from 'Just show me names' list and the shortlist],name-entry,Advait,"Name facts shown on card + Deep Dive: meaningShort/meaningFull, origin, syllables, Chaldean numerology, 'ParentVeda perspective', famous/mythological reference, nakshatra fit, popularity, 3 similar names",newborn (naming),61,1,placeholder,both/shared,lib/screens/post_pregnancy/pp_names_data.dart,"gender=boy; community=Hindu; region=Pan-India; popularity=Rare; origin=Sanskrit; script=अद्वैत; pron=ad-vait; rare=True; mutual(demo match)=False. Catalogue is only 21 names (10 boy / 10 girl / 1 unisex; 13 Hindu, 3 Muslim, 2 Sikh, 2 Secular, 1 Christian; 14 Pan-India, 5 North, 2 South, 0 East, 0 West) — a real product needs hundreds; 'Meaning verified by our language reviewers' (V1 copy) has no reviewer evidence"
parenting,Baby names > name catalogue,Tools tab > Baby names > Begin the journey > swipe deck > tap a card (Deep Dive) [also from 'Just show me names' list and the shortlist],name-entry,Vivaan,"Name facts shown on card + Deep Dive: meaningShort/meaningFull, origin, syllables, Chaldean numerology, 'ParentVeda perspective', famous/mythological reference, nakshatra fit, popularity, 3 similar names",newborn (naming),65,1,placeholder,both/shared,lib/screens/post_pregnancy/pp_names_data.dart,"gender=boy; community=Hindu; region=Pan-India; popularity=Trending; origin=Sanskrit; script=विवान; pron=vi-vaan; rare=False; mutual(demo match)=False. Catalogue is only 21 names (10 boy / 10 girl / 1 unisex; 13 Hindu, 3 Muslim, 2 Sikh, 2 Secular, 1 Christian; 14 Pan-India, 5 North, 2 South, 0 East, 0 West) — a real product needs hundreds; 'Meaning verified by our language reviewers' (V1 copy) has no reviewer evidence"
parenting,Baby names > name catalogue,Tools tab > Baby names > Begin the journey > swipe deck > tap a card (Deep Dive) [also from 'Just show me names' list and the shortlist],name-entry,Arjun,"Name facts shown on card + Deep Dive: meaningShort/meaningFull, origin, syllables, Chaldean numerology, 'ParentVeda perspective', famous/mythological reference, nakshatra fit, popularity, 3 similar names",newborn (naming),71,1,placeholder,both/shared,lib/screens/post_pregnancy/pp_names_data.dart,"gender=boy; community=Hindu; region=Pan-India; popularity=Classic; origin=Sanskrit · Epic; script=अर्जुन; pron=ar-jun; rare=False; mutual(demo match)=False. Catalogue is only 21 names (10 boy / 10 girl / 1 unisex; 13 Hindu, 3 Muslim, 2 Sikh, 2 Secular, 1 Christian; 14 Pan-India, 5 North, 2 South, 0 East, 0 West) — a real product needs hundreds; 'Meaning verified by our language reviewers' (V1 copy) has no reviewer evidence"
parenting,Baby names > name catalogue,Tools tab > Baby names > Begin the journey > swipe deck > tap a card (Deep Dive) [also from 'Just show me names' list and the shortlist],name-entry,Anaya,"Name facts shown on card + Deep Dive: meaningShort/meaningFull, origin, syllables, Chaldean numerology, 'ParentVeda perspective', famous/mythological reference, nakshatra fit, popularity, 1 similar names",newborn (naming),57,1,placeholder,both/shared,lib/screens/post_pregnancy/pp_names_data.dart,"gender=girl; community=Hindu; region=Pan-India; popularity=Trending; origin=Sanskrit; script=अनाया; pron=a-naa-ya; rare=False; mutual(demo match)=False. Catalogue is only 21 names (10 boy / 10 girl / 1 unisex; 13 Hindu, 3 Muslim, 2 Sikh, 2 Secular, 1 Christian; 14 Pan-India, 5 North, 2 South, 0 East, 0 West) — a real product needs hundreds; 'Meaning verified by our language reviewers' (V1 copy) has no reviewer evidence"
parenting,Baby names > name catalogue,Tools tab > Baby names > Begin the journey > swipe deck > tap a card (Deep Dive) [also from 'Just show me names' list and the shortlist],name-entry,Aadhya,"Name facts shown on card + Deep Dive: meaningShort/meaningFull, origin, syllables, Chaldean numerology, 'ParentVeda perspective', famous/mythological reference, nakshatra fit, popularity, 1 similar names",newborn (naming),54,1,placeholder,both/shared,lib/screens/post_pregnancy/pp_names_data.dart,"gender=girl; community=Hindu; region=South; popularity=Trending; origin=Sanskrit; script=अद्या; pron=aa-dhya; rare=False; mutual(demo match)=False. Catalogue is only 21 names (10 boy / 10 girl / 1 unisex; 13 Hindu, 3 Muslim, 2 Sikh, 2 Secular, 1 Christian; 14 Pan-India, 5 North, 2 South, 0 East, 0 West) — a real product needs hundreds; 'Meaning verified by our language reviewers' (V1 copy) has no reviewer evidence"
parenting,Baby names > name catalogue,Tools tab > Baby names > Begin the journey > swipe deck > tap a card (Deep Dive) [also from 'Just show me names' list and the shortlist],name-entry,Ira,"Name facts shown on card + Deep Dive: meaningShort/meaningFull, origin, syllables, Chaldean numerology, 'ParentVeda perspective', famous/mythological reference, nakshatra fit, popularity, 1 similar names",newborn (naming),51,1,placeholder,both/shared,lib/screens/post_pregnancy/pp_names_data.dart,"gender=girl; community=Hindu; region=Pan-India; popularity=Classic; origin=Sanskrit; script=ईरा; pron=ee-ra; rare=False; mutual(demo match)=False. Catalogue is only 21 names (10 boy / 10 girl / 1 unisex; 13 Hindu, 3 Muslim, 2 Sikh, 2 Secular, 1 Christian; 14 Pan-India, 5 North, 2 South, 0 East, 0 West) — a real product needs hundreds; 'Meaning verified by our language reviewers' (V1 copy) has no reviewer evidence"
parenting,Baby names > name catalogue,Tools tab > Baby names > Begin the journey > swipe deck > tap a card (Deep Dive) [also from 'Just show me names' list and the shortlist],name-entry,Myra,"Name facts shown on card + Deep Dive: meaningShort/meaningFull, origin, syllables, Chaldean numerology, 'ParentVeda perspective', famous/mythological reference, nakshatra fit, popularity, 1 similar names",newborn (naming),51,1,placeholder,both/shared,lib/screens/post_pregnancy/pp_names_data.dart,"gender=girl; community=Secular; region=Pan-India; popularity=Trending; origin=Latin · Sanskrit; script=मायरा; pron=my-ra; rare=False; mutual(demo match)=False. Catalogue is only 21 names (10 boy / 10 girl / 1 unisex; 13 Hindu, 3 Muslim, 2 Sikh, 2 Secular, 1 Christian; 14 Pan-India, 5 North, 2 South, 0 East, 0 West) — a real product needs hundreds; 'Meaning verified by our language reviewers' (V1 copy) has no reviewer evidence"
parenting,Baby names > name catalogue,Tools tab > Baby names > Begin the journey > swipe deck > tap a card (Deep Dive) [also from 'Just show me names' list and the shortlist],name-entry,Saanvi,"Name facts shown on card + Deep Dive: meaningShort/meaningFull, origin, syllables, Chaldean numerology, 'ParentVeda perspective', famous/mythological reference, nakshatra fit, popularity, 1 similar names",newborn (naming),45,1,placeholder,both/shared,lib/screens/post_pregnancy/pp_names_data.dart,"gender=girl; community=Hindu; region=South; popularity=Trending; origin=Sanskrit; script=सान्वी; pron=saan-vi; rare=False; mutual(demo match)=False. Catalogue is only 21 names (10 boy / 10 girl / 1 unisex; 13 Hindu, 3 Muslim, 2 Sikh, 2 Secular, 1 Christian; 14 Pan-India, 5 North, 2 South, 0 East, 0 West) — a real product needs hundreds; 'Meaning verified by our language reviewers' (V1 copy) has no reviewer evidence"
parenting,Baby names > name catalogue,Tools tab > Baby names > Begin the journey > swipe deck > tap a card (Deep Dive) [also from 'Just show me names' list and the shortlist],name-entry,Zara,"Name facts shown on card + Deep Dive: meaningShort/meaningFull, origin, syllables, Chaldean numerology, 'ParentVeda perspective', famous/mythological reference, nakshatra fit, popularity, 1 similar names",newborn (naming),51,1,placeholder,both/shared,lib/screens/post_pregnancy/pp_names_data.dart,"gender=girl; community=Muslim; region=North; popularity=Trending; origin=Arabic; script=ज़ारा; pron=zaa-ra; rare=False; mutual(demo match)=False. Catalogue is only 21 names (10 boy / 10 girl / 1 unisex; 13 Hindu, 3 Muslim, 2 Sikh, 2 Secular, 1 Christian; 14 Pan-India, 5 North, 2 South, 0 East, 0 West) — a real product needs hundreds; 'Meaning verified by our language reviewers' (V1 copy) has no reviewer evidence"
parenting,Baby names > name catalogue,Tools tab > Baby names > Begin the journey > swipe deck > tap a card (Deep Dive) [also from 'Just show me names' list and the shortlist],name-entry,Inaya,"Name facts shown on card + Deep Dive: meaningShort/meaningFull, origin, syllables, Chaldean numerology, 'ParentVeda perspective', famous/mythological reference, nakshatra fit, popularity, 1 similar names",newborn (naming),50,1,placeholder,both/shared,lib/screens/post_pregnancy/pp_names_data.dart,"gender=girl; community=Muslim; region=North; popularity=Trending; origin=Arabic; script=इनाया; pron=i-naa-ya; rare=False; mutual(demo match)=False. Catalogue is only 21 names (10 boy / 10 girl / 1 unisex; 13 Hindu, 3 Muslim, 2 Sikh, 2 Secular, 1 Christian; 14 Pan-India, 5 North, 2 South, 0 East, 0 West) — a real product needs hundreds; 'Meaning verified by our language reviewers' (V1 copy) has no reviewer evidence"
parenting,Baby names > name catalogue,Tools tab > Baby names > Begin the journey > swipe deck > tap a card (Deep Dive) [also from 'Just show me names' list and the shortlist],name-entry,Ayaan,"Name facts shown on card + Deep Dive: meaningShort/meaningFull, origin, syllables, Chaldean numerology, 'ParentVeda perspective', famous/mythological reference, nakshatra fit, popularity, 1 similar names",newborn (naming),58,1,placeholder,both/shared,lib/screens/post_pregnancy/pp_names_data.dart,"gender=boy; community=Muslim; region=North; popularity=Trending; origin=Arabic · Persian; script=अयान; pron=a-yaan; rare=False; mutual(demo match)=False. Catalogue is only 21 names (10 boy / 10 girl / 1 unisex; 13 Hindu, 3 Muslim, 2 Sikh, 2 Secular, 1 Christian; 14 Pan-India, 5 North, 2 South, 0 East, 0 West) — a real product needs hundreds; 'Meaning verified by our language reviewers' (V1 copy) has no reviewer evidence"
parenting,Baby names > name catalogue,Tools tab > Baby names > Begin the journey > swipe deck > tap a card (Deep Dive) [also from 'Just show me names' list and the shortlist],name-entry,Gurleen,"Name facts shown on card + Deep Dive: meaningShort/meaningFull, origin, syllables, Chaldean numerology, 'ParentVeda perspective', famous/mythological reference, nakshatra fit, popularity, 1 similar names",newborn (naming),47,1,placeholder,both/shared,lib/screens/post_pregnancy/pp_names_data.dart,"gender=girl; community=Sikh; region=North; popularity=Classic; origin=Punjabi · Sikh; script=गुरलीन; pron=gur-leen; rare=False; mutual(demo match)=False. Catalogue is only 21 names (10 boy / 10 girl / 1 unisex; 13 Hindu, 3 Muslim, 2 Sikh, 2 Secular, 1 Christian; 14 Pan-India, 5 North, 2 South, 0 East, 0 West) — a real product needs hundreds; 'Meaning verified by our language reviewers' (V1 copy) has no reviewer evidence"
parenting,Baby names > name catalogue,Tools tab > Baby names > Begin the journey > swipe deck > tap a card (Deep Dive) [also from 'Just show me names' list and the shortlist],name-entry,Ekam,"Name facts shown on card + Deep Dive: meaningShort/meaningFull, origin, syllables, Chaldean numerology, 'ParentVeda perspective', famous/mythological reference, nakshatra fit, popularity, 1 similar names",newborn (naming),47,1,placeholder,both/shared,lib/screens/post_pregnancy/pp_names_data.dart,"gender=unisex; community=Sikh; region=North; popularity=Rare; origin=Punjabi · Sikh; script=एकम; pron=ay-kam; rare=True; mutual(demo match)=False. Catalogue is only 21 names (10 boy / 10 girl / 1 unisex; 13 Hindu, 3 Muslim, 2 Sikh, 2 Secular, 1 Christian; 14 Pan-India, 5 North, 2 South, 0 East, 0 West) — a real product needs hundreds; 'Meaning verified by our language reviewers' (V1 copy) has no reviewer evidence"
parenting,Baby names > name catalogue,Tools tab > Baby names > Begin the journey > swipe deck > tap a card (Deep Dive) [also from 'Just show me names' list and the shortlist],name-entry,Aria,"Name facts shown on card + Deep Dive: meaningShort/meaningFull, origin, syllables, Chaldean numerology, 'ParentVeda perspective', famous/mythological reference, nakshatra fit, popularity, 1 similar names",newborn (naming),53,1,placeholder,both/shared,lib/screens/post_pregnancy/pp_names_data.dart,"gender=girl; community=Christian; region=Pan-India; popularity=Trending; origin=Italian · Sanskrit; script=आरिया; pron=aa-ri-ya; rare=False; mutual(demo match)=False. Catalogue is only 21 names (10 boy / 10 girl / 1 unisex; 13 Hindu, 3 Muslim, 2 Sikh, 2 Secular, 1 Christian; 14 Pan-India, 5 North, 2 South, 0 East, 0 West) — a real product needs hundreds; 'Meaning verified by our language reviewers' (V1 copy) has no reviewer evidence"
parenting,Baby names > name catalogue,Tools tab > Baby names > Begin the journey > swipe deck > tap a card (Deep Dive) [also from 'Just show me names' list and the shortlist],name-entry,Kiara,"Name facts shown on card + Deep Dive: meaningShort/meaningFull, origin, syllables, Chaldean numerology, 'ParentVeda perspective', famous/mythological reference, nakshatra fit, popularity, 1 similar names",newborn (naming),45,1,placeholder,both/shared,lib/screens/post_pregnancy/pp_names_data.dart,"gender=girl; community=Secular; region=Pan-India; popularity=Trending; origin=Italian · Sanskrit; script=कियारा; pron=ki-aa-ra; rare=False; mutual(demo match)=False. Catalogue is only 21 names (10 boy / 10 girl / 1 unisex; 13 Hindu, 3 Muslim, 2 Sikh, 2 Secular, 1 Christian; 14 Pan-India, 5 North, 2 South, 0 East, 0 West) — a real product needs hundreds; 'Meaning verified by our language reviewers' (V1 copy) has no reviewer evidence"
parenting,Baby names (V2 Journey) > Deep Dive,Tools tab > Baby names > Begin the journey > swipe deck > tap a card (Deep Dive) [also from 'Just show me names' list and the shortlist] > 'The story of this name' + 'Why parents choose',name-story,Aarav,AI Name Story (the name's personality) + Decision Companion 'why parents choose it' + 3 nicknames + international pronunciation + 3 alternatives,newborn (naming),84,1,placeholder,new,lib/screens/post_pregnancy/pp_names_v2_data.dart,HAND-AUTHORED hero (one of 3). 'AI Name Story' is NOT generated by an AI service — it is static text in the app; no Ask Veda call
parenting,Baby names (V2 Journey) > Deep Dive,Tools tab > Baby names > Begin the journey > swipe deck > tap a card (Deep Dive) [also from 'Just show me names' list and the shortlist] > 'The story of this name' + 'Why parents choose',name-story,Vihaan,AI Name Story (the name's personality) + Decision Companion 'why parents choose it' + 3 nicknames + international pronunciation + 3 alternatives,newborn (naming),75,1,placeholder,new,lib/screens/post_pregnancy/pp_names_v2_data.dart,HAND-AUTHORED hero (one of 3). 'AI Name Story' is NOT generated by an AI service — it is static text in the app; no Ask Veda call
parenting,Baby names (V2 Journey) > Deep Dive,Tools tab > Baby names > Begin the journey > swipe deck > tap a card (Deep Dive) [also from 'Just show me names' list and the shortlist] > 'The story of this name' + 'Why parents choose',name-story,Kabir,AI Name Story (the name's personality) + Decision Companion 'why parents choose it' + 3 nicknames + international pronunciation + 3 alternatives,newborn (naming),74,1,placeholder,new,lib/screens/post_pregnancy/pp_names_v2_data.dart,HAND-AUTHORED hero (one of 3). 'AI Name Story' is NOT generated by an AI service — it is static text in the app; no Ask Veda call
parenting,Baby names (V2 Journey) > Deep Dive,Tools tab > Baby names > Begin the journey > swipe deck > tap a card (Deep Dive) [also from 'Just show me names' list and the shortlist] > 'The story of this name' + 'Why parents choose',name-story,"18 templated name stories (all names except Aarav, Vihaan, Kabir)",AI Name Story + decisionWhy + nicknames for the other 18 names,newborn (naming),60,18,placeholder,new,lib/screens/post_pregnancy/pp_names_v2_data.dart,"TEMPLATED, not written: nameV2() stitches '<Name> carries <origin> roots and a <popularity> feel. <perspective> Its meaning - <meaning> - ...' and generatedNicknames() derives nicknames by truncation (e.g. 'Ana', 'Anay', 'Anu'). Examples: Reyansh, Anaya, Zara. Ask = 18 written stories (~70 words) + 18 curated nickname sets + 18 'why parents choose' lines"
parenting,Baby names > Astrology & Numerology pages,Tools tab > Baby names > Begin the journey > swipe deck > tap a card (Deep Dive) [also from 'Just show me names' list and the shortlist] > 'Numerology' / 'Astrology' tiles,numerology-profile,Number 1 — Sun (Leadership),Chaldean number blurb + traits + lucky day/colour/element; powers both the Astrology page and the Numerology page,newborn (naming),32,1,placeholder,both/shared,lib/screens/post_pregnancy/pp_names_data.dart,"traits='independent, original, a natural leader'; luckyDay=Sunday; colour=Gold & amber; element=Fire. Offered 'as tradition, never a claim' — disclaimer on both pages; needs a named tradition reviewer if kept"
parenting,Baby names > Astrology & Numerology pages,Tools tab > Baby names > Begin the journey > swipe deck > tap a card (Deep Dive) [also from 'Just show me names' list and the shortlist] > 'Numerology' / 'Astrology' tiles,numerology-profile,Number 2 — Moon (Gentleness),Chaldean number blurb + traits + lucky day/colour/element; powers both the Astrology page and the Numerology page,newborn (naming),26,1,placeholder,both/shared,lib/screens/post_pregnancy/pp_names_data.dart,"traits='sensitive, intuitive, gentle, cooperative'; luckyDay=Monday; colour=White & cream; element=Water. Offered 'as tradition, never a claim' — disclaimer on both pages; needs a named tradition reviewer if kept"
parenting,Baby names > Astrology & Numerology pages,Tools tab > Baby names > Begin the journey > swipe deck > tap a card (Deep Dive) [also from 'Just show me names' list and the shortlist] > 'Numerology' / 'Astrology' tiles,numerology-profile,Number 3 — Jupiter (Expression),Chaldean number blurb + traits + lucky day/colour/element; powers both the Astrology page and the Numerology page,newborn (naming),24,1,placeholder,both/shared,lib/screens/post_pregnancy/pp_names_data.dart,"traits='expressive, joyful, creative, wise'; luckyDay=Thursday; colour=Yellow; element=Ether. Offered 'as tradition, never a claim' — disclaimer on both pages; needs a named tradition reviewer if kept"
parenting,Baby names > Astrology & Numerology pages,Tools tab > Baby names > Begin the journey > swipe deck > tap a card (Deep Dive) [also from 'Just show me names' list and the shortlist] > 'Numerology' / 'Astrology' tiles,numerology-profile,Number 4 — Rahu (Steadiness),Chaldean number blurb + traits + lucky day/colour/element; powers both the Astrology page and the Numerology page,newborn (naming),23,1,placeholder,both/shared,lib/screens/post_pregnancy/pp_names_data.dart,"traits='grounded, practical, hard-working, original'; luckyDay=Wednesday; colour=Grey & soft blue; element=Air. Offered 'as tradition, never a claim' — disclaimer on both pages; needs a named tradition reviewer if kept"
parenting,Baby names > Astrology & Numerology pages,Tools tab > Baby names > Begin the journey > swipe deck > tap a card (Deep Dive) [also from 'Just show me names' list and the shortlist] > 'Numerology' / 'Astrology' tiles,numerology-profile,Number 5 — Mercury (Curiosity),Chaldean number blurb + traits + lucky day/colour/element; powers both the Astrology page and the Numerology page,newborn (naming),25,1,placeholder,both/shared,lib/screens/post_pregnancy/pp_names_data.dart,"traits='quick, adaptable, communicative, free-spirited'; luckyDay=Wednesday; colour=Green; element=Air. Offered 'as tradition, never a claim' — disclaimer on both pages; needs a named tradition reviewer if kept"
parenting,Baby names > Astrology & Numerology pages,Tools tab > Baby names > Begin the journey > swipe deck > tap a card (Deep Dive) [also from 'Just show me names' list and the shortlist] > 'Numerology' / 'Astrology' tiles,numerology-profile,Number 6 — Venus (Warmth),Chaldean number blurb + traits + lucky day/colour/element; powers both the Astrology page and the Numerology page,newborn (naming),26,1,placeholder,both/shared,lib/screens/post_pregnancy/pp_names_data.dart,"traits='loving, harmonious, artistic, nurturing'; luckyDay=Friday; colour=Pink & white; element=Water. Offered 'as tradition, never a claim' — disclaimer on both pages; needs a named tradition reviewer if kept"
parenting,Baby names > Astrology & Numerology pages,Tools tab > Baby names > Begin the journey > swipe deck > tap a card (Deep Dive) [also from 'Just show me names' list and the shortlist] > 'Numerology' / 'Astrology' tiles,numerology-profile,Number 7 — Ketu (Depth),Chaldean number blurb + traits + lucky day/colour/element; powers both the Astrology page and the Numerology page,newborn (naming),24,1,placeholder,both/shared,lib/screens/post_pregnancy/pp_names_data.dart,"traits='thoughtful, spiritual, introspective, wise'; luckyDay=Monday; colour=Sea-green; element=Water. Offered 'as tradition, never a claim' — disclaimer on both pages; needs a named tradition reviewer if kept"
parenting,Baby names > Astrology & Numerology pages,Tools tab > Baby names > Begin the journey > swipe deck > tap a card (Deep Dive) [also from 'Just show me names' list and the shortlist] > 'Numerology' / 'Astrology' tiles,numerology-profile,Number 8 — Saturn (Resolve),Chaldean number blurb + traits + lucky day/colour/element; powers both the Astrology page and the Numerology page,newborn (naming),22,1,placeholder,both/shared,lib/screens/post_pregnancy/pp_names_data.dart,"traits='determined, disciplined, ambitious, enduring'; luckyDay=Saturday; colour=Deep blue & black; element=Earth. Offered 'as tradition, never a claim' — disclaimer on both pages; needs a named tradition reviewer if kept"
parenting,Baby names > Astrology & Numerology pages,Tools tab > Baby names > Begin the journey > swipe deck > tap a card (Deep Dive) [also from 'Just show me names' list and the shortlist] > 'Numerology' / 'Astrology' tiles,numerology-profile,Number 9 — Mars (Courage),Chaldean number blurb + traits + lucky day/colour/element; powers both the Astrology page and the Numerology page,newborn (naming),26,1,placeholder,both/shared,lib/screens/post_pregnancy/pp_names_data.dart,"traits='brave, energetic, passionate, protective'; luckyDay=Tuesday; colour=Red & coral; element=Fire. Offered 'as tradition, never a claim' — disclaimer on both pages; needs a named tradition reviewer if kept"
parenting,Baby names (V2 Journey),Tools tab > Baby names > 'Begin the journey' > taste quiz (who / feeling / community / region) > 'Discover names one by one' primer > swipe deck,hero-copy,Taste quiz + primer + swipe-feed copy,"Quiz step copy ('A couple of taps, and we'll tune your names'), 3 who-options (Boy/Girl/Both), 8 'feeling you want' vibes, 6 community + 6 region pills, primer 'Discover names one by one', swipe instructions, progressive feedback lines, 'That's every name for now' end state, match celebration",newborn (naming),192,27,placeholder,new,lib/screens/post_pregnancy/name_journey_feed_screen.dart,"Quiz = 4 tap-only steps (who: 3; feeling: 8 multi-select vibes 'Rooted & traditional / Modern & fresh / Rare & unique / Devotional / Timeless classics / Trending now / Sun & light / Short & sweet'; community: Any/Hindu/Muslim/Sikh/Christian/Secular; region: Any/Pan-India/North/South/East/West). Vibes only weight ordering, never hide names"
parenting,Baby names (V2 Journey) > Deep Dive,Tools tab > Baby names > Begin the journey > swipe deck > tap a card (Deep Dive) [also from 'Just show me names' list and the shortlist],section-page,Deep Dive page chrome copy,Section heads (The story of this name / Origin / Astrology / Numerology / Popularity / ParentVeda perspective / Heritage & story / Why parents choose / Sweet nicknames / Similar names),newborn (naming),59,12,placeholder,new,lib/screens/post_pregnancy/name_journey_detail_screen.dart,"Name Preview (""seeing the name in the child's world"") is described in the header comment but nothing in the file renders it"
parenting,Baby names (V2 Journey) > Shortlist / Compare / Chosen,"Tools tab > Baby names (also: V3 home > Traditions door > tools layer 'pp_names', path unsure) > 'Names you love' > Compare > Choose",hero-copy,"Shortlist, Compare (8 dimensions), Chosen → Journal copy","'Names We Both Love', compare table (Meaning/Origin/Say it/Length/Popularity/Feel/Numerology/Nakshatra, max 6 names), 'A beautiful name deserves a beautiful story' → WriteStoryScreen (Journal V2)",newborn (naming),114,11,placeholder,new,lib/screens/post_pregnancy/name_journey_shortlist_screen.dart,"decisionCompare() has 3 canned verdict paragraphs (mixed / leans traditional / leans modern). Copy promises the name 'will gently flow through ParentVeda - Child Profile, Journal, Storybook and Namkaran'"
parenting,Baby names,"Tools tab > Baby names (also: V3 home > Traditions door > tools layer 'pp_names', path unsure)",hero-copy,"Naming home ('Choose one beautiful name, together')",Front door copy + journey ribbon (Discover · Explore · We Both Love · Shortlist · Compare · Chosen · Story),newborn (naming),126,14,placeholder,new,lib/screens/post_pregnancy/baby_naming_home_screen.dart,Eyebrow still reads 'Version 2 · The Baby Naming Journey' and the Tools hub row subtitle still says 'Two ways to choose - swipe or journey' although V1 is retired — stale copy
parenting,Baby names (V2 Journey) > Browse list,Tools tab > Baby names > 'Begin the journey' > taste quiz (who / feeling / community / region) > 'Discover names one by one' primer > swipe deck > 'Just show me names',hero-copy,No-swipe browse list copy,Accessible list with search + Like buttons,newborn (naming),65,9,placeholder,new,lib/screens/post_pregnancy/name_list_screen.dart,
parenting,Baby names > Astrology & Numerology pages,Tools tab > Baby names > Begin the journey > swipe deck > tap a card (Deep Dive) [also from 'Just show me names' list and the shortlist] > 'Astrology' / 'Numerology',section-page,Astrology + Numerology page chrome + disclaimers,"'Offered the way an elder might', 'This is a warm tradition, not a prediction', Chaldean explanation",newborn (naming),103,12,placeholder,new,lib/screens/post_pregnancy/name_astro_screens.dart,Per-name nakshatra line comes from BabyName.nakshatra (counted in name-entry rows)
parenting,Baby names (V1 Finder — retired),Tools tab > Baby names > [V1|V2 toggle commented out],hero-copy,"V1 Name Finder UI copy (quiz, swipe deck, detail, matches)",Classic finder chrome,newborn (naming),241,4,placeholder,old (retired),lib/screens/post_pregnancy/name_finder_screen.dart,Unreachable: NameVersionStore + _versionToggle + _v1Home commented 'kept for revert'; V1 detail claims 'Meaning verified by our language reviewers'
parenting,Dadi/Nani Nuskhe,My Child tab > Explore drawer > Dadi/Nani Nuskhe (also: V3 home > Sleep door > extras 'What the grandmothers say'; V3 home > Traditions door > content/tools layer) > By situation 'Cold & cough' > Ajwain potli for a blocked nose,remedy,Ajwain potli for a blocked nose,"Home remedy: one-liner, description, quick facts (age 0+ mo, 2×/day, 5 min), 3 ingredients, 3 steps, when-to-use, 4 red flags ('when NOT to use — see a doctor'), 2 related Shop/Read links",0+ months+,153,1,placeholder,both/shared,lib/screens/post_pregnancy/pp_nuskhe_data.dart,"category=Cold & cough; 'Reviewed & signed off by Dr. Kamala Iyer (BAMS) & 4 practitioners, cross-checked by an MBBS paediatrician' is a CLAIM WITH NO EVIDENCE (fictional panel) — REQUIRED clinical/ayurvedic review before shipping; demo video slot; sponsored slot: Organic India · whole-seed ajwain / Single-origin, lab-tested purity.; on 'Popular this monsoon' shelf"
parenting,Dadi/Nani Nuskhe,My Child tab > Explore drawer > Dadi/Nani Nuskhe (also: V3 home > Sleep door > extras 'What the grandmothers say'; V3 home > Traditions door > content/tools layer) > By situation 'Cold & cough' > Mustard-oil & garlic chest rub,remedy,Mustard-oil & garlic chest rub,"Home remedy: one-liner, description, quick facts (age 3+ mo, 1-2×/day, 10 min), 3 ingredients, 3 steps, when-to-use, 4 red flags ('when NOT to use — see a doctor'), 2 related Shop/Read links",3+ months+,174,1,placeholder,both/shared,lib/screens/post_pregnancy/pp_nuskhe_data.dart,"category=Cold & cough; 'Reviewed & signed off by Dr. Anil Deshpande (BAMS, MD Ayurveda), cross-checked by an MBBS paediatrician' is a CLAIM WITH NO EVIDENCE (fictional panel) — REQUIRED clinical/ayurvedic review before shipping; demo video slot"
parenting,Dadi/Nani Nuskhe,My Child tab > Explore drawer > Dadi/Nani Nuskhe (also: V3 home > Sleep door > extras 'What the grandmothers say'; V3 home > Traditions door > content/tools layer) > By situation 'Cold & cough' > Tulsi & honey for a lingering cough,remedy,Tulsi & honey for a lingering cough,"Home remedy: one-liner, description, quick facts (age 12+ mo, 2×/day, 5 min), 3 ingredients, 3 steps, when-to-use, 4 red flags ('when NOT to use — see a doctor'), 2 related Shop/Read links",12+ months+,138,1,placeholder,both/shared,lib/screens/post_pregnancy/pp_nuskhe_data.dart,"category=Cold & cough; 'Reviewed & signed off by Dr. Lakshmi Nair (BAMS), cross-checked by an MBBS paediatrician' is a CLAIM WITH NO EVIDENCE (fictional panel) — REQUIRED clinical/ayurvedic review before shipping; AGE GATE '1 year+ only (honey)'"
parenting,Dadi/Nani Nuskhe,My Child tab > Explore drawer > Dadi/Nani Nuskhe (also: V3 home > Sleep door > extras 'What the grandmothers say'; V3 home > Traditions door > content/tools layer) > By situation 'Cold & cough' > Warm steam & a humid room,remedy,Warm steam & a humid room,"Home remedy: one-liner, description, quick facts (age 0+ mo, As needed, 10 min), 2 ingredients, 3 steps, when-to-use, 4 red flags ('when NOT to use — see a doctor'), 2 related Shop/Read links",0+ months+,172,1,placeholder,both/shared,lib/screens/post_pregnancy/pp_nuskhe_data.dart,"category=Cold & cough; 'Reviewed & signed off by Dr. Kamala Iyer (BAMS) & 4 practitioners, cross-checked by an MBBS paediatrician' is a CLAIM WITH NO EVIDENCE (fictional panel) — REQUIRED clinical/ayurvedic review before shipping; "
parenting,Dadi/Nani Nuskhe,My Child tab > Explore drawer > Dadi/Nani Nuskhe (also: V3 home > Sleep door > extras 'What the grandmothers say'; V3 home > Traditions door > content/tools layer) > By situation 'Cold & cough' > Golden haldi milk at bedtime,remedy,Golden haldi milk at bedtime,"Home remedy: one-liner, description, quick facts (age 12+ mo, 1×/day, 8 min), 3 ingredients, 3 steps, when-to-use, 4 red flags ('when NOT to use — see a doctor'), 1 related Shop/Read links",12+ months+,145,1,placeholder,both/shared,lib/screens/post_pregnancy/pp_nuskhe_data.dart,"category=Cold & cough; 'Reviewed & signed off by Dr. Lakshmi Nair (BAMS), cross-checked by an MBBS paediatrician' is a CLAIM WITH NO EVIDENCE (fictional panel) — REQUIRED clinical/ayurvedic review before shipping; AGE GATE '1 year+ only'"
parenting,Dadi/Nani Nuskhe,My Child tab > Explore drawer > Dadi/Nani Nuskhe (also: V3 home > Sleep door > extras 'What the grandmothers say'; V3 home > Traditions door > content/tools layer) > By situation 'Fever' > Lukewarm sponging for comfort,remedy,Lukewarm sponging for comfort,"Home remedy: one-liner, description, quick facts (age 0+ mo, As needed, 2 min), 2 ingredients, 3 steps, when-to-use, 4 red flags ('when NOT to use — see a doctor'), 1 related Shop/Read links",0+ months+,166,1,placeholder,both/shared,lib/screens/post_pregnancy/pp_nuskhe_data.dart,"category=Fever; 'Reviewed & signed off by Dr. Anil Deshpande (BAMS, MD Ayurveda), cross-checked by an MBBS paediatrician' is a CLAIM WITH NO EVIDENCE (fictional panel) — REQUIRED clinical/ayurvedic review before shipping; "
parenting,Dadi/Nani Nuskhe,My Child tab > Explore drawer > Dadi/Nani Nuskhe (also: V3 home > Sleep door > extras 'What the grandmothers say'; V3 home > Traditions door > content/tools layer) > By situation 'Fever' > Coriander-seed (dhania) water,remedy,Coriander-seed (dhania) water,"Home remedy: one-liner, description, quick facts (age 8+ mo, 2-3×/day, 15 min), 2 ingredients, 3 steps, when-to-use, 4 red flags ('when NOT to use — see a doctor'), 1 related Shop/Read links",8+ months+,145,1,placeholder,both/shared,lib/screens/post_pregnancy/pp_nuskhe_data.dart,"category=Fever; 'Reviewed & signed off by Dr. Lakshmi Nair (BAMS), cross-checked by an MBBS paediatrician' is a CLAIM WITH NO EVIDENCE (fictional panel) — REQUIRED clinical/ayurvedic review before shipping; "
parenting,Dadi/Nani Nuskhe,My Child tab > Explore drawer > Dadi/Nani Nuskhe (also: V3 home > Sleep door > extras 'What the grandmothers say'; V3 home > Traditions door > content/tools layer) > By situation 'Fever' > Cooling sandalwood forehead paste,remedy,Cooling sandalwood forehead paste,"Home remedy: one-liner, description, quick facts (age 6+ mo, As needed, 5 min), 2 ingredients, 3 steps, when-to-use, 4 red flags ('when NOT to use — see a doctor'), 1 related Shop/Read links",6+ months+,160,1,placeholder,both/shared,lib/screens/post_pregnancy/pp_nuskhe_data.dart,"category=Fever; 'Reviewed & signed off by Dr. Kamala Iyer (BAMS) & 4 practitioners, cross-checked by an MBBS paediatrician' is a CLAIM WITH NO EVIDENCE (fictional panel) — REQUIRED clinical/ayurvedic review before shipping; "
parenting,Dadi/Nani Nuskhe,My Child tab > Explore drawer > Dadi/Nani Nuskhe (also: V3 home > Sleep door > extras 'What the grandmothers say'; V3 home > Traditions door > content/tools layer) > By situation 'Stomach & colic' > Hing (asafoetida) tummy rub,remedy,Hing (asafoetida) tummy rub,"Home remedy: one-liner, description, quick facts (age 1+ mo, As needed, 3 min), 2 ingredients, 3 steps, when-to-use, 4 red flags ('when NOT to use — see a doctor'), 2 related Shop/Read links",1+ months+,157,1,placeholder,both/shared,lib/screens/post_pregnancy/pp_nuskhe_data.dart,"category=Stomach & colic; 'Reviewed & signed off by Dr. Anil Deshpande (BAMS, MD Ayurveda), cross-checked by an MBBS paediatrician' is a CLAIM WITH NO EVIDENCE (fictional panel) — REQUIRED clinical/ayurvedic review before shipping; demo video slot; on 'Popular this monsoon' shelf"
parenting,Dadi/Nani Nuskhe,My Child tab > Explore drawer > Dadi/Nani Nuskhe (also: V3 home > Sleep door > extras 'What the grandmothers say'; V3 home > Traditions door > content/tools layer) > By situation 'Stomach & colic' > Tummy massage & bicycle legs,remedy,Tummy massage & bicycle legs,"Home remedy: one-liner, description, quick facts (age 0+ mo, As needed, 5 min), 2 ingredients, 3 steps, when-to-use, 4 red flags ('when NOT to use — see a doctor'), 1 related Shop/Read links",0+ months+,156,1,placeholder,both/shared,lib/screens/post_pregnancy/pp_nuskhe_data.dart,"category=Stomach & colic; 'Reviewed & signed off by Dr. Kamala Iyer (BAMS) & 4 practitioners, cross-checked by an MBBS paediatrician' is a CLAIM WITH NO EVIDENCE (fictional panel) — REQUIRED clinical/ayurvedic review before shipping; demo video slot"
parenting,Dadi/Nani Nuskhe,My Child tab > Explore drawer > Dadi/Nani Nuskhe (also: V3 home > Sleep door > extras 'What the grandmothers say'; V3 home > Traditions door > content/tools layer) > By situation 'Stomach & colic' > Saunf (fennel) water for wind,remedy,Saunf (fennel) water for wind,"Home remedy: one-liner, description, quick facts (age 6+ mo, 1×/day, 15 min), 2 ingredients, 3 steps, when-to-use, 4 red flags ('when NOT to use — see a doctor'), 1 related Shop/Read links",6+ months+,150,1,placeholder,both/shared,lib/screens/post_pregnancy/pp_nuskhe_data.dart,"category=Stomach & colic; 'Reviewed & signed off by Dr. Lakshmi Nair (BAMS), cross-checked by an MBBS paediatrician' is a CLAIM WITH NO EVIDENCE (fictional panel) — REQUIRED clinical/ayurvedic review before shipping; AGE GATE '6+ months only'"
parenting,Dadi/Nani Nuskhe,My Child tab > Explore drawer > Dadi/Nani Nuskhe (also: V3 home > Sleep door > extras 'What the grandmothers say'; V3 home > Traditions door > content/tools layer) > By situation 'Stomach & colic' > Mild ajwain water for digestion,remedy,Mild ajwain water for digestion,"Home remedy: one-liner, description, quick facts (age 8+ mo, 1×/day, 15 min), 2 ingredients, 3 steps, when-to-use, 4 red flags ('when NOT to use — see a doctor'), 1 related Shop/Read links",8+ months+,124,1,placeholder,both/shared,lib/screens/post_pregnancy/pp_nuskhe_data.dart,"category=Stomach & colic; 'Reviewed & signed off by Dr. Anil Deshpande (BAMS, MD Ayurveda), cross-checked by an MBBS paediatrician' is a CLAIM WITH NO EVIDENCE (fictional panel) — REQUIRED clinical/ayurvedic review before shipping; AGE GATE '8+ months only'"
parenting,Dadi/Nani Nuskhe,My Child tab > Explore drawer > Dadi/Nani Nuskhe (also: V3 home > Sleep door > extras 'What the grandmothers say'; V3 home > Traditions door > content/tools layer) > By situation 'Teething' > A chilled (not frozen) spoon,remedy,A chilled (not frozen) spoon,"Home remedy: one-liner, description, quick facts (age 4+ mo, As needed, 30 min), 2 ingredients, 3 steps, when-to-use, 4 red flags ('when NOT to use — see a doctor'), 2 related Shop/Read links",4+ months+,159,1,placeholder,both/shared,lib/screens/post_pregnancy/pp_nuskhe_data.dart,"category=Teething; 'Reviewed & signed off by Dr. Kamala Iyer (BAMS) & 4 practitioners, cross-checked by an MBBS paediatrician' is a CLAIM WITH NO EVIDENCE (fictional panel) — REQUIRED clinical/ayurvedic review before shipping; "
parenting,Dadi/Nani Nuskhe,My Child tab > Explore drawer > Dadi/Nani Nuskhe (also: V3 home > Sleep door > extras 'What the grandmothers say'; V3 home > Traditions door > content/tools layer) > By situation 'Teething' > Clean-finger gum massage,remedy,Clean-finger gum massage,"Home remedy: one-liner, description, quick facts (age 3+ mo, As needed, 2 min), 2 ingredients, 3 steps, when-to-use, 4 red flags ('when NOT to use — see a doctor'), 1 related Shop/Read links",3+ months+,133,1,placeholder,both/shared,lib/screens/post_pregnancy/pp_nuskhe_data.dart,"category=Teething; 'Reviewed & signed off by Dr. Kamala Iyer (BAMS) & 4 practitioners, cross-checked by an MBBS paediatrician' is a CLAIM WITH NO EVIDENCE (fictional panel) — REQUIRED clinical/ayurvedic review before shipping; demo video slot"
parenting,Dadi/Nani Nuskhe,"My Child tab > Explore drawer > Dadi/Nani Nuskhe (also: V3 home > Sleep door > extras 'What the grandmothers say'; V3 home > Traditions door > content/tools layer) > By situation 'Teething' > A cool, damp washcloth to chew",remedy,"A cool, damp washcloth to chew","Home remedy: one-liner, description, quick facts (age 4+ mo, As needed, 20 min), 2 ingredients, 3 steps, when-to-use, 4 red flags ('when NOT to use — see a doctor'), 1 related Shop/Read links",4+ months+,146,1,placeholder,both/shared,lib/screens/post_pregnancy/pp_nuskhe_data.dart,"category=Teething; 'Reviewed & signed off by Dr. Kamala Iyer (BAMS) & 4 practitioners, cross-checked by an MBBS paediatrician' is a CLAIM WITH NO EVIDENCE (fictional panel) — REQUIRED clinical/ayurvedic review before shipping; "
parenting,Dadi/Nani Nuskhe,My Child tab > Explore drawer > Dadi/Nani Nuskhe (also: V3 home > Sleep door > extras 'What the grandmothers say'; V3 home > Traditions door > content/tools layer) > By situation 'Sleep issues' > Bedtime oil massage (abhyanga),remedy,Bedtime oil massage (abhyanga),"Home remedy: one-liner, description, quick facts (age 0+ mo, 1×/day, 10 min), 2 ingredients, 3 steps, when-to-use, 4 red flags ('when NOT to use — see a doctor'), 2 related Shop/Read links",0+ months+,158,1,placeholder,both/shared,lib/screens/post_pregnancy/pp_nuskhe_data.dart,"category=Sleep issues; 'Reviewed & signed off by Dr. Lakshmi Nair (BAMS), cross-checked by an MBBS paediatrician' is a CLAIM WITH NO EVIDENCE (fictional panel) — REQUIRED clinical/ayurvedic review before shipping; demo video slot; on 'Popular this monsoon' shelf"
parenting,Dadi/Nani Nuskhe,My Child tab > Explore drawer > Dadi/Nani Nuskhe (also: V3 home > Sleep door > extras 'What the grandmothers say'; V3 home > Traditions door > content/tools layer) > By situation 'Sleep issues' > Nutmeg (jaiphal) for restful sleep,remedy,Nutmeg (jaiphal) for restful sleep,"Home remedy: one-liner, description, quick facts (age 8+ mo, Occasional, 5 min), 2 ingredients, 3 steps, when-to-use, 4 red flags ('when NOT to use — see a doctor'), 1 related Shop/Read links",8+ months+,191,1,placeholder,both/shared,lib/screens/post_pregnancy/pp_nuskhe_data.dart,"category=Sleep issues; 'Reviewed & signed off by Dr. Anil Deshpande (BAMS, MD Ayurveda), cross-checked by an MBBS paediatrician' is a CLAIM WITH NO EVIDENCE (fictional panel) — REQUIRED clinical/ayurvedic review before shipping; AGE GATE '8+ months only · use sparingly'; on 'Popular this monsoon' shelf"
parenting,Dadi/Nani Nuskhe,My Child tab > Explore drawer > Dadi/Nani Nuskhe (also: V3 home > Sleep door > extras 'What the grandmothers say'; V3 home > Traditions door > content/tools layer) > By situation 'Sleep issues' > A warm wind-down bath & routine,remedy,A warm wind-down bath & routine,"Home remedy: one-liner, description, quick facts (age 0+ mo, Nightly, 20 min), 2 ingredients, 3 steps, when-to-use, 4 red flags ('when NOT to use — see a doctor'), 1 related Shop/Read links",0+ months+,154,1,placeholder,both/shared,lib/screens/post_pregnancy/pp_nuskhe_data.dart,"category=Sleep issues; 'Reviewed & signed off by Dr. Kamala Iyer (BAMS) & 4 practitioners, cross-checked by an MBBS paediatrician' is a CLAIM WITH NO EVIDENCE (fictional panel) — REQUIRED clinical/ayurvedic review before shipping; "
parenting,Dadi/Nani Nuskhe,My Child tab > Explore drawer > Dadi/Nani Nuskhe (also: V3 home > Sleep door > extras 'What the grandmothers say'; V3 home > Traditions door > content/tools layer) > By situation 'Skin issues' > Coconut oil for dry skin,remedy,Coconut oil for dry skin,"Home remedy: one-liner, description, quick facts (age 0+ mo, 1-2×/day, 3 min), 2 ingredients, 3 steps, when-to-use, 4 red flags ('when NOT to use — see a doctor'), 2 related Shop/Read links",0+ months+,133,1,placeholder,both/shared,lib/screens/post_pregnancy/pp_nuskhe_data.dart,"category=Skin issues; 'Reviewed & signed off by Dr. Kamala Iyer (BAMS) & 4 practitioners, cross-checked by an MBBS paediatrician' is a CLAIM WITH NO EVIDENCE (fictional panel) — REQUIRED clinical/ayurvedic review before shipping; sponsored slot: Coco Soul · virgin coconut oil / Cold-pressed, nothing added."
parenting,Dadi/Nani Nuskhe,My Child tab > Explore drawer > Dadi/Nani Nuskhe (also: V3 home > Sleep door > extras 'What the grandmothers say'; V3 home > Traditions door > content/tools layer) > By situation 'Skin issues' > Oatmeal bath for prickly heat,remedy,Oatmeal bath for prickly heat,"Home remedy: one-liner, description, quick facts (age 3+ mo, 1×/day, 10 min), 2 ingredients, 3 steps, when-to-use, 4 red flags ('when NOT to use — see a doctor'), 2 related Shop/Read links",3+ months+,143,1,placeholder,both/shared,lib/screens/post_pregnancy/pp_nuskhe_data.dart,"category=Skin issues; 'Reviewed & signed off by Dr. Lakshmi Nair (BAMS), cross-checked by an MBBS paediatrician' is a CLAIM WITH NO EVIDENCE (fictional panel) — REQUIRED clinical/ayurvedic review before shipping; "
parenting,Dadi/Nani Nuskhe,My Child tab > Explore drawer > Dadi/Nani Nuskhe (also: V3 home > Sleep door > extras 'What the grandmothers say'; V3 home > Traditions door > content/tools layer) > By situation 'Skin issues' > Coconut oil for cradle cap,remedy,Coconut oil for cradle cap,"Home remedy: one-liner, description, quick facts (age 0+ mo, Few times a week, 5 min), 2 ingredients, 3 steps, when-to-use, 4 red flags ('when NOT to use — see a doctor'), 1 related Shop/Read links",0+ months+,156,1,placeholder,both/shared,lib/screens/post_pregnancy/pp_nuskhe_data.dart,"category=Skin issues; 'Reviewed & signed off by Dr. Kamala Iyer (BAMS) & 4 practitioners, cross-checked by an MBBS paediatrician' is a CLAIM WITH NO EVIDENCE (fictional panel) — REQUIRED clinical/ayurvedic review before shipping; "
parenting,Dadi/Nani Nuskhe,My Child tab > Explore drawer > Dadi/Nani Nuskhe (also: V3 home > Sleep door > extras 'What the grandmothers say'; V3 home > Traditions door > content/tools layer) > By situation 'Skin issues' > Gentle besan ubtan for a cleansing rub,remedy,Gentle besan ubtan for a cleansing rub,"Home remedy: one-liner, description, quick facts (age 3+ mo, 1-2×/week, 5 min), 2 ingredients, 3 steps, when-to-use, 4 red flags ('when NOT to use — see a doctor'), 1 related Shop/Read links",3+ months+,163,1,placeholder,both/shared,lib/screens/post_pregnancy/pp_nuskhe_data.dart,"category=Skin issues; 'Reviewed & signed off by Dr. Anil Deshpande (BAMS, MD Ayurveda), cross-checked by an MBBS paediatrician' is a CLAIM WITH NO EVIDENCE (fictional panel) — REQUIRED clinical/ayurvedic review before shipping; AGE GATE 'Skip on sensitive/eczema skin'"
parenting,Dadi/Nani Nuskhe,My Child tab > Explore drawer > Dadi/Nani Nuskhe (also: V3 home > Sleep door > extras 'What the grandmothers say'; V3 home > Traditions door > content/tools layer),hero-copy,"Nuskhe landing ('Home remedies, safely.')",Hero + trust banner + search hint + By situation + Popular this monsoon,all parenting,115,16,placeholder,both/shared,lib/screens/post_pregnancy/nuskhe_screen.dart,Trust banner claims 'Every nuskha is validated by a panel of 5 ayurvedic practitioners + an MBBS paediatrician' — no such panel exists yet; Devanagari header 'दादी–नानी के नुस्खे' is the one Hindi string
parenting,Dadi/Nani Nuskhe > remedy detail > related reads,My Child tab > Explore drawer > Dadi/Nani Nuskhe (also: V3 home > Sleep door > extras 'What the grandmothers say'; V3 home > Traditions door > content/tools layer) > any remedy > 'Read' link,article,19 related-read stubs (titles only),Companion articles promised under remedies,all parenting,0,19,coming-soon,both/shared,lib/screens/post_pregnancy/pp_nuskhe_data.dart,"Titles exist, no body; tap shows 'coming soon'. Examples: Baby colds: what actually helps; Is baby massage safe during a cold?; Why honey is a no under one"
parenting,Find help,My Child tab > Explore drawer > Find help (also: V3 home > any door > consult layer 'Talk to a ...'; What Changed > 'Find help'; My Bookings empty state),hero-copy,Find help landing ('Find the right help'),"Hero, search hint, Browse by need (13), footer",all parenting,92,11,placeholder,both/shared,lib/screens/post_pregnancy/problem_solver_screen.dart,Copy says 'each expert is vetted by ParentVeda' while the whole roster is fictional; footer admits 'Booking is mock for now - no payment is taken'
parenting,Find help > triage,V3 'something is off' page > 'Work out which help you need' (surface pp_find_help_triage; path unsure),faq,"Triage: 2 questions, 11 answers","Q1 'Who is this about?' (My child / Me); Q2 'What is it mostly about?' — 6 child answers + 3 mother answers, each routing to a FindHelpNeed",all parenting,156,27,placeholder,both/shared,lib/screens/post_pregnancy/find_help_triage_screen.dart,Answers bounded to the 7 real-supply categories on purpose; never names a cause
parenting,Find help > expert profile,My Child tab > Explore drawer > Find help (also: V3 home > any door > consult layer 'Talk to a ...'; What Changed > 'Find help'; My Bookings empty state) > expert profile,expert-bio,"6 full expert bios (Neha Sharma, Ananya Rao, Meher Shah, Kabir Sen, Meera Iyer, Ritu Malhotra)","Qualifications (3 each), experience, practisesAt, registration no., memberships, 'Why ParentVeda picks her' paragraph, blurb, tags",all parenting,66,6,placeholder,both/shared,lib/screens/post_pregnancy/pp_experts_data.dart,"Fictional people with fictional council registration numbers (e.g. DMC Reg. 51872) — must be replaced by real, consented profiles; 3 of the 6 have no find-help category (course/cohort experts)"
parenting,Find help > expert profile,My Child tab > Explore drawer > Find help (also: V3 home > any door > consult layer 'Talk to a ...'; What Changed > 'Find help'; My Bookings empty state) > Browse by need > expert,expert-bio,19 lean find-help bios,credential line + ~15-word blurb + timings + tags; no why/qualifications/reviews,all parenting,15,19,placeholder,both/shared,lib/screens/post_pregnancy/pp_experts_data.dart,"Examples: Dr. Rajan Mehta (Paediatrician), Shalini Gupta (IBCLC), Dr. Tara Bose (Child psychologist). Profile hides empty sections; full bios needed for each"
parenting,Find help > expert profile,My Child tab > Explore drawer > Find help (also: V3 home > any door > consult layer 'Talk to a ...'; What Changed > 'Find help'; My Bookings empty state) > Browse by need (seeded categories) > expert,expert-bio,12 SEEDED placeholder bios,"Same lean shape, flagged Expert.seeded=true",all parenting,17,12,placeholder,both/shared,lib/screens/post_pregnancy/pp_experts_data.dart,"Categories with no real supply: Sleep expert, Nutritionist, Physiotherapist, Maternal mental health, Development expert, Early learning expert (2 each). Examples: Aditi Rao, Divya Menon, Dr. Kavita Bhatt"
parenting,Find help > expert profile,My Child tab > Explore drawer > Find help (also: V3 home > any door > consult layer 'Talk to a ...'; What Changed > 'Find help'; My Bookings empty state) > expert profile > 'What parents say',review,12 parent testimonials on full profiles,"Named 5-star quotes ('Priya, mother of Aarav (4 mo)')",all parenting,15,12,placeholder,both/shared,lib/screens/post_pregnancy/pp_experts_data.dart,FABRICATED testimonials rendered as ★★★★★ — legal/trust risk; replace with real reviews or remove section
parenting,Find help > expert profile,My Child tab > Explore drawer > Find help (also: V3 home > any door > consult layer 'Talk to a ...'; What Changed > 'Find help'; My Bookings empty state) > expert profile,section-page,Profile chrome copy,"Section heads, disclaimers, CTA labels, channel link",all parenting,87,16,placeholder,both/shared,lib/screens/post_pregnancy/provider_profile_screen.dart,
parenting,Guided journeys,My Child tab > Explore drawer > Brand Studio > 'Sponsored journey' > Show me > Guided journeys (the Explore drawer row 'Guided journeys' is COMMENTED OUT),hero-copy,"Journeys landing + 'Breastfeeding, in 30 parts' about","Landing hero, journey card subtitle, about paragraph, expert credit",mother (postpartum) 0–1 month,177,1,placeholder,old (retired),lib/screens/post_pregnancy/pp_journeys_data.dart,Credit reads 'Shalini Gupta — IBCLC lactation consultant · wrote this journey for ParentVeda' but Shalini is a seed persona: an authorship claim with no human author behind it. Explore row commented out
parenting,"Guided journeys > Breastfeeding, in 30 parts","My Child tab > Explore drawer > Brand Studio > 'Sponsored journey' > Show me > Guided journeys (the Explore drawer row 'Guided journeys' is COMMENTED OUT) > 'Breastfeeding, in 30 parts' > Day 1",journey-day,Day 1 — Skin to skin,Short daily read (2–3 sentences) + one action,mother (postpartum) 0–1 month,59,1,placeholder,old (retired),lib/screens/post_pregnancy/pp_journeys_data.dart,Week 1
parenting,"Guided journeys > Breastfeeding, in 30 parts","My Child tab > Explore drawer > Brand Studio > 'Sponsored journey' > Show me > Guided journeys (the Explore drawer row 'Guided journeys' is COMMENTED OUT) > 'Breastfeeding, in 30 parts' > Day 2",journey-day,Day 2 — Colostrum is enough,Short daily read (2–3 sentences) + one action,mother (postpartum) 0–1 month,60,1,placeholder,old (retired),lib/screens/post_pregnancy/pp_journeys_data.dart,Week 1
parenting,"Guided journeys > Breastfeeding, in 30 parts","My Child tab > Explore drawer > Brand Studio > 'Sponsored journey' > Show me > Guided journeys (the Explore drawer row 'Guided journeys' is COMMENTED OUT) > 'Breastfeeding, in 30 parts' > Day 3",journey-day,Day 3 — The latch is the whole game,Short daily read (2–3 sentences) + one action,mother (postpartum) 0–1 month,57,1,placeholder,old (retired),lib/screens/post_pregnancy/pp_journeys_data.dart,Week 1
parenting,"Guided journeys > Breastfeeding, in 30 parts","My Child tab > Explore drawer > Brand Studio > 'Sponsored journey' > Show me > Guided journeys (the Explore drawer row 'Guided journeys' is COMMENTED OUT) > 'Breastfeeding, in 30 parts' > Day 4",journey-day,Day 4 — It should not actually hurt,Short daily read (2–3 sentences) + one action + when-to-ask-someone line,mother (postpartum) 0–1 month,72,1,placeholder,old (retired),lib/screens/post_pregnancy/pp_journeys_data.dart,MEDICAL EDGE: askSomeone present — clinical review required. Week 1
parenting,"Guided journeys > Breastfeeding, in 30 parts","My Child tab > Explore drawer > Brand Studio > 'Sponsored journey' > Show me > Guided journeys (the Explore drawer row 'Guided journeys' is COMMENTED OUT) > 'Breastfeeding, in 30 parts' > Day 5",journey-day,Day 5 — Cluster feeding is not failure,Short daily read (2–3 sentences) + one action,mother (postpartum) 0–1 month,66,1,placeholder,old (retired),lib/screens/post_pregnancy/pp_journeys_data.dart,Week 1
parenting,"Guided journeys > Breastfeeding, in 30 parts","My Child tab > Explore drawer > Brand Studio > 'Sponsored journey' > Show me > Guided journeys (the Explore drawer row 'Guided journeys' is COMMENTED OUT) > 'Breastfeeding, in 30 parts' > Day 6",journey-day,Day 6 — Count what comes out,Short daily read (2–3 sentences) + one action + when-to-ask-someone line,mother (postpartum) 0–1 month,73,1,placeholder,old (retired),lib/screens/post_pregnancy/pp_journeys_data.dart,MEDICAL EDGE: askSomeone present — clinical review required. Week 1
parenting,"Guided journeys > Breastfeeding, in 30 parts","My Child tab > Explore drawer > Brand Studio > 'Sponsored journey' > Show me > Guided journeys (the Explore drawer row 'Guided journeys' is COMMENTED OUT) > 'Breastfeeding, in 30 parts' > Day 7",journey-day,Day 7 — When your milk comes in,Short daily read (2–3 sentences) + one action + when-to-ask-someone line,mother (postpartum) 0–1 month,66,1,placeholder,old (retired),lib/screens/post_pregnancy/pp_journeys_data.dart,MEDICAL EDGE: askSomeone present — clinical review required. Week 1
parenting,"Guided journeys > Breastfeeding, in 30 parts","My Child tab > Explore drawer > Brand Studio > 'Sponsored journey' > Show me > Guided journeys (the Explore drawer row 'Guided journeys' is COMMENTED OUT) > 'Breastfeeding, in 30 parts' > Day 8",journey-day,"Day 8 — Supply and demand, honestly",Short daily read (2–3 sentences) + one action,mother (postpartum) 0–1 month,53,1,placeholder,old (retired),lib/screens/post_pregnancy/pp_journeys_data.dart,Week 2
parenting,"Guided journeys > Breastfeeding, in 30 parts","My Child tab > Explore drawer > Brand Studio > 'Sponsored journey' > Show me > Guided journeys (the Explore drawer row 'Guided journeys' is COMMENTED OUT) > 'Breastfeeding, in 30 parts' > Day 9",journey-day,Day 9 — Let-down,Short daily read (2–3 sentences) + one action,mother (postpartum) 0–1 month,48,1,placeholder,old (retired),lib/screens/post_pregnancy/pp_journeys_data.dart,Week 2
parenting,"Guided journeys > Breastfeeding, in 30 parts","My Child tab > Explore drawer > Brand Studio > 'Sponsored journey' > Show me > Guided journeys (the Explore drawer row 'Guided journeys' is COMMENTED OUT) > 'Breastfeeding, in 30 parts' > Day 10",journey-day,Day 10 — Change one thing: position,Short daily read (2–3 sentences) + one action,mother (postpartum) 0–1 month,50,1,placeholder,old (retired),lib/screens/post_pregnancy/pp_journeys_data.dart,Week 2
parenting,"Guided journeys > Breastfeeding, in 30 parts","My Child tab > Explore drawer > Brand Studio > 'Sponsored journey' > Show me > Guided journeys (the Explore drawer row 'Guided journeys' is COMMENTED OUT) > 'Breastfeeding, in 30 parts' > Day 11",journey-day,Day 11 — The two-week growth spurt,Short daily read (2–3 sentences) + one action,mother (postpartum) 0–1 month,47,1,placeholder,old (retired),lib/screens/post_pregnancy/pp_journeys_data.dart,Week 2
parenting,"Guided journeys > Breastfeeding, in 30 parts","My Child tab > Explore drawer > Brand Studio > 'Sponsored journey' > Show me > Guided journeys (the Explore drawer row 'Guided journeys' is COMMENTED OUT) > 'Breastfeeding, in 30 parts' > Day 12",journey-day,Day 12 — Why nights are like this,Short daily read (2–3 sentences) + one action,mother (postpartum) 0–1 month,45,1,placeholder,old (retired),lib/screens/post_pregnancy/pp_journeys_data.dart,Week 2
parenting,"Guided journeys > Breastfeeding, in 30 parts","My Child tab > Explore drawer > Brand Studio > 'Sponsored journey' > Show me > Guided journeys (the Explore drawer row 'Guided journeys' is COMMENTED OUT) > 'Breastfeeding, in 30 parts' > Day 13",journey-day,Day 13 — One side or two?,Short daily read (2–3 sentences) + one action,mother (postpartum) 0–1 month,47,1,placeholder,old (retired),lib/screens/post_pregnancy/pp_journeys_data.dart,Week 2
parenting,"Guided journeys > Breastfeeding, in 30 parts","My Child tab > Explore drawer > Brand Studio > 'Sponsored journey' > Show me > Guided journeys (the Explore drawer row 'Guided journeys' is COMMENTED OUT) > 'Breastfeeding, in 30 parts' > Day 14",journey-day,Day 14 — Two weeks in — a check on you,Short daily read (2–3 sentences) + one action + when-to-ask-someone line,mother (postpartum) 0–1 month,72,1,placeholder,old (retired),lib/screens/post_pregnancy/pp_journeys_data.dart,MEDICAL EDGE: askSomeone present — clinical review required. Week 2
parenting,"Guided journeys > Breastfeeding, in 30 parts","My Child tab > Explore drawer > Brand Studio > 'Sponsored journey' > Show me > Guided journeys (the Explore drawer row 'Guided journeys' is COMMENTED OUT) > 'Breastfeeding, in 30 parts' > Day 15",journey-day,"Day 15 — Pumping, if you want to",Short daily read (2–3 sentences) + one action,mother (postpartum) 0–1 month,59,1,placeholder,old (retired),lib/screens/post_pregnancy/pp_journeys_data.dart,Week 3
parenting,"Guided journeys > Breastfeeding, in 30 parts","My Child tab > Explore drawer > Brand Studio > 'Sponsored journey' > Show me > Guided journeys (the Explore drawer row 'Guided journeys' is COMMENTED OUT) > 'Breastfeeding, in 30 parts' > Day 16",journey-day,Day 16 — Storing it,Short daily read (2–3 sentences) + one action,mother (postpartum) 0–1 month,45,1,placeholder,old (retired),lib/screens/post_pregnancy/pp_journeys_data.dart,Week 3
parenting,"Guided journeys > Breastfeeding, in 30 parts","My Child tab > Explore drawer > Brand Studio > 'Sponsored journey' > Show me > Guided journeys (the Explore drawer row 'Guided journeys' is COMMENTED OUT) > 'Breastfeeding, in 30 parts' > Day 17",journey-day,Day 17 — Feeding outside the house,Short daily read (2–3 sentences) + one action,mother (postpartum) 0–1 month,42,1,placeholder,old (retired),lib/screens/post_pregnancy/pp_journeys_data.dart,Week 3
parenting,"Guided journeys > Breastfeeding, in 30 parts","My Child tab > Explore drawer > Brand Studio > 'Sponsored journey' > Show me > Guided journeys (the Explore drawer row 'Guided journeys' is COMMENTED OUT) > 'Breastfeeding, in 30 parts' > Day 18",journey-day,Day 18 — What a partner can actually do,Short daily read (2–3 sentences) + one action,mother (postpartum) 0–1 month,46,1,placeholder,old (retired),lib/screens/post_pregnancy/pp_journeys_data.dart,Week 3
parenting,"Guided journeys > Breastfeeding, in 30 parts","My Child tab > Explore drawer > Brand Studio > 'Sponsored journey' > Show me > Guided journeys (the Explore drawer row 'Guided journeys' is COMMENTED OUT) > 'Breastfeeding, in 30 parts' > Day 19",journey-day,Day 19 — Your body is doing this too,Short daily read (2–3 sentences) + one action,mother (postpartum) 0–1 month,39,1,placeholder,old (retired),lib/screens/post_pregnancy/pp_journeys_data.dart,Week 3
parenting,"Guided journeys > Breastfeeding, in 30 parts","My Child tab > Explore drawer > Brand Studio > 'Sponsored journey' > Show me > Guided journeys (the Explore drawer row 'Guided journeys' is COMMENTED OUT) > 'Breastfeeding, in 30 parts' > Day 20",journey-day,Day 20 — Spotting mastitis early,Short daily read (2–3 sentences) + one action + when-to-ask-someone line,mother (postpartum) 0–1 month,73,1,placeholder,old (retired),lib/screens/post_pregnancy/pp_journeys_data.dart,MEDICAL EDGE: askSomeone present — clinical review required. Week 3
parenting,"Guided journeys > Breastfeeding, in 30 parts","My Child tab > Explore drawer > Brand Studio > 'Sponsored journey' > Show me > Guided journeys (the Explore drawer row 'Guided journeys' is COMMENTED OUT) > 'Breastfeeding, in 30 parts' > Day 21",journey-day,Day 21 — The honest middle,Short daily read (2–3 sentences) + one action,mother (postpartum) 0–1 month,50,1,placeholder,old (retired),lib/screens/post_pregnancy/pp_journeys_data.dart,Week 3
parenting,"Guided journeys > Breastfeeding, in 30 parts","My Child tab > Explore drawer > Brand Studio > 'Sponsored journey' > Show me > Guided journeys (the Explore drawer row 'Guided journeys' is COMMENTED OUT) > 'Breastfeeding, in 30 parts' > Day 22",journey-day,Day 22 — The six-week spurt is coming,Short daily read (2–3 sentences) + one action,mother (postpartum) 0–1 month,42,1,placeholder,old (retired),lib/screens/post_pregnancy/pp_journeys_data.dart,Week 4
parenting,"Guided journeys > Breastfeeding, in 30 parts","My Child tab > Explore drawer > Brand Studio > 'Sponsored journey' > Show me > Guided journeys (the Explore drawer row 'Guided journeys' is COMMENTED OUT) > 'Breastfeeding, in 30 parts' > Day 23",journey-day,Day 23 — Bottles and mixed feeding,Short daily read (2–3 sentences) + one action,mother (postpartum) 0–1 month,57,1,placeholder,old (retired),lib/screens/post_pregnancy/pp_journeys_data.dart,Week 4
parenting,"Guided journeys > Breastfeeding, in 30 parts","My Child tab > Explore drawer > Brand Studio > 'Sponsored journey' > Show me > Guided journeys (the Explore drawer row 'Guided journeys' is COMMENTED OUT) > 'Breastfeeding, in 30 parts' > Day 24",journey-day,"Day 24 — Sleep, without the myths",Short daily read (2–3 sentences) + one action,mother (postpartum) 0–1 month,45,1,placeholder,old (retired),lib/screens/post_pregnancy/pp_journeys_data.dart,Week 4
parenting,"Guided journeys > Breastfeeding, in 30 parts","My Child tab > Explore drawer > Brand Studio > 'Sponsored journey' > Show me > Guided journeys (the Explore drawer row 'Guided journeys' is COMMENTED OUT) > 'Breastfeeding, in 30 parts' > Day 25",journey-day,Day 25 — If work is coming,Short daily read (2–3 sentences) + one action,mother (postpartum) 0–1 month,43,1,placeholder,old (retired),lib/screens/post_pregnancy/pp_journeys_data.dart,Week 4
parenting,"Guided journeys > Breastfeeding, in 30 parts","My Child tab > Explore drawer > Brand Studio > 'Sponsored journey' > Show me > Guided journeys (the Explore drawer row 'Guided journeys' is COMMENTED OUT) > 'Breastfeeding, in 30 parts' > Day 26",journey-day,Day 26 — Looking after the skin,Short daily read (2–3 sentences) + one action,mother (postpartum) 0–1 month,44,1,placeholder,old (retired),lib/screens/post_pregnancy/pp_journeys_data.dart,Week 4
parenting,"Guided journeys > Breastfeeding, in 30 parts","My Child tab > Explore drawer > Brand Studio > 'Sponsored journey' > Show me > Guided journeys (the Explore drawer row 'Guided journeys' is COMMENTED OUT) > 'Breastfeeding, in 30 parts' > Day 27",journey-day,Day 27 — When supply really is low,Short daily read (2–3 sentences) + one action + when-to-ask-someone line,mother (postpartum) 0–1 month,63,1,placeholder,old (retired),lib/screens/post_pregnancy/pp_journeys_data.dart,MEDICAL EDGE: askSomeone present — clinical review required. Week 4
parenting,"Guided journeys > Breastfeeding, in 30 parts","My Child tab > Explore drawer > Brand Studio > 'Sponsored journey' > Show me > Guided journeys (the Explore drawer row 'Guided journeys' is COMMENTED OUT) > 'Breastfeeding, in 30 parts' > Day 28",journey-day,Day 28 — Your head matters as much as your milk,Short daily read (2–3 sentences) + one action + when-to-ask-someone line,mother (postpartum) 0–1 month,73,1,placeholder,old (retired),lib/screens/post_pregnancy/pp_journeys_data.dart,MEDICAL EDGE: askSomeone present — clinical review required. Week 4
parenting,"Guided journeys > Breastfeeding, in 30 parts","My Child tab > Explore drawer > Brand Studio > 'Sponsored journey' > Show me > Guided journeys (the Explore drawer row 'Guided journeys' is COMMENTED OUT) > 'Breastfeeding, in 30 parts' > Day 29",journey-day,Day 29 — How long is long enough?,Short daily read (2–3 sentences) + one action,mother (postpartum) 0–1 month,47,1,placeholder,old (retired),lib/screens/post_pregnancy/pp_journeys_data.dart,Week 5
parenting,"Guided journeys > Breastfeeding, in 30 parts","My Child tab > Explore drawer > Brand Studio > 'Sponsored journey' > Show me > Guided journeys (the Explore drawer row 'Guided journeys' is COMMENTED OUT) > 'Breastfeeding, in 30 parts' > Day 30",journey-day,Day 30 — The month is behind you,Short daily read (2–3 sentences) + one action,mother (postpartum) 0–1 month,50,1,placeholder,old (retired),lib/screens/post_pregnancy/pp_journeys_data.dart,Week 5
parenting,V3 hub journeys (never live),V3 home > door tile (never renders: the section guard in pp_home_v3._hubAction opens the door's section before journeyFor() is consulted),journey-config,Is my child ready?,"3 question-steps: What are the real signs, not the age? | Can I check this myself, honestly? | What if we're not there yet?",all parenting (Maternal ones: mother postpartum),110,1,coming-soon,old (retired),lib/data/journeys/parenting_journeys.dart,2 of 3 elements are 'owed' (content does not exist). Superseded: every door action maps to a live pp_section (parenting_potty / early_learning / first_40 / maternal / traditional) so journeyFor() is never reached
parenting,V3 hub journeys (never live) > Is my child ready?,V3 home > door tile (never renders: the section guard in pp_home_v3._hubAction opens the door's section before journeyFor() is consulted),read,The signs that actually matter,"Staying dry for longer, telling you before or after,  showing interest in the bathroom — not a birthday.",all parenting,0,1,coming-soon,old (retired),lib/data/journeys/parenting_journeys.dart,owed: true — only a title + promise line exists; check whether the door's section now covers it before commissioning
parenting,V3 hub journeys (never live),V3 home > door tile (never renders: the section guard in pp_home_v3._hubAction opens the door's section before journeyFor() is consulted),journey-config,Start & manage potty training,4 question-steps: How do I actually start? | What do I do when there's an accident? | What about night training? | What will actually make this easier?,all parenting (Maternal ones: mother postpartum),122,1,coming-soon,old (retired),lib/data/journeys/parenting_journeys.dart,4 of 4 elements are 'owed' (content does not exist). Superseded: every door action maps to a live pp_section (parenting_potty / early_learning / first_40 / maternal / traditional) so journeyFor() is never reached
parenting,V3 hub journeys (never live) > Start & manage potty training,V3 home > door tile (never renders: the section guard in pp_home_v3._hubAction opens the door's section before journeyFor() is consulted),course,A method you can start this week,"One simple, step-by-step approach — not eleven  contradictory ones from eleven relatives.",toddler (potty),0,1,coming-soon,old (retired),lib/data/journeys/parenting_journeys.dart,owed: true — only a title + promise line exists; check whether the door's section now covers it before commissioning
parenting,V3 hub journeys (never live) > Start & manage potty training,V3 home > door tile (never renders: the section guard in pp_home_v3._hubAction opens the door's section before journeyFor() is consulted),read,"Accidents and setbacks, without the drama","What actually helps in the moment, and what to never  say — to your child, or to yourself.",toddler (potty),0,1,coming-soon,old (retired),lib/data/journeys/parenting_journeys.dart,owed: true — only a title + promise line exists; check whether the door's section now covers it before commissioning
parenting,V3 hub journeys (never live) > Start & manage potty training,V3 home > door tile (never renders: the section guard in pp_home_v3._hubAction opens the door's section before journeyFor() is consulted),read,Night is its own thing,"Why it usually settles later than daytime training,  and how to know when to try it.",toddler (potty),0,1,coming-soon,old (retired),lib/data/journeys/parenting_journeys.dart,owed: true — only a title + promise line exists; check whether the door's section now covers it before commissioning
parenting,V3 hub journeys (never live),V3 home > door tile (never renders: the section guard in pp_home_v3._hubAction opens the door's section before journeyFor() is consulted),journey-config,Prepare for school,"2 question-steps: What does school actually expect, on day one? | What can we practise at home, playfully?",all parenting (Maternal ones: mother postpartum),80,1,coming-soon,old (retired),lib/data/journeys/parenting_journeys.dart,1 of 2 elements are 'owed' (content does not exist). Superseded: every door action maps to a live pp_section (parenting_potty / early_learning / first_40 / maternal / traditional) so journeyFor() is never reached
parenting,V3 hub journeys (never live) > Prepare for school,V3 home > door tile (never renders: the section guard in pp_home_v3._hubAction opens the door's section before journeyFor() is consulted),read,What schools actually look for,"Following a simple instruction, separating for a few  hours, using words for needs — not letters and numbers yet.",all parenting,0,1,coming-soon,old (retired),lib/data/journeys/parenting_journeys.dart,owed: true — only a title + promise line exists; check whether the door's section now covers it before commissioning
parenting,V3 hub journeys (never live),V3 home > door tile (never renders: the section guard in pp_home_v3._hubAction opens the door's section before journeyFor() is consulted),journey-config,Follow my First 40 Days,"2 question-steps: What does each day actually involve? | What about my own healing, alongside all this?",all parenting (Maternal ones: mother postpartum),76,1,coming-soon,old (retired),lib/data/journeys/parenting_journeys.dart,1 of 2 elements are 'owed' (content does not exist). Superseded: every door action maps to a live pp_section (parenting_potty / early_learning / first_40 / maternal / traditional) so journeyFor() is never reached
parenting,V3 hub journeys (never live) > Follow my First 40 Days,V3 home > door tile (never renders: the section guard in pp_home_v3._hubAction opens the door's section before journeyFor() is consulted),course,A day-by-day companion,"Feeding, healing, visitors and what's normal —  walked through a day at a time.",mother (postpartum),0,1,coming-soon,old (retired),lib/data/journeys/parenting_journeys.dart,owed: true — only a title + promise line exists; check whether the door's section now covers it before commissioning
parenting,V3 hub journeys (never live),V3 home > door tile (never renders: the section guard in pp_home_v3._hubAction opens the door's section before journeyFor() is consulted),journey-config,Get help with a recovery concern,3 question-steps: Is what I am feeling usual? | Who do I actually tell about this? | What if I would rather just find someone nearby?,all parenting (Maternal ones: mother postpartum),102,1,coming-soon,old (retired),lib/data/journeys/parenting_journeys.dart,1 of 3 elements are 'owed' (content does not exist). Superseded: every door action maps to a live pp_section (parenting_potty / early_learning / first_40 / maternal / traditional) so journeyFor() is never reached
parenting,V3 hub journeys (never live) > Get help with a recovery concern,V3 home > door tile (never renders: the section guard in pp_home_v3._hubAction opens the door's section before journeyFor() is consulted),read,"What's usual after birth, and what isn't","Bleeding, pain and mood — the ranges that are  ordinary, and roughly where they stop being ordinary.",mother (postpartum),0,1,coming-soon,old (retired),lib/data/journeys/parenting_journeys.dart,owed: true — only a title + promise line exists; check whether the door's section now covers it before commissioning
parenting,V3 hub journeys (never live),V3 home > door tile (never renders: the section guard in pp_home_v3._hubAction opens the door's section before journeyFor() is consulted),journey-config,Understand my recovery,"3 question-steps: What is actually normal for my body right now? | How does this change over the weeks? | Is there something I can track, quietly?",all parenting (Maternal ones: mother postpartum),108,1,coming-soon,old (retired),lib/data/journeys/parenting_journeys.dart,2 of 3 elements are 'owed' (content does not exist). Superseded: every door action maps to a live pp_section (parenting_potty / early_learning / first_40 / maternal / traditional) so journeyFor() is never reached
parenting,V3 hub journeys (never live) > Understand my recovery,V3 home > door tile (never renders: the section guard in pp_home_v3._hubAction opens the door's section before journeyFor() is consulted),read,A week-by-week shape,"What's ordinary in week one looks different by week  six — a rough shape, not a schedule to keep pace with.",mother (postpartum),0,1,coming-soon,old (retired),lib/data/journeys/parenting_journeys.dart,owed: true — only a title + promise line exists; check whether the door's section now covers it before commissioning
parenting,V3 hub journeys (never live),V3 home > door tile (never renders: the section guard in pp_home_v3._hubAction opens the door's section before journeyFor() is consulted),journey-config,Explore a tradition,"4 question-steps: What does each of these actually mean? | Is any of this backed by evidence, or is it just  custom? | What if my family wants this and I am not sure? | How do I actually plan the day, if we are doing it?",all parenting (Maternal ones: mother postpartum),143,1,coming-soon,old (retired),lib/data/journeys/parenting_journeys.dart,4 of 4 elements are 'owed' (content does not exist). Superseded: every door action maps to a live pp_section (parenting_potty / early_learning / first_40 / maternal / traditional) so journeyFor() is never reached
parenting,V3 hub journeys (never live) > Explore a tradition,V3 home > door tile (never renders: the section guard in pp_home_v3._hubAction opens the door's section before journeyFor() is consulted),read,"Annaprashan, mundan, malish and naming, plainly  explained","What each tradition marks, and roughly when families  tend to do it — without assuming you already know.",all parenting,0,1,coming-soon,old (retired),lib/data/journeys/parenting_journeys.dart,owed: true — only a title + promise line exists; check whether the door's section now covers it before commissioning
parenting,V3 hub journeys (never live) > Explore a tradition,V3 home > door tile (never renders: the section guard in pp_home_v3._hubAction opens the door's section before journeyFor() is consulted),read,Held up against what is actually known,"Where a tradition lines up with what paediatricians  say today, and where it's simply culture — both are fine  things to know.",all parenting,0,1,coming-soon,old (retired),lib/data/journeys/parenting_journeys.dart,owed: true — only a title + promise line exists; check whether the door's section now covers it before commissioning
parenting,V3 hub journeys (never live) > Explore a tradition,V3 home > door tile (never renders: the section guard in pp_home_v3._hubAction opens the door's section before journeyFor() is consulted),read,"When the pressure is the hard part, not the ritual","How to navigate a tradition you are unsure about,  without a fight at a family gathering.",all parenting,0,1,coming-soon,old (retired),lib/data/journeys/parenting_journeys.dart,owed: true — only a title + promise line exists; check whether the door's section now covers it before commissioning
parenting,Solve problem guide (retired),(unreachable) old PostPregnancyHome > 'Challenges to watch' > 'The 4-month sleep regression',article,The 4-month sleep regression (Solve · sleep),Explainer + 3 numbered tips + 2 videos + 2 products + 3 go-deeper rows,4 months (leap 4),150,1,placeholder,old (retired),lib/screens/post_pregnancy/solve_problem_screen.dart,Hard-coded single guide; PostPregnancyHome has no live call site; go-deeper rows (FAQ/Course/Room) are static text
