stage,area,tap_path,content_type,title_or_id,purpose,audience_stage,current_words,count,status,version,source_file,notes
preg,Weekly content,Home > this week,week-content (9 fields),weekContent.json,"The spine of the product: phase, babySnapshot, babyDevelopment, momJourney, nutrition, actionPlan, garbhSanskar, reflectAndRemember",weeks 4 to 40,33760,37,real,shared,lib/data/weekContent.json,"REAL AND SHIPPING. 37 weeks. This is the quality bar for the rest of the app, and the thing most at risk from a careless rewrite."
preg,Weekly content,Home > this week (Hindi),"week-content, Devanagari",weekContent.hinglish.json,The Hindi twin of the weekly spine,weeks 4 to 40,33582,37,real,shared,lib/data/weekContent.hinglish.json,REAL. Shipped Hindi is shipped product — it must not be stripped.
preg,Daily home,Home (daily briefing),daily-moment (6 fields per day),lib/data/home/week_04..40.json,"Seven days a week of baby learning, grow, read-to-baby, talk-to-baby, Garbh Sanskar and nurture","weeks 4 to 40, 259 days",311047,259,real,shared,lib/data/home/,"THE LARGEST BODY OF CONTENT IN THE APP and it is already written. By field: readToBaby 96,028, grow 93,546, garbhSanskar 74,610, nurture 25,298, talkToBaby 17,117, babyLearning 4,448."
preg,Daily home,Home (before a due date is set),daily-moment fallback,homeDailyContent.json,The one day shown when no due date is known,fallback,1468,1,real,shared,lib/data/homeDailyContent.json,
preg,Can I…?,Tools > Can I…? > Papaya,can-i entry,Papaya,"Is this food, activity or medicine safe in pregnancy",all pregnancy,207,1,clinical-review-owed,shared,lib/data/can_i_data.dart,
preg,Can I…?,Tools > Can I…? > Pineapple,can-i entry,Pineapple,"Is this food, activity or medicine safe in pregnancy",all pregnancy,145,1,clinical-review-owed,shared,lib/data/can_i_data.dart,
preg,Can I…?,Tools > Can I…? > Mango,can-i entry,Mango,"Is this food, activity or medicine safe in pregnancy",all pregnancy,136,1,clinical-review-owed,shared,lib/data/can_i_data.dart,
preg,Can I…?,Tools > Can I…? > Banana,can-i entry,Banana,"Is this food, activity or medicine safe in pregnancy",all pregnancy,65,1,clinical-review-owed,shared,lib/data/can_i_data.dart,
preg,Can I…?,Tools > Can I…? > Paneer,can-i entry,Paneer,"Is this food, activity or medicine safe in pregnancy",all pregnancy,159,1,clinical-review-owed,shared,lib/data/can_i_data.dart,
preg,Can I…?,Tools > Can I…? > Curd / Yoghurt,can-i entry,Curd / Yoghurt,"Is this food, activity or medicine safe in pregnancy",all pregnancy,87,1,clinical-review-owed,shared,lib/data/can_i_data.dart,
preg,Can I…?,Tools > Can I…? > Chocolate,can-i entry,Chocolate,"Is this food, activity or medicine safe in pregnancy",all pregnancy,77,1,clinical-review-owed,shared,lib/data/can_i_data.dart,
preg,Can I…?,Tools > Can I…? > Street Food,can-i entry,Street Food,"Is this food, activity or medicine safe in pregnancy",all pregnancy,179,1,clinical-review-owed,shared,lib/data/can_i_data.dart,
preg,Can I…?,Tools > Can I…? > Honey,can-i entry,Honey,"Is this food, activity or medicine safe in pregnancy",all pregnancy,85,1,clinical-review-owed,shared,lib/data/can_i_data.dart,
preg,Can I…?,Tools > Can I…? > Ginger,can-i entry,Ginger,"Is this food, activity or medicine safe in pregnancy",all pregnancy,126,1,clinical-review-owed,shared,lib/data/can_i_data.dart,
preg,Can I…?,Tools > Can I…? > Coffee,can-i entry,Coffee,"Is this food, activity or medicine safe in pregnancy",all pregnancy,172,1,clinical-review-owed,shared,lib/data/can_i_data.dart,
preg,Can I…?,Tools > Can I…? > Tea / Chai,can-i entry,Tea / Chai,"Is this food, activity or medicine safe in pregnancy",all pregnancy,144,1,clinical-review-owed,shared,lib/data/can_i_data.dart,
preg,Can I…?,Tools > Can I…? > Green Tea,can-i entry,Green Tea,"Is this food, activity or medicine safe in pregnancy",all pregnancy,107,1,clinical-review-owed,shared,lib/data/can_i_data.dart,
preg,Can I…?,Tools > Can I…? > Coconut Water,can-i entry,Coconut Water,"Is this food, activity or medicine safe in pregnancy",all pregnancy,131,1,clinical-review-owed,shared,lib/data/can_i_data.dart,
preg,Can I…?,Tools > Can I…? > Buttermilk,can-i entry,Buttermilk,"Is this food, activity or medicine safe in pregnancy",all pregnancy,105,1,clinical-review-owed,shared,lib/data/can_i_data.dart,
preg,Can I…?,Tools > Can I…? > Alcohol,can-i entry,Alcohol,"Is this food, activity or medicine safe in pregnancy",all pregnancy,84,1,clinical-review-owed,shared,lib/data/can_i_data.dart,
preg,Can I…?,Tools > Can I…? > Soft Drinks / Soda,can-i entry,Soft Drinks / Soda,"Is this food, activity or medicine safe in pregnancy",all pregnancy,105,1,clinical-review-owed,shared,lib/data/can_i_data.dart,
preg,Can I…?,Tools > Can I…? > Water (how much),can-i entry,Water (how much),"Is this food, activity or medicine safe in pregnancy",all pregnancy,95,1,clinical-review-owed,shared,lib/data/can_i_data.dart,
preg,Can I…?,Tools > Can I…? > Paracetamol (Crocin / Dolo),can-i entry,Paracetamol (Crocin / Dolo),"Is this food, activity or medicine safe in pregnancy",all pregnancy,142,1,clinical-review-owed,shared,lib/data/can_i_data.dart,
preg,Can I…?,Tools > Can I…? > Ibuprofen,can-i entry,Ibuprofen,"Is this food, activity or medicine safe in pregnancy",all pregnancy,136,1,clinical-review-owed,shared,lib/data/can_i_data.dart,
preg,Can I…?,Tools > Can I…? > Combiflam,can-i entry,Combiflam,"Is this food, activity or medicine safe in pregnancy",all pregnancy,100,1,clinical-review-owed,shared,lib/data/can_i_data.dart,
preg,Can I…?,Tools > Can I…? > Antibiotics,can-i entry,Antibiotics,"Is this food, activity or medicine safe in pregnancy",all pregnancy,115,1,clinical-review-owed,shared,lib/data/can_i_data.dart,
preg,Can I…?,Tools > Can I…? > Folic Acid,can-i entry,Folic Acid,"Is this food, activity or medicine safe in pregnancy",all pregnancy,145,1,clinical-review-owed,shared,lib/data/can_i_data.dart,
preg,Can I…?,Tools > Can I…? > Iron Supplements,can-i entry,Iron Supplements,"Is this food, activity or medicine safe in pregnancy",all pregnancy,103,1,clinical-review-owed,shared,lib/data/can_i_data.dart,
preg,Can I…?,Tools > Can I…? > Calcium Supplements,can-i entry,Calcium Supplements,"Is this food, activity or medicine safe in pregnancy",all pregnancy,108,1,clinical-review-owed,shared,lib/data/can_i_data.dart,
preg,Can I…?,Tools > Can I…? > Vitamin D,can-i entry,Vitamin D,"Is this food, activity or medicine safe in pregnancy",all pregnancy,100,1,clinical-review-owed,shared,lib/data/can_i_data.dart,
preg,Can I…?,Tools > Can I…? > Flight Travel,can-i entry,Flight Travel,"Is this food, activity or medicine safe in pregnancy",all pregnancy,204,1,clinical-review-owed,shared,lib/data/can_i_data.dart,
preg,Can I…?,Tools > Can I…? > Long Road / Train Travel,can-i entry,Long Road / Train Travel,"Is this food, activity or medicine safe in pregnancy",all pregnancy,131,1,clinical-review-owed,shared,lib/data/can_i_data.dart,
preg,Can I…?,Tools > Can I…? > Yoga,can-i entry,Yoga,"Is this food, activity or medicine safe in pregnancy",all pregnancy,123,1,clinical-review-owed,shared,lib/data/can_i_data.dart,
preg,Can I…?,Tools > Can I…? > Swimming,can-i entry,Swimming,"Is this food, activity or medicine safe in pregnancy",all pregnancy,80,1,clinical-review-owed,shared,lib/data/can_i_data.dart,
preg,Can I…?,Tools > Can I…? > Walking,can-i entry,Walking,"Is this food, activity or medicine safe in pregnancy",all pregnancy,94,1,clinical-review-owed,shared,lib/data/can_i_data.dart,
preg,Can I…?,Tools > Can I…? > Hair Colour / Dye,can-i entry,Hair Colour / Dye,"Is this food, activity or medicine safe in pregnancy",all pregnancy,213,1,clinical-review-owed,shared,lib/data/can_i_data.dart,
preg,Can I…?,Tools > Can I…? > Waxing,can-i entry,Waxing,"Is this food, activity or medicine safe in pregnancy",all pregnancy,101,1,clinical-review-owed,shared,lib/data/can_i_data.dart,
preg,Can I…?,Tools > Can I…? > Nail Polish,can-i entry,Nail Polish,"Is this food, activity or medicine safe in pregnancy",all pregnancy,88,1,clinical-review-owed,shared,lib/data/can_i_data.dart,
preg,Can I…?,Tools > Can I…? > Sex During Pregnancy,can-i entry,Sex During Pregnancy,"Is this food, activity or medicine safe in pregnancy",all pregnancy,145,1,clinical-review-owed,shared,lib/data/can_i_data.dart,
preg,Can I…?,Tools > Can I…? > Sleeping On Your Back,can-i entry,Sleeping On Your Back,"Is this food, activity or medicine safe in pregnancy",all pregnancy,213,1,clinical-review-owed,shared,lib/data/can_i_data.dart,
preg,Can I…?,Tools > Can I…? > Mosquito Repellent,can-i entry,Mosquito Repellent,"Is this food, activity or medicine safe in pregnancy",all pregnancy,175,1,clinical-review-owed,shared,lib/data/can_i_data.dart,
preg,Can I…?,Tools > Can I…? > Dental Treatment,can-i entry,Dental Treatment,"Is this food, activity or medicine safe in pregnancy",all pregnancy,137,1,clinical-review-owed,shared,lib/data/can_i_data.dart,
preg,Can I…?,Tools > Can I…? > X-Ray,can-i entry,X-Ray,"Is this food, activity or medicine safe in pregnancy",all pregnancy,130,1,clinical-review-owed,shared,lib/data/can_i_data.dart,
preg,Can I…?,Tools > Can I…? > Sauna / Hot Tub,can-i entry,Sauna / Hot Tub,"Is this food, activity or medicine safe in pregnancy",all pregnancy,107,1,clinical-review-owed,shared,lib/data/can_i_data.dart,
preg,Can I…?,Tools > Can I…? > Lifting Heavy Things,can-i entry,Lifting Heavy Things,"Is this food, activity or medicine safe in pregnancy",all pregnancy,158,1,clinical-review-owed,shared,lib/data/can_i_data.dart,
preg,Can I…?,Tools > Can I…? > Fasting,can-i entry,Fasting,"Is this food, activity or medicine safe in pregnancy",all pregnancy,168,1,clinical-review-owed,shared,lib/data/can_i_data.dart,
preg,Can I…?,Tools > Can I…? > Apple,can-i entry,Apple,"Is this food, activity or medicine safe in pregnancy",all pregnancy,54,1,clinical-review-owed,shared,lib/data/can_i_data.dart,
preg,Can I…?,Tools > Can I…? > Orange / Citrus,can-i entry,Orange / Citrus,"Is this food, activity or medicine safe in pregnancy",all pregnancy,58,1,clinical-review-owed,shared,lib/data/can_i_data.dart,
preg,Can I…?,Tools > Can I…? > Grapes,can-i entry,Grapes,"Is this food, activity or medicine safe in pregnancy",all pregnancy,51,1,clinical-review-owed,shared,lib/data/can_i_data.dart,
preg,Can I…?,Tools > Can I…? > Watermelon,can-i entry,Watermelon,"Is this food, activity or medicine safe in pregnancy",all pregnancy,57,1,clinical-review-owed,shared,lib/data/can_i_data.dart,
preg,Can I…?,Tools > Can I…? > Muskmelon,can-i entry,Muskmelon,"Is this food, activity or medicine safe in pregnancy",all pregnancy,48,1,clinical-review-owed,shared,lib/data/can_i_data.dart,
preg,Can I…?,Tools > Can I…? > Guava,can-i entry,Guava,"Is this food, activity or medicine safe in pregnancy",all pregnancy,45,1,clinical-review-owed,shared,lib/data/can_i_data.dart,
preg,Can I…?,Tools > Can I…? > Pomegranate,can-i entry,Pomegranate,"Is this food, activity or medicine safe in pregnancy",all pregnancy,43,1,clinical-review-owed,shared,lib/data/can_i_data.dart,
preg,Can I…?,Tools > Can I…? > Chikoo (Sapota),can-i entry,Chikoo (Sapota),"Is this food, activity or medicine safe in pregnancy",all pregnancy,45,1,clinical-review-owed,shared,lib/data/can_i_data.dart,
preg,Can I…?,Tools > Can I…? > Custard Apple,can-i entry,Custard Apple,"Is this food, activity or medicine safe in pregnancy",all pregnancy,40,1,clinical-review-owed,shared,lib/data/can_i_data.dart,
preg,Can I…?,Tools > Can I…? > Litchi,can-i entry,Litchi,"Is this food, activity or medicine safe in pregnancy",all pregnancy,43,1,clinical-review-owed,shared,lib/data/can_i_data.dart,
preg,Can I…?,Tools > Can I…? > Jackfruit,can-i entry,Jackfruit,"Is this food, activity or medicine safe in pregnancy",all pregnancy,51,1,clinical-review-owed,shared,lib/data/can_i_data.dart,
preg,Can I…?,Tools > Can I…? > Dates,can-i entry,Dates,"Is this food, activity or medicine safe in pregnancy",all pregnancy,55,1,clinical-review-owed,shared,lib/data/can_i_data.dart,
preg,Can I…?,Tools > Can I…? > Figs,can-i entry,Figs,"Is this food, activity or medicine safe in pregnancy",all pregnancy,50,1,clinical-review-owed,shared,lib/data/can_i_data.dart,
preg,Can I…?,Tools > Can I…? > Berries,can-i entry,Berries,"Is this food, activity or medicine safe in pregnancy",all pregnancy,42,1,clinical-review-owed,shared,lib/data/can_i_data.dart,
preg,Can I…?,Tools > Can I…? > Kiwi,can-i entry,Kiwi,"Is this food, activity or medicine safe in pregnancy",all pregnancy,41,1,clinical-review-owed,shared,lib/data/can_i_data.dart,
preg,Can I…?,Tools > Can I…? > Pear,can-i entry,Pear,"Is this food, activity or medicine safe in pregnancy",all pregnancy,38,1,clinical-review-owed,shared,lib/data/can_i_data.dart,
preg,Can I…?,Tools > Can I…? > Dry Fruits & Nuts,can-i entry,Dry Fruits & Nuts,"Is this food, activity or medicine safe in pregnancy",all pregnancy,52,1,clinical-review-owed,shared,lib/data/can_i_data.dart,
preg,Can I…?,Tools > Can I…? > Almonds,can-i entry,Almonds,"Is this food, activity or medicine safe in pregnancy",all pregnancy,54,1,clinical-review-owed,shared,lib/data/can_i_data.dart,
preg,Can I…?,Tools > Can I…? > Walnuts,can-i entry,Walnuts,"Is this food, activity or medicine safe in pregnancy",all pregnancy,49,1,clinical-review-owed,shared,lib/data/can_i_data.dart,
preg,Can I…?,Tools > Can I…? > Cashews,can-i entry,Cashews,"Is this food, activity or medicine safe in pregnancy",all pregnancy,39,1,clinical-review-owed,shared,lib/data/can_i_data.dart,
preg,Can I…?,Tools > Can I…? > Peanuts,can-i entry,Peanuts,"Is this food, activity or medicine safe in pregnancy",all pregnancy,48,1,clinical-review-owed,shared,lib/data/can_i_data.dart,
preg,Can I…?,Tools > Can I…? > Makhana,can-i entry,Makhana,"Is this food, activity or medicine safe in pregnancy",all pregnancy,49,1,clinical-review-owed,shared,lib/data/can_i_data.dart,
preg,Can I…?,Tools > Can I…? > Sabudana,can-i entry,Sabudana,"Is this food, activity or medicine safe in pregnancy",all pregnancy,45,1,clinical-review-owed,shared,lib/data/can_i_data.dart,
preg,Can I…?,Tools > Can I…? > Spinach & Greens,can-i entry,Spinach & Greens,"Is this food, activity or medicine safe in pregnancy",all pregnancy,54,1,clinical-review-owed,shared,lib/data/can_i_data.dart,
preg,Can I…?,Tools > Can I…? > Drumstick (Moringa),can-i entry,Drumstick (Moringa),"Is this food, activity or medicine safe in pregnancy",all pregnancy,44,1,clinical-review-owed,shared,lib/data/can_i_data.dart,
preg,Can I…?,Tools > Can I…? > Brinjal,can-i entry,Brinjal,"Is this food, activity or medicine safe in pregnancy",all pregnancy,42,1,clinical-review-owed,shared,lib/data/can_i_data.dart,
preg,Can I…?,Tools > Can I…? > Potato,can-i entry,Potato,"Is this food, activity or medicine safe in pregnancy",all pregnancy,37,1,clinical-review-owed,shared,lib/data/can_i_data.dart,
preg,Can I…?,Tools > Can I…? > Tomato,can-i entry,Tomato,"Is this food, activity or medicine safe in pregnancy",all pregnancy,45,1,clinical-review-owed,shared,lib/data/can_i_data.dart,
preg,Can I…?,Tools > Can I…? > Carrot,can-i entry,Carrot,"Is this food, activity or medicine safe in pregnancy",all pregnancy,42,1,clinical-review-owed,shared,lib/data/can_i_data.dart,
preg,Can I…?,Tools > Can I…? > Beetroot,can-i entry,Beetroot,"Is this food, activity or medicine safe in pregnancy",all pregnancy,38,1,clinical-review-owed,shared,lib/data/can_i_data.dart,
preg,Can I…?,Tools > Can I…? > Sprouts,can-i entry,Sprouts,"Is this food, activity or medicine safe in pregnancy",all pregnancy,58,1,clinical-review-owed,shared,lib/data/can_i_data.dart,
preg,Can I…?,Tools > Can I…? > Raw Salad,can-i entry,Raw Salad,"Is this food, activity or medicine safe in pregnancy",all pregnancy,62,1,clinical-review-owed,shared,lib/data/can_i_data.dart,
preg,Can I…?,Tools > Can I…? > Mushroom,can-i entry,Mushroom,"Is this food, activity or medicine safe in pregnancy",all pregnancy,42,1,clinical-review-owed,shared,lib/data/can_i_data.dart,
preg,Can I…?,Tools > Can I…? > Egg,can-i entry,Egg,"Is this food, activity or medicine safe in pregnancy",all pregnancy,47,1,clinical-review-owed,shared,lib/data/can_i_data.dart,
preg,Can I…?,Tools > Can I…? > Chicken,can-i entry,Chicken,"Is this food, activity or medicine safe in pregnancy",all pregnancy,39,1,clinical-review-owed,shared,lib/data/can_i_data.dart,
preg,Can I…?,Tools > Can I…? > Mutton,can-i entry,Mutton,"Is this food, activity or medicine safe in pregnancy",all pregnancy,54,1,clinical-review-owed,shared,lib/data/can_i_data.dart,
preg,Can I…?,Tools > Can I…? > Fish,can-i entry,Fish,"Is this food, activity or medicine safe in pregnancy",all pregnancy,63,1,clinical-review-owed,shared,lib/data/can_i_data.dart,
preg,Can I…?,Tools > Can I…? > Prawns,can-i entry,Prawns,"Is this food, activity or medicine safe in pregnancy",all pregnancy,39,1,clinical-review-owed,shared,lib/data/can_i_data.dart,
preg,Can I…?,Tools > Can I…? > High-Mercury Fish,can-i entry,High-Mercury Fish,"Is this food, activity or medicine safe in pregnancy",all pregnancy,59,1,clinical-review-owed,shared,lib/data/can_i_data.dart,
preg,Can I…?,Tools > Can I…? > Dal & Lentils,can-i entry,Dal & Lentils,"Is this food, activity or medicine safe in pregnancy",all pregnancy,41,1,clinical-review-owed,shared,lib/data/can_i_data.dart,
preg,Can I…?,Tools > Can I…? > Soya,can-i entry,Soya,"Is this food, activity or medicine safe in pregnancy",all pregnancy,50,1,clinical-review-owed,shared,lib/data/can_i_data.dart,
preg,Can I…?,Tools > Can I…? > Rajma & Chana,can-i entry,Rajma & Chana,"Is this food, activity or medicine safe in pregnancy",all pregnancy,52,1,clinical-review-owed,shared,lib/data/can_i_data.dart,
preg,Can I…?,Tools > Can I…? > Milk,can-i entry,Milk,"Is this food, activity or medicine safe in pregnancy",all pregnancy,40,1,clinical-review-owed,shared,lib/data/can_i_data.dart,
preg,Can I…?,Tools > Can I…? > Cheese,can-i entry,Cheese,"Is this food, activity or medicine safe in pregnancy",all pregnancy,57,1,clinical-review-owed,shared,lib/data/can_i_data.dart,
preg,Can I…?,Tools > Can I…? > Ghee & Butter,can-i entry,Ghee & Butter,"Is this food, activity or medicine safe in pregnancy",all pregnancy,55,1,clinical-review-owed,shared,lib/data/can_i_data.dart,
preg,Can I…?,Tools > Can I…? > Mithai (Mawa Sweets),can-i entry,Mithai (Mawa Sweets),"Is this food, activity or medicine safe in pregnancy",all pregnancy,60,1,clinical-review-owed,shared,lib/data/can_i_data.dart,
preg,Can I…?,Tools > Can I…? > Oats,can-i entry,Oats,"Is this food, activity or medicine safe in pregnancy",all pregnancy,54,1,clinical-review-owed,shared,lib/data/can_i_data.dart,
preg,Can I…?,Tools > Can I…? > Poha,can-i entry,Poha,"Is this food, activity or medicine safe in pregnancy",all pregnancy,46,1,clinical-review-owed,shared,lib/data/can_i_data.dart,
preg,Can I…?,Tools > Can I…? > Instant Noodles,can-i entry,Instant Noodles,"Is this food, activity or medicine safe in pregnancy",all pregnancy,57,1,clinical-review-owed,shared,lib/data/can_i_data.dart,
preg,Can I…?,Tools > Can I…? > Fried Snacks,can-i entry,Fried Snacks,"Is this food, activity or medicine safe in pregnancy",all pregnancy,48,1,clinical-review-owed,shared,lib/data/can_i_data.dart,
preg,Can I…?,Tools > Can I…? > Maida (Refined Flour),can-i entry,Maida (Refined Flour),"Is this food, activity or medicine safe in pregnancy",all pregnancy,55,1,clinical-review-owed,shared,lib/data/can_i_data.dart,
preg,Can I…?,Tools > Can I…? > Pickle (Achar),can-i entry,Pickle (Achar),"Is this food, activity or medicine safe in pregnancy",all pregnancy,49,1,clinical-review-owed,shared,lib/data/can_i_data.dart,
preg,Can I…?,Tools > Can I…? > Saffron (Kesar),can-i entry,Saffron (Kesar),"Is this food, activity or medicine safe in pregnancy",all pregnancy,51,1,clinical-review-owed,shared,lib/data/can_i_data.dart,
preg,Can I…?,Tools > Can I…? > Turmeric / Haldi Doodh,can-i entry,Turmeric / Haldi Doodh,"Is this food, activity or medicine safe in pregnancy",all pregnancy,72,1,clinical-review-owed,shared,lib/data/can_i_data.dart,
preg,Can I…?,Tools > Can I…? > Jaggery (Gud),can-i entry,Jaggery (Gud),"Is this food, activity or medicine safe in pregnancy",all pregnancy,63,1,clinical-review-owed,shared,lib/data/can_i_data.dart,
preg,Can I…?,Tools > Can I…? > Spices & Herbs,can-i entry,Spices & Herbs,"Is this food, activity or medicine safe in pregnancy",all pregnancy,68,1,clinical-review-owed,shared,lib/data/can_i_data.dart,
preg,Can I…?,Tools > Can I…? > Salt,can-i entry,Salt,"Is this food, activity or medicine safe in pregnancy",all pregnancy,54,1,clinical-review-owed,shared,lib/data/can_i_data.dart,
preg,Can I…?,Tools > Can I…? > Sugar,can-i entry,Sugar,"Is this food, activity or medicine safe in pregnancy",all pregnancy,51,1,clinical-review-owed,shared,lib/data/can_i_data.dart,
preg,Can I…?,Tools > Can I…? > Sushi (Raw Fish),can-i entry,Sushi (Raw Fish),"Is this food, activity or medicine safe in pregnancy",all pregnancy,57,1,clinical-review-owed,shared,lib/data/can_i_data.dart,
preg,Can I…?,Tools > Can I…? > Raw / Undercooked Meat,can-i entry,Raw / Undercooked Meat,"Is this food, activity or medicine safe in pregnancy",all pregnancy,54,1,clinical-review-owed,shared,lib/data/can_i_data.dart,
preg,Can I…?,Tools > Can I…? > Cold Cuts / Deli Meat,can-i entry,Cold Cuts / Deli Meat,"Is this food, activity or medicine safe in pregnancy",all pregnancy,69,1,clinical-review-owed,shared,lib/data/can_i_data.dart,
preg,Can I…?,Tools > Can I…? > Leftover Food,can-i entry,Leftover Food,"Is this food, activity or medicine safe in pregnancy",all pregnancy,67,1,clinical-review-owed,shared,lib/data/can_i_data.dart,
preg,Can I…?,Tools > Can I…? > Spicy Food,can-i entry,Spicy Food,"Is this food, activity or medicine safe in pregnancy",all pregnancy,63,1,clinical-review-owed,shared,lib/data/can_i_data.dart,
preg,Can I…?,Tools > Can I…? > Chyawanprash,can-i entry,Chyawanprash,"Is this food, activity or medicine safe in pregnancy",all pregnancy,58,1,clinical-review-owed,shared,lib/data/can_i_data.dart,
preg,Can I…?,Tools > Can I…? > Milkshake,can-i entry,Milkshake,"Is this food, activity or medicine safe in pregnancy",all pregnancy,50,1,clinical-review-owed,shared,lib/data/can_i_data.dart,
preg,Can I…?,Tools > Can I…? > Fresh Juice,can-i entry,Fresh Juice,"Is this food, activity or medicine safe in pregnancy",all pregnancy,53,1,clinical-review-owed,shared,lib/data/can_i_data.dart,
preg,Can I…?,Tools > Can I…? > Packaged Juice,can-i entry,Packaged Juice,"Is this food, activity or medicine safe in pregnancy",all pregnancy,59,1,clinical-review-owed,shared,lib/data/can_i_data.dart,
preg,Can I…?,Tools > Can I…? > Lemon Water,can-i entry,Lemon Water,"Is this food, activity or medicine safe in pregnancy",all pregnancy,50,1,clinical-review-owed,shared,lib/data/can_i_data.dart,
preg,Can I…?,Tools > Can I…? > Sugarcane Juice,can-i entry,Sugarcane Juice,"Is this food, activity or medicine safe in pregnancy",all pregnancy,61,1,clinical-review-owed,shared,lib/data/can_i_data.dart,
preg,Can I…?,Tools > Can I…? > Lassi,can-i entry,Lassi,"Is this food, activity or medicine safe in pregnancy",all pregnancy,47,1,clinical-review-owed,shared,lib/data/can_i_data.dart,
preg,Can I…?,Tools > Can I…? > Energy Drinks,can-i entry,Energy Drinks,"Is this food, activity or medicine safe in pregnancy",all pregnancy,51,1,clinical-review-owed,shared,lib/data/can_i_data.dart,
preg,Can I…?,Tools > Can I…? > Herbal Tea,can-i entry,Herbal Tea,"Is this food, activity or medicine safe in pregnancy",all pregnancy,68,1,clinical-review-owed,shared,lib/data/can_i_data.dart,
preg,Can I…?,Tools > Can I…? > Smoothie,can-i entry,Smoothie,"Is this food, activity or medicine safe in pregnancy",all pregnancy,46,1,clinical-review-owed,shared,lib/data/can_i_data.dart,
preg,Can I…?,Tools > Can I…? > Kombucha,can-i entry,Kombucha,"Is this food, activity or medicine safe in pregnancy",all pregnancy,52,1,clinical-review-owed,shared,lib/data/can_i_data.dart,
preg,Can I…?,Tools > Can I…? > Diet Soda,can-i entry,Diet Soda,"Is this food, activity or medicine safe in pregnancy",all pregnancy,58,1,clinical-review-owed,shared,lib/data/can_i_data.dart,
preg,Can I…?,Tools > Can I…? > Aam Panna,can-i entry,Aam Panna,"Is this food, activity or medicine safe in pregnancy",all pregnancy,55,1,clinical-review-owed,shared,lib/data/can_i_data.dart,
preg,Can I…?,Tools > Can I…? > Badam Milk,can-i entry,Badam Milk,"Is this food, activity or medicine safe in pregnancy",all pregnancy,57,1,clinical-review-owed,shared,lib/data/can_i_data.dart,
preg,Can I…?,Tools > Can I…? > Decaf Coffee,can-i entry,Decaf Coffee,"Is this food, activity or medicine safe in pregnancy",all pregnancy,56,1,clinical-review-owed,shared,lib/data/can_i_data.dart,
preg,Can I…?,Tools > Can I…? > Jaljeera,can-i entry,Jaljeera,"Is this food, activity or medicine safe in pregnancy",all pregnancy,44,1,clinical-review-owed,shared,lib/data/can_i_data.dart,
preg,Can I…?,Tools > Can I…? > ORS / Electrolytes,can-i entry,ORS / Electrolytes,"Is this food, activity or medicine safe in pregnancy",all pregnancy,63,1,clinical-review-owed,shared,lib/data/can_i_data.dart,
preg,Can I…?,Tools > Can I…? > Aspirin,can-i entry,Aspirin,"Is this food, activity or medicine safe in pregnancy",all pregnancy,54,1,clinical-review-owed,shared,lib/data/can_i_data.dart,
preg,Can I…?,Tools > Can I…? > Antihistamines (Cetirizine),can-i entry,Antihistamines (Cetirizine),"Is this food, activity or medicine safe in pregnancy",all pregnancy,60,1,clinical-review-owed,shared,lib/data/can_i_data.dart,
preg,Can I…?,Tools > Can I…? > Antacids,can-i entry,Antacids,"Is this food, activity or medicine safe in pregnancy",all pregnancy,67,1,clinical-review-owed,shared,lib/data/can_i_data.dart,
preg,Can I…?,Tools > Can I…? > Acidity Tablets (Pantoprazole),can-i entry,Acidity Tablets (Pantoprazole),"Is this food, activity or medicine safe in pregnancy",all pregnancy,65,1,clinical-review-owed,shared,lib/data/can_i_data.dart,
preg,Can I…?,Tools > Can I…? > Vitamin C,can-i entry,Vitamin C,"Is this food, activity or medicine safe in pregnancy",all pregnancy,63,1,clinical-review-owed,shared,lib/data/can_i_data.dart,
preg,Can I…?,Tools > Can I…? > Prenatal Multivitamin,can-i entry,Prenatal Multivitamin,"Is this food, activity or medicine safe in pregnancy",all pregnancy,57,1,clinical-review-owed,shared,lib/data/can_i_data.dart,
preg,Can I…?,Tools > Can I…? > Omega-3 (DHA),can-i entry,Omega-3 (DHA),"Is this food, activity or medicine safe in pregnancy",all pregnancy,60,1,clinical-review-owed,shared,lib/data/can_i_data.dart,
preg,Can I…?,Tools > Can I…? > Vitamin B12,can-i entry,Vitamin B12,"Is this food, activity or medicine safe in pregnancy",all pregnancy,53,1,clinical-review-owed,shared,lib/data/can_i_data.dart,
preg,Can I…?,Tools > Can I…? > Anti-Nausea (Ondansetron),can-i entry,Anti-Nausea (Ondansetron),"Is this food, activity or medicine safe in pregnancy",all pregnancy,56,1,clinical-review-owed,shared,lib/data/can_i_data.dart,
preg,Can I…?,Tools > Can I…? > Morning-Sickness Tablet (Doxylamine),can-i entry,Morning-Sickness Tablet (Doxylamine),"Is this food, activity or medicine safe in pregnancy",all pregnancy,69,1,clinical-review-owed,shared,lib/data/can_i_data.dart,
preg,Can I…?,Tools > Can I…? > Cough Syrup,can-i entry,Cough Syrup,"Is this food, activity or medicine safe in pregnancy",all pregnancy,66,1,clinical-review-owed,shared,lib/data/can_i_data.dart,
preg,Can I…?,Tools > Can I…? > Throat Lozenges,can-i entry,Throat Lozenges,"Is this food, activity or medicine safe in pregnancy",all pregnancy,62,1,clinical-review-owed,shared,lib/data/can_i_data.dart,
preg,Can I…?,Tools > Can I…? > Vicks / Balm,can-i entry,Vicks / Balm,"Is this food, activity or medicine safe in pregnancy",all pregnancy,65,1,clinical-review-owed,shared,lib/data/can_i_data.dart,
preg,Can I…?,Tools > Can I…? > Laxatives,can-i entry,Laxatives,"Is this food, activity or medicine safe in pregnancy",all pregnancy,56,1,clinical-review-owed,shared,lib/data/can_i_data.dart,
preg,Can I…?,Tools > Can I…? > Isabgol (Psyllium),can-i entry,Isabgol (Psyllium),"Is this food, activity or medicine safe in pregnancy",all pregnancy,49,1,clinical-review-owed,shared,lib/data/can_i_data.dart,
preg,Can I…?,Tools > Can I…? > Probiotics,can-i entry,Probiotics,"Is this food, activity or medicine safe in pregnancy",all pregnancy,41,1,clinical-review-owed,shared,lib/data/can_i_data.dart,
preg,Can I…?,Tools > Can I…? > Ashwagandha,can-i entry,Ashwagandha,"Is this food, activity or medicine safe in pregnancy",all pregnancy,51,1,clinical-review-owed,shared,lib/data/can_i_data.dart,
preg,Can I…?,Tools > Can I…? > Ayurvedic / Herbal Medicine,can-i entry,Ayurvedic / Herbal Medicine,"Is this food, activity or medicine safe in pregnancy",all pregnancy,74,1,clinical-review-owed,shared,lib/data/can_i_data.dart,
preg,Can I…?,Tools > Can I…? > Homeopathy,can-i entry,Homeopathy,"Is this food, activity or medicine safe in pregnancy",all pregnancy,53,1,clinical-review-owed,shared,lib/data/can_i_data.dart,
preg,Can I…?,Tools > Can I…? > Sleeping Pills,can-i entry,Sleeping Pills,"Is this food, activity or medicine safe in pregnancy",all pregnancy,65,1,clinical-review-owed,shared,lib/data/can_i_data.dart,
preg,Can I…?,Tools > Can I…? > Diclofenac / Nimesulide,can-i entry,Diclofenac / Nimesulide,"Is this food, activity or medicine safe in pregnancy",all pregnancy,61,1,clinical-review-owed,shared,lib/data/can_i_data.dart,
preg,Can I…?,Tools > Can I…? > Antifungal / Antiseptic Cream,can-i entry,Antifungal / Antiseptic Cream,"Is this food, activity or medicine safe in pregnancy",all pregnancy,67,1,clinical-review-owed,shared,lib/data/can_i_data.dart,
preg,Can I…?,Tools > Can I…? > Deworming Tablet,can-i entry,Deworming Tablet,"Is this food, activity or medicine safe in pregnancy",all pregnancy,67,1,clinical-review-owed,shared,lib/data/can_i_data.dart,
preg,Can I…?,Tools > Can I…? > Thyroid Medicine,can-i entry,Thyroid Medicine,"Is this food, activity or medicine safe in pregnancy",all pregnancy,60,1,clinical-review-owed,shared,lib/data/can_i_data.dart,
preg,Can I…?,Tools > Can I…? > Blood Pressure Medicine,can-i entry,Blood Pressure Medicine,"Is this food, activity or medicine safe in pregnancy",all pregnancy,76,1,clinical-review-owed,shared,lib/data/can_i_data.dart,
preg,Can I…?,Tools > Can I…? > Insulin,can-i entry,Insulin,"Is this food, activity or medicine safe in pregnancy",all pregnancy,58,1,clinical-review-owed,shared,lib/data/can_i_data.dart,
preg,Can I…?,Tools > Can I…? > Vaccines (TT / Flu / COVID),can-i entry,Vaccines (TT / Flu / COVID),"Is this food, activity or medicine safe in pregnancy",all pregnancy,76,1,clinical-review-owed,shared,lib/data/can_i_data.dart,
preg,Can I…?,Tools > Can I…? > Driving,can-i entry,Driving,"Is this food, activity or medicine safe in pregnancy",all pregnancy,59,1,clinical-review-owed,shared,lib/data/can_i_data.dart,
preg,Can I…?,Tools > Can I…? > Cycling,can-i entry,Cycling,"Is this food, activity or medicine safe in pregnancy",all pregnancy,75,1,clinical-review-owed,shared,lib/data/can_i_data.dart,
preg,Can I…?,Tools > Can I…? > Running / Jogging,can-i entry,Running / Jogging,"Is this food, activity or medicine safe in pregnancy",all pregnancy,74,1,clinical-review-owed,shared,lib/data/can_i_data.dart,
preg,Can I…?,Tools > Can I…? > Dancing,can-i entry,Dancing,"Is this food, activity or medicine safe in pregnancy",all pregnancy,50,1,clinical-review-owed,shared,lib/data/can_i_data.dart,
preg,Can I…?,Tools > Can I…? > Household Chores,can-i entry,Household Chores,"Is this food, activity or medicine safe in pregnancy",all pregnancy,59,1,clinical-review-owed,shared,lib/data/can_i_data.dart,
preg,Can I…?,Tools > Can I…? > Climbing Stairs,can-i entry,Climbing Stairs,"Is this food, activity or medicine safe in pregnancy",all pregnancy,56,1,clinical-review-owed,shared,lib/data/can_i_data.dart,
preg,Can I…?,Tools > Can I…? > Standing Long Hours,can-i entry,Standing Long Hours,"Is this food, activity or medicine safe in pregnancy",all pregnancy,68,1,clinical-review-owed,shared,lib/data/can_i_data.dart,
preg,Can I…?,Tools > Can I…? > Amusement Rides,can-i entry,Amusement Rides,"Is this food, activity or medicine safe in pregnancy",all pregnancy,59,1,clinical-review-owed,shared,lib/data/can_i_data.dart,
preg,Can I…?,Tools > Can I…? > Trekking / Hiking,can-i entry,Trekking / Hiking,"Is this food, activity or medicine safe in pregnancy",all pregnancy,64,1,clinical-review-owed,shared,lib/data/can_i_data.dart,
preg,Can I…?,Tools > Can I…? > Gym Workouts,can-i entry,Gym Workouts,"Is this food, activity or medicine safe in pregnancy",all pregnancy,69,1,clinical-review-owed,shared,lib/data/can_i_data.dart,
preg,Can I…?,Tools > Can I…? > Keratin / Straightening,can-i entry,Keratin / Straightening,"Is this food, activity or medicine safe in pregnancy",all pregnancy,61,1,clinical-review-owed,shared,lib/data/can_i_data.dart,
preg,Can I…?,Tools > Can I…? > Facial / Clean-up,can-i entry,Facial / Clean-up,"Is this food, activity or medicine safe in pregnancy",all pregnancy,62,1,clinical-review-owed,shared,lib/data/can_i_data.dart,
preg,Can I…?,Tools > Can I…? > Chemical Peel,can-i entry,Chemical Peel,"Is this food, activity or medicine safe in pregnancy",all pregnancy,61,1,clinical-review-owed,shared,lib/data/can_i_data.dart,
preg,Can I…?,Tools > Can I…? > Botox / Fillers,can-i entry,Botox / Fillers,"Is this food, activity or medicine safe in pregnancy",all pregnancy,64,1,clinical-review-owed,shared,lib/data/can_i_data.dart,
preg,Can I…?,Tools > Can I…? > Laser Hair Removal,can-i entry,Laser Hair Removal,"Is this food, activity or medicine safe in pregnancy",all pregnancy,63,1,clinical-review-owed,shared,lib/data/can_i_data.dart,
preg,Can I…?,Tools > Can I…? > Pedicure / Manicure,can-i entry,Pedicure / Manicure,"Is this food, activity or medicine safe in pregnancy",all pregnancy,57,1,clinical-review-owed,shared,lib/data/can_i_data.dart,
preg,Can I…?,Tools > Can I…? > Makeup,can-i entry,Makeup,"Is this food, activity or medicine safe in pregnancy",all pregnancy,54,1,clinical-review-owed,shared,lib/data/can_i_data.dart,
preg,Can I…?,Tools > Can I…? > Sunscreen,can-i entry,Sunscreen,"Is this food, activity or medicine safe in pregnancy",all pregnancy,54,1,clinical-review-owed,shared,lib/data/can_i_data.dart,
preg,Can I…?,Tools > Can I…? > Retinol Creams,can-i entry,Retinol Creams,"Is this food, activity or medicine safe in pregnancy",all pregnancy,57,1,clinical-review-owed,shared,lib/data/can_i_data.dart,
preg,Can I…?,Tools > Can I…? > Perfume / Deodorant,can-i entry,Perfume / Deodorant,"Is this food, activity or medicine safe in pregnancy",all pregnancy,54,1,clinical-review-owed,shared,lib/data/can_i_data.dart,
preg,Can I…?,Tools > Can I…? > Hair Oiling (Champi),can-i entry,Hair Oiling (Champi),"Is this food, activity or medicine safe in pregnancy",all pregnancy,52,1,clinical-review-owed,shared,lib/data/can_i_data.dart,
preg,Can I…?,Tools > Can I…? > Tattoo / Piercing,can-i entry,Tattoo / Piercing,"Is this food, activity or medicine safe in pregnancy",all pregnancy,59,1,clinical-review-owed,shared,lib/data/can_i_data.dart,
preg,Can I…?,Tools > Can I…? > Gel / Acrylic Nails,can-i entry,Gel / Acrylic Nails,"Is this food, activity or medicine safe in pregnancy",all pregnancy,64,1,clinical-review-owed,shared,lib/data/can_i_data.dart,
preg,Can I…?,Tools > Can I…? > Smoking,can-i entry,Smoking,"Is this food, activity or medicine safe in pregnancy",all pregnancy,61,1,clinical-review-owed,shared,lib/data/can_i_data.dart,
preg,Can I…?,Tools > Can I…? > Secondhand Smoke,can-i entry,Secondhand Smoke,"Is this food, activity or medicine safe in pregnancy",all pregnancy,64,1,clinical-review-owed,shared,lib/data/can_i_data.dart,
preg,Can I…?,Tools > Can I…? > Vaping,can-i entry,Vaping,"Is this food, activity or medicine safe in pregnancy",all pregnancy,49,1,clinical-review-owed,shared,lib/data/can_i_data.dart,
preg,Can I…?,Tools > Can I…? > Very Hot Bath,can-i entry,Very Hot Bath,"Is this food, activity or medicine safe in pregnancy",all pregnancy,76,1,clinical-review-owed,shared,lib/data/can_i_data.dart,
preg,Can I…?,Tools > Can I…? > Air Conditioning,can-i entry,Air Conditioning,"Is this food, activity or medicine safe in pregnancy",all pregnancy,51,1,clinical-review-owed,shared,lib/data/can_i_data.dart,
preg,Can I…?,Tools > Can I…? > Incense (Agarbatti),can-i entry,Incense (Agarbatti),"Is this food, activity or medicine safe in pregnancy",all pregnancy,53,1,clinical-review-owed,shared,lib/data/can_i_data.dart,
preg,Can I…?,Tools > Can I…? > Strong Cleaning Chemicals,can-i entry,Strong Cleaning Chemicals,"Is this food, activity or medicine safe in pregnancy",all pregnancy,67,1,clinical-review-owed,shared,lib/data/can_i_data.dart,
preg,Can I…?,Tools > Can I…? > Paint Fumes,can-i entry,Paint Fumes,"Is this food, activity or medicine safe in pregnancy",all pregnancy,65,1,clinical-review-owed,shared,lib/data/can_i_data.dart,
preg,Can I…?,Tools > Can I…? > Pesticides / Sprays,can-i entry,Pesticides / Sprays,"Is this food, activity or medicine safe in pregnancy",all pregnancy,52,1,clinical-review-owed,shared,lib/data/can_i_data.dart,
preg,Can I…?,Tools > Can I…? > Cats / Litter,can-i entry,Cats / Litter,"Is this food, activity or medicine safe in pregnancy",all pregnancy,73,1,clinical-review-owed,shared,lib/data/can_i_data.dart,
preg,Can I…?,Tools > Can I…? > Dogs / Pets,can-i entry,Dogs / Pets,"Is this food, activity or medicine safe in pregnancy",all pregnancy,62,1,clinical-review-owed,shared,lib/data/can_i_data.dart,
preg,Can I…?,Tools > Can I…? > Gardening,can-i entry,Gardening,"Is this food, activity or medicine safe in pregnancy",all pregnancy,53,1,clinical-review-owed,shared,lib/data/can_i_data.dart,
preg,Can I…?,Tools > Can I…? > Public Transport,can-i entry,Public Transport,"Is this food, activity or medicine safe in pregnancy",all pregnancy,73,1,clinical-review-owed,shared,lib/data/can_i_data.dart,
preg,Can I…?,Tools > Can I…? > Crowded Places,can-i entry,Crowded Places,"Is this food, activity or medicine safe in pregnancy",all pregnancy,61,1,clinical-review-owed,shared,lib/data/can_i_data.dart,
preg,Can I…?,Tools > Can I…? > High Heels,can-i entry,High Heels,"Is this food, activity or medicine safe in pregnancy",all pregnancy,68,1,clinical-review-owed,shared,lib/data/can_i_data.dart,
preg,Can I…?,Tools > Can I…? > Tight Clothes,can-i entry,Tight Clothes,"Is this food, activity or medicine safe in pregnancy",all pregnancy,53,1,clinical-review-owed,shared,lib/data/can_i_data.dart,
preg,Can I…?,Tools > Can I…? > Massage,can-i entry,Massage,"Is this food, activity or medicine safe in pregnancy",all pregnancy,74,1,clinical-review-owed,shared,lib/data/can_i_data.dart,
preg,Can I…?,Tools > Can I…? > Spa / Sauna,can-i entry,Spa / Sauna,"Is this food, activity or medicine safe in pregnancy",all pregnancy,66,1,clinical-review-owed,shared,lib/data/can_i_data.dart,
preg,Can I…?,Tools > Can I…? > Meditation,can-i entry,Meditation,"Is this food, activity or medicine safe in pregnancy",all pregnancy,53,1,clinical-review-owed,shared,lib/data/can_i_data.dart,
preg,Can I…?,Tools > Can I…? > Mobile / Microwave,can-i entry,Mobile / Microwave,"Is this food, activity or medicine safe in pregnancy",all pregnancy,71,1,clinical-review-owed,shared,lib/data/can_i_data.dart,
preg,Can I…?,Tools > Can I…? > Stress,can-i entry,Stress,"Is this food, activity or medicine safe in pregnancy",all pregnancy,69,1,clinical-review-owed,shared,lib/data/can_i_data.dart,
preg,Conditions,Explore > Conditions > Gestational diabetes,condition explainer,Gestational diabetes,"What it is, what it means for the pregnancy, when to worry",all pregnancy,386,1,clinical-review-owed,shared,lib/data/conditions_data.dart,
preg,Conditions,Explore > Conditions > Thyroid in pregnancy,condition explainer,Thyroid in pregnancy,"What it is, what it means for the pregnancy, when to worry",all pregnancy,320,1,clinical-review-owed,shared,lib/data/conditions_data.dart,
preg,Conditions,Explore > Conditions > Anemia,condition explainer,Anemia,"What it is, what it means for the pregnancy, when to worry",all pregnancy,328,1,clinical-review-owed,shared,lib/data/conditions_data.dart,
preg,Conditions,Explore > Conditions > PCOS and pregnancy,condition explainer,PCOS and pregnancy,"What it is, what it means for the pregnancy, when to worry",all pregnancy,261,1,clinical-review-owed,shared,lib/data/conditions_data.dart,
preg,Conditions,Explore > Conditions > Hyperemesis,condition explainer,Hyperemesis,"What it is, what it means for the pregnancy, when to worry",all pregnancy,312,1,clinical-review-owed,shared,lib/data/conditions_data.dart,
preg,Conditions,Explore > Conditions > Low-lying placenta / placenta previa,condition explainer,Low-lying placenta / placenta previa,"What it is, what it means for the pregnancy, when to worry",all pregnancy,306,1,clinical-review-owed,shared,lib/data/conditions_data.dart,
preg,Conditions,Explore > Conditions > High BP in pregnancy,condition explainer,High BP in pregnancy,"What it is, what it means for the pregnancy, when to worry",all pregnancy,330,1,clinical-review-owed,shared,lib/data/conditions_data.dart,
preg,Conditions,Explore > Conditions > Ectopic pregnancy,condition explainer,Ectopic pregnancy,"What it is, what it means for the pregnancy, when to worry",all pregnancy,279,1,clinical-review-owed,shared,lib/data/conditions_data.dart,
preg,Conditions,Explore > Conditions > Miscarriage / pregnancy loss,condition explainer,Miscarriage / pregnancy loss,"What it is, what it means for the pregnancy, when to worry",all pregnancy,415,1,clinical-review-owed,shared,lib/data/conditions_data.dart,
preg,Conditions,Explore > Conditions > Preeclampsia,condition explainer,Preeclampsia,"What it is, what it means for the pregnancy, when to worry",all pregnancy,432,1,clinical-review-owed,shared,lib/data/conditions_data.dart,
preg,Conditions,Explore > Conditions > Placental abruption,condition explainer,Placental abruption,"What it is, what it means for the pregnancy, when to worry",all pregnancy,210,1,clinical-review-owed,shared,lib/data/conditions_data.dart,
preg,Conditions,Explore > Conditions > IUGR (baby growing slowly),condition explainer,IUGR (baby growing slowly),"What it is, what it means for the pregnancy, when to worry",all pregnancy,217,1,clinical-review-owed,shared,lib/data/conditions_data.dart,
preg,Conditions,Explore > Conditions > Low amniotic fluid,condition explainer,Low amniotic fluid,"What it is, what it means for the pregnancy, when to worry",all pregnancy,194,1,clinical-review-owed,shared,lib/data/conditions_data.dart,
preg,Conditions,Explore > Conditions > Polyhydramnios,condition explainer,Polyhydramnios,"What it is, what it means for the pregnancy, when to worry",all pregnancy,192,1,clinical-review-owed,shared,lib/data/conditions_data.dart,
preg,Conditions,Explore > Conditions > Breech baby,condition explainer,Breech baby,"What it is, what it means for the pregnancy, when to worry",all pregnancy,189,1,clinical-review-owed,shared,lib/data/conditions_data.dart,
preg,Conditions,Explore > Conditions > Cervical incompetence,condition explainer,Cervical incompetence,"What it is, what it means for the pregnancy, when to worry",all pregnancy,197,1,clinical-review-owed,shared,lib/data/conditions_data.dart,
preg,Conditions,Explore > Conditions > UTI (urine infection),condition explainer,UTI (urine infection),"What it is, what it means for the pregnancy, when to worry",all pregnancy,218,1,clinical-review-owed,shared,lib/data/conditions_data.dart,
preg,Conditions,Explore > Conditions > Piles (haemorrhoids),condition explainer,Piles (haemorrhoids),"What it is, what it means for the pregnancy, when to worry",all pregnancy,165,1,clinical-review-owed,shared,lib/data/conditions_data.dart,
preg,Conditions,Explore > Conditions > Varicose veins,condition explainer,Varicose veins,"What it is, what it means for the pregnancy, when to worry",all pregnancy,179,1,clinical-review-owed,shared,lib/data/conditions_data.dart,
preg,Conditions,Explore > Conditions > Fibroids in pregnancy,condition explainer,Fibroids in pregnancy,"What it is, what it means for the pregnancy, when to worry",all pregnancy,203,1,clinical-review-owed,shared,lib/data/conditions_data.dart,
preg,Conditions,Explore > Conditions > ICP / cholestasis,condition explainer,ICP / cholestasis,"What it is, what it means for the pregnancy, when to worry",all pregnancy,220,1,clinical-review-owed,shared,lib/data/conditions_data.dart,
preg,Conditions,Explore > Conditions > HELLP syndrome,condition explainer,HELLP syndrome,"What it is, what it means for the pregnancy, when to worry",all pregnancy,199,1,clinical-review-owed,shared,lib/data/conditions_data.dart,
preg,Conditions,Explore > Conditions > Vasa previa,condition explainer,Vasa previa,"What it is, what it means for the pregnancy, when to worry",all pregnancy,205,1,clinical-review-owed,shared,lib/data/conditions_data.dart,
preg,Conditions,Explore > Conditions > Rh negative pregnancy,condition explainer,Rh negative pregnancy,"What it is, what it means for the pregnancy, when to worry",all pregnancy,211,1,clinical-review-owed,shared,lib/data/conditions_data.dart,
preg,Conditions,Explore > Conditions > Pregnancy with a pre-existing condition,condition explainer,Pregnancy with a pre-existing condition,"What it is, what it means for the pregnancy, when to worry",all pregnancy,315,1,clinical-review-owed,shared,lib/data/conditions_data.dart,
preg,Conditions,Explore > Conditions > COVID in pregnancy,condition explainer,COVID in pregnancy,"What it is, what it means for the pregnancy, when to worry",all pregnancy,208,1,clinical-review-owed,shared,lib/data/conditions_data.dart,
preg,Conditions,Explore > Conditions > Dengue in pregnancy,condition explainer,Dengue in pregnancy,"What it is, what it means for the pregnancy, when to worry",all pregnancy,212,1,clinical-review-owed,shared,lib/data/conditions_data.dart,
preg,Report findings,Tools > Reports > Low-Lying Placenta,report finding,Low-Lying Placenta,A plain-English reading of what a scan or blood report says,all pregnancy,301,1,clinical-review-owed,shared,lib/data/report_findings_data.dart,
preg,Report findings,Tools > Reports > Breech Position,report finding,Breech Position,A plain-English reading of what a scan or blood report says,all pregnancy,317,1,clinical-review-owed,shared,lib/data/report_findings_data.dart,
preg,Report findings,Tools > Reports > Cord Around Neck,report finding,Cord Around Neck,A plain-English reading of what a scan or blood report says,all pregnancy,301,1,clinical-review-owed,shared,lib/data/report_findings_data.dart,
preg,Report findings,Tools > Reports > Gestational Diabetes,report finding,Gestational Diabetes,A plain-English reading of what a scan or blood report says,all pregnancy,284,1,clinical-review-owed,shared,lib/data/report_findings_data.dart,
preg,Report findings,Tools > Reports > Low Amniotic Fluid,report finding,Low Amniotic Fluid,A plain-English reading of what a scan or blood report says,all pregnancy,286,1,clinical-review-owed,shared,lib/data/report_findings_data.dart,
preg,Report findings,Tools > Reports > Preeclampsia,report finding,Preeclampsia,A plain-English reading of what a scan or blood report says,all pregnancy,323,1,clinical-review-owed,shared,lib/data/report_findings_data.dart,
preg,Report findings,Tools > Reports > High Amniotic Fluid,report finding,High Amniotic Fluid,A plain-English reading of what a scan or blood report says,all pregnancy,254,1,clinical-review-owed,shared,lib/data/report_findings_data.dart,
preg,Report findings,Tools > Reports > Short Cervix,report finding,Short Cervix,A plain-English reading of what a scan or blood report says,all pregnancy,251,1,clinical-review-owed,shared,lib/data/report_findings_data.dart,
preg,Report findings,Tools > Reports > Placental Calcification,report finding,Placental Calcification,A plain-English reading of what a scan or blood report says,all pregnancy,252,1,clinical-review-owed,shared,lib/data/report_findings_data.dart,
preg,Report findings,Tools > Reports > Twin Pregnancy,report finding,Twin Pregnancy,A plain-English reading of what a scan or blood report says,all pregnancy,264,1,clinical-review-owed,shared,lib/data/report_findings_data.dart,
preg,Report findings,Tools > Reports > Anemia During Pregnancy,report finding,Anemia During Pregnancy,A plain-English reading of what a scan or blood report says,all pregnancy,272,1,clinical-review-owed,shared,lib/data/report_findings_data.dart,
preg,Report findings,Tools > Reports > Reduced Fetal Movements,report finding,Reduced Fetal Movements,A plain-English reading of what a scan or blood report says,all pregnancy,309,1,clinical-review-owed,shared,lib/data/report_findings_data.dart,
preg,Report findings,Tools > Reports > Braxton Hicks Contractions,report finding,Braxton Hicks Contractions,A plain-English reading of what a scan or blood report says,all pregnancy,280,1,clinical-review-owed,shared,lib/data/report_findings_data.dart,
preg,Report findings,Tools > Reports > High Blood Pressure,report finding,High Blood Pressure,A plain-English reading of what a scan or blood report says,all pregnancy,281,1,clinical-review-owed,shared,lib/data/report_findings_data.dart,
preg,Report findings,Tools > Reports > Low-Lying Placenta (Resolved),report finding,Low-Lying Placenta (Resolved),A plain-English reading of what a scan or blood report says,all pregnancy,269,1,clinical-review-owed,shared,lib/data/report_findings_data.dart,
preg,Report findings,Tools > Reports > Small Baby For Gestational Age,report finding,Small Baby For Gestational Age,A plain-English reading of what a scan or blood report says,all pregnancy,308,1,clinical-review-owed,shared,lib/data/report_findings_data.dart,
preg,Report findings,Tools > Reports > Large Baby For Gestational Age,report finding,Large Baby For Gestational Age,A plain-English reading of what a scan or blood report says,all pregnancy,276,1,clinical-review-owed,shared,lib/data/report_findings_data.dart,
preg,Report findings,Tools > Reports > Subchorionic Hematoma,report finding,Subchorionic Hematoma,A plain-English reading of what a scan or blood report says,all pregnancy,258,1,clinical-review-owed,shared,lib/data/report_findings_data.dart,
preg,Report findings,Tools > Reports > Vanishing Twin,report finding,Vanishing Twin,A plain-English reading of what a scan or blood report says,all pregnancy,280,1,clinical-review-owed,shared,lib/data/report_findings_data.dart,
preg,Report findings,Tools > Reports > Marginal Cord Insertion,report finding,Marginal Cord Insertion,A plain-English reading of what a scan or blood report says,all pregnancy,259,1,clinical-review-owed,shared,lib/data/report_findings_data.dart,
preg,Report findings,Tools > Reports > Single Umbilical Artery,report finding,Single Umbilical Artery,A plain-English reading of what a scan or blood report says,all pregnancy,274,1,clinical-review-owed,shared,lib/data/report_findings_data.dart,
preg,Report findings,Tools > Reports > Mild Ventriculomegaly,report finding,Mild Ventriculomegaly,A plain-English reading of what a scan or blood report says,all pregnancy,251,1,clinical-review-owed,shared,lib/data/report_findings_data.dart,
preg,Report findings,Tools > Reports > Echogenic Intracardiac Focus,report finding,Echogenic Intracardiac Focus,A plain-English reading of what a scan or blood report says,all pregnancy,283,1,clinical-review-owed,shared,lib/data/report_findings_data.dart,
preg,Report findings,Tools > Reports > Soft Markers On Scan,report finding,Soft Markers On Scan,A plain-English reading of what a scan or blood report says,all pregnancy,268,1,clinical-review-owed,shared,lib/data/report_findings_data.dart,
preg,Report findings,Tools > Reports > Fibroids During Pregnancy,report finding,Fibroids During Pregnancy,A plain-English reading of what a scan or blood report says,all pregnancy,273,1,clinical-review-owed,shared,lib/data/report_findings_data.dart,
preg,Report findings,Tools > Reports > Group B Strep,report finding,Group B Strep,A plain-English reading of what a scan or blood report says,all pregnancy,284,1,clinical-review-owed,shared,lib/data/report_findings_data.dart,
preg,Report findings,Tools > Reports > Rh-Negative Pregnancy,report finding,Rh-Negative Pregnancy,A plain-English reading of what a scan or blood report says,all pregnancy,262,1,clinical-review-owed,shared,lib/data/report_findings_data.dart,
preg,Tests and scans,"Tools > Tests, scans and reports > TestScanInfo",test explainer,TestScanInfo,What the test is for and what happens,all pregnancy,0,1,clinical-review-owed,shared,lib/data/tests_scans_reports_data.dart,
preg,Tests and scans,"Tools > Tests, scans and reports > Blood Tests",test explainer,Blood Tests,What the test is for and what happens,all pregnancy,1812,1,clinical-review-owed,shared,lib/data/tests_scans_reports_data.dart,
preg,Tests and scans,"Tools > Tests, scans and reports > Dating Scan",test explainer,Dating Scan,What the test is for and what happens,all pregnancy,982,1,clinical-review-owed,shared,lib/data/tests_scans_reports_data.dart,
preg,Tests and scans,"Tools > Tests, scans and reports > NT Scan",test explainer,NT Scan,What the test is for and what happens,all pregnancy,972,1,clinical-review-owed,shared,lib/data/tests_scans_reports_data.dart,
preg,Tests and scans,"Tools > Tests, scans and reports > NIPT",test explainer,NIPT,What the test is for and what happens,all pregnancy,843,1,clinical-review-owed,shared,lib/data/tests_scans_reports_data.dart,
preg,Tests and scans,"Tools > Tests, scans and reports > Anomaly Scan",test explainer,Anomaly Scan,What the test is for and what happens,all pregnancy,1197,1,clinical-review-owed,shared,lib/data/tests_scans_reports_data.dart,
preg,Tests and scans,"Tools > Tests, scans and reports > OGTT (Glucose Test)",test explainer,OGTT (Glucose Test),What the test is for and what happens,all pregnancy,1012,1,clinical-review-owed,shared,lib/data/tests_scans_reports_data.dart,
preg,Tests and scans,"Tools > Tests, scans and reports > Growth Scan",test explainer,Growth Scan,What the test is for and what happens,all pregnancy,1010,1,clinical-review-owed,shared,lib/data/tests_scans_reports_data.dart,
preg,Tests and scans,"Tools > Tests, scans and reports > Doppler Scan",test explainer,Doppler Scan,What the test is for and what happens,all pregnancy,789,1,clinical-review-owed,shared,lib/data/tests_scans_reports_data.dart,
preg,Tests and scans,"Tools > Tests, scans and reports > Group B Strep",test explainer,Group B Strep,What the test is for and what happens,all pregnancy,678,1,clinical-review-owed,shared,lib/data/tests_scans_reports_data.dart,
preg,Tests and scans,"Tools > Tests, scans and reports > Low-Lying Placenta",finding explainer,Low-Lying Placenta,What a particular finding means,all pregnancy,583,1,clinical-review-owed,shared,lib/data/tests_scans_reports_data.dart,
preg,Tests and scans,"Tools > Tests, scans and reports > Placenta Previa",finding explainer,Placenta Previa,What a particular finding means,all pregnancy,605,1,clinical-review-owed,shared,lib/data/tests_scans_reports_data.dart,
preg,Tests and scans,"Tools > Tests, scans and reports > Anaemia",finding explainer,Anaemia,What a particular finding means,all pregnancy,715,1,clinical-review-owed,shared,lib/data/tests_scans_reports_data.dart,
preg,Tests and scans,"Tools > Tests, scans and reports > Breech Presentation",finding explainer,Breech Presentation,What a particular finding means,all pregnancy,662,1,clinical-review-owed,shared,lib/data/tests_scans_reports_data.dart,
preg,Tests and scans,"Tools > Tests, scans and reports > Low Amniotic Fluid",finding explainer,Low Amniotic Fluid,What a particular finding means,all pregnancy,616,1,clinical-review-owed,shared,lib/data/tests_scans_reports_data.dart,
preg,Tests and scans,"Tools > Tests, scans and reports > Hypothyroidism",finding explainer,Hypothyroidism,What a particular finding means,all pregnancy,616,1,clinical-review-owed,shared,lib/data/tests_scans_reports_data.dart,
preg,Tests and scans,"Tools > Tests, scans and reports > Hyperthyroidism",finding explainer,Hyperthyroidism,What a particular finding means,all pregnancy,558,1,clinical-review-owed,shared,lib/data/tests_scans_reports_data.dart,
preg,Tests and scans,"Tools > Tests, scans and reports > Gestational Diabetes",finding explainer,Gestational Diabetes,What a particular finding means,all pregnancy,653,1,clinical-review-owed,shared,lib/data/tests_scans_reports_data.dart,
preg,Tests and scans,"Tools > Tests, scans and reports > Pre-eclampsia",finding explainer,Pre-eclampsia,What a particular finding means,all pregnancy,753,1,clinical-review-owed,shared,lib/data/tests_scans_reports_data.dart,
preg,Tests and scans,"Tools > Tests, scans and reports > Growth Restriction",finding explainer,Growth Restriction,What a particular finding means,all pregnancy,739,1,clinical-review-owed,shared,lib/data/tests_scans_reports_data.dart,
preg,Symptoms,Home > log a symptom > Nausea,symptom entry,Nausea,"What it is, whether it is normal, when to call",all pregnancy,103,1,clinical-review-owed,shared,lib/data/symptom_data.dart,
preg,Symptoms,Home > log a symptom > Heartburn,symptom entry,Heartburn,"What it is, whether it is normal, when to call",all pregnancy,109,1,clinical-review-owed,shared,lib/data/symptom_data.dart,
preg,Symptoms,Home > log a symptom > Constipation,symptom entry,Constipation,"What it is, whether it is normal, when to call",all pregnancy,93,1,clinical-review-owed,shared,lib/data/symptom_data.dart,
preg,Symptoms,Home > log a symptom > Fatigue,symptom entry,Fatigue,"What it is, whether it is normal, when to call",all pregnancy,104,1,clinical-review-owed,shared,lib/data/symptom_data.dart,
preg,Symptoms,Home > log a symptom > Back Pain,symptom entry,Back Pain,"What it is, whether it is normal, when to call",all pregnancy,96,1,clinical-review-owed,shared,lib/data/symptom_data.dart,
preg,Symptoms,Home > log a symptom > Headache,symptom entry,Headache,"What it is, whether it is normal, when to call",all pregnancy,109,1,clinical-review-owed,shared,lib/data/symptom_data.dart,
preg,Symptoms,Home > log a symptom > Trouble Sleeping,symptom entry,Trouble Sleeping,"What it is, whether it is normal, when to call",all pregnancy,105,1,clinical-review-owed,shared,lib/data/symptom_data.dart,
preg,Symptoms,Home > log a symptom > Mood Swings,symptom entry,Mood Swings,"What it is, whether it is normal, when to call",all pregnancy,100,1,clinical-review-owed,shared,lib/data/symptom_data.dart,
preg,Symptoms,Home > log a symptom > Swelling,symptom entry,Swelling,"What it is, whether it is normal, when to call",all pregnancy,107,1,clinical-review-owed,shared,lib/data/symptom_data.dart,
preg,Symptoms,Home > log a symptom > Leg Cramps,symptom entry,Leg Cramps,"What it is, whether it is normal, when to call",all pregnancy,97,1,clinical-review-owed,shared,lib/data/symptom_data.dart,
preg,Symptoms,Home > log a symptom > Baby's Hiccups,symptom entry,Baby's Hiccups,"What it is, whether it is normal, when to call",all pregnancy,109,1,clinical-review-owed,shared,lib/data/symptom_data.dart,
preg,Symptoms,Home > log a symptom > Braxton Hicks,symptom entry,Braxton Hicks,"What it is, whether it is normal, when to call",all pregnancy,87,1,clinical-review-owed,shared,lib/data/symptom_data.dart,
preg,Symptoms,Home > log a symptom > Heavy Bleeding,symptom entry,Heavy Bleeding,"What it is, whether it is normal, when to call",all pregnancy,55,1,clinical-review-owed,shared,lib/data/symptom_data.dart,
preg,Symptoms,Home > log a symptom > Reduced Baby Movement,symptom entry,Reduced Baby Movement,"What it is, whether it is normal, when to call",all pregnancy,84,1,clinical-review-owed,shared,lib/data/symptom_data.dart,
preg,Symptoms,Home > log a symptom > Severe Headache,symptom entry,Severe Headache,"What it is, whether it is normal, when to call",all pregnancy,69,1,clinical-review-owed,shared,lib/data/symptom_data.dart,
preg,Symptoms,Home > log a symptom > Sudden Swelling,symptom entry,Sudden Swelling,"What it is, whether it is normal, when to call",all pregnancy,58,1,clinical-review-owed,shared,lib/data/symptom_data.dart,
preg,Symptoms,Home > log a symptom > Fluid Leakage,symptom entry,Fluid Leakage,"What it is, whether it is normal, when to call",all pregnancy,64,1,clinical-review-owed,shared,lib/data/symptom_data.dart,
preg,Nutrition,Tools > Nutrition > Moong dal chilla with curd,recipe,Moong dal chilla with curd,"A dish, with method and nutrition",all pregnancy,132,1,placeholder,shared,lib/data/nutrition_data.dart,
preg,Nutrition,Tools > Nutrition > Bengali macher jhol,recipe,Bengali macher jhol,"A dish, with method and nutrition",all pregnancy,133,1,placeholder,shared,lib/data/nutrition_data.dart,
preg,Nutrition,Tools > Nutrition > Bengali shukto,recipe,Bengali shukto,"A dish, with method and nutrition",all pregnancy,98,1,placeholder,shared,lib/data/nutrition_data.dart,
preg,Nutrition,Tools > Nutrition > Tamil ragi kanji,recipe,Tamil ragi kanji,"A dish, with method and nutrition",all pregnancy,90,1,placeholder,shared,lib/data/nutrition_data.dart,
preg,Nutrition,Tools > Nutrition > Tamil sambar,recipe,Tamil sambar,"A dish, with method and nutrition",all pregnancy,106,1,placeholder,shared,lib/data/nutrition_data.dart,
preg,Nutrition,Tools > Nutrition > Punjabi palak paneer,recipe,Punjabi palak paneer,"A dish, with method and nutrition",all pregnancy,101,1,placeholder,shared,lib/data/nutrition_data.dart,
preg,Nutrition,Tools > Nutrition > Punjabi rajma,recipe,Punjabi rajma,"A dish, with method and nutrition",all pregnancy,90,1,placeholder,shared,lib/data/nutrition_data.dart,
preg,Nutrition,Tools > Nutrition > Gujarati dhokla,recipe,Gujarati dhokla,"A dish, with method and nutrition",all pregnancy,117,1,placeholder,shared,lib/data/nutrition_data.dart,
preg,Nutrition,Tools > Nutrition > Gujarati moong dal khichdi,recipe,Gujarati moong dal khichdi,"A dish, with method and nutrition",all pregnancy,97,1,placeholder,shared,lib/data/nutrition_data.dart,
preg,Nutrition,Tools > Nutrition > South Indian ragi dosa,recipe,South Indian ragi dosa,"A dish, with method and nutrition",all pregnancy,110,1,placeholder,shared,lib/data/nutrition_data.dart,
preg,Nutrition,Tools > Nutrition > South Indian curd rice,recipe,South Indian curd rice,"A dish, with method and nutrition",all pregnancy,95,1,placeholder,shared,lib/data/nutrition_data.dart,
preg,Nutrition,Tools > Nutrition > Maharashtrian varan bhaat,recipe,Maharashtrian varan bhaat,"A dish, with method and nutrition",all pregnancy,84,1,placeholder,shared,lib/data/nutrition_data.dart,
preg,Nutrition,Tools > Nutrition > Maharashtrian thalipeeth,recipe,Maharashtrian thalipeeth,"A dish, with method and nutrition",all pregnancy,115,1,placeholder,shared,lib/data/nutrition_data.dart,
preg,Nutrition,Tools > Nutrition > Jain kadhi khichdi,recipe,Jain kadhi khichdi,"A dish, with method and nutrition",all pregnancy,108,1,placeholder,shared,lib/data/nutrition_data.dart,
preg,Nutrition,Tools > Nutrition > Besan chilla,recipe,Besan chilla,"A dish, with method and nutrition",all pregnancy,100,1,placeholder,shared,lib/data/nutrition_data.dart,
preg,Nutrition,Tools > Nutrition > Vegetable daliya,recipe,Vegetable daliya,"A dish, with method and nutrition",all pregnancy,90,1,placeholder,shared,lib/data/nutrition_data.dart,
preg,Nutrition,Tools > Nutrition > foods > Papaya,food entry,Papaya,"Whether it is safe, and what it gives her",all pregnancy,98,1,clinical-review-owed,shared,lib/data/nutrition_data.dart,
preg,Nutrition,Tools > Nutrition > foods > Pineapple,food entry,Pineapple,"Whether it is safe, and what it gives her",all pregnancy,90,1,clinical-review-owed,shared,lib/data/nutrition_data.dart,
preg,Nutrition,Tools > Nutrition > foods > Mango,food entry,Mango,"Whether it is safe, and what it gives her",all pregnancy,42,1,clinical-review-owed,shared,lib/data/nutrition_data.dart,
preg,Nutrition,Tools > Nutrition > foods > Banana,food entry,Banana,"Whether it is safe, and what it gives her",all pregnancy,31,1,clinical-review-owed,shared,lib/data/nutrition_data.dart,
preg,Nutrition,Tools > Nutrition > foods > Grapes,food entry,Grapes,"Whether it is safe, and what it gives her",all pregnancy,35,1,clinical-review-owed,shared,lib/data/nutrition_data.dart,
preg,Nutrition,Tools > Nutrition > foods > Watermelon,food entry,Watermelon,"Whether it is safe, and what it gives her",all pregnancy,31,1,clinical-review-owed,shared,lib/data/nutrition_data.dart,
preg,Nutrition,Tools > Nutrition > foods > Pomegranate,food entry,Pomegranate,"Whether it is safe, and what it gives her",all pregnancy,37,1,clinical-review-owed,shared,lib/data/nutrition_data.dart,
preg,Nutrition,Tools > Nutrition > foods > Guava,food entry,Guava,"Whether it is safe, and what it gives her",all pregnancy,34,1,clinical-review-owed,shared,lib/data/nutrition_data.dart,
preg,Nutrition,Tools > Nutrition > foods > Apple,food entry,Apple,"Whether it is safe, and what it gives her",all pregnancy,28,1,clinical-review-owed,shared,lib/data/nutrition_data.dart,
preg,Nutrition,Tools > Nutrition > foods > Dates,food entry,Dates,"Whether it is safe, and what it gives her",all pregnancy,38,1,clinical-review-owed,shared,lib/data/nutrition_data.dart,
preg,Nutrition,Tools > Nutrition > foods > Milk,food entry,Milk,"Whether it is safe, and what it gives her",all pregnancy,38,1,clinical-review-owed,shared,lib/data/nutrition_data.dart,
preg,Nutrition,Tools > Nutrition > foods > Curd / Yoghurt,food entry,Curd / Yoghurt,"Whether it is safe, and what it gives her",all pregnancy,40,1,clinical-review-owed,shared,lib/data/nutrition_data.dart,
preg,Nutrition,Tools > Nutrition > foods > Paneer,food entry,Paneer,"Whether it is safe, and what it gives her",all pregnancy,60,1,clinical-review-owed,shared,lib/data/nutrition_data.dart,
preg,Nutrition,"Tools > Nutrition > foods > Soft, unpasteurised cheese",food entry,"Soft, unpasteurised cheese","Whether it is safe, and what it gives her",all pregnancy,51,1,clinical-review-owed,shared,lib/data/nutrition_data.dart,
preg,Nutrition,Tools > Nutrition > foods > Eggs,food entry,Eggs,"Whether it is safe, and what it gives her",all pregnancy,44,1,clinical-review-owed,shared,lib/data/nutrition_data.dart,
preg,Nutrition,Tools > Nutrition > foods > Dal / lentils,food entry,Dal / lentils,"Whether it is safe, and what it gives her",all pregnancy,37,1,clinical-review-owed,shared,lib/data/nutrition_data.dart,
preg,Nutrition,Tools > Nutrition > foods > Tofu / soy,food entry,Tofu / soy,"Whether it is safe, and what it gives her",all pregnancy,71,1,clinical-review-owed,shared,lib/data/nutrition_data.dart,
preg,Nutrition,Tools > Nutrition > foods > Peanuts,food entry,Peanuts,"Whether it is safe, and what it gives her",all pregnancy,67,1,clinical-review-owed,shared,lib/data/nutrition_data.dart,
preg,Nutrition,Tools > Nutrition > foods > Chicken,food entry,Chicken,"Whether it is safe, and what it gives her",all pregnancy,40,1,clinical-review-owed,shared,lib/data/nutrition_data.dart,
preg,Nutrition,Tools > Nutrition > foods > Mutton,food entry,Mutton,"Whether it is safe, and what it gives her",all pregnancy,44,1,clinical-review-owed,shared,lib/data/nutrition_data.dart,
preg,Nutrition,Tools > Nutrition > foods > Fish (everyday varieties),food entry,Fish (everyday varieties),"Whether it is safe, and what it gives her",all pregnancy,83,1,clinical-review-owed,shared,lib/data/nutrition_data.dart,
preg,Nutrition,"Tools > Nutrition > foods > King fish, shark, swordfish",food entry,"King fish, shark, swordfish","Whether it is safe, and what it gives her",all pregnancy,54,1,clinical-review-owed,shared,lib/data/nutrition_data.dart,
preg,Nutrition,Tools > Nutrition > foods > Prawns / shrimp,food entry,Prawns / shrimp,"Whether it is safe, and what it gives her",all pregnancy,30,1,clinical-review-owed,shared,lib/data/nutrition_data.dart,
preg,Nutrition,Tools > Nutrition > foods > Liver / organ meat,food entry,Liver / organ meat,"Whether it is safe, and what it gives her",all pregnancy,60,1,clinical-review-owed,shared,lib/data/nutrition_data.dart,
preg,Nutrition,Tools > Nutrition > foods > Sushi / raw fish,food entry,Sushi / raw fish,"Whether it is safe, and what it gives her",all pregnancy,47,1,clinical-review-owed,shared,lib/data/nutrition_data.dart,
preg,Nutrition,Tools > Nutrition > foods > Processed / cured meat,food entry,Processed / cured meat,"Whether it is safe, and what it gives her",all pregnancy,56,1,clinical-review-owed,shared,lib/data/nutrition_data.dart,
preg,Nutrition,Tools > Nutrition > foods > Coffee,food entry,Coffee,"Whether it is safe, and what it gives her",all pregnancy,64,1,clinical-review-owed,shared,lib/data/nutrition_data.dart,
preg,Nutrition,Tools > Nutrition > foods > Tea / chai,food entry,Tea / chai,"Whether it is safe, and what it gives her",all pregnancy,51,1,clinical-review-owed,shared,lib/data/nutrition_data.dart,
preg,Nutrition,Tools > Nutrition > foods > Green tea,food entry,Green tea,"Whether it is safe, and what it gives her",all pregnancy,54,1,clinical-review-owed,shared,lib/data/nutrition_data.dart,
preg,Nutrition,Tools > Nutrition > foods > Coconut water,food entry,Coconut water,"Whether it is safe, and what it gives her",all pregnancy,44,1,clinical-review-owed,shared,lib/data/nutrition_data.dart,
preg,Nutrition,Tools > Nutrition > foods > Buttermilk / chaas,food entry,Buttermilk / chaas,"Whether it is safe, and what it gives her",all pregnancy,29,1,clinical-review-owed,shared,lib/data/nutrition_data.dart,
preg,Nutrition,Tools > Nutrition > foods > Fresh fruit juice,food entry,Fresh fruit juice,"Whether it is safe, and what it gives her",all pregnancy,63,1,clinical-review-owed,shared,lib/data/nutrition_data.dart,
preg,Nutrition,Tools > Nutrition > foods > Herbal tea,food entry,Herbal tea,"Whether it is safe, and what it gives her",all pregnancy,55,1,clinical-review-owed,shared,lib/data/nutrition_data.dart,
preg,Nutrition,Tools > Nutrition > foods > Alcohol,food entry,Alcohol,"Whether it is safe, and what it gives her",all pregnancy,35,1,clinical-review-owed,shared,lib/data/nutrition_data.dart,
preg,Nutrition,Tools > Nutrition > foods > Soda / energy drinks,food entry,Soda / energy drinks,"Whether it is safe, and what it gives her",all pregnancy,52,1,clinical-review-owed,shared,lib/data/nutrition_data.dart,
preg,Nutrition,Tools > Nutrition > foods > Sugarcane juice,food entry,Sugarcane juice,"Whether it is safe, and what it gives her",all pregnancy,59,1,clinical-review-owed,shared,lib/data/nutrition_data.dart,
preg,Nutrition,Tools > Nutrition > foods > Ghee,food entry,Ghee,"Whether it is safe, and what it gives her",all pregnancy,44,1,clinical-review-owed,shared,lib/data/nutrition_data.dart,
preg,Nutrition,Tools > Nutrition > foods > Turmeric / haldi,food entry,Turmeric / haldi,"Whether it is safe, and what it gives her",all pregnancy,45,1,clinical-review-owed,shared,lib/data/nutrition_data.dart,
preg,Nutrition,Tools > Nutrition > foods > Ginger / adrak,food entry,Ginger / adrak,"Whether it is safe, and what it gives her",all pregnancy,35,1,clinical-review-owed,shared,lib/data/nutrition_data.dart,
preg,Nutrition,Tools > Nutrition > foods > Garlic / lehsun,food entry,Garlic / lehsun,"Whether it is safe, and what it gives her",all pregnancy,45,1,clinical-review-owed,shared,lib/data/nutrition_data.dart,
preg,Nutrition,Tools > Nutrition > foods > Methi / fenugreek seeds,food entry,Methi / fenugreek seeds,"Whether it is safe, and what it gives her",all pregnancy,87,1,clinical-review-owed,shared,lib/data/nutrition_data.dart,
preg,Nutrition,Tools > Nutrition > foods > Hing / asafoetida,food entry,Hing / asafoetida,"Whether it is safe, and what it gives her",all pregnancy,29,1,clinical-review-owed,shared,lib/data/nutrition_data.dart,
preg,Nutrition,Tools > Nutrition > foods > Ajwain / carom seeds,food entry,Ajwain / carom seeds,"Whether it is safe, and what it gives her",all pregnancy,58,1,clinical-review-owed,shared,lib/data/nutrition_data.dart,
preg,Nutrition,Tools > Nutrition > foods > Jaggery / gud,food entry,Jaggery / gud,"Whether it is safe, and what it gives her",all pregnancy,38,1,clinical-review-owed,shared,lib/data/nutrition_data.dart,
preg,Nutrition,Tools > Nutrition > foods > Chocolate,food entry,Chocolate,"Whether it is safe, and what it gives her",all pregnancy,56,1,clinical-review-owed,shared,lib/data/nutrition_data.dart,
preg,Nutrition,Tools > Nutrition > foods > Ice cream,food entry,Ice cream,"Whether it is safe, and what it gives her",all pregnancy,54,1,clinical-review-owed,shared,lib/data/nutrition_data.dart,
preg,Nutrition,Tools > Nutrition > foods > Mithai / sweets,food entry,Mithai / sweets,"Whether it is safe, and what it gives her",all pregnancy,57,1,clinical-review-owed,shared,lib/data/nutrition_data.dart,
preg,Nutrition,Tools > Nutrition > foods > Honey,food entry,Honey,"Whether it is safe, and what it gives her",all pregnancy,63,1,clinical-review-owed,shared,lib/data/nutrition_data.dart,
preg,Nutrition,Tools > Nutrition > foods > Artificial sweeteners,food entry,Artificial sweeteners,"Whether it is safe, and what it gives her",all pregnancy,64,1,clinical-review-owed,shared,lib/data/nutrition_data.dart,
preg,Nutrition,Tools > Nutrition > foods > Street food / chaat,food entry,Street food / chaat,"Whether it is safe, and what it gives her",all pregnancy,75,1,clinical-review-owed,shared,lib/data/nutrition_data.dart,
preg,Nutrition,Tools > Nutrition > foods > Pani puri / gol gappe,food entry,Pani puri / gol gappe,"Whether it is safe, and what it gives her",all pregnancy,76,1,clinical-review-owed,shared,lib/data/nutrition_data.dart,
preg,Nutrition,Tools > Nutrition > foods > Packaged chips / namkeen,food entry,Packaged chips / namkeen,"Whether it is safe, and what it gives her",all pregnancy,51,1,clinical-review-owed,shared,lib/data/nutrition_data.dart,
preg,Nutrition,Tools > Nutrition > foods > Instant noodles,food entry,Instant noodles,"Whether it is safe, and what it gives her",all pregnancy,67,1,clinical-review-owed,shared,lib/data/nutrition_data.dart,
preg,Nutrition,Tools > Nutrition > foods > Canned / tinned food,food entry,Canned / tinned food,"Whether it is safe, and what it gives her",all pregnancy,61,1,clinical-review-owed,shared,lib/data/nutrition_data.dart,
preg,Nutrition,Tools > Nutrition > foods > Bakery items,food entry,Bakery items,"Whether it is safe, and what it gives her",all pregnancy,59,1,clinical-review-owed,shared,lib/data/nutrition_data.dart,
preg,Nutrition,Tools > Nutrition > foods > Restaurant food,food entry,Restaurant food,"Whether it is safe, and what it gives her",all pregnancy,62,1,clinical-review-owed,shared,lib/data/nutrition_data.dart,
preg,Nutrition,Tools > Nutrition > foods > Energy / protein bars,food entry,Energy / protein bars,"Whether it is safe, and what it gives her",all pregnancy,64,1,clinical-review-owed,shared,lib/data/nutrition_data.dart,
preg,Nutrition,Tools > Nutrition > foods > Rice,food entry,Rice,"Whether it is safe, and what it gives her",all pregnancy,25,1,clinical-review-owed,shared,lib/data/nutrition_data.dart,
preg,Nutrition,Tools > Nutrition > foods > Wheat / roti,food entry,Wheat / roti,"Whether it is safe, and what it gives her",all pregnancy,27,1,clinical-review-owed,shared,lib/data/nutrition_data.dart,
preg,Nutrition,Tools > Nutrition > foods > Oats,food entry,Oats,"Whether it is safe, and what it gives her",all pregnancy,26,1,clinical-review-owed,shared,lib/data/nutrition_data.dart,
preg,Nutrition,Tools > Nutrition > foods > Quinoa,food entry,Quinoa,"Whether it is safe, and what it gives her",all pregnancy,27,1,clinical-review-owed,shared,lib/data/nutrition_data.dart,
preg,Nutrition,"Tools > Nutrition > foods > Millets: ragi, jowar, bajra",food entry,"Millets: ragi, jowar, bajra","Whether it is safe, and what it gives her",all pregnancy,39,1,clinical-review-owed,shared,lib/data/nutrition_data.dart,
preg,Nutrition,Tools > Nutrition > foods > Sprouts,food entry,Sprouts,"Whether it is safe, and what it gives her",all pregnancy,57,1,clinical-review-owed,shared,lib/data/nutrition_data.dart,
preg,Nutrition,Tools > Nutrition > diet chart > Full month-by-month Indian chart,diet chart,Full month-by-month Indian chart,"A day of eating, by trimester",all pregnancy,18,1,clinical-review-owed,shared,lib/data/nutrition_data.dart,
preg,Nutrition,Tools > Nutrition > diet chart > First trimester chart,diet chart,First trimester chart,"A day of eating, by trimester",all pregnancy,17,1,clinical-review-owed,shared,lib/data/nutrition_data.dart,
preg,Nutrition,Tools > Nutrition > diet chart > Second trimester chart,diet chart,Second trimester chart,"A day of eating, by trimester",all pregnancy,14,1,clinical-review-owed,shared,lib/data/nutrition_data.dart,
preg,Nutrition,Tools > Nutrition > diet chart > Third trimester chart,diet chart,Third trimester chart,"A day of eating, by trimester",all pregnancy,20,1,clinical-review-owed,shared,lib/data/nutrition_data.dart,
preg,Nutrition,Tools > Nutrition > diet chart > Hindi chart,diet chart,Hindi chart,"A day of eating, by trimester",all pregnancy,17,1,clinical-review-owed,shared,lib/data/nutrition_data.dart,
preg,Nutrition,Tools > Nutrition > diet chart > Vegetarian chart,diet chart,Vegetarian chart,"A day of eating, by trimester",all pregnancy,19,1,clinical-review-owed,shared,lib/data/nutrition_data.dart,
preg,Nutrition,Tools > Nutrition > diet chart > Non-vegetarian chart,diet chart,Non-vegetarian chart,"A day of eating, by trimester",all pregnancy,17,1,clinical-review-owed,shared,lib/data/nutrition_data.dart,
preg,Nutrition,Tools > Nutrition > diet chart > Gestational diabetes chart,diet chart,Gestational diabetes chart,"A day of eating, by trimester",all pregnancy,15,1,clinical-review-owed,shared,lib/data/nutrition_data.dart,
preg,Nutrition,Tools > Nutrition > diet chart > Healthy weight-gain chart,diet chart,Healthy weight-gain chart,"A day of eating, by trimester",all pregnancy,14,1,clinical-review-owed,shared,lib/data/nutrition_data.dart,
preg,Nutrition,Tools > Nutrition > diet chart > Bengali regional chart,diet chart,Bengali regional chart,"A day of eating, by trimester",all pregnancy,15,1,clinical-review-owed,shared,lib/data/nutrition_data.dart,
preg,Nutrition,Tools > Nutrition > diet chart > Tamil regional chart,diet chart,Tamil regional chart,"A day of eating, by trimester",all pregnancy,15,1,clinical-review-owed,shared,lib/data/nutrition_data.dart,
preg,Nutrition,Tools > Nutrition > diet chart > Punjabi regional chart,diet chart,Punjabi regional chart,"A day of eating, by trimester",all pregnancy,15,1,clinical-review-owed,shared,lib/data/nutrition_data.dart,
preg,Nutrition,Tools > Nutrition > diet chart > Gujarati regional chart,diet chart,Gujarati regional chart,"A day of eating, by trimester",all pregnancy,15,1,clinical-review-owed,shared,lib/data/nutrition_data.dart,
preg,Nutrition,Tools > Nutrition > diet chart > South Indian regional chart,diet chart,South Indian regional chart,"A day of eating, by trimester",all pregnancy,17,1,clinical-review-owed,shared,lib/data/nutrition_data.dart,
preg,Nutrition,Tools > Nutrition > diet chart > Jain regional chart,diet chart,Jain regional chart,"A day of eating, by trimester",all pregnancy,17,1,clinical-review-owed,shared,lib/data/nutrition_data.dart,
preg,Nutrition,Tools > Nutrition > diet chart > Anaemia chart,diet chart,Anaemia chart,"A day of eating, by trimester",all pregnancy,24,1,clinical-review-owed,shared,lib/data/nutrition_data.dart,
preg,Nutrition,Tools > Nutrition > diet chart > After delivery chart,diet chart,After delivery chart,"A day of eating, by trimester",all pregnancy,23,1,clinical-review-owed,shared,lib/data/nutrition_data.dart,
preg,Nutrition,Tools > Nutrition > diet chart > Eggetarian chart,diet chart,Eggetarian chart,"A day of eating, by trimester",all pregnancy,18,1,clinical-review-owed,shared,lib/data/nutrition_data.dart,
preg,Nutrition,Tools > Nutrition > diet chart > North Indian chart,diet chart,North Indian chart,"A day of eating, by trimester",all pregnancy,21,1,clinical-review-owed,shared,lib/data/nutrition_data.dart,
preg,Cravings,Tools > Cravings > Golgappa / pani puri,craving entry,Golgappa / pani puri,What the craving may mean and a safer version,all pregnancy,386,1,placeholder,shared,lib/data/cravings_data.dart,
preg,Cravings,Tools > Cravings > Imli / tamarind,craving entry,Imli / tamarind,What the craving may mean and a safer version,all pregnancy,194,1,placeholder,shared,lib/data/cravings_data.dart,
preg,Cravings,Tools > Cravings > Chewing ice,craving entry,Chewing ice,What the craving may mean and a safer version,all pregnancy,146,1,placeholder,shared,lib/data/cravings_data.dart,
preg,Cravings,Tools > Cravings > Achaar / pickle,craving entry,Achaar / pickle,What the craving may mean and a safer version,all pregnancy,149,1,placeholder,shared,lib/data/cravings_data.dart,
preg,Cravings,Tools > Cravings > Mithai and sweets,craving entry,Mithai and sweets,What the craving may mean and a safer version,all pregnancy,248,1,placeholder,shared,lib/data/cravings_data.dart,
preg,Cravings,Tools > Cravings > Ice cream and kulfi,craving entry,Ice cream and kulfi,What the craving may mean and a safer version,all pregnancy,235,1,placeholder,shared,lib/data/cravings_data.dart,
preg,Cravings,Tools > Cravings > Chai and coffee,craving entry,Chai and coffee,What the craving may mean and a safer version,all pregnancy,149,1,placeholder,shared,lib/data/cravings_data.dart,
preg,Cravings,Tools > Cravings > Very spicy food,craving entry,Very spicy food,What the craving may mean and a safer version,all pregnancy,153,1,placeholder,shared,lib/data/cravings_data.dart,
preg,Cravings,Tools > Cravings > Raw mango / kaccha aam,craving entry,Raw mango / kaccha aam,What the craving may mean and a safer version,all pregnancy,99,1,placeholder,shared,lib/data/cravings_data.dart,
preg,Cravings,Tools > Cravings > Papaya,craving entry,Papaya,What the craving may mean and a safer version,all pregnancy,174,1,placeholder,shared,lib/data/cravings_data.dart,
preg,Cravings,Tools > Cravings > Chowmein and Indo-Chinese,craving entry,Chowmein and Indo-Chinese,What the craving may mean and a safer version,all pregnancy,241,1,placeholder,shared,lib/data/cravings_data.dart,
preg,Cravings,Tools > Cravings > Curd and lassi,craving entry,Curd and lassi,What the craving may mean and a safer version,all pregnancy,160,1,placeholder,shared,lib/data/cravings_data.dart,
preg,Cravings,"Tools > Cravings > Chalk, mud or ash",craving entry,"Chalk, mud or ash",What the craving may mean and a safer version,all pregnancy,144,1,placeholder,shared,lib/data/cravings_data.dart,
preg,Belly and skin,Tools > Belly and skin > Why stretch marks happen,skin page,Why stretch marks happen,A skin change and what to do about it,all pregnancy,161,1,clinical-review-owed,shared,lib/data/belly_skin_data.dart,
preg,Belly and skin,"Tools > Belly and skin > What actually helps, and what does not",skin page,"What actually helps, and what does not",A skin change and what to do about it,all pregnancy,164,1,clinical-review-owed,shared,lib/data/belly_skin_data.dart,
preg,Belly and skin,Tools > Belly and skin > Oils and creams that help,skin page,Oils and creams that help,A skin change and what to do about it,all pregnancy,123,1,clinical-review-owed,shared,lib/data/belly_skin_data.dart,
preg,Belly and skin,Tools > Belly and skin > Fading them after delivery,skin page,Fading them after delivery,A skin change and what to do about it,all pregnancy,117,1,clinical-review-owed,shared,lib/data/belly_skin_data.dart,
preg,Belly and skin,Tools > Belly and skin > The linea nigra (the dark line),skin page,The linea nigra (the dark line),A skin change and what to do about it,all pregnancy,76,1,clinical-review-owed,shared,lib/data/belly_skin_data.dart,
preg,Belly and skin,Tools > Belly and skin > Melasma (the pregnancy mask),skin page,Melasma (the pregnancy mask),A skin change and what to do about it,all pregnancy,113,1,clinical-review-owed,shared,lib/data/belly_skin_data.dart,
preg,Belly and skin,"Tools > Belly and skin > Darker underarms, neck and inner thighs",skin page,"Darker underarms, neck and inner thighs",A skin change and what to do about it,all pregnancy,95,1,clinical-review-owed,shared,lib/data/belly_skin_data.dart,
preg,Belly and skin,Tools > Belly and skin > Pregnancy acne,skin page,Pregnancy acne,A skin change and what to do about it,all pregnancy,86,1,clinical-review-owed,shared,lib/data/belly_skin_data.dart,
preg,Belly and skin,Tools > Belly and skin > The pregnancy glow,skin page,The pregnancy glow,A skin change and what to do about it,all pregnancy,90,1,clinical-review-owed,shared,lib/data/belly_skin_data.dart,
preg,Belly and skin,Tools > Belly and skin > Dry or sensitive skin,skin page,Dry or sensitive skin,A skin change and what to do about it,all pregnancy,85,1,clinical-review-owed,shared,lib/data/belly_skin_data.dart,
preg,Belly and skin,Tools > Belly and skin > Spider veins and skin tags,skin page,Spider veins and skin tags,A skin change and what to do about it,all pregnancy,97,1,clinical-review-owed,shared,lib/data/belly_skin_data.dart,
preg,Belly and skin,Tools > Belly and skin > Hair changes: fall and extra growth,skin page,Hair changes: fall and extra growth,A skin change and what to do about it,all pregnancy,107,1,clinical-review-owed,shared,lib/data/belly_skin_data.dart,
preg,Belly and skin,Tools > Belly and skin > What to avoid,skin page,What to avoid,A skin change and what to do about it,all pregnancy,155,1,clinical-review-owed,shared,lib/data/belly_skin_data.dart,
preg,Belly and skin,Tools > Belly and skin > What is safe,skin page,What is safe,A skin change and what to do about it,all pregnancy,82,1,clinical-review-owed,shared,lib/data/belly_skin_data.dart,
preg,Belly and skin,Tools > Belly and skin > A simple safe daily routine,skin page,A simple safe daily routine,A skin change and what to do about it,all pregnancy,80,1,clinical-review-owed,shared,lib/data/belly_skin_data.dart,
preg,Belly and skin,Tools > Belly and skin > Are facials and salon treatments okay?,skin page,Are facials and salon treatments okay?,A skin change and what to do about it,all pregnancy,120,1,clinical-review-owed,shared,lib/data/belly_skin_data.dart,
preg,Belly and skin,Tools > Belly and skin > Belly oiling and gentle massage,skin page,Belly oiling and gentle massage,A skin change and what to do about it,all pregnancy,126,1,clinical-review-owed,shared,lib/data/belly_skin_data.dart,
preg,Belly and skin,Tools > Belly and skin > Belly bands and support,skin page,Belly bands and support,A skin change and what to do about it,all pregnancy,124,1,clinical-review-owed,shared,lib/data/belly_skin_data.dart,
preg,Belly and skin,Tools > Belly and skin > Comfort for the growing bump,skin page,Comfort for the growing bump,A skin change and what to do about it,all pregnancy,85,1,clinical-review-owed,shared,lib/data/belly_skin_data.dart,
preg,Belly and skin,Tools > Belly and skin > ingredients > Retinoids / retinol,ingredient entry,Retinoids / retinol,Whether an ingredient is safe in pregnancy,all pregnancy,86,1,clinical-review-owed,shared,lib/data/belly_skin_data.dart,
preg,Belly and skin,"Tools > Belly and skin > ingredients > Salicylic acid (low dose, face wash)",ingredient entry,"Salicylic acid (low dose, face wash)",Whether an ingredient is safe in pregnancy,all pregnancy,88,1,clinical-review-owed,shared,lib/data/belly_skin_data.dart,
preg,Belly and skin,Tools > Belly and skin > ingredients > Salicylic acid (high dose / peels / oral),ingredient entry,Salicylic acid (high dose / peels / oral),Whether an ingredient is safe in pregnancy,all pregnancy,93,1,clinical-review-owed,shared,lib/data/belly_skin_data.dart,
preg,Belly and skin,Tools > Belly and skin > ingredients > Benzoyl peroxide,ingredient entry,Benzoyl peroxide,Whether an ingredient is safe in pregnancy,all pregnancy,74,1,clinical-review-owed,shared,lib/data/belly_skin_data.dart,
preg,Belly and skin,Tools > Belly and skin > ingredients > Hydroquinone,ingredient entry,Hydroquinone,Whether an ingredient is safe in pregnancy,all pregnancy,81,1,clinical-review-owed,shared,lib/data/belly_skin_data.dart,
preg,Belly and skin,Tools > Belly and skin > ingredients > Chemical sunscreen,ingredient entry,Chemical sunscreen,Whether an ingredient is safe in pregnancy,all pregnancy,76,1,clinical-review-owed,shared,lib/data/belly_skin_data.dart,
preg,Belly and skin,Tools > Belly and skin > ingredients > Mineral sunscreen,ingredient entry,Mineral sunscreen,Whether an ingredient is safe in pregnancy,all pregnancy,83,1,clinical-review-owed,shared,lib/data/belly_skin_data.dart,
preg,Belly and skin,Tools > Belly and skin > ingredients > Niacinamide,ingredient entry,Niacinamide,Whether an ingredient is safe in pregnancy,all pregnancy,59,1,clinical-review-owed,shared,lib/data/belly_skin_data.dart,
preg,Belly and skin,Tools > Belly and skin > ingredients > Vitamin C,ingredient entry,Vitamin C,Whether an ingredient is safe in pregnancy,all pregnancy,49,1,clinical-review-owed,shared,lib/data/belly_skin_data.dart,
preg,Belly and skin,Tools > Belly and skin > ingredients > Hyaluronic acid,ingredient entry,Hyaluronic acid,Whether an ingredient is safe in pregnancy,all pregnancy,64,1,clinical-review-owed,shared,lib/data/belly_skin_data.dart,
preg,Belly and skin,Tools > Belly and skin > ingredients > Glycolic / lactic acid,ingredient entry,Glycolic / lactic acid,Whether an ingredient is safe in pregnancy,all pregnancy,63,1,clinical-review-owed,shared,lib/data/belly_skin_data.dart,
preg,Belly and skin,Tools > Belly and skin > ingredients > Essential oils,ingredient entry,Essential oils,Whether an ingredient is safe in pregnancy,all pregnancy,80,1,clinical-review-owed,shared,lib/data/belly_skin_data.dart,
preg,Belly and skin,Tools > Belly and skin > ingredients > Self-tanners,ingredient entry,Self-tanners,Whether an ingredient is safe in pregnancy,all pregnancy,86,1,clinical-review-owed,shared,lib/data/belly_skin_data.dart,
preg,Belly and skin,Tools > Belly and skin > ingredients > Hair dye,ingredient entry,Hair dye,Whether an ingredient is safe in pregnancy,all pregnancy,98,1,clinical-review-owed,shared,lib/data/belly_skin_data.dart,
preg,Belly and skin,Tools > Belly and skin > ingredients > Keratin treatments,ingredient entry,Keratin treatments,Whether an ingredient is safe in pregnancy,all pregnancy,90,1,clinical-review-owed,shared,lib/data/belly_skin_data.dart,
preg,Mind and mood,Explore > Mind and mood > Mood swings,article,Mood swings,Mental health support through pregnancy,all pregnancy,180,1,clinical-review-owed,shared,lib/data/mind_mood_data.dart,
preg,Mind and mood,Explore > Mind and mood > Crying easily,article,Crying easily,Mental health support through pregnancy,all pregnancy,143,1,clinical-review-owed,shared,lib/data/mind_mood_data.dart,
preg,Mind and mood,Explore > Mind and mood > Irritability and anger,article,Irritability and anger,Mental health support through pregnancy,all pregnancy,132,1,clinical-review-owed,shared,lib/data/mind_mood_data.dart,
preg,Mind and mood,Explore > Mind and mood > Feeling disconnected from the pregnancy,article,Feeling disconnected from the pregnancy,Mental health support through pregnancy,all pregnancy,135,1,clinical-review-owed,shared,lib/data/mind_mood_data.dart,
preg,Mind and mood,Explore > Mind and mood > Guilt,article,Guilt,Mental health support through pregnancy,all pregnancy,134,1,clinical-review-owed,shared,lib/data/mind_mood_data.dart,
preg,Mind and mood,Explore > Mind and mood > Pregnancy brain,article,Pregnancy brain,Mental health support through pregnancy,all pregnancy,120,1,clinical-review-owed,shared,lib/data/mind_mood_data.dart,
preg,Mind and mood,Explore > Mind and mood > Feeling overwhelmed,article,Feeling overwhelmed,Mental health support through pregnancy,all pregnancy,121,1,clinical-review-owed,shared,lib/data/mind_mood_data.dart,
preg,Mind and mood,Explore > Mind and mood > Feeling numb when you expected joy,article,Feeling numb when you expected joy,Mental health support through pregnancy,all pregnancy,130,1,clinical-review-owed,shared,lib/data/mind_mood_data.dart,
preg,Mind and mood,Explore > Mind and mood > Loneliness,article,Loneliness,Mental health support through pregnancy,all pregnancy,123,1,clinical-review-owed,shared,lib/data/mind_mood_data.dart,
preg,Mind and mood,Explore > Mind and mood > Fear of labour,article,Fear of labour,Mental health support through pregnancy,all pregnancy,178,1,clinical-review-owed,shared,lib/data/mind_mood_data.dart,
preg,Mind and mood,Explore > Mind and mood > Fear something is wrong with the baby,article,Fear something is wrong with the baby,Mental health support through pregnancy,all pregnancy,164,1,clinical-review-owed,shared,lib/data/mind_mood_data.dart,
preg,Mind and mood,Explore > Mind and mood > Fear of miscarriage,article,Fear of miscarriage,Mental health support through pregnancy,all pregnancy,163,1,clinical-review-owed,shared,lib/data/mind_mood_data.dart,
preg,Mind and mood,Explore > Mind and mood > Fear of not being a good mother,article,Fear of not being a good mother,Mental health support through pregnancy,all pregnancy,131,1,clinical-review-owed,shared,lib/data/mind_mood_data.dart,
preg,Mind and mood,Explore > Mind and mood > Fear of body changes,article,Fear of body changes,Mental health support through pregnancy,all pregnancy,132,1,clinical-review-owed,shared,lib/data/mind_mood_data.dart,
preg,Mind and mood,Explore > Mind and mood > Health anxiety and over-Googling,article,Health anxiety and over-Googling,Mental health support through pregnancy,all pregnancy,150,1,clinical-review-owed,shared,lib/data/mind_mood_data.dart,
preg,Mind and mood,Explore > Mind and mood > Antenatal depression,article,Antenatal depression,Mental health support through pregnancy,all pregnancy,172,1,clinical-review-owed,shared,lib/data/mind_mood_data.dart,
preg,Mind and mood,Explore > Mind and mood > Pregnancy anxiety,article,Pregnancy anxiety,Mental health support through pregnancy,all pregnancy,154,1,clinical-review-owed,shared,lib/data/mind_mood_data.dart,
preg,Mind and mood,Explore > Mind and mood > Panic attacks,article,Panic attacks,Mental health support through pregnancy,all pregnancy,146,1,clinical-review-owed,shared,lib/data/mind_mood_data.dart,
preg,Mind and mood,Explore > Mind and mood > Intrusive thoughts,article,Intrusive thoughts,Mental health support through pregnancy,all pregnancy,180,1,clinical-review-owed,shared,lib/data/mind_mood_data.dart,
preg,Mind and mood,Explore > Mind and mood > Baby blues (looking ahead),article,Baby blues (looking ahead),Mental health support through pregnancy,all pregnancy,144,1,clinical-review-owed,shared,lib/data/mind_mood_data.dart,
preg,Mind and mood,Explore > Mind and mood > Postpartum depression (looking ahead),article,Postpartum depression (looking ahead),Mental health support through pregnancy,all pregnancy,172,1,clinical-review-owed,shared,lib/data/mind_mood_data.dart,
preg,Mind and mood,Explore > Mind and mood > Sleep and mood,article,Sleep and mood,Mental health support through pregnancy,all pregnancy,145,1,clinical-review-owed,shared,lib/data/mind_mood_data.dart,
preg,Mind and mood,Explore > Mind and mood > Unsolicited advice and family pressure,article,Unsolicited advice and family pressure,Mental health support through pregnancy,all pregnancy,140,1,clinical-review-owed,shared,lib/data/mind_mood_data.dart,
preg,Mind and mood,Explore > Mind and mood > Work stress,article,Work stress,Mental health support through pregnancy,all pregnancy,131,1,clinical-review-owed,shared,lib/data/mind_mood_data.dart,
preg,Mind and mood,Explore > Mind and mood > Relationship and intimacy changes,article,Relationship and intimacy changes,Mental health support through pregnancy,all pregnancy,132,1,clinical-review-owed,shared,lib/data/mind_mood_data.dart,
preg,Mind and mood,Explore > Mind and mood > Body image and self-esteem,article,Body image and self-esteem,Mental health support through pregnancy,all pregnancy,136,1,clinical-review-owed,shared,lib/data/mind_mood_data.dart,
preg,Mind and mood,Explore > Mind and mood > screener > MmScreenerQuestion,screener question,MmScreenerQuestion,One question in a mental-health screener,all pregnancy,15,1,clinical-review-owed,shared,lib/data/mind_mood_data.dart,
preg,Mind and mood,Explore > Mind and mood > screener > MmScreenerQuestion,screener question,MmScreenerQuestion,One question in a mental-health screener,all pregnancy,10,1,clinical-review-owed,shared,lib/data/mind_mood_data.dart,
preg,Mind and mood,Explore > Mind and mood > screener > MmScreenerQuestion,screener question,MmScreenerQuestion,One question in a mental-health screener,all pregnancy,14,1,clinical-review-owed,shared,lib/data/mind_mood_data.dart,
preg,Mind and mood,Explore > Mind and mood > screener > MmScreenerQuestion,screener question,MmScreenerQuestion,One question in a mental-health screener,all pregnancy,13,1,clinical-review-owed,shared,lib/data/mind_mood_data.dart,
preg,Mind and mood,Explore > Mind and mood > screener > MmScreenerQuestion,screener question,MmScreenerQuestion,One question in a mental-health screener,all pregnancy,15,1,clinical-review-owed,shared,lib/data/mind_mood_data.dart,
preg,Mind and mood,Explore > Mind and mood > screener > MmScreenerQuestion,screener question,MmScreenerQuestion,One question in a mental-health screener,all pregnancy,50,1,clinical-review-owed,shared,lib/data/mind_mood_data.dart,
preg,Mind and mood,Explore > Mind and mood > SOS > MmSosStep,SOS step,MmSosStep,One step of the panic flow,all pregnancy,3,1,placeholder,shared,lib/data/mind_mood_data.dart,
preg,Mind and mood,Explore > Mind and mood > SOS > MmSosStep,SOS step,MmSosStep,One step of the panic flow,all pregnancy,5,1,placeholder,shared,lib/data/mind_mood_data.dart,
preg,Mind and mood,Explore > Mind and mood > SOS > MmSosStep,SOS step,MmSosStep,One step of the panic flow,all pregnancy,8,1,placeholder,shared,lib/data/mind_mood_data.dart,
preg,Mind and mood,Explore > Mind and mood > SOS > MmSosStep,SOS step,MmSosStep,One step of the panic flow,all pregnancy,6,1,placeholder,shared,lib/data/mind_mood_data.dart,
preg,Mind and mood,Explore > Mind and mood > SOS > MmSosStep,SOS step,MmSosStep,One step of the panic flow,all pregnancy,8,1,placeholder,shared,lib/data/mind_mood_data.dart,
preg,Mind and mood,Explore > Mind and mood > SOS > MmSosStep,SOS step,MmSosStep,One step of the panic flow,all pregnancy,6,1,placeholder,shared,lib/data/mind_mood_data.dart,
preg,Mind and mood,Explore > Mind and mood > SOS > MmSosStep,SOS step,MmSosStep,One step of the panic flow,all pregnancy,9,1,placeholder,shared,lib/data/mind_mood_data.dart,
preg,Mind and mood,Explore > Mind and mood > SOS > MmSosStep,SOS step,MmSosStep,One step of the panic flow,all pregnancy,14,1,placeholder,shared,lib/data/mind_mood_data.dart,
preg,Mind and mood,Explore > Mind and mood > MmAffirmation,affirmation,MmAffirmation,A line to hold on to,all pregnancy,13,1,placeholder,shared,lib/data/mind_mood_extras.dart,
preg,Mind and mood,Explore > Mind and mood > MmAffirmation,affirmation,MmAffirmation,A line to hold on to,all pregnancy,13,1,placeholder,shared,lib/data/mind_mood_extras.dart,
preg,Mind and mood,Explore > Mind and mood > MmAffirmation,affirmation,MmAffirmation,A line to hold on to,all pregnancy,8,1,placeholder,shared,lib/data/mind_mood_extras.dart,
preg,Mind and mood,Explore > Mind and mood > MmAffirmation,affirmation,MmAffirmation,A line to hold on to,all pregnancy,10,1,placeholder,shared,lib/data/mind_mood_extras.dart,
preg,Mind and mood,Explore > Mind and mood > MmAffirmation,affirmation,MmAffirmation,A line to hold on to,all pregnancy,9,1,placeholder,shared,lib/data/mind_mood_extras.dart,
preg,Mind and mood,Explore > Mind and mood > MmAffirmation,affirmation,MmAffirmation,A line to hold on to,all pregnancy,10,1,placeholder,shared,lib/data/mind_mood_extras.dart,
preg,Mind and mood,Explore > Mind and mood > MmAffirmation,affirmation,MmAffirmation,A line to hold on to,all pregnancy,20,1,placeholder,shared,lib/data/mind_mood_extras.dart,
preg,Mind and mood,Explore > Mind and mood > MmAffirmation,affirmation,MmAffirmation,A line to hold on to,all pregnancy,10,1,placeholder,shared,lib/data/mind_mood_extras.dart,
preg,Mind and mood,Explore > Mind and mood > MmAffirmation,affirmation,MmAffirmation,A line to hold on to,all pregnancy,18,1,placeholder,shared,lib/data/mind_mood_extras.dart,
preg,Mind and mood,Explore > Mind and mood > MmAffirmation,affirmation,MmAffirmation,A line to hold on to,all pregnancy,9,1,placeholder,shared,lib/data/mind_mood_extras.dart,
preg,Mind and mood,Explore > Mind and mood > MmAffirmation,affirmation,MmAffirmation,A line to hold on to,all pregnancy,13,1,placeholder,shared,lib/data/mind_mood_extras.dart,
preg,Mind and mood,Explore > Mind and mood > MmAffirmation,affirmation,MmAffirmation,A line to hold on to,all pregnancy,16,1,placeholder,shared,lib/data/mind_mood_extras.dart,
preg,Spiritual reading,Explore > Spiritual reading > Hinduism,tradition content,Hinduism,Readings and practice from one tradition,all pregnancy,8616,1,placeholder,shared,lib/data/spiritual_reading_data.dart,
preg,Spiritual reading,Explore > Spiritual reading > Islam,tradition content,Islam,Readings and practice from one tradition,all pregnancy,5703,1,placeholder,shared,lib/data/spiritual_reading_data.dart,
preg,Spiritual reading,Explore > Spiritual reading > Sikhism,tradition content,Sikhism,Readings and practice from one tradition,all pregnancy,4992,1,placeholder,shared,lib/data/spiritual_reading_data.dart,
preg,Spiritual reading,Explore > Spiritual reading > Christianity,tradition content,Christianity,Readings and practice from one tradition,all pregnancy,5354,1,placeholder,shared,lib/data/spiritual_reading_data.dart,
preg,Spiritual reading,Explore > Spiritual reading > Jainism,tradition content,Jainism,Readings and practice from one tradition,all pregnancy,2525,1,placeholder,shared,lib/data/spiritual_reading_data.dart,
preg,Spiritual reading,Explore > Spiritual reading > Buddhism,tradition content,Buddhism,Readings and practice from one tradition,all pregnancy,3939,1,placeholder,shared,lib/data/spiritual_reading_data.dart,
preg,Spiritual reading,Explore > Spiritual reading > Others,tradition content,Others,Readings and practice from one tradition,all pregnancy,456,1,placeholder,shared,lib/data/spiritual_reading_data.dart,
preg,Read to baby,Home > daily > Read to baby > The Little Cloud Who Loved to Rain,passage to read aloud,The Little Cloud Who Loved to Rain,Something to read to the baby,all pregnancy,143,1,placeholder,shared,lib/data/read_to_baby_data.dart,
preg,Read to baby,Home > daily > Read to baby > Mira and the Sleepy Moon,passage to read aloud,Mira and the Sleepy Moon,Something to read to the baby,all pregnancy,142,1,placeholder,shared,lib/data/read_to_baby_data.dart,
preg,Read to baby,Home > daily > Read to baby > The Elephant Who Shared His Shade,passage to read aloud,The Elephant Who Shared His Shade,Something to read to the baby,all pregnancy,135,1,placeholder,shared,lib/data/read_to_baby_data.dart,
preg,Read to baby,Home > daily > Read to baby > The Smallest Seed,passage to read aloud,The Smallest Seed,Something to read to the baby,all pregnancy,133,1,placeholder,shared,lib/data/read_to_baby_data.dart,
preg,Read to baby,Home > daily > Read to baby > Bunny's Lost Button,passage to read aloud,Bunny's Lost Button,Something to read to the baby,all pregnancy,132,1,placeholder,shared,lib/data/read_to_baby_data.dart,
preg,Read to baby,Home > daily > Read to baby > The Star That Came to Visit,passage to read aloud,The Star That Came to Visit,Something to read to the baby,all pregnancy,143,1,placeholder,shared,lib/data/read_to_baby_data.dart,
preg,Read to baby,Home > daily > Read to baby > The River and the Stone,passage to read aloud,The River and the Stone,Something to read to the baby,all pregnancy,128,1,placeholder,shared,lib/data/read_to_baby_data.dart,
preg,Read to baby,Home > daily > Read to baby > Little Owl Learns to Wait,passage to read aloud,Little Owl Learns to Wait,Something to read to the baby,all pregnancy,135,1,placeholder,shared,lib/data/read_to_baby_data.dart,
preg,Read to baby,Home > daily > Read to baby > The Kind Little Boat,passage to read aloud,The Kind Little Boat,Something to read to the baby,all pregnancy,129,1,placeholder,shared,lib/data/read_to_baby_data.dart,
preg,Read to baby,Home > daily > Read to baby > Mango for Everyone,passage to read aloud,Mango for Everyone,Something to read to the baby,all pregnancy,130,1,placeholder,shared,lib/data/read_to_baby_data.dart,
preg,Read to baby,Home > daily > Read to baby > The Firefly's Little Light,passage to read aloud,The Firefly's Little Light,Something to read to the baby,all pregnancy,131,1,placeholder,shared,lib/data/read_to_baby_data.dart,
preg,Read to baby,Home > daily > Read to baby > Tortoise Takes His Time,passage to read aloud,Tortoise Takes His Time,Something to read to the baby,all pregnancy,131,1,placeholder,shared,lib/data/read_to_baby_data.dart,
preg,Read to baby,Home > daily > Read to baby > The Blanket of Stars,passage to read aloud,The Blanket of Stars,Something to read to the baby,all pregnancy,120,1,placeholder,shared,lib/data/read_to_baby_data.dart,
preg,Read to baby,Home > daily > Read to baby > Pip the Curious Sparrow,passage to read aloud,Pip the Curious Sparrow,Something to read to the baby,all pregnancy,141,1,placeholder,shared,lib/data/read_to_baby_data.dart,
preg,Read to baby,Home > daily > Read to baby > The Two Little Streams,passage to read aloud,The Two Little Streams,Something to read to the baby,all pregnancy,125,1,placeholder,shared,lib/data/read_to_baby_data.dart,
preg,Read to baby,Home > daily > Read to baby > The Gentle Giant,passage to read aloud,The Gentle Giant,Something to read to the baby,all pregnancy,136,1,placeholder,shared,lib/data/read_to_baby_data.dart,
preg,Read to baby,Home > daily > Read to baby > Sleepy Time Song,passage to read aloud,Sleepy Time Song,Something to read to the baby,all pregnancy,47,1,placeholder,shared,lib/data/read_to_baby_data.dart,
preg,Read to baby,Home > daily > Read to baby > Counting Stars,passage to read aloud,Counting Stars,Something to read to the baby,all pregnancy,53,1,placeholder,shared,lib/data/read_to_baby_data.dart,
preg,Read to baby,Home > daily > Read to baby > The Rain's Lullaby,passage to read aloud,The Rain's Lullaby,Something to read to the baby,all pregnancy,43,1,placeholder,shared,lib/data/read_to_baby_data.dart,
preg,Read to baby,Home > daily > Read to baby > Tiny Toes,passage to read aloud,Tiny Toes,Something to read to the baby,all pregnancy,62,1,placeholder,shared,lib/data/read_to_baby_data.dart,
preg,Read to baby,Home > daily > Read to baby > Moonbeam Boat,passage to read aloud,Moonbeam Boat,Something to read to the baby,all pregnancy,48,1,placeholder,shared,lib/data/read_to_baby_data.dart,
preg,Read to baby,Home > daily > Read to baby > The Garden's Asleep,passage to read aloud,The Garden's Asleep,Something to read to the baby,all pregnancy,48,1,placeholder,shared,lib/data/read_to_baby_data.dart,
preg,Read to baby,Home > daily > Read to baby > Whispering Wind,passage to read aloud,Whispering Wind,Something to read to the baby,all pregnancy,49,1,placeholder,shared,lib/data/read_to_baby_data.dart,
preg,Read to baby,Home > daily > Read to baby > My Little Wonder,passage to read aloud,My Little Wonder,Something to read to the baby,all pregnancy,51,1,placeholder,shared,lib/data/read_to_baby_data.dart,
preg,Read to baby,Home > daily > Read to baby > Cradle of Leaves,passage to read aloud,Cradle of Leaves,Something to read to the baby,all pregnancy,55,1,placeholder,shared,lib/data/read_to_baby_data.dart,
preg,Read to baby,Home > daily > Read to baby > Slow the Day,passage to read aloud,Slow the Day,Something to read to the baby,all pregnancy,50,1,placeholder,shared,lib/data/read_to_baby_data.dart,
preg,Read to baby,Home > daily > Read to baby > Tiny Heartbeat,passage to read aloud,Tiny Heartbeat,Something to read to the baby,all pregnancy,54,1,placeholder,shared,lib/data/read_to_baby_data.dart,
preg,Read to baby,Home > daily > Read to baby > Dreamland Train,passage to read aloud,Dreamland Train,Something to read to the baby,all pregnancy,48,1,placeholder,shared,lib/data/read_to_baby_data.dart,
preg,Read to baby,Home > daily > Read to baby > Bumble's Lullaby,passage to read aloud,Bumble's Lullaby,Something to read to the baby,all pregnancy,55,1,placeholder,shared,lib/data/read_to_baby_data.dart,
preg,Read to baby,Home > daily > Read to baby > Snug as Can Be,passage to read aloud,Snug as Can Be,Something to read to the baby,all pregnancy,59,1,placeholder,shared,lib/data/read_to_baby_data.dart,
preg,Read to baby,Home > daily > Read to baby > The Sleepy Sea,passage to read aloud,The Sleepy Sea,Something to read to the baby,all pregnancy,59,1,placeholder,shared,lib/data/read_to_baby_data.dart,
preg,Read to baby,"Home > daily > Read to baby > Goodnight, Everything",passage to read aloud,"Goodnight, Everything",Something to read to the baby,all pregnancy,66,1,placeholder,shared,lib/data/read_to_baby_data.dart,
preg,Read to baby,Home > daily > Read to baby > You are loved,passage to read aloud,You are loved,Something to read to the baby,all pregnancy,63,1,placeholder,shared,lib/data/read_to_baby_data.dart,
preg,Read to baby,Home > daily > Read to baby > Grow gently,passage to read aloud,Grow gently,Something to read to the baby,all pregnancy,57,1,placeholder,shared,lib/data/read_to_baby_data.dart,
preg,Read to baby,Home > daily > Read to baby > You are safe,passage to read aloud,You are safe,Something to read to the baby,all pregnancy,47,1,placeholder,shared,lib/data/read_to_baby_data.dart,
preg,Read to baby,Home > daily > Read to baby > A wish for joy,passage to read aloud,A wish for joy,Something to read to the baby,all pregnancy,57,1,placeholder,shared,lib/data/read_to_baby_data.dart,
preg,Read to baby,Home > daily > Read to baby > Brave and kind,passage to read aloud,Brave and kind,Something to read to the baby,all pregnancy,48,1,placeholder,shared,lib/data/read_to_baby_data.dart,
preg,Read to baby,Home > daily > Read to baby > Our little blessing,passage to read aloud,Our little blessing,Something to read to the baby,all pregnancy,48,1,placeholder,shared,lib/data/read_to_baby_data.dart,
preg,Read to baby,Home > daily > Read to baby > Sweet dreams,passage to read aloud,Sweet dreams,Something to read to the baby,all pregnancy,47,1,placeholder,shared,lib/data/read_to_baby_data.dart,
preg,Read to baby,Home > daily > Read to baby > You are enough,passage to read aloud,You are enough,Something to read to the baby,all pregnancy,49,1,placeholder,shared,lib/data/read_to_baby_data.dart,
preg,Read to baby,Home > daily > Read to baby > A calm heart,passage to read aloud,A calm heart,Something to read to the baby,all pregnancy,42,1,placeholder,shared,lib/data/read_to_baby_data.dart,
preg,Read to baby,Home > daily > Read to baby > The world is waiting,passage to read aloud,The world is waiting,Something to read to the baby,all pregnancy,60,1,placeholder,shared,lib/data/read_to_baby_data.dart,
preg,Read to baby,Home > daily > Read to baby > Held in love,passage to read aloud,Held in love,Something to read to the baby,all pregnancy,44,1,placeholder,shared,lib/data/read_to_baby_data.dart,
preg,Read to baby,Home > daily > Read to baby > A wish for strength,passage to read aloud,A wish for strength,Something to read to the baby,all pregnancy,42,1,placeholder,shared,lib/data/read_to_baby_data.dart,
preg,Read to baby,Home > daily > Read to baby > You belong,passage to read aloud,You belong,Something to read to the baby,all pregnancy,44,1,placeholder,shared,lib/data/read_to_baby_data.dart,
preg,Read to baby,Home > daily > Read to baby > Gentle beginnings,passage to read aloud,Gentle beginnings,Something to read to the baby,all pregnancy,39,1,placeholder,shared,lib/data/read_to_baby_data.dart,
preg,Read to baby,Home > daily > Read to baby > Loved beyond measure,passage to read aloud,Loved beyond measure,Something to read to the baby,all pregnancy,44,1,placeholder,shared,lib/data/read_to_baby_data.dart,
preg,Read to baby,Home > daily > Read to baby > A blessing for the journey,passage to read aloud,A blessing for the journey,Something to read to the baby,all pregnancy,47,1,placeholder,shared,lib/data/read_to_baby_data.dart,
preg,Journey map,Tools > Journey map > Pregnancy Confirmed,milestone copy,Pregnancy Confirmed,A stop on the trail and what it means,all pregnancy,40,1,placeholder,shared,lib/data/journey_milestones.dart,
preg,Journey map,Tools > Journey map > First Heartbeat,milestone copy,First Heartbeat,A stop on the trail and what it means,all pregnancy,38,1,placeholder,shared,lib/data/journey_milestones.dart,
preg,Journey map,Tools > Journey map > First Trimester Complete,milestone copy,First Trimester Complete,A stop on the trail and what it means,all pregnancy,40,1,placeholder,shared,lib/data/journey_milestones.dart,
preg,Journey map,Tools > Journey map > First Movements Felt,milestone copy,First Movements Felt,A stop on the trail and what it means,all pregnancy,42,1,placeholder,shared,lib/data/journey_milestones.dart,
preg,Journey map,Tools > Journey map > Halfway Point,milestone copy,Halfway Point,A stop on the trail and what it means,all pregnancy,36,1,placeholder,shared,lib/data/journey_milestones.dart,
preg,Journey map,Tools > Journey map > Viability Milestone,milestone copy,Viability Milestone,A stop on the trail and what it means,all pregnancy,34,1,placeholder,shared,lib/data/journey_milestones.dart,
preg,Journey map,Tools > Journey map > Third Trimester Begins,milestone copy,Third Trimester Begins,A stop on the trail and what it means,all pregnancy,33,1,placeholder,shared,lib/data/journey_milestones.dart,
preg,Journey map,Tools > Journey map > Full Term,milestone copy,Full Term,A stop on the trail and what it means,all pregnancy,43,1,placeholder,shared,lib/data/journey_milestones.dart,
preg,Journey map,Tools > Journey map > Due Date,milestone copy,Due Date,A stop on the trail and what it means,all pregnancy,36,1,placeholder,shared,lib/data/journey_milestones.dart,
preg,Journey map,Tools > Journey map > First Ultrasound,milestone copy,First Ultrasound,A stop on the trail and what it means,all pregnancy,159,1,placeholder,shared,lib/data/journey_milestones.dart,
preg,Journey map,Tools > Journey map > NT Scan,milestone copy,NT Scan,A stop on the trail and what it means,all pregnancy,123,1,placeholder,shared,lib/data/journey_milestones.dart,
preg,Journey map,Tools > Journey map > Anomaly Scan,milestone copy,Anomaly Scan,A stop on the trail and what it means,all pregnancy,150,1,placeholder,shared,lib/data/journey_milestones.dart,
preg,Journey map,Tools > Journey map > Glucose Screening,milestone copy,Glucose Screening,A stop on the trail and what it means,all pregnancy,135,1,placeholder,shared,lib/data/journey_milestones.dart,
preg,Journey map,Tools > Journey map > Growth Scan (if advised),milestone copy,Growth Scan (if advised),A stop on the trail and what it means,all pregnancy,104,1,placeholder,shared,lib/data/journey_milestones.dart,
preg,Journey map,Tools > Journey map > Birth Planning Visit,milestone copy,Birth Planning Visit,A stop on the trail and what it means,all pregnancy,109,1,placeholder,shared,lib/data/journey_milestones.dart,
preg,Journey map,Tools > Journey map > Group B Strep Test,milestone copy,Group B Strep Test,A stop on the trail and what it means,all pregnancy,153,1,placeholder,shared,lib/data/journey_milestones.dart,
preg,Journey map,Tools > Journey map > Embryo Becomes Fetus,milestone copy,Embryo Becomes Fetus,A stop on the trail and what it means,all pregnancy,97,1,placeholder,shared,lib/data/journey_milestones.dart,
preg,Journey map,Tools > Journey map > Baby Can Hear Sounds,milestone copy,Baby Can Hear Sounds,A stop on the trail and what it means,all pregnancy,101,1,placeholder,shared,lib/data/journey_milestones.dart,
preg,Journey map,Tools > Journey map > Responds To Sound,milestone copy,Responds To Sound,A stop on the trail and what it means,all pregnancy,103,1,placeholder,shared,lib/data/journey_milestones.dart,
preg,Journey map,Tools > Journey map > Eyes Open,milestone copy,Eyes Open,A stop on the trail and what it means,all pregnancy,94,1,placeholder,shared,lib/data/journey_milestones.dart,
preg,Journey map,Tools > Journey map > Practices Breathing,milestone copy,Practices Breathing,A stop on the trail and what it means,all pregnancy,86,1,placeholder,shared,lib/data/journey_milestones.dart,
preg,Journey map,Tools > Journey map > Head May Move Downward,milestone copy,Head May Move Downward,A stop on the trail and what it means,all pregnancy,100,1,placeholder,shared,lib/data/journey_milestones.dart,
preg,Journey map,Tools > Journey map > Morning Sickness Often Improves,milestone copy,Morning Sickness Often Improves,A stop on the trail and what it means,all pregnancy,109,1,placeholder,shared,lib/data/journey_milestones.dart,
preg,Journey map,Tools > Journey map > Bump & First Kicks,milestone copy,Bump & First Kicks,A stop on the trail and what it means,all pregnancy,113,1,placeholder,shared,lib/data/journey_milestones.dart,
preg,Journey map,Tools > Journey map > Body Preparing For Third Trimester,milestone copy,Body Preparing For Third Trimester,A stop on the trail and what it means,all pregnancy,109,1,placeholder,shared,lib/data/journey_milestones.dart,
preg,Journey map,Tools > Journey map > Final Stretch,milestone copy,Final Stretch,A stop on the trail and what it means,all pregnancy,102,1,placeholder,shared,lib/data/journey_milestones.dart,
preg,Journey map,Tools > Journey map > 30 Days Together,milestone copy,30 Days Together,A stop on the trail and what it means,all pregnancy,37,1,placeholder,shared,lib/data/journey_milestones.dart,
preg,Journey map,Tools > Journey map > 100 Days Together,milestone copy,100 Days Together,A stop on the trail and what it means,all pregnancy,27,1,placeholder,shared,lib/data/journey_milestones.dart,
preg,Journey map,Tools > Journey map > 140 Days Together,milestone copy,140 Days Together,A stop on the trail and what it means,all pregnancy,37,1,placeholder,shared,lib/data/journey_milestones.dart,
preg,Journey map,Tools > Journey map > 200 Days Together,milestone copy,200 Days Together,A stop on the trail and what it means,all pregnancy,31,1,placeholder,shared,lib/data/journey_milestones.dart,
preg,Journey map,Tools > Journey map > Journey Complete,milestone copy,Journey Complete,A stop on the trail and what it means,all pregnancy,39,1,placeholder,shared,lib/data/journey_milestones.dart,
preg,Journey map,Tools > Journey map > Weight Tracker,milestone copy,Weight Tracker,A stop on the trail and what it means,all pregnancy,80,1,placeholder,shared,lib/data/journey_milestones.dart,
preg,Journey map,Tools > Journey map > Kegel Care,milestone copy,Kegel Care,A stop on the trail and what it means,all pregnancy,69,1,placeholder,shared,lib/data/journey_milestones.dart,
preg,Journey map,Tools > Journey map > Baby Movement Tracker,milestone copy,Baby Movement Tracker,A stop on the trail and what it means,all pregnancy,85,1,placeholder,shared,lib/data/journey_milestones.dart,
preg,Journey map,Tools > Journey map > Hospital Bag Planner,milestone copy,Hospital Bag Planner,A stop on the trail and what it means,all pregnancy,75,1,placeholder,shared,lib/data/journey_milestones.dart,
preg,Journey map,Tools > Journey map > Contraction Tracker,milestone copy,Contraction Tracker,A stop on the trail and what it means,all pregnancy,81,1,placeholder,shared,lib/data/journey_milestones.dart,
preg,Paid services,Prepare tab > Yoga > YogaSession,class description,YogaSession,One prenatal yoga session,all pregnancy,48,1,placeholder,shared,lib/data/prepare_data.dart,
preg,Paid services,Prepare tab > Yoga > YogaSession,class description,YogaSession,One prenatal yoga session,all pregnancy,39,1,placeholder,shared,lib/data/prepare_data.dart,
preg,Paid services,Prepare tab > Yoga > YogaSession,class description,YogaSession,One prenatal yoga session,all pregnancy,45,1,placeholder,shared,lib/data/prepare_data.dart,
preg,Paid services,Prepare tab > Yoga > YogaSession,class description,YogaSession,One prenatal yoga session,all pregnancy,41,1,placeholder,shared,lib/data/prepare_data.dart,
preg,Paid services,Prepare tab > Yoga > YogaSession,class description,YogaSession,One prenatal yoga session,all pregnancy,47,1,placeholder,shared,lib/data/prepare_data.dart,
preg,Paid services,Prepare tab > Yoga > YogaSession,class description,YogaSession,One prenatal yoga session,all pregnancy,40,1,placeholder,shared,lib/data/prepare_data.dart,
preg,Paid services,Prepare tab > Yoga > YogaSession,class description,YogaSession,One prenatal yoga session,all pregnancy,42,1,placeholder,shared,lib/data/prepare_data.dart,
preg,Paid services,Prepare tab > Yoga > YogaSession,class description,YogaSession,One prenatal yoga session,all pregnancy,36,1,placeholder,shared,lib/data/prepare_data.dart,
preg,Paid services,Prepare tab > Yoga > YogaSession,class description,YogaSession,One prenatal yoga session,all pregnancy,44,1,placeholder,shared,lib/data/prepare_data.dart,
preg,Paid services,Prepare tab > Yoga > YogaSession,class description,YogaSession,One prenatal yoga session,all pregnancy,38,1,placeholder,shared,lib/data/prepare_data.dart,
preg,Paid services,Prepare tab > Yoga > YogaSession,class description,YogaSession,One prenatal yoga session,all pregnancy,48,1,placeholder,shared,lib/data/prepare_data.dart,
preg,Paid services,Prepare tab > Yoga > YogaSession,class description,YogaSession,One prenatal yoga session,all pregnancy,36,1,placeholder,shared,lib/data/prepare_data.dart,
preg,Paid services,Prepare tab > Yoga > YogaSession,class description,YogaSession,One prenatal yoga session,all pregnancy,46,1,placeholder,shared,lib/data/prepare_data.dart,
preg,Paid services,Prepare tab > Yoga > YogaSession,class description,YogaSession,One prenatal yoga session,all pregnancy,43,1,placeholder,shared,lib/data/prepare_data.dart,
preg,Paid services,Prepare tab > Yoga > YogaSession,class description,YogaSession,One prenatal yoga session,all pregnancy,36,1,placeholder,shared,lib/data/prepare_data.dart,
preg,Paid services,Prepare tab > Yoga > YogaSession,class description,YogaSession,One prenatal yoga session,all pregnancy,35,1,placeholder,shared,lib/data/prepare_data.dart,
preg,Paid services,Prepare tab > Yoga > YogaSession,class description,YogaSession,One prenatal yoga session,all pregnancy,43,1,placeholder,shared,lib/data/prepare_data.dart,
preg,Paid services,Prepare tab > Yoga > YogaSession,class description,YogaSession,One prenatal yoga session,all pregnancy,36,1,placeholder,shared,lib/data/prepare_data.dart,
preg,Paid services,Prepare tab > Yoga > YogaSession,class description,YogaSession,One prenatal yoga session,all pregnancy,42,1,placeholder,shared,lib/data/prepare_data.dart,
preg,Paid services,Prepare tab > Yoga > YogaSession,class description,YogaSession,One prenatal yoga session,all pregnancy,40,1,placeholder,shared,lib/data/prepare_data.dart,
preg,Paid services,Prepare tab > Yoga > YogaSession,class description,YogaSession,One prenatal yoga session,all pregnancy,43,1,placeholder,shared,lib/data/prepare_data.dart,
preg,Paid services,Prepare tab > Birthing classes > BirthingClass,class description,BirthingClass,One birthing class,all pregnancy,45,1,placeholder,shared,lib/data/prepare_data.dart,
preg,Paid services,Prepare tab > Birthing classes > BirthingClass,class description,BirthingClass,One birthing class,all pregnancy,45,1,placeholder,shared,lib/data/prepare_data.dart,
preg,Paid services,Prepare tab > Birthing classes > BirthingClass,class description,BirthingClass,One birthing class,all pregnancy,50,1,placeholder,shared,lib/data/prepare_data.dart,
preg,Paid services,Prepare tab > Birthing classes > BirthingClass,class description,BirthingClass,One birthing class,all pregnancy,51,1,placeholder,shared,lib/data/prepare_data.dart,
preg,Paid services,Prepare tab > Birthing classes > BirthingClass,class description,BirthingClass,One birthing class,all pregnancy,50,1,placeholder,shared,lib/data/prepare_data.dart,
preg,Paid services,Prepare tab > Birthing classes > BirthingClass,class description,BirthingClass,One birthing class,all pregnancy,48,1,placeholder,shared,lib/data/prepare_data.dart,
preg,Paid services,Prepare tab > Nutrition > NutriOption,offering-blurb,NutriOption,A paid nutrition option,all pregnancy,5,1,placeholder,shared,lib/data/prepare_data.dart,
preg,Paid services,Prepare tab > Nutrition > NutriOption,offering-blurb,NutriOption,A paid nutrition option,all pregnancy,5,1,placeholder,shared,lib/data/prepare_data.dart,
preg,Paid services,Prepare tab > Nutrition > NutriOption,offering-blurb,NutriOption,A paid nutrition option,all pregnancy,5,1,placeholder,shared,lib/data/prepare_data.dart,
preg,Paid services,Prepare tab > Nutrition > NutriOption,offering-blurb,NutriOption,A paid nutrition option,all pregnancy,5,1,placeholder,shared,lib/data/prepare_data.dart,
preg,Paid services,Prepare tab > Nutrition > NutriOption,offering-blurb,NutriOption,A paid nutrition option,all pregnancy,3,1,placeholder,shared,lib/data/prepare_data.dart,
preg,Paid services,Prepare tab > Nutrition > NutriOption,offering-blurb,NutriOption,A paid nutrition option,all pregnancy,7,1,placeholder,shared,lib/data/prepare_data.dart,
preg,Paid services,Prepare tab > Nutrition > NutriOption,offering-blurb,NutriOption,A paid nutrition option,all pregnancy,5,1,placeholder,shared,lib/data/prepare_data.dart,
preg,Paid services,Prepare tab > Nutrition > NutriOption,offering-blurb,NutriOption,A paid nutrition option,all pregnancy,6,1,placeholder,shared,lib/data/prepare_data.dart,
preg,Paid services,Prepare tab > Nutrition > NutriOption,offering-blurb,NutriOption,A paid nutrition option,all pregnancy,3,1,placeholder,shared,lib/data/prepare_data.dart,
preg,Paid services,Prepare tab > Nutrition > NutriOption,offering-blurb,NutriOption,A paid nutrition option,all pregnancy,3,1,placeholder,shared,lib/data/prepare_data.dart,
preg,Paid services,Prepare tab > Nutrition > NutriOption,offering-blurb,NutriOption,A paid nutrition option,all pregnancy,5,1,placeholder,shared,lib/data/prepare_data.dart,
preg,Paid services,Prepare tab > Nutrition > NutriOption,offering-blurb,NutriOption,A paid nutrition option,all pregnancy,2,1,placeholder,shared,lib/data/prepare_data.dart,
preg,Products,Tools > Products > ComfyBump Full-Body Pillow,product-blurb,ComfyBump Full-Body Pillow,What it is and whether it is worth buying,all pregnancy,196,1,placeholder,shared,lib/data/product_data.dart,
preg,Products,Tools > Products > Snug Wedge Pillow,product-blurb,Snug Wedge Pillow,What it is and whether it is worth buying,all pregnancy,80,1,placeholder,shared,lib/data/product_data.dart,
preg,Products,Tools > Products > CloudNest Adjustable Pillow,product-blurb,CloudNest Adjustable Pillow,What it is and whether it is worth buying,all pregnancy,75,1,placeholder,shared,lib/data/product_data.dart,
preg,Products,Tools > Products > VedaGlow Belly Butter,product-blurb,VedaGlow Belly Butter,What it is and whether it is worth buying,all pregnancy,109,1,placeholder,shared,lib/data/product_data.dart,
preg,Products,Tools > Products > PureSkin Calm Oil,product-blurb,PureSkin Calm Oil,What it is and whether it is worth buying,all pregnancy,65,1,placeholder,shared,lib/data/product_data.dart,
preg,Products,Tools > Products > EverySoft Lotion,product-blurb,EverySoft Lotion,What it is and whether it is worth buying,all pregnancy,59,1,placeholder,shared,lib/data/product_data.dart,
preg,Products,Tools > Products > EasyGrow Maternity Leggings,product-blurb,EasyGrow Maternity Leggings,What it is and whether it is worth buying,all pregnancy,81,1,placeholder,shared,lib/data/product_data.dart,
preg,Products,Tools > Products > Bloom Nursing Dress,product-blurb,Bloom Nursing Dress,What it is and whether it is worth buying,all pregnancy,64,1,placeholder,shared,lib/data/product_data.dart,
preg,Products,Tools > Products > DailyEase Maternity Kurti,product-blurb,DailyEase Maternity Kurti,What it is and whether it is worth buying,all pregnancy,58,1,placeholder,shared,lib/data/product_data.dart,
preg,Products,Tools > Products > SteadyBump Support Band,product-blurb,SteadyBump Support Band,What it is and whether it is worth buying,all pregnancy,76,1,placeholder,shared,lib/data/product_data.dart,
preg,Products,Tools > Products > LiteHold Belly Band,product-blurb,LiteHold Belly Band,What it is and whether it is worth buying,all pregnancy,52,1,placeholder,shared,lib/data/product_data.dart,
preg,Products,Tools > Products > FlexCore Maternity Belt,product-blurb,FlexCore Maternity Belt,What it is and whether it is worth buying,all pregnancy,65,1,placeholder,shared,lib/data/product_data.dart,
preg,Products,Tools > Products > FreshStep Compression Socks,product-blurb,FreshStep Compression Socks,What it is and whether it is worth buying,all pregnancy,71,1,placeholder,shared,lib/data/product_data.dart,
preg,Products,Tools > Products > DayLite Support Socks,product-blurb,DayLite Support Socks,What it is and whether it is worth buying,all pregnancy,50,1,placeholder,shared,lib/data/product_data.dart,
preg,Products,Tools > Products > AeroFlow Medical Socks,product-blurb,AeroFlow Medical Socks,What it is and whether it is worth buying,all pregnancy,61,1,placeholder,shared,lib/data/product_data.dart,
preg,Products,Tools > Products > SoftClip Nursing Bra,product-blurb,SoftClip Nursing Bra,What it is and whether it is worth buying,all pregnancy,69,1,placeholder,shared,lib/data/product_data.dart,
preg,Products,Tools > Products > DayEase Nursing Bra,product-blurb,DayEase Nursing Bra,What it is and whether it is worth buying,all pregnancy,47,1,placeholder,shared,lib/data/product_data.dart,
preg,Products,Tools > Products > Bloom Seamless Nursing Bra,product-blurb,Bloom Seamless Nursing Bra,What it is and whether it is worth buying,all pregnancy,60,1,placeholder,shared,lib/data/product_data.dart,
preg,Products,Tools > Products > GentleFlow Electric Pump,product-blurb,GentleFlow Electric Pump,What it is and whether it is worth buying,all pregnancy,124,1,placeholder,shared,lib/data/product_data.dart,
preg,Products,Tools > Products > EasyHand Manual Pump,product-blurb,EasyHand Manual Pump,What it is and whether it is worth buying,all pregnancy,60,1,placeholder,shared,lib/data/product_data.dart,
preg,Products,Tools > Products > DualEase Double Pump,product-blurb,DualEase Double Pump,What it is and whether it is worth buying,all pregnancy,68,1,placeholder,shared,lib/data/product_data.dart,
preg,Products,Tools > Products > DreamWrap Muslin Swaddle,product-blurb,DreamWrap Muslin Swaddle,What it is and whether it is worth buying,all pregnancy,65,1,placeholder,shared,lib/data/product_data.dart,
preg,Products,Tools > Products > CozyCotton Swaddle Pack,product-blurb,CozyCotton Swaddle Pack,What it is and whether it is worth buying,all pregnancy,50,1,placeholder,shared,lib/data/product_data.dart,
preg,Products,Tools > Products > SnugZip Swaddle Sack,product-blurb,SnugZip Swaddle Sack,What it is and whether it is worth buying,all pregnancy,56,1,placeholder,shared,lib/data/product_data.dart,
preg,Read next,anywhere > Read next > Managing Morning Sickness,article,Managing Morning Sickness,The cross-linking read shelf,all pregnancy,495,1,placeholder,shared,lib/data/read_next_data.dart,
preg,Read next,"anywhere > Read next > Your First Scan, Explained",article,"Your First Scan, Explained",The cross-linking read shelf,all pregnancy,347,1,placeholder,shared,lib/data/read_next_data.dart,
preg,Read next,anywhere > Read next > Understanding the First Trimester,article,Understanding the First Trimester,The cross-linking read shelf,all pregnancy,329,1,placeholder,shared,lib/data/read_next_data.dart,
preg,Read next,anywhere > Read next > You Are Halfway - What Changes Now,article,You Are Halfway - What Changes Now,The cross-linking read shelf,all pregnancy,393,1,placeholder,shared,lib/data/read_next_data.dart,
preg,Read next,anywhere > Read next > Making the Most of the Anomaly Scan,article,Making the Most of the Anomaly Scan,The cross-linking read shelf,all pregnancy,334,1,placeholder,shared,lib/data/read_next_data.dart,
preg,Read next,anywhere > Read next > How Babies Begin Responding to Sound,article,How Babies Begin Responding to Sound,The cross-linking read shelf,all pregnancy,325,1,placeholder,shared,lib/data/read_next_data.dart,
preg,Read next,anywhere > Read next > Talking to Your Baby Before Birth,article,Talking to Your Baby Before Birth,The cross-linking read shelf,all pregnancy,302,1,placeholder,shared,lib/data/read_next_data.dart,
preg,Read next,anywhere > Read next > Easing Back Pain in Pregnancy,article,Easing Back Pain in Pregnancy,The cross-linking read shelf,all pregnancy,296,1,placeholder,shared,lib/data/read_next_data.dart,
preg,Read next,anywhere > Read next > Eating Well in the Second Trimester,article,Eating Well in the Second Trimester,The cross-linking read shelf,all pregnancy,346,1,placeholder,shared,lib/data/read_next_data.dart,
preg,Read next,anywhere > Read next > Getting Ready for the Third Trimester,article,Getting Ready for the Third Trimester,The cross-linking read shelf,all pregnancy,266,1,placeholder,shared,lib/data/read_next_data.dart,
preg,Read next,anywhere > Read next > Preparing for Baby Movement Awareness,article,Preparing for Baby Movement Awareness,The cross-linking read shelf,all pregnancy,268,1,placeholder,shared,lib/data/read_next_data.dart,
preg,Read next,anywhere > Read next > How Your Partner Can Support You Now,article,How Your Partner Can Support You Now,The cross-linking read shelf,all pregnancy,275,1,placeholder,shared,lib/data/read_next_data.dart,
preg,Read next,anywhere > Read next > Preparing Your Hospital Bag,article,Preparing Your Hospital Bag,The cross-linking read shelf,all pregnancy,245,1,placeholder,shared,lib/data/read_next_data.dart,
preg,Read next,"anywhere > Read next > Labour, Step by Step",article,"Labour, Step by Step",The cross-linking read shelf,all pregnancy,280,1,placeholder,shared,lib/data/read_next_data.dart,
preg,Read next,anywhere > Read next > The First 24 Hours After Birth,article,The First 24 Hours After Birth,The cross-linking read shelf,all pregnancy,303,1,placeholder,shared,lib/data/read_next_data.dart,
preg,Read next,anywhere > Read next > Babies Recognise Familiar Voices Before Birth,article,Babies Recognise Familiar Voices Before Birth,The cross-linking read shelf,all pregnancy,269,1,placeholder,shared,lib/data/read_next_data.dart,
preg,Read next,anywhere > Read next > What Research Says About Music and the Womb,article,What Research Says About Music and the Womb,The cross-linking read shelf,all pregnancy,350,1,placeholder,shared,lib/data/read_next_data.dart,
preg,Read next,anywhere > Read next > Calm Matters: Stress and Pregnancy,article,Calm Matters: Stress and Pregnancy,The cross-linking read shelf,all pregnancy,266,1,placeholder,shared,lib/data/read_next_data.dart,
preg,Read next,anywhere > Read next > What to Expect When You're Expecting,article,What to Expect When You're Expecting,The cross-linking read shelf,all pregnancy,3503,1,placeholder,shared,lib/data/read_next_data.dart,
preg,Read next,anywhere > Read next > The Whole-Brain Child,article,The Whole-Brain Child,The cross-linking read shelf,all pregnancy,169,1,placeholder,shared,lib/data/read_next_data.dart,
preg,Read next,anywhere > Read next > Expecting Better,article,Expecting Better,The cross-linking read shelf,all pregnancy,141,1,placeholder,shared,lib/data/read_next_data.dart,
preg,Read next,anywhere > Read next > The First Forty Days,article,The First Forty Days,The cross-linking read shelf,all pregnancy,151,1,placeholder,shared,lib/data/read_next_data.dart,
preg,Read next,anywhere > Read next > Garbh Sanskar,article,Garbh Sanskar,The cross-linking read shelf,all pregnancy,132,1,placeholder,shared,lib/data/read_next_data.dart,
preg,Read next,anywhere > Read next > Building Emotional Connection Before Birth,article,Building Emotional Connection Before Birth,The cross-linking read shelf,all pregnancy,176,1,placeholder,shared,lib/data/read_next_data.dart,
preg,Read next,anywhere > Read next > Why Early Breastfeeding Prep Helps,article,Why Early Breastfeeding Prep Helps,The cross-linking read shelf,all pregnancy,184,1,placeholder,shared,lib/data/read_next_data.dart,
preg,Weekly — reads,Home > this week > This week's reads > You're halfway there,article,You're halfway there,A read for this week,all pregnancy,275,1,placeholder,shared,lib/data/week_articles_data.dart,
preg,Weekly — reads,"Home > this week > This week's reads > The anatomy scan, explained",article,"The anatomy scan, explained",A read for this week,all pregnancy,305,1,placeholder,shared,lib/data/week_articles_data.dart,
preg,Weekly — reads,Home > this week > This week's reads > Eating well in the second trimester,article,Eating well in the second trimester,A read for this week,all pregnancy,363,1,placeholder,shared,lib/data/week_articles_data.dart,
preg,Weekly — reads,Home > this week > This week's reads > Your baby can hear you now,article,Your baby can hear you now,A read for this week,all pregnancy,289,1,placeholder,shared,lib/data/week_articles_data.dart,
preg,Weekly — reads,Home > this week > This week's reads > Those first flutters and kicks,article,Those first flutters and kicks,A read for this week,all pregnancy,350,1,placeholder,shared,lib/data/week_articles_data.dart,
preg,Weekly — reads,Home > this week > This week's reads > Eating well in the second trimester,article,Eating well in the second trimester,A read for this week,all pregnancy,363,1,placeholder,shared,lib/data/week_articles_data.dart,
preg,Garbh Sanskar,Home > Garbh Sanskar > GarbhPrompt,garbh prompt,GarbhPrompt,A prompt for one of the four live pillars,all pregnancy,53,1,placeholder,shared,lib/data/garbh_data.dart,
preg,Garbh Sanskar,Home > Garbh Sanskar > GarbhPrompt,garbh prompt,GarbhPrompt,A prompt for one of the four live pillars,all pregnancy,52,1,placeholder,shared,lib/data/garbh_data.dart,
preg,Garbh Sanskar,Home > Garbh Sanskar > GarbhPrompt,garbh prompt,GarbhPrompt,A prompt for one of the four live pillars,all pregnancy,55,1,placeholder,shared,lib/data/garbh_data.dart,
preg,Garbh Sanskar,Home > Garbh Sanskar > GarbhPrompt,garbh prompt,GarbhPrompt,A prompt for one of the four live pillars,all pregnancy,61,1,placeholder,shared,lib/data/garbh_data.dart,
preg,Garbh Sanskar,Home > Garbh Sanskar > GarbhPrompt,garbh prompt,GarbhPrompt,A prompt for one of the four live pillars,all pregnancy,54,1,placeholder,shared,lib/data/garbh_data.dart,
preg,Garbh Sanskar,Home > Garbh Sanskar > GarbhPrompt,garbh prompt,GarbhPrompt,A prompt for one of the four live pillars,all pregnancy,51,1,placeholder,shared,lib/data/garbh_data.dart,
preg,Garbh Sanskar,Home > Garbh Sanskar > GarbhPrompt,garbh prompt,GarbhPrompt,A prompt for one of the four live pillars,all pregnancy,116,1,placeholder,shared,lib/data/garbh_data.dart,
preg,Garbh Sanskar,Home > Garbh Sanskar > GarbhPrompt,garbh prompt,GarbhPrompt,A prompt for one of the four live pillars,all pregnancy,75,1,placeholder,shared,lib/data/garbh_data.dart,
preg,Garbh Sanskar,Home > Garbh Sanskar > GarbhPrompt,garbh prompt,GarbhPrompt,A prompt for one of the four live pillars,all pregnancy,101,1,placeholder,shared,lib/data/garbh_data.dart,
preg,Garbh Sanskar,Home > Garbh Sanskar > GarbhPrompt,garbh prompt,GarbhPrompt,A prompt for one of the four live pillars,all pregnancy,120,1,placeholder,shared,lib/data/garbh_data.dart,
preg,Garbh Sanskar,Home > Garbh Sanskar > GarbhPrompt,garbh prompt,GarbhPrompt,A prompt for one of the four live pillars,all pregnancy,71,1,placeholder,shared,lib/data/garbh_data.dart,
preg,Garbh Sanskar,Home > Garbh Sanskar > GarbhPrompt,garbh prompt,GarbhPrompt,A prompt for one of the four live pillars,all pregnancy,80,1,placeholder,shared,lib/data/garbh_data.dart,
preg,Garbh Sanskar,Home > Garbh Sanskar > GarbhPrompt,garbh prompt,GarbhPrompt,A prompt for one of the four live pillars,all pregnancy,75,1,placeholder,shared,lib/data/garbh_data.dart,
preg,Garbh Sanskar,Home > Garbh Sanskar > GarbhPrompt,garbh prompt,GarbhPrompt,A prompt for one of the four live pillars,all pregnancy,80,1,placeholder,shared,lib/data/garbh_data.dart,
preg,Garbh Sanskar,Home > Garbh Sanskar > GarbhPrompt,garbh prompt,GarbhPrompt,A prompt for one of the four live pillars,all pregnancy,82,1,placeholder,shared,lib/data/garbh_data.dart,
preg,Garbh Sanskar,Home > Garbh Sanskar > GarbhPrompt,garbh prompt,GarbhPrompt,A prompt for one of the four live pillars,all pregnancy,80,1,placeholder,shared,lib/data/garbh_data.dart,
preg,Garbh Sanskar,Home > Garbh Sanskar > Samvad > The Child Who Asked Why,garbh story,The Child Who Asked Why,A story for the baby,all pregnancy,293,1,placeholder,shared,lib/data/garbh_data.dart,
preg,Garbh Sanskar,Home > Garbh Sanskar > Samvad > How Trees Grow Slowly Yet Strongly,garbh story,How Trees Grow Slowly Yet Strongly,A story for the baby,all pregnancy,298,1,placeholder,shared,lib/data/garbh_data.dart,
preg,Garbh Sanskar,Home > Garbh Sanskar > Samvad > The Warmth of a Small Gesture,garbh story,The Warmth of a Small Gesture,A story for the baby,all pregnancy,253,1,placeholder,shared,lib/data/garbh_data.dart,
preg,Garbh Sanskar,Home > Garbh Sanskar > Samvad > Counting Quiet Blessings,garbh story,Counting Quiet Blessings,A story for the baby,all pregnancy,244,1,placeholder,shared,lib/data/garbh_data.dart,
preg,Garbh Sanskar,Home > Garbh Sanskar > Samvad > The Little Boat and the Big Sea,garbh story,The Little Boat and the Big Sea,A story for the baby,all pregnancy,255,1,placeholder,shared,lib/data/garbh_data.dart,
preg,Garbh Sanskar,Home > Garbh Sanskar > Samvad > The Night Full of Stars,garbh story,The Night Full of Stars,A story for the baby,all pregnancy,247,1,placeholder,shared,lib/data/garbh_data.dart,
preg,Garbh Sanskar,Home > Garbh Sanskar > Samvad > The Bird with the Tired Wing,garbh story,The Bird with the Tired Wing,A story for the baby,all pregnancy,252,1,placeholder,shared,lib/data/garbh_data.dart,
preg,Garbh Sanskar,Home > Garbh Sanskar > Samvad > The River That Found Its Way,garbh story,The River That Found Its Way,A story for the baby,all pregnancy,224,1,placeholder,shared,lib/data/garbh_data.dart,
preg,Garbh Sanskar,Home > Garbh Sanskar > Shravan > Morning Calm Raga,audio track copy,Morning Calm Raga,A raga or track and why it is there,all pregnancy,19,1,placeholder,shared,lib/data/garbh_data.dart,
preg,Garbh Sanskar,Home > Garbh Sanskar > Shravan > Baby Bonding Raga,audio track copy,Baby Bonding Raga,A raga or track and why it is there,all pregnancy,27,1,placeholder,shared,lib/data/garbh_data.dart,
preg,Garbh Sanskar,Home > Garbh Sanskar > Shravan > Evening Raga,audio track copy,Evening Raga,A raga or track and why it is there,all pregnancy,17,1,placeholder,shared,lib/data/garbh_data.dart,
preg,Garbh Sanskar,Home > Garbh Sanskar > Shravan > Sleep Raga,audio track copy,Sleep Raga,A raga or track and why it is there,all pregnancy,15,1,placeholder,shared,lib/data/garbh_data.dart,
preg,Garbh Sanskar,Home > Garbh Sanskar > Shravan > Relaxation Raga,audio track copy,Relaxation Raga,A raga or track and why it is there,all pregnancy,17,1,placeholder,shared,lib/data/garbh_data.dart,
preg,Garbh Sanskar,Home > Garbh Sanskar > Shravan > Gentle Rain,audio track copy,Gentle Rain,A raga or track and why it is there,all pregnancy,13,1,placeholder,shared,lib/data/garbh_data.dart,
preg,Garbh Sanskar,Home > Garbh Sanskar > Shravan > Ocean Waves,audio track copy,Ocean Waves,A raga or track and why it is there,all pregnancy,13,1,placeholder,shared,lib/data/garbh_data.dart,
preg,Garbh Sanskar,Home > Garbh Sanskar > Shravan > Forest Morning,audio track copy,Forest Morning,A raga or track and why it is there,all pregnancy,18,1,placeholder,shared,lib/data/garbh_data.dart,
preg,Garbh Sanskar,Home > Garbh Sanskar > Shravan > Temple Bells,audio track copy,Temple Bells,A raga or track and why it is there,all pregnancy,15,1,placeholder,shared,lib/data/garbh_data.dart,
preg,Garbh Sanskar,Home > Garbh Sanskar > Shravan > Body Awareness Journey,audio track copy,Body Awareness Journey,A raga or track and why it is there,all pregnancy,23,1,placeholder,shared,lib/data/garbh_data.dart,
preg,Garbh Sanskar,"Home > Garbh Sanskar > Gita paath, 40-week plan",ritual copy,"Gita paath, 40-week plan",A daily ritual,all pregnancy,22,1,placeholder,shared,lib/data/garbh_rebuild_data.dart,
preg,Garbh Sanskar,Home > Garbh Sanskar > A Quran passage,ritual copy,A Quran passage,A daily ritual,all pregnancy,12,1,placeholder,shared,lib/data/garbh_rebuild_data.dart,
preg,Garbh Sanskar,Home > Garbh Sanskar > Five minutes of silence,ritual copy,Five minutes of silence,A daily ritual,all pregnancy,16,1,placeholder,shared,lib/data/garbh_rebuild_data.dart,
preg,Garbh Sanskar,Home > Garbh Sanskar > Japa,ritual copy,Japa,A daily ritual,all pregnancy,15,1,placeholder,shared,lib/data/garbh_rebuild_data.dart,
preg,Garbh Sanskar,Home > Garbh Sanskar > A Bible passage,ritual copy,A Bible passage,A daily ritual,all pregnancy,12,1,placeholder,shared,lib/data/garbh_rebuild_data.dart,
preg,Garbh Sanskar,Home > Garbh Sanskar > Hanuman Chalisa,ritual copy,Hanuman Chalisa,A daily ritual,all pregnancy,6,1,placeholder,shared,lib/data/garbh_rebuild_data.dart,
preg,Garbh Sanskar,Home > Garbh Sanskar > Daily pravachan,ritual copy,Daily pravachan,A daily ritual,all pregnancy,11,1,placeholder,shared,lib/data/garbh_rebuild_data.dart,
preg,Garbh Sanskar,Home > Garbh Sanskar > Sundarkand,ritual copy,Sundarkand,A daily ritual,all pregnancy,4,1,placeholder,shared,lib/data/garbh_rebuild_data.dart,
preg,Ask Veda,Ask Veda > When should I have my anomaly scan?,showcase Q and A,When should I have my anomaly scan?,An example question that shows what Ask Veda can do,all pregnancy,389,1,placeholder,shared,lib/data/veda_showcase.dart,
preg,Ask Veda,Ask Veda > What are the signs that labour is starting?,showcase Q and A,What are the signs that labour is starting?,An example question that shows what Ask Veda can do,all pregnancy,458,1,placeholder,shared,lib/data/veda_showcase.dart,
preg,Ask Veda,Ask Veda > What foods help boost my iron in pregnancy?,showcase Q and A,What foods help boost my iron in pregnancy?,An example question that shows what Ask Veda can do,all pregnancy,427,1,placeholder,shared,lib/data/veda_showcase.dart,
preg,Ask Veda,Ask Veda > Is it safe to sleep on my back during pregnancy?,showcase Q and A,Is it safe to sleep on my back during pregnancy?,An example question that shows what Ask Veda can do,all pregnancy,452,1,placeholder,shared,lib/data/veda_showcase.dart,
preg,Ask Veda,Ask Veda > My baby is moving less today - what should I do?,showcase Q and A,My baby is moving less today - what should I do?,An example question that shows what Ask Veda can do,all pregnancy,473,1,placeholder,shared,lib/data/veda_showcase.dart,
preg,Weekly — films,Home > this week > What the anomaly scan actually looks at,film slot copy,What the anomaly scan actually looks at,A slot a film would fill,all pregnancy,35,1,placeholder,shared,lib/data/content_slots.dart,
preg,Weekly — films,Home > this week > Going in for the anomaly scan,film slot copy,Going in for the anomaly scan,A slot a film would fill,all pregnancy,43,1,placeholder,shared,lib/data/content_slots.dart,
preg,Weekly — films,"Home > this week > Your first scan, start to finish",film slot copy,"Your first scan, start to finish",A slot a film would fill,all pregnancy,39,1,placeholder,shared,lib/data/content_slots.dart,
preg,Weekly — films,"Home > this week > The NT scan, and what a screening result is",film slot copy,"The NT scan, and what a screening result is",A slot a film would fill,all pregnancy,53,1,placeholder,shared,lib/data/content_slots.dart,
preg,Weekly — films,"Home > this week > The glucose test, and getting through it",film slot copy,"The glucose test, and getting through it",A slot a film would fill,all pregnancy,41,1,placeholder,shared,lib/data/content_slots.dart,
preg,Weekly — films,Home > this week > What a sonographer can and cannot tell you,film slot copy,What a sonographer can and cannot tell you,A slot a film would fill,all pregnancy,52,1,placeholder,shared,lib/data/content_slots.dart,
preg,Weekly — films,Home > this week > Your report came back with a note on it,film slot copy,Your report came back with a note on it,A slot a film would fill,all pregnancy,42,1,placeholder,shared,lib/data/content_slots.dart,
preg,Nutrition,Tools > Nutrition > diet chart,diet-chart copy,diet_chart_content.dart,The per-trimester day plans in full,all pregnancy,5352,1,clinical-review-owed,shared,lib/data/diet_chart_content.dart,One body of writing rather than a list of entries.
preg,Scans,Tools > Scans,scan guide,scan_guide_data.dart,What happens at each scan,all pregnancy,1793,1,clinical-review-owed,shared,lib/data/scan_guide_data.dart,One body of writing rather than a list of entries.
preg,Scans,Tools > Scans,scan extras,scan_extras.dart,The questions around a scan,all pregnancy,635,1,clinical-review-owed,shared,lib/data/scan_extras.dart,One body of writing rather than a list of entries.
preg,Trimester tips,Home,trimester tip,trimester_tips.dart,Short practical tips by trimester,all pregnancy,540,1,placeholder,shared,lib/data/trimester_tips.dart,One body of writing rather than a list of entries.
preg,Body changes,Home > this week,body-change copy,body_changes.dart,What is changing and why,all pregnancy,389,1,clinical-review-owed,shared,lib/data/body_changes.dart,One body of writing rather than a list of entries.
preg,Weekly — development,Home > this week,week-development copy,week_development_data.dart,What develops this week,all pregnancy,123,1,placeholder,shared,lib/data/week_development_data.dart,One body of writing rather than a list of entries.
preg,Weekly — week 5 Full,Home > week 5 > Full toggle,"week-content, full variant",week5_full_data.dart,"A richer treatment of one week, built as a prototype",all pregnancy,5592,1,placeholder,unsure,lib/data/week5_full_data.dart,"One body of writing rather than a list of entries. ⚠️ Behind a Standard | Full toggle on week 5 only. If the Full shape is the future, 36 more weeks are owed; if not, it retires. That decision changes the largest number in this sheet."
preg,Ready for birth,Tools > Ready for birth,readiness copy,ready_for_birth_data.dart,The calm readiness experience around the hospital bag,all pregnancy,1509,1,placeholder,shared,lib/data/ready_for_birth_data.dart,One body of writing rather than a list of entries.
preg,Ready for birth,Tools > Ready for birth,bag seed copy,hospital_bag_seed.dart,The starting list,all pregnancy,670,1,placeholder,shared,lib/data/hospital_bag_seed.dart,One body of writing rather than a list of entries.
preg,Ask Veda,Ask Veda,suggestion chips,veda_suggestions.dart,The example questions offered before she types,all pregnancy,244,1,placeholder,shared,lib/data/veda_suggestions.dart,One body of writing rather than a list of entries.
