stage,area,tap_path,content_type,title_or_id,purpose,audience_stage,current_words,count,status,version,source_file,notes
ttc,Doors — Conceiving & the fertile window,TTC home > Conceiving & the fertile window > Your window > When should we have sex? > Which days can she get pregnant?,tile copy (title + blurb),Which days can she get pregnant?,About six days each cycle. Here is why.,Conceiving & the fertile window,14,1,placeholder,v3,lib/ttc/focus/ttc_focus_conceiving.dart,"The words on the card, which decide whether anything behind it gets opened."
ttc,Doors — Conceiving & the fertile window,TTC home > Conceiving & the fertile window > Your window > When should we have sex? > Ovulation kits: do they help?,tile copy (title + blurb),Ovulation kits: do they help?,Sometimes. Here is when they are worth the money.,Conceiving & the fertile window,14,1,placeholder,v3,lib/ttc/focus/ttc_focus_conceiving.dart,"The words on the card, which decide whether anything behind it gets opened."
ttc,Doors — Conceiving & the fertile window,TTC home > Conceiving & the fertile window > Your window > When should we have sex? > Your best days this month,tile copy (title + blurb),Your best days this month,"Your own dates, from the period you logged.",Conceiving & the fertile window,13,1,placeholder,v3,lib/ttc/focus/ttc_focus_conceiving.dart,"The words on the card, which decide whether anything behind it gets opened."
ttc,Doors — Conceiving & the fertile window,TTC home > Conceiving & the fertile window > Your window > When should we have sex? > How the body shows the right days,tile copy (title + blurb),How the body shows the right days,"Three signs you can check yourself, free.",Conceiving & the fertile window,14,1,placeholder,v3,lib/ttc/focus/ttc_focus_conceiving.dart,"The words on the card, which decide whether anything behind it gets opened."
ttc,Doors — Conceiving & the fertile window,TTC home > Conceiving & the fertile window > Your window > When should we have sex? > How the body shows the right days,carousel-card-copy,How the body shows the right days,A headline and a line per card,Conceiving & the fertile window,141,3,placeholder,v3,lib/ttc/focus/ttc_focus_conceiving.dart,
ttc,Doors — Conceiving & the fertile window,TTC home > Conceiving & the fertile window > Your window > When should we have sex? > Buy an ovulation kit,tile copy (title + blurb),Buy an ovulation kit,"LH strips, and what to look for on the pack.",Conceiving & the fertile window,14,1,placeholder,v3,lib/ttc/focus/ttc_focus_conceiving.dart,"The words on the card, which decide whether anything behind it gets opened."
ttc,Doors — Conceiving & the fertile window,TTC home > Conceiving & the fertile window > How to try > How many times should we try? > How often is best,tile copy (title + blurb),How often is best,Every two days is enough. Really.,Conceiving & the fertile window,10,1,placeholder,v3,lib/ttc/focus/ttc_focus_conceiving.dart,"The words on the card, which decide whether anything behind it gets opened."
ttc,Doors — Conceiving & the fertile window,TTC home > Conceiving & the fertile window > How to try > How many times should we try? > Every day or not?,tile copy (title + blurb),Every day or not?,Does more times mean a better chance?,Conceiving & the fertile window,11,1,placeholder,v3,lib/ttc/focus/ttc_focus_conceiving.dart,"The words on the card, which decide whether anything behind it gets opened."
ttc,Doors — Conceiving & the fertile window,TTC home > Conceiving & the fertile window > How to try > How many times should we try? > Every day or not?,myth-fact,Every day or not?,"Myth: The more you have sex, the better the chance.",Conceiving & the fertile window,52,1,clinical-review-owed,v3,lib/ttc/focus/ttc_focus_conceiving.dart,"A claim and its correction. Wrong here is worse than silent, so it needs a clinician."
ttc,Doors — Conceiving & the fertile window,TTC home > Conceiving & the fertile window > How to try > Which sex position is best? > Do positions matter?,tile copy (title + blurb),Do positions matter?,The short answer is no.,Conceiving & the fertile window,8,1,placeholder,v3,lib/ttc/focus/ttc_focus_conceiving.dart,"The words on the card, which decide whether anything behind it gets opened."
ttc,Doors — Conceiving & the fertile window,TTC home > Conceiving & the fertile window > How to try > Which sex position is best? > Do positions matter?,myth-fact,Do positions matter?,Myth: Some positions make a baby more likely.,Conceiving & the fertile window,39,1,clinical-review-owed,v3,lib/ttc/focus/ttc_focus_conceiving.dart,"A claim and its correction. Wrong here is worse than silent, so it needs a clinician."
ttc,Doors — Conceiving & the fertile window,TTC home > Conceiving & the fertile window > How to try > Which sex position is best? > Should she lie down after?,tile copy (title + blurb),Should she lie down after?,You do not have to. Here is why.,Conceiving & the fertile window,13,1,placeholder,v3,lib/ttc/focus/ttc_focus_conceiving.dart,"The words on the card, which decide whether anything behind it gets opened."
ttc,Doors — Conceiving & the fertile window,TTC home > Conceiving & the fertile window > How to try > Which sex position is best? > Should she lie down after?,myth-fact,Should she lie down after?,Myth: You must lie down with your legs up afterwards.,Conceiving & the fertile window,52,1,clinical-review-owed,v3,lib/ttc/focus/ttc_focus_conceiving.dart,"A claim and its correction. Wrong here is worse than silent, so it needs a clinician."
ttc,Doors — Conceiving & the fertile window,TTC home > Conceiving & the fertile window > How to try > Which sex position is best? > Does the woman need to finish?,tile copy (title + blurb),Does the woman need to finish?,No. It is not needed to conceive.,Conceiving & the fertile window,13,1,placeholder,v3,lib/ttc/focus/ttc_focus_conceiving.dart,"The words on the card, which decide whether anything behind it gets opened."
ttc,Doors — Conceiving & the fertile window,TTC home > Conceiving & the fertile window > How to try > Which sex position is best? > Does the woman need to finish?,myth-fact,Does the woman need to finish?,Myth: She has to orgasm for it to work.,Conceiving & the fertile window,57,1,clinical-review-owed,v3,lib/ttc/focus/ttc_focus_conceiving.dart,"A claim and its correction. Wrong here is worse than silent, so it needs a clinician."
ttc,Doors — Conceiving & the fertile window,TTC home > Conceiving & the fertile window > How to try > Does stress stop pregnancy? > Can stress stop it?,tile copy (title + blurb),Can stress stop it?,Not the way people tell you it does.,Conceiving & the fertile window,12,1,placeholder,v3,lib/ttc/focus/ttc_focus_conceiving.dart,"The words on the card, which decide whether anything behind it gets opened."
ttc,Doors — Conceiving & the fertile window,TTC home > Conceiving & the fertile window > How to try > Does stress stop pregnancy? > If you feel too much pressure,tile copy (title + blurb),If you feel too much pressure,For the months that feel heavy.,Conceiving & the fertile window,12,1,placeholder,v3,lib/ttc/focus/ttc_focus_conceiving.dart,"The words on the card, which decide whether anything behind it gets opened."
ttc,Doors — Conceiving & the fertile window,"TTC home > Conceiving & the fertile window > What he can do > What he should do > Whose ""side"" is it, really",tile copy (title + blurb),"Whose ""side"" is it, really",About half of couples having difficulty have a male factor somewhere in it — very often alongside a female one.,Conceiving & the fertile window,25,1,placeholder,v3,lib/ttc/focus/ttc_focus_conceiving.dart,"The words on the card, which decide whether anything behind it gets opened."
ttc,Doors — Conceiving & the fertile window,"TTC home > Conceiving & the fertile window > What he can do > What he should do > Heat, habits and time",tile copy (title + blurb),"Heat, habits and time","The three levers that genuinely move sperm health, including the smokeless tobacco nobody counts.",Conceiving & the fertile window,18,1,placeholder,v3,lib/ttc/focus/ttc_focus_conceiving.dart,"The words on the card, which decide whether anything behind it gets opened."
ttc,Doors — Conceiving & the fertile window,TTC home > Conceiving & the fertile window > What he can do > What he should do > Keep his sperm healthy,tile copy (title + blurb),Keep his sperm healthy,"What helps, what does not, and how long it takes.",Conceiving & the fertile window,14,1,placeholder,v3,lib/ttc/focus/ttc_focus_conceiving.dart,"The words on the card, which decide whether anything behind it gets opened."
ttc,Doors — Conceiving & the fertile window,TTC home > Conceiving & the fertile window > What he can do > What he should do > How sperm are made,tile copy (title + blurb),How sperm are made,"The mechanism, and the three things that change it.",Conceiving & the fertile window,13,1,placeholder,v3,lib/ttc/focus/ttc_focus_conceiving.dart,"The words on the card, which decide whether anything behind it gets opened."
ttc,Doors — Conceiving & the fertile window,TTC home > Conceiving & the fertile window > What he can do > What he should do > How sperm are made,carousel-card-copy,How sperm are made,A headline and a line per card,Conceiving & the fertile window,266,6,placeholder,v3,lib/ttc/focus/ttc_focus_conceiving.dart,
ttc,Doors — Conceiving & the fertile window,TTC home > Conceiving & the fertile window > What she can do > What she should do > What to eat and avoid,tile copy (title + blurb),What to eat and avoid,Ordinary food. No special fertility diet.,Conceiving & the fertile window,11,1,placeholder,v3,lib/ttc/focus/ttc_focus_conceiving.dart,"The words on the card, which decide whether anything behind it gets opened."
ttc,Doors — Conceiving & the fertile window,TTC home > Conceiving & the fertile window > What she can do > What she should do > Folic acid: why she needs it,tile copy (title + blurb),Folic acid: why she needs it,"400 mcg a day, starting before you conceive.",Conceiving & the fertile window,14,1,placeholder,v3,lib/ttc/focus/ttc_focus_conceiving.dart,"The words on the card, which decide whether anything behind it gets opened."
ttc,Doors — Conceiving & the fertile window,TTC home > Conceiving & the fertile window > What she can do > What she should do > What to cut before trying,tile copy (title + blurb),What to cut before trying,"Three things worth changing, and a longer list you can stop feeling guilty about.",Conceiving & the fertile window,19,1,placeholder,v3,lib/ttc/focus/ttc_focus_conceiving.dart,"The words on the card, which decide whether anything behind it gets opened."
ttc,Doors — Conceiving & the fertile window,"TTC home > Conceiving & the fertile window > What she can do > What she should do > Weight, said kindly",tile copy (title + blurb),"Weight, said kindly","What it actually does, why direction beats any destination, and no numbers at all.",Conceiving & the fertile window,17,1,placeholder,v3,lib/ttc/focus/ttc_focus_conceiving.dart,"The words on the card, which decide whether anything behind it gets opened."
ttc,Doors — Conceiving & the fertile window,TTC home > Conceiving & the fertile window > What she can do > What she should do > 3 things for her,tile copy (title + blurb),3 things for her,Start here. The rest can wait.,Conceiving & the fertile window,10,1,placeholder,v3,lib/ttc/focus/ttc_focus_conceiving.dart,"The words on the card, which decide whether anything behind it gets opened."
ttc,Doors — Conceiving & the fertile window,TTC home > Conceiving & the fertile window > What she can do > What she should do > 3 things for her,carousel-card-copy,3 things for her,A headline and a line per card,Conceiving & the fertile window,117,3,placeholder,v3,lib/ttc/focus/ttc_focus_conceiving.dart,
ttc,Doors — Conceiving & the fertile window,TTC home > Conceiving & the fertile window > See a doctor > When should we see a doctor? > Trying for many months?,tile copy (title + blurb),Trying for many months?,How long is normal before asking for help.,Conceiving & the fertile window,12,1,placeholder,v3,lib/ttc/focus/ttc_focus_conceiving.dart,"The words on the card, which decide whether anything behind it gets opened."
ttc,Doors — Conceiving & the fertile window,TTC home > Conceiving & the fertile window > See a doctor > When should we see a doctor? > Signs to not wait,tile copy (title + blurb),Signs to not wait,"Reasons to see someone sooner, whatever the calendar says.",Conceiving & the fertile window,13,1,placeholder,v3,lib/ttc/focus/ttc_focus_conceiving.dart,"The words on the card, which decide whether anything behind it gets opened."
ttc,Doors — Conceiving & the fertile window,TTC home > Conceiving & the fertile window > See a doctor > When should we see a doctor? > Signs to not wait,carousel-card-copy,Signs to not wait,A headline and a line per card,Conceiving & the fertile window,150,4,placeholder,v3,lib/ttc/focus/ttc_focus_conceiving.dart,
ttc,Doors — Conceiving & the fertile window,TTC home > Conceiving & the fertile window > See a doctor > When should we see a doctor? > Talk to a doctor,tile copy (title + blurb),Talk to a doctor,A private video consultation about your own cycle.,Conceiving & the fertile window,12,1,placeholder,v3,lib/ttc/focus/ttc_focus_conceiving.dart,"The words on the card, which decide whether anything behind it gets opened."
ttc,Doors — PCOS,"TTC home > PCOS > Understand > What is PCOS, really? > PCOS and your cycle",tile copy (title + blurb),PCOS and your cycle,What the condition does to the month you are living in.,PCOS,15,1,placeholder,v3,lib/ttc/focus/ttc_focus_pcos.dart,"The words on the card, which decide whether anything behind it gets opened."
ttc,Doors — PCOS,"TTC home > PCOS > Understand > What is PCOS, really? > Irregular periods, explained",tile copy (title + blurb),"Irregular periods, explained","What ""irregular"" means, and the long list of things that cause it.",PCOS,15,1,placeholder,v3,lib/ttc/focus/ttc_focus_pcos.dart,"The words on the card, which decide whether anything behind it gets opened."
ttc,Doors — PCOS,"TTC home > PCOS > Understand > What is PCOS, really? > PCOS in five minutes",tile copy (title + blurb),PCOS in five minutes,"The whole picture, without the jargon.",PCOS,10,1,placeholder,v3,lib/ttc/focus/ttc_focus_pcos.dart,"The words on the card, which decide whether anything behind it gets opened."
ttc,Doors — PCOS,"TTC home > PCOS > Understand > What is PCOS, really? > How common is PCOS",tile copy (title + blurb),How common is PCOS,Common enough that you know several people with it.,PCOS,13,1,placeholder,v3,lib/ttc/focus/ttc_focus_pcos.dart,"The words on the card, which decide whether anything behind it gets opened."
ttc,Doors — PCOS,"TTC home > PCOS > Understand > What is PCOS, really? > How common is PCOS",myth-fact,How common is PCOS,"Myth: PCOS is rare, and having it means something has gone seriously wrong.",PCOS,63,1,clinical-review-owed,v3,lib/ttc/focus/ttc_focus_pcos.dart,"A claim and its correction. Wrong here is worse than silent, so it needs a clinician."
ttc,Doors — PCOS,"TTC home > PCOS > Understand > Is it PCOS, or something else? > If a doctor says PCOS",tile copy (title + blurb),If a doctor says PCOS,"What the diagnosis rests on, and what to ask before you leave the room.",PCOS,19,1,placeholder,v3,lib/ttc/focus/ttc_focus_pcos.dart,"The words on the card, which decide whether anything behind it gets opened."
ttc,Doors — PCOS,"TTC home > PCOS > Understand > Is it PCOS, or something else? > Hair changes, explained",tile copy (title + blurb),"Hair changes, explained","Growth where you would rather not, thinning where you would rather not.",PCOS,15,1,placeholder,v3,lib/ttc/focus/ttc_focus_pcos.dart,"The words on the card, which decide whether anything behind it gets opened."
ttc,Doors — PCOS,"TTC home > PCOS > Understand > Is it PCOS, or something else? > Hair changes, explained",carousel-card-copy,"Hair changes, explained",A headline and a line per card,PCOS,154,6,placeholder,v3,lib/ttc/focus/ttc_focus_pcos.dart,
ttc,Doors — PCOS,"TTC home > PCOS > Understand > Is it PCOS, or something else? > PCOS or ovarian cysts",tile copy (title + blurb),PCOS or ovarian cysts,Two different things with one confusing name.,PCOS,11,1,placeholder,v3,lib/ttc/focus/ttc_focus_pcos.dart,"The words on the card, which decide whether anything behind it gets opened."
ttc,Doors — PCOS,"TTC home > PCOS > Understand > Is it PCOS, or something else? > PCOS or ovarian cysts",infographic-copy,PCOS or ovarian cysts,"The ""cysts"" in polycystic are not cysts at all.",PCOS,137,1,placeholder,v3,lib/ttc/focus/ttc_focus_pcos.dart,"Two columns of facts, plus a reviewer name."
ttc,Doors — PCOS,"TTC home > PCOS > Understand > Is it PCOS, or something else? > PCOS or thyroid",tile copy (title + blurb),PCOS or thyroid,"One blood test separates them, and it is often skipped.",PCOS,13,1,placeholder,v3,lib/ttc/focus/ttc_focus_pcos.dart,"The words on the card, which decide whether anything behind it gets opened."
ttc,Doors — PCOS,"TTC home > PCOS > Understand > Is it PCOS, or something else? > PCOS or thyroid",infographic-copy,PCOS or thyroid,They look alike from the outside. One blood test tells them apart.,PCOS,137,1,placeholder,v3,lib/ttc/focus/ttc_focus_pcos.dart,"Two columns of facts, plus a reviewer name."
ttc,Doors — PCOS,"TTC home > PCOS > What helps > What should I be eating? > What changes the curve, nothing banned",tile copy (title + blurb),"What changes the curve, nothing banned","Insulin is the lever worth understanding, and none of it requires giving up rice.",PCOS,20,1,placeholder,v3,lib/ttc/focus/ttc_focus_pcos.dart,"The words on the card, which decide whether anything behind it gets opened."
ttc,Doors — PCOS,"TTC home > PCOS > What helps > What should I be eating? > Food, insulin and PCOS",tile copy (title + blurb),"Food, insulin and PCOS","Why the same meal lands differently, and what that changes.",PCOS,14,1,placeholder,v3,lib/ttc/focus/ttc_focus_pcos.dart,"The words on the card, which decide whether anything behind it gets opened."
ttc,Doors — PCOS,TTC home > PCOS > What helps > What should I be eating? > Is rice really the enemy?,tile copy (title + blurb),Is rice really the enemy?,The most repeated piece of PCOS advice in India.,PCOS,14,1,placeholder,v3,lib/ttc/focus/ttc_focus_pcos.dart,"The words on the card, which decide whether anything behind it gets opened."
ttc,Doors — PCOS,TTC home > PCOS > What helps > What should I be eating? > Is rice really the enemy?,myth-fact,Is rice really the enemy?,"Myth: People with PCOS have to give up rice, roti and all Indian carbohydrates.",PCOS,63,1,clinical-review-owed,v3,lib/ttc/focus/ttc_focus_pcos.dart,"A claim and its correction. Wrong here is worse than silent, so it needs a clinician."
ttc,Doors — PCOS,TTC home > PCOS > What helps > What should I be eating? > Moong dal chilla with curd,tile copy (title + blurb),Moong dal chilla with curd,Protein and fibre instead of refined flour. Scales to the number you are cooking for.,PCOS,20,1,placeholder,v3,lib/ttc/focus/ttc_focus_pcos.dart,"The words on the card, which decide whether anything behind it gets opened."
ttc,Doors — PCOS,TTC home > PCOS > What helps > Do supplements actually do anything? > Inositol: what is shown to help,tile copy (title + blurb),Inositol: what is shown to help,"The one with real trials behind it, and an honest account of how strong they are.",PCOS,22,1,placeholder,v3,lib/ttc/focus/ttc_focus_pcos.dart,"The words on the card, which decide whether anything behind it gets opened."
ttc,Doors — PCOS,TTC home > PCOS > What helps > Do supplements actually do anything? > Worth it vs hype,tile copy (title + blurb),Worth it vs hype,What the rest of the shelf is doing.,PCOS,12,1,placeholder,v3,lib/ttc/focus/ttc_focus_pcos.dart,"The words on the card, which decide whether anything behind it gets opened."
ttc,Doors — PCOS,TTC home > PCOS > What helps > Do supplements actually do anything? > Worth it vs hype,myth-fact,Worth it vs hype,"Myth: The fertility blends, detox teas and PCOS-branded mixes are worth trying because they cannot hurt.",PCOS,59,1,clinical-review-owed,v3,lib/ttc/focus/ttc_focus_pcos.dart,"A claim and its correction. Wrong here is worse than silent, so it needs a clinician."
ttc,Doors — PCOS,TTC home > PCOS > What helps > Do supplements actually do anything? > Myo-inositol,tile copy (title + blurb),Myo-inositol,"If you decide to try it, this is the form the trials used.",PCOS,14,1,placeholder,v3,lib/ttc/focus/ttc_focus_pcos.dart,"The words on the card, which decide whether anything behind it gets opened."
ttc,Doors — PCOS,"TTC home > PCOS > What helps > What about movement, sleep and weight? > Weight and PCOS, said kindly",tile copy (title + blurb),"Weight and PCOS, said kindly","No number, no target, no plan. What the relationship actually is.",PCOS,16,1,placeholder,v3,lib/ttc/focus/ttc_focus_pcos.dart,"The words on the card, which decide whether anything behind it gets opened."
ttc,Doors — PCOS,"TTC home > PCOS > What helps > What about movement, sleep and weight? > Stress, sleep and trying",tile copy (title + blurb),"Stress, sleep and trying",What sustained stress does and does not do to a cycle.,PCOS,15,1,placeholder,v3,lib/ttc/focus/ttc_focus_pcos.dart,"The words on the card, which decide whether anything behind it gets opened."
ttc,Doors — PCOS,"TTC home > PCOS > What helps > What about movement, sleep and weight? > Gentle movement for PCOS",tile copy (title + blurb),Gentle movement for PCOS,"Ten minutes, nothing that needs a gym.",PCOS,11,1,placeholder,v3,lib/ttc/focus/ttc_focus_pcos.dart,"The words on the card, which decide whether anything behind it gets opened."
ttc,Doors — PCOS,TTC home > PCOS > Trying with PCOS > How does PCOS affect conceiving? > PCOS and ovulation,tile copy (title + blurb),PCOS and ovulation,Why the egg is usually fine and the release is the problem.,PCOS,15,1,placeholder,v3,lib/ttc/focus/ttc_focus_pcos.dart,"The words on the card, which decide whether anything behind it gets opened."
ttc,Doors — PCOS,"TTC home > PCOS > Trying with PCOS > How does PCOS affect conceiving? > Conceiving with PCOS, realistically",tile copy (title + blurb),"Conceiving with PCOS, realistically","What the research says about how long it takes, without false cheer or doom.",PCOS,18,1,placeholder,v3,lib/ttc/focus/ttc_focus_pcos.dart,"The words on the card, which decide whether anything behind it gets opened."
ttc,Doors — PCOS,TTC home > PCOS > Trying with PCOS > How does PCOS affect conceiving? > Anovulatory cycles,tile copy (title + blurb),Anovulatory cycles,A month that bleeds but did not release an egg.,PCOS,12,1,placeholder,v3,lib/ttc/focus/ttc_focus_pcos.dart,"The words on the card, which decide whether anything behind it gets opened."
ttc,Doors — PCOS,TTC home > PCOS > Trying with PCOS > How does PCOS affect conceiving? > Anovulatory cycles,carousel-card-copy,Anovulatory cycles,A headline and a line per card,PCOS,155,6,placeholder,v3,lib/ttc/focus/ttc_focus_pcos.dart,
ttc,Doors — PCOS,TTC home > PCOS > Trying with PCOS > What happens if we need treatment? > What treatment usually looks like,tile copy (title + blurb),What treatment usually looks like,"The shape of it, before anyone offers you anything.",PCOS,14,1,placeholder,v3,lib/ttc/focus/ttc_focus_pcos.dart,"The words on the card, which decide whether anything behind it gets opened."
ttc,Doors — PCOS,"TTC home > PCOS > Trying with PCOS > What happens if we need treatment? > Letrozole, metformin and the usual order",tile copy (title + blurb),"Letrozole, metformin and the usual order","What gets tried first, and what each one is actually doing.",PCOS,17,1,placeholder,v3,lib/ttc/focus/ttc_focus_pcos.dart,"The words on the card, which decide whether anything behind it gets opened."
ttc,Doors — PCOS,TTC home > PCOS > Trying with PCOS > What happens if we need treatment? > When to see a specialist,tile copy (title + blurb),When to see a specialist,The point at which waiting stops being the better plan.,PCOS,15,1,placeholder,v3,lib/ttc/focus/ttc_focus_pcos.dart,"The words on the card, which decide whether anything behind it gets opened."
ttc,Doors — PCOS,TTC home > PCOS > Track > Keep track of it > Cycle Companion,tile copy (title + blurb),Cycle Companion,The log your read is built from. Three months of dates changes what it can say.,PCOS,18,1,placeholder,v3,lib/ttc/focus/ttc_focus_pcos.dart,"The words on the card, which decide whether anything behind it gets opened."
ttc,Doors — PCOS,TTC home > PCOS > Track > Keep track of it > Log your symptoms,tile copy (title + blurb),Log your symptoms,"Cycle, skin, hair and how you felt. This is what the read gets better from.",PCOS,18,1,placeholder,v3,lib/ttc/focus/ttc_focus_pcos.dart,"The words on the card, which decide whether anything behind it gets opened."
ttc,Doors — PCOS,TTC home > PCOS > Track > Keep track of it > What your cycle shows,tile copy (title + blurb),What your cycle shows,"Your logged months, read back as a pattern in plain words.",PCOS,15,1,placeholder,v3,lib/ttc/focus/ttc_focus_pcos.dart,"The words on the card, which decide whether anything behind it gets opened."
ttc,Doors — PCOS,TTC home > PCOS > Track > Keep track of it > When to see a doctor,tile copy (title + blurb),When to see a doctor,"Four things worth a check, and none of them are emergencies.",PCOS,16,1,placeholder,v3,lib/ttc/focus/ttc_focus_pcos.dart,"The words on the card, which decide whether anything behind it gets opened."
ttc,Doors — PCOS,TTC home > PCOS > Track > Keep track of it > When to see a doctor,carousel-card-copy,When to see a doctor,A headline and a line per card,PCOS,146,4,placeholder,v3,lib/ttc/focus/ttc_focus_pcos.dart,
ttc,Doors — PCOS,TTC home > PCOS > Track > Keep track of it > PCOS circle,tile copy (title + blurb),PCOS circle,"Other people managing PCOS, in their own words.",PCOS,10,1,placeholder,v3,lib/ttc/focus/ttc_focus_pcos.dart,"The words on the card, which decide whether anything behind it gets opened."
ttc,Doors — PCOS,TTC home > PCOS > Trying with PCOS > Talk to someone who knows PCOS > The PCOS programme,tile copy (title + blurb),The PCOS programme,"A guided course with a specialist, at your own pace.",PCOS,13,1,placeholder,v3,lib/ttc/focus/ttc_focus_pcos.dart,"The words on the card, which decide whether anything behind it gets opened."
ttc,Doors — PCOS,TTC home > PCOS > Trying with PCOS > Talk to someone who knows PCOS > Talk to a PCOS specialist,tile copy (title + blurb),Talk to a PCOS specialist,Book a 1:1 and ask about managing PCOS while trying.,PCOS,15,1,placeholder,v3,lib/ttc/focus/ttc_focus_pcos.dart,"The words on the card, which decide whether anything behind it gets opened."
ttc,Doors — IVF and IUI,TTC home > IVF and IUI > Should I get help? > Is it time to get help? > Check my readiness,tile copy (title + blurb),Check my readiness,"Six short questions. It tells you whether a conversation is worth having — never a score, and never a prediction.",IVF and IUI,23,1,placeholder,v3,lib/ttc/focus/ttc_focus_ivf.dart,"The words on the card, which decide whether anything behind it gets opened."
ttc,Doors — IVF and IUI,TTC home > IVF and IUI > Should I get help? > Is it time to get help? > Speak to a fertility specialist,tile copy (title + blurb),Speak to a fertility specialist,A 1:1 with someone who does this daily. Bring your dates and any results you have.,IVF and IUI,21,1,placeholder,v3,lib/ttc/focus/ttc_focus_ivf.dart,"The words on the card, which decide whether anything behind it gets opened."
ttc,Doors — IVF and IUI,TTC home > IVF and IUI > Understand > What do the treatments actually involve? > What IUI and IVF involve,tile copy (title + blurb),What IUI and IVF involve,"Both procedures, step by step, without the jargon.",IVF and IUI,13,1,placeholder,v3,lib/ttc/focus/ttc_focus_ivf.dart,"The words on the card, which decide whether anything behind it gets opened."
ttc,Doors — IVF and IUI,"TTC home > IVF and IUI > Understand > What do the treatments actually involve? > ICSI: when it is needed, when it is routine",tile copy (title + blurb),"ICSI: when it is needed, when it is routine",One step inside IVF that is sometimes essential and often charged for anyway.,IVF and IUI,22,1,placeholder,v3,lib/ttc/focus/ttc_focus_ivf.dart,"The words on the card, which decide whether anything behind it gets opened."
ttc,Doors — IVF and IUI,"TTC home > IVF and IUI > Understand > What do the treatments actually involve? > An IVF cycle, start to finish",tile copy (title + blurb),"An IVF cycle, start to finish","The whole month, walked through by a specialist.",IVF and IUI,14,1,placeholder,v3,lib/ttc/focus/ttc_focus_ivf.dart,"The words on the card, which decide whether anything behind it gets opened."
ttc,Doors — IVF and IUI,"TTC home > IVF and IUI > Understand > What do the treatments actually involve? > IUI or IVF, and when you move up",tile copy (title + blurb),"IUI or IVF, and when you move up","Two different treatments, and the point where one becomes the other.",IVF and IUI,19,1,placeholder,v3,lib/ttc/focus/ttc_focus_ivf.dart,"The words on the card, which decide whether anything behind it gets opened."
ttc,Doors — IVF and IUI,"TTC home > IVF and IUI > Understand > What do the treatments actually involve? > IUI or IVF, and when you move up",carousel-card-copy,"IUI or IVF, and when you move up",A headline and a line per card,IVF and IUI,167,6,placeholder,v3,lib/ttc/focus/ttc_focus_ivf.dart,
ttc,Doors — IVF and IUI,"TTC home > IVF and IUI > Understand > What will they test, and why? > What a fertility check involves",tile copy (title + blurb),What a fertility check involves,"Every test a first round usually orders, and what each one is trying to answer.",IVF and IUI,20,1,placeholder,v3,lib/ttc/focus/ttc_focus_ivf.dart,"The words on the card, which decide whether anything behind it gets opened."
ttc,Doors — IVF and IUI,"TTC home > IVF and IUI > Understand > What will they test, and why? > His side of the tests",tile copy (title + blurb),His side of the tests,A semen analysis is the most informative test for the money and the one most often delayed.,IVF and IUI,22,1,placeholder,v3,lib/ttc/focus/ttc_focus_ivf.dart,"The words on the card, which decide whether anything behind it gets opened."
ttc,Doors — IVF and IUI,TTC home > IVF and IUI > Money and clinics > What does this cost in India? > What IVF actually costs in India,tile copy (title + blurb),What IVF actually costs in India,"Real ranges, with the date they were checked.",IVF and IUI,14,1,placeholder,v3,lib/ttc/focus/ttc_focus_ivf.dart,"The words on the card, which decide whether anything behind it gets opened."
ttc,Doors — IVF and IUI,TTC home > IVF and IUI > Money and clinics > What does this cost in India? > What a package leaves out,tile copy (title + blurb),What a package leaves out,"The quoted price is rarely the final one. What usually sits outside it, and the questions that make two quotes comparable.",IVF and IUI,26,1,placeholder,v3,lib/ttc/focus/ttc_focus_ivf.dart,"The words on the card, which decide whether anything behind it gets opened."
ttc,Doors — IVF and IUI,TTC home > IVF and IUI > Money and clinics > How do we choose a clinic? > How to read a clinic's success rate,tile copy (title + blurb),How to read a clinic's success rate,Two clinics can quote very different numbers and both be telling the truth. What the number is counting is the part that matters.,IVF and IUI,30,1,placeholder,v3,lib/ttc/focus/ttc_focus_ivf.dart,"The words on the card, which decide whether anything behind it gets opened."
ttc,Doors — IVF and IUI,TTC home > IVF and IUI > Money and clinics > How do we choose a clinic? > Questions to ask before you sign up,tile copy (title + blurb),Questions to ask before you sign up,Eight things worth settling in the first appointment.,IVF and IUI,15,1,placeholder,v3,lib/ttc/focus/ttc_focus_ivf.dart,"The words on the card, which decide whether anything behind it gets opened."
ttc,Doors — IVF and IUI,TTC home > IVF and IUI > Money and clinics > How do we choose a clinic? > Questions to ask before you sign up,carousel-card-copy,Questions to ask before you sign up,A headline and a line per card,IVF and IUI,185,8,placeholder,v3,lib/ttc/focus/ttc_focus_ivf.dart,
ttc,Doors — IVF and IUI,"TTC home > IVF and IUI > Going through it > What will a cycle ask of me? > The injections, honestly",tile copy (title + blurb),"The injections, honestly","What you will be doing every evening for two weeks, and what it feels like.",IVF and IUI,18,1,placeholder,v3,lib/ttc/focus/ttc_focus_ivf.dart,"The words on the card, which decide whether anything behind it gets opened."
ttc,Doors — IVF and IUI,TTC home > IVF and IUI > Going through it > What will a cycle ask of me? > OHSS: when to call the clinic,tile copy (title + blurb),OHSS: when to call the clinic,"The one complication worth knowing by name, and the signs that mean do not wait until morning.",IVF and IUI,23,1,placeholder,v3,lib/ttc/focus/ttc_focus_ivf.dart,"The words on the card, which decide whether anything behind it gets opened."
ttc,Doors — IVF and IUI,TTC home > IVF and IUI > Going through it > What will a cycle ask of me? > Getting through the two-week wait,tile copy (title + blurb),Getting through the two-week wait,"The hardest fortnight of the cycle, and what helps.",IVF and IUI,14,1,placeholder,v3,lib/ttc/focus/ttc_focus_ivf.dart,"The words on the card, which decide whether anything behind it gets opened."
ttc,Doors — IVF and IUI,TTC home > IVF and IUI > Going through it > The things people are afraid to ask > Is egg retrieval painful?,tile copy (title + blurb),Is egg retrieval painful?,"What is actually done, what you are given for it, and what the days either side genuinely feel like.",IVF and IUI,23,1,placeholder,v3,lib/ttc/focus/ttc_focus_ivf.dart,"The words on the card, which decide whether anything behind it gets opened."
ttc,Doors — IVF and IUI,TTC home > IVF and IUI > Going through it > The things people are afraid to ask > Can I work through a cycle?,tile copy (title + blurb),Can I work through a cycle?,"Most people do. What it asks of your calendar, which days are hard to move, and how much you have to tell anyone.",IVF and IUI,29,1,placeholder,v3,lib/ttc/focus/ttc_focus_ivf.dart,"The words on the card, which decide whether anything behind it gets opened."
ttc,Doors — IVF and IUI,TTC home > IVF and IUI > Going through it > The things people are afraid to ask > Does bed rest after transfer help?,tile copy (title + blurb),Does bed rest after transfer help?,One of the most persistent beliefs in fertility care.,IVF and IUI,15,1,placeholder,v3,lib/ttc/focus/ttc_focus_ivf.dart,"The words on the card, which decide whether anything behind it gets opened."
ttc,Doors — IVF and IUI,TTC home > IVF and IUI > Going through it > The things people are afraid to ask > Does bed rest after transfer help?,myth-fact,Does bed rest after transfer help?,Myth: I should stay in bed after an embryo transfer to help it implant.,IVF and IUI,89,1,clinical-review-owed,v3,lib/ttc/focus/ttc_focus_ivf.dart,"A claim and its correction. Wrong here is worse than silent, so it needs a clinician."
ttc,Doors — IVF and IUI,TTC home > IVF and IUI > Track > Keep track of a cycle you are in > When to call the clinic,tile copy (title + blurb),When to call the clinic,The signs that mean phone now rather than wait for the morning. Worth reading before you need it.,IVF and IUI,23,1,placeholder,v3,lib/ttc/focus/ttc_focus_ivf.dart,"The words on the card, which decide whether anything behind it gets opened."
ttc,Doors — IVF and IUI,TTC home > IVF and IUI > Track > Keep track of a cycle you are in > Track this treatment cycle,tile copy (title + blurb),Track this treatment cycle,"Trigger, retrieval, transfer and the wait — the dates the clinic gave you, in one place.",IVF and IUI,20,1,placeholder,v3,lib/ttc/focus/ttc_focus_ivf.dart,"The words on the card, which decide whether anything behind it gets opened."
ttc,Doors — IVF and IUI,TTC home > IVF and IUI > Track > Keep track of a cycle you are in > Keep your reports together,tile copy (title + blurb),Keep your reports together,"Every result and letter in one place, so the next appointment starts from what is known.",IVF and IUI,20,1,placeholder,v3,lib/ttc/focus/ttc_focus_ivf.dart,"The words on the card, which decide whether anything behind it gets opened."
ttc,Doors — Getting ready,TTC home > Getting ready > Diet and supplements > Eating before you try > The three months before,tile copy (title + blurb),The three months before,"What actually changes in the months before you start — for both of you, not just for her.",Getting ready,22,1,placeholder,v3,lib/ttc/focus/ttc_focus_getting_ready.dart,"The words on the card, which decide whether anything behind it gets opened."
ttc,Doors — Getting ready,TTC home > Getting ready > Diet and supplements > Eating before you try > What to cut before trying,tile copy (title + blurb),What to cut before trying,"Three things worth changing, and a longer list you can stop feeling guilty about.",Getting ready,19,1,placeholder,v3,lib/ttc/focus/ttc_focus_getting_ready.dart,"The words on the card, which decide whether anything behind it gets opened."
ttc,Doors — Getting ready,"TTC home > Getting ready > Diet and supplements > Eating before you try > Eating, day to day",tile copy (title + blurb),"Eating, day to day","A week of real meals from an Indian kitchen, with what each one is actually doing.",Getting ready,20,1,placeholder,v3,lib/ttc/focus/ttc_focus_getting_ready.dart,"The words on the card, which decide whether anything behind it gets opened."
ttc,Doors — Getting ready,"TTC home > Getting ready > Diet and supplements > Supplements > When to start what, and how early",tile copy (title + blurb),"When to start what, and how early",Folic acid has a deadline that has usually passed by the time a test turns positive. Almost nothing else does.,Getting ready,27,1,placeholder,v3,lib/ttc/focus/ttc_focus_getting_ready.dart,"The words on the card, which decide whether anything behind it gets opened."
ttc,Doors — Getting ready,TTC home > Getting ready > Tests and vaccines > What to check first > Tests and vaccines worth doing first,tile copy (title + blurb),Tests and vaccines worth doing first,"A short list to take to a doctor, and the reason each one is on it.",Getting ready,22,1,placeholder,v3,lib/ttc/focus/ttc_focus_getting_ready.dart,"The words on the card, which decide whether anything behind it gets opened."
ttc,Doors — Getting ready,TTC home > Getting ready > Tests and vaccines > What to check first > The carrier screening that matters in India,tile copy (title + blurb),The carrier screening that matters in India,"One cheap blood test, done once, that most Western preconception advice never mentions — and that matters here more than almost anywhere.",Getting ready,29,1,placeholder,v3,lib/ttc/focus/ttc_focus_getting_ready.dart,"The words on the card, which decide whether anything behind it gets opened."
ttc,Doors — Getting ready,TTC home > Getting ready > Tests and vaccines > Sort it out > Check your vaccinations,tile copy (title + blurb),Check your vaccinations,"Which ones matter before pregnancy, and which need to be done a month ahead.",Getting ready,17,1,placeholder,v3,lib/ttc/focus/ttc_focus_getting_ready.dart,"The words on the card, which decide whether anything behind it gets opened."
ttc,Doors — Getting ready,TTC home > Getting ready > Tests and vaccines > Sort it out > The full test library,tile copy (title + blurb),The full test library,"Every test, what it is for, when in the cycle to do it, and a real Indian price range.",Getting ready,23,1,placeholder,v3,lib/ttc/focus/ttc_focus_getting_ready.dart,"The words on the card, which decide whether anything behind it gets opened."
ttc,Doors — Getting ready,"TTC home > Getting ready > Weight and habits > Weight, kindly > Weight before pregnancy, said kindly",tile copy (title + blurb),"Weight before pregnancy, said kindly","What it actually does, why direction matters more than any destination, and no numbers at all.",Getting ready,21,1,placeholder,v3,lib/ttc/focus/ttc_focus_getting_ready.dart,"The words on the card, which decide whether anything behind it gets opened."
ttc,Doors — Getting ready,TTC home > Getting ready > Weight and habits > Everyday habits > Track what you're working on,tile copy (title + blurb),Track what you're working on,"The four habit trackers in one place. A record, not a report card — no streaks and no score.",Getting ready,24,1,placeholder,v3,lib/ttc/focus/ttc_focus_getting_ready.dart,"The words on the card, which decide whether anything behind it gets opened."
ttc,Doors — Getting ready,TTC home > Getting ready > Weight and habits > Everyday habits > Habits worth building now,tile copy (title + blurb),Habits worth building now,"Sleep, movement, alcohol and tobacco — the four with the clearest evidence behind them.",Getting ready,18,1,placeholder,v3,lib/ttc/focus/ttc_focus_getting_ready.dart,"The words on the card, which decide whether anything behind it gets opened."
ttc,Doors — Getting ready,TTC home > Getting ready > Before you start > Before you start > Coming off birth control,tile copy (title + blurb),Coming off birth control,"What returns quickly, what genuinely takes months, and why ""let it clear out of your system"" costs people time.",Getting ready,23,1,placeholder,v3,lib/ttc/focus/ttc_focus_getting_ready.dart,"The words on the card, which decide whether anything behind it gets opened."
ttc,Doors — Getting ready,TTC home > Getting ready > Before you start > Before you start > Medicines and conditions to check with a doctor,tile copy (title + blurb),Medicines and conditions to check with a doctor,"Never stop a prescribed medicine to prepare. What to ask instead, and how far ahead.",Getting ready,23,1,placeholder,v3,lib/ttc/focus/ttc_focus_getting_ready.dart,"The words on the card, which decide whether anything behind it gets opened."
ttc,Doors — Getting ready,TTC home > Getting ready > Before you start > Before you start > His part,tile copy (title + blurb),His part,"Whose ""side"" it really is, and what half of this actually depends on him.",Getting ready,16,1,placeholder,v3,lib/ttc/focus/ttc_focus_getting_ready.dart,"The words on the card, which decide whether anything behind it gets opened."
ttc,Doors — Getting ready,TTC home > Getting ready > Your checklist > Your checklist > Talk to someone before you start,tile copy (title + blurb),Talk to someone before you start,"A doctor or a preconception nutritionist, for the questions that are specifically yours.",Getting ready,19,1,placeholder,v3,lib/ttc/focus/ttc_focus_getting_ready.dart,"The words on the card, which decide whether anything behind it gets opened."
ttc,Doors — Getting ready,TTC home > Getting ready > Your checklist > Your checklist > Your pre-pregnancy checklist,tile copy (title + blurb),Your pre-pregnancy checklist,"What's covered, what's still worth discussing, and the next three things — at your own pace.",Getting ready,19,1,placeholder,v3,lib/ttc/focus/ttc_focus_getting_ready.dart,"The words on the card, which decide whether anything behind it gets opened."
ttc,Doors — His side,"TTC home > His side > Understand > Is it about him? > Whose ""side"" is it, really",tile copy (title + blurb),"Whose ""side"" is it, really","About half of couples having difficulty have a male factor somewhere in it. The word ""fault"" does not appear anywhere useful in this subject.",His side,29,1,placeholder,v3,lib/ttc/focus/ttc_focus_his_side.dart,"The words on the card, which decide whether anything behind it gets opened."
ttc,Doors — His side,TTC home > His side > Understand > Is it about him? > What affects sperm health,tile copy (title + blurb),What affects sperm health,"The three things that genuinely move it, and the many that do not.",His side,17,1,placeholder,v3,lib/ttc/focus/ttc_focus_his_side.dart,"The words on the card, which decide whether anything behind it gets opened."
ttc,Doors — His side,TTC home > His side > Understand > Is it worth testing? > The case for testing early,tile copy (title + blurb),The case for testing early,"One test, widely available, inexpensive — and it answers a question a year of waiting cannot.",His side,21,1,placeholder,v3,lib/ttc/focus/ttc_focus_his_side.dart,"The words on the card, which decide whether anything behind it gets opened."
ttc,Doors — His side,TTC home > His side > Test and results > The test > What a semen analysis involves,tile copy (title + blurb),What a semen analysis involves,"What is measured, what the numbers mean, and what to do before the sample so the result is worth having.",His side,25,1,placeholder,v3,lib/ttc/focus/ttc_focus_his_side.dart,"The words on the card, which decide whether anything behind it gets opened."
ttc,Doors — His side,TTC home > His side > Test and results > The test > Reading a semen report,tile copy (title + blurb),Reading a semen report,"The page, walked through line by line.",His side,11,1,placeholder,v3,lib/ttc/focus/ttc_focus_his_side.dart,"The words on the card, which decide whether anything behind it gets opened."
ttc,Doors — His side,TTC home > His side > Test and results > Read your own report > Read your semen report,tile copy (title + blurb),Read your semen report,Type in what it says and have it explained in plain English. It will not tell you whether you are fertile — nothing can from one sheet of paper.,His side,33,1,placeholder,v3,lib/ttc/focus/ttc_focus_his_side.dart,"The words on the card, which decide whether anything behind it gets opened."
ttc,Doors — His side,TTC home > His side > Test and results > What the words and results mean > If the result is normal,tile copy (title + blurb),If the result is normal,"What it rules out, and the two things it does not.",His side,16,1,placeholder,v3,lib/ttc/focus/ttc_focus_his_side.dart,"The words on the card, which decide whether anything behind it gets opened."
ttc,Doors — His side,TTC home > His side > Test and results > What the words and results mean > If the first test is abnormal,tile copy (title + blurb),If the first test is abnormal,"One low number is a reason to repeat, not a conclusion — and the reason why is the useful part.",His side,26,1,placeholder,v3,lib/ttc/focus/ttc_focus_his_side.dart,"The words on the card, which decide whether anything behind it gets opened."
ttc,Doors — His side,TTC home > His side > Test and results > What the words and results mean > If no sperm is found,tile copy (title + blurb),If no sperm is found,"It is not the end of the road, and it is the one result that goes to a specialist rather than to a second sample.",His side,30,1,placeholder,v3,lib/ttc/focus/ttc_focus_his_side.dart,"The words on the card, which decide whether anything behind it gets opened."
ttc,Doors — His side,"TTC home > His side > Test and results > What the words and results mean > The words on the report, in plain English",tile copy (title + blurb),"The words on the report, in plain English","Every term on the page, said the way somebody would say it.",His side,20,1,placeholder,v3,lib/ttc/focus/ttc_focus_his_side.dart,"The words on the card, which decide whether anything behind it gets opened."
ttc,Doors — His side,TTC home > His side > Test and results > Get it read > Have the report read properly,tile copy (title + blurb),Have the report read properly,"An andrologist reads the values together and in context, which is more than any list of lines can do.",His side,24,1,placeholder,v3,lib/ttc/focus/ttc_focus_his_side.dart,"The words on the card, which decide whether anything behind it gets opened."
ttc,Doors — His side,"TTC home > His side > Improve his health > The three levers > Heat, habits and time",tile copy (title + blurb),"Heat, habits and time","What genuinely moves sperm health, including the smokeless tobacco nobody counts.",His side,15,1,placeholder,v3,lib/ttc/focus/ttc_focus_his_side.dart,"The words on the card, which decide whether anything behind it gets opened."
ttc,Doors — His side,TTC home > His side > Improve his health > The three levers > What three months looks like,tile copy (title + blurb),What three months looks like,"The twelve-week plan: which change in which week, and why the repeat test is booked before anything else.",His side,23,1,placeholder,v3,lib/ttc/focus/ttc_focus_his_side.dart,"The words on the card, which decide whether anything behind it gets opened."
ttc,Doors — His side,"TTC home > His side > Improve his health > Supplements, honestly > Zinc and CoQ10, honestly",tile copy (title + blurb),"Zinc and CoQ10, honestly","The two with any evidence at all, what the evidence actually shows, what they cost, and what they cannot replace.",His side,24,1,placeholder,v3,lib/ttc/focus/ttc_focus_his_side.dart,"The words on the card, which decide whether anything behind it gets opened."
ttc,Doors — His side,TTC home > His side > Improve his health > The course > The half nobody talks about,tile copy (title + blurb),The half nobody talks about,"A short course on the male side, at your own pace, with an andrologist.",His side,19,1,placeholder,v3,lib/ttc/focus/ttc_focus_his_side.dart,"The words on the card, which decide whether anything behind it gets opened."
ttc,Doors — His side,TTC home > His side > Track > Track > What he can track,tile copy (title + blurb),What he can track,"Sleep, alcohol, tobacco, heat and movement — his own log, on his own account.",His side,18,1,placeholder,v3,lib/ttc/focus/ttc_focus_his_side.dart,"The words on the card, which decide whether anything behind it gets opened."
ttc,Doors — His side,TTC home > His side > Track > Track > Keep his reports with yours,tile copy (title + blurb),Keep his reports with yours,"One folder for both of you, so a second opinion starts with the papers rather than with remembering.",His side,23,1,placeholder,v3,lib/ttc/focus/ttc_focus_his_side.dart,"The words on the card, which decide whether anything behind it gets opened."
ttc,Doors — His side,TTC home > His side > Talk > Talk > Talk to an andrologist,tile copy (title + blurb),Talk to an andrologist,"In confidence, about your own results. Bring the printed report rather than a number you remembered.",His side,20,1,placeholder,v3,lib/ttc/focus/ttc_focus_his_side.dart,"The words on the card, which decide whether anything behind it gets opened."
ttc,Doors — His side,TTC home > His side > Talk > Talk > His emotional side,tile copy (title + blurb),His emotional side,"What this does to him, from the area that owns the subject. Men are offered support far less often, and mostly because nobody asks.",His side,27,1,placeholder,v3,lib/ttc/focus/ttc_focus_his_side.dart,"The words on the card, which decide whether anything behind it gets opened."
ttc,Doors — Mind and body,TTC home > Mind and body > foot of the page,closing line,closing line,The one sentence the door ends on,Mind and body,14,1,placeholder,v3,lib/ttc/focus/ttc_focus_mind_body.dart,
ttc,Doors — Mind and body,"TTC home > Mind and body > Understand > About stress > Stress, and the thing everyone says about it",tile copy (title + blurb),"Stress, and the thing everyone says about it","What the evidence actually shows, and why ""just relax"" is both wrong and cruel.",Mind and body,22,1,placeholder,v3,lib/ttc/focus/ttc_focus_mind_body.dart,"The words on the card, which decide whether anything behind it gets opened."
ttc,Doors — Mind and body,TTC home > Mind and body > Understand > About stress > Where stress does have a real effect,tile copy (title + blurb),Where stress does have a real effect,"The narrow places it genuinely matters, stated honestly.",Mind and body,15,1,placeholder,v3,lib/ttc/focus/ttc_focus_mind_body.dart,"The words on the card, which decide whether anything behind it gets opened."
ttc,Doors — Mind and body,"TTC home > Mind and body > Understand > About stress > ""Just relax"" — why that advice is wrong",tile copy (title + blurb),"""Just relax"" — why that advice is wrong","Dr. Sharanya Menon, in under five minutes.",Mind and body,15,1,placeholder,v3,lib/ttc/focus/ttc_focus_mind_body.dart,"The words on the card, which decide whether anything behind it gets opened."
ttc,Doors — Mind and body,TTC home > Mind and body > Understand > About stress > Stop thinking about it and it will happen,tile copy (title + blurb),Stop thinking about it and it will happen,"The most common piece of advice, and the least useful.",Mind and body,18,1,placeholder,v3,lib/ttc/focus/ttc_focus_mind_body.dart,"The words on the card, which decide whether anything behind it gets opened."
ttc,Doors — Mind and body,TTC home > Mind and body > Understand > About stress > Stop thinking about it and it will happen,myth-fact,Stop thinking about it and it will happen,"Myth: If you stop thinking about it, you will conceive.",Mind and body,72,1,clinical-review-owed,v3,lib/ttc/focus/ttc_focus_mind_body.dart,"A claim and its correction. Wrong here is worse than silent, so it needs a clinician."
ttc,Doors — Mind and body,"TTC home > Mind and body > Understand > What garbh sanskar is > Preconception garbh sanskar, honestly",tile copy (title + blurb),"Preconception garbh sanskar, honestly","What the tradition is, what it is good for, and what it does not claim.",Mind and body,19,1,placeholder,v3,lib/ttc/focus/ttc_focus_mind_body.dart,"The words on the card, which decide whether anything behind it gets opened."
ttc,Doors — Mind and body,TTC home > Mind and body > Understand > What garbh sanskar is > And if you are not religious,tile copy (title + blurb),And if you are not religious,Belief is optional. The practice works without it.,Mind and body,14,1,placeholder,v3,lib/ttc/focus/ttc_focus_mind_body.dart,"The words on the card, which decide whether anything behind it gets opened."
ttc,Doors — Mind and body,"TTC home > Mind and body > Understand > What garbh sanskar is > Taught, rather than described",tile copy (title + blurb),"Taught, rather than described","The eight sessions of garbh sanskar, done with you.",Mind and body,13,1,placeholder,v3,lib/ttc/focus/ttc_focus_mind_body.dart,"The words on the card, which decide whether anything behind it gets opened."
ttc,Doors — Mind and body,TTC home > Mind and body > Understand > What garbh sanskar is > Does it make a smarter baby?,tile copy (title + blurb),Does it make a smarter baby?,The claim the whole market is built on.,Mind and body,14,1,placeholder,v3,lib/ttc/focus/ttc_focus_mind_body.dart,"The words on the card, which decide whether anything behind it gets opened."
ttc,Doors — Mind and body,TTC home > Mind and body > Understand > What garbh sanskar is > Does it make a smarter baby?,myth-fact,Does it make a smarter baby?,Myth: Doing this shapes your baby's intelligence and nature.,Mind and body,73,1,clinical-review-owed,v3,lib/ttc/focus/ttc_focus_mind_body.dart,"A claim and its correction. Wrong here is worse than silent, so it needs a clinician."
ttc,Doors — Mind and body,TTC home > Mind and body > Understand > What a practice is actually for > What a daily practice is for,tile copy (title + blurb),What a daily practice is for,Not an outcome. Something more useful than that.,Mind and body,14,1,placeholder,v3,lib/ttc/focus/ttc_focus_mind_body.dart,"The words on the card, which decide whether anything behind it gets opened."
ttc,Doors — Mind and body,"TTC home > Mind and body > Understand > What a practice is actually for > Five minutes, and not as a target",tile copy (title + blurb),"Five minutes, and not as a target",Why the number is small on purpose.,Mind and body,14,1,placeholder,v3,lib/ttc/focus/ttc_focus_mind_body.dart,"The words on the card, which decide whether anything behind it gets opened."
ttc,Doors — Mind and body,TTC home > Mind and body > The practice > Go deeper > A longer session this week,tile copy (title + blurb),A longer session this week,"One longer practice, for a day you have the time.",Mind and body,15,1,placeholder,v3,lib/ttc/focus/ttc_focus_mind_body.dart,"The words on the card, which decide whether anything behind it gets opened."
ttc,Doors — Mind and body,"TTC home > Mind and body > The practice > Go deeper > The free garbh sanskar course, eight sessions",tile copy (title + blurb),"The free garbh sanskar course, eight sessions","Both of you, taught properly rather than described. No fee.",Mind and body,17,1,placeholder,v3,lib/ttc/focus/ttc_focus_mind_body.dart,"The words on the card, which decide whether anything behind it gets opened."
ttc,Doors — Mind and body,TTC home > Mind and body > Getting ready > Food and supplements > What to eat before you start,tile copy (title + blurb),What to eat before you start,"Owned by Getting ready. Real food, no targets.",Mind and body,14,1,placeholder,v3,lib/ttc/focus/ttc_focus_mind_body.dart,"The words on the card, which decide whether anything behind it gets opened."
ttc,Doors — Mind and body,"TTC home > Mind and body > Getting ready > Food and supplements > Folic acid, and when to start it",tile copy (title + blurb),"Folic acid, and when to start it",The one item here with genuinely strong evidence.,Mind and body,15,1,placeholder,v3,lib/ttc/focus/ttc_focus_mind_body.dart,"The words on the card, which decide whether anything behind it gets opened."
ttc,Doors — Mind and body,"TTC home > Mind and body > Getting ready > Food and supplements > Vitamin D, B12 and iron",tile copy (title + blurb),"Vitamin D, B12 and iron","When to start what, and how early.",Mind and body,12,1,placeholder,v3,lib/ttc/focus/ttc_focus_mind_body.dart,"The words on the card, which decide whether anything behind it gets opened."
ttc,Doors — Mind and body,"TTC home > Mind and body > Getting ready > Habits worth changing > Smoking and tobacco, in every form",tile copy (title + blurb),"Smoking and tobacco, in every form",Including being around it.,Mind and body,10,1,placeholder,v3,lib/ttc/focus/ttc_focus_mind_body.dart,"The words on the card, which decide whether anything behind it gets opened."
ttc,Doors — Mind and body,"TTC home > Mind and body > Getting ready > Habits worth changing > Alcohol, honestly",tile copy (title + blurb),"Alcohol, honestly","What is known, without the scolding.",Mind and body,8,1,placeholder,v3,lib/ttc/focus/ttc_focus_mind_body.dart,"The words on the card, which decide whether anything behind it gets opened."
ttc,Doors — Mind and body,"TTC home > Mind and body > Getting ready > Habits worth changing > Weight, said kindly",tile copy (title + blurb),"Weight, said kindly","In both directions, and with no number to hit.",Mind and body,12,1,placeholder,v3,lib/ttc/focus/ttc_focus_mind_body.dart,"The words on the card, which decide whether anything behind it gets opened."
ttc,Doors — Mind and body,TTC home > Mind and body > Getting ready > Checks worth doing > Tests before you start trying,tile copy (title + blurb),Tests before you start trying,The blood tests worth doing once.,Mind and body,11,1,placeholder,v3,lib/ttc/focus/ttc_focus_mind_body.dart,"The words on the card, which decide whether anything behind it gets opened."
ttc,Doors — Mind and body,TTC home > Mind and body > Getting ready > Checks worth doing > Vaccines to check,tile copy (title + blurb),Vaccines to check,And why the timing matters more than the list.,Mind and body,12,1,placeholder,v3,lib/ttc/focus/ttc_focus_mind_body.dart,"The words on the card, which decide whether anything behind it gets opened."
ttc,Doors — Mind and body,TTC home > Mind and body > Getting ready > Checks worth doing > His part of this,tile copy (title + blurb),His part of this,Half of this is his. His side has the whole of it.,Mind and body,16,1,placeholder,v3,lib/ttc/focus/ttc_focus_mind_body.dart,"The words on the card, which decide whether anything behind it gets opened."
ttc,Doors — Mind and body,TTC home > Mind and body > Getting ready > Sleep and routine > Why sleep matters when you are trying,tile copy (title + blurb),Why sleep matters when you are trying,Not because it makes conception happen.,Mind and body,13,1,placeholder,v3,lib/ttc/focus/ttc_focus_mind_body.dart,"The words on the card, which decide whether anything behind it gets opened."
ttc,Doors — Mind and body,TTC home > Mind and body > Getting ready > Sleep and routine > Fixing a bedtime you will actually keep,tile copy (title + blurb),Fixing a bedtime you will actually keep,Bedtimes fail for three reasons. None is willpower.,Mind and body,15,1,placeholder,v3,lib/ttc/focus/ttc_focus_mind_body.dart,"The words on the card, which decide whether anything behind it gets opened."
ttc,Doors — Mind and body,TTC home > Mind and body > Getting ready > Sleep and routine > Ways to stay calm,tile copy (title + blurb),Ways to stay calm,"What a practice is for, in the article that argues it.",Mind and body,15,1,placeholder,v3,lib/ttc/focus/ttc_focus_mind_body.dart,"The words on the card, which decide whether anything behind it gets opened."
ttc,Doors — Mind and body,TTC home > Mind and body > Talk > The people around you > What to say to people who keep offering this advice,tile copy (title + blurb),What to say to people who keep offering this advice,One short sentence that ends it without a fight.,Mind and body,19,1,placeholder,v3,lib/ttc/focus/ttc_focus_mind_body.dart,"The words on the card, which decide whether anything behind it gets opened."
ttc,Doors — Mind and body,TTC home > Mind and body > Talk > The people around you > When family keeps asking,tile copy (title + blurb),When family keeps asking,"What to say, what you owe them, and what you do not.",Mind and body,16,1,placeholder,v3,lib/ttc/focus/ttc_focus_mind_body.dart,"The words on the card, which decide whether anything behind it gets opened."
ttc,Doors — Mind and body,TTC home > Mind and body > Talk > Talk to someone > Bringing him into this,tile copy (title + blurb),Bringing him into this,"Why it becomes one person's job, and what changes it.",Mind and body,14,1,placeholder,v3,lib/ttc/focus/ttc_focus_mind_body.dart,"The words on the card, which decide whether anything behind it gets opened."
ttc,Doors — Mind and body,TTC home > Mind and body > Talk > Talk to someone > Talking to a psychologist,tile copy (title + blurb),Talking to a psychologist,A private conversation with someone who does this work. ₹799.,Mind and body,14,1,placeholder,v3,lib/ttc/focus/ttc_focus_mind_body.dart,"The words on the card, which decide whether anything behind it gets opened."
ttc,Doors — After a loss,"TTC home > After a loss > Your body > What's happening now > Physical recovery, in plain terms",tile copy (title + blurb),"Physical recovery, in plain terms","Bleeding, hormones, when your cycle comes back, and what to expect if you had a procedure.",After a loss,21,1,placeholder,v3,lib/ttc/focus/ttc_focus_after_loss.dart,"The words on the card, which decide whether anything behind it gets opened."
ttc,Doors — After a loss,TTC home > After a loss > Your body > What's happening now > What normal bleeding and spotting looks like,tile copy (title + blurb),What normal bleeding and spotting looks like,"How long, how heavy, and how it differs depending on how the loss was managed.",After a loss,22,1,placeholder,v3,lib/ttc/focus/ttc_focus_after_loss.dart,"The words on the card, which decide whether anything behind it gets opened."
ttc,Doors — After a loss,TTC home > After a loss > Your body > What's happening now > What the next few weeks look like,tile copy (title + blurb),What the next few weeks look like,"Walked through gently, by a doctor who does this.",After a loss,16,1,placeholder,v3,lib/ttc/focus/ttc_focus_after_loss.dart,"The words on the card, which decide whether anything behind it gets opened."
ttc,Doors — After a loss,TTC home > After a loss > Your body > The parts that get missed > Rh status and retained tissue,tile copy (title + blurb),Rh status and retained tissue,The two follow-ups that get missed. One of them has a seventy-two hour window.,After a loss,19,1,placeholder,v3,lib/ttc/focus/ttc_focus_after_loss.dart,"The words on the card, which decide whether anything behind it gets opened."
ttc,Doors — After a loss,TTC home > After a loss > Your body > The parts that get missed > You can ovulate before your first period,tile copy (title + blurb),You can ovulate before your first period,Which matters a great deal if you are not ready.,After a loss,17,1,placeholder,v3,lib/ttc/focus/ttc_focus_after_loss.dart,"The words on the card, which decide whether anything behind it gets opened."
ttc,Doors — After a loss,TTC home > After a loss > Your body > The parts that get missed > You can ovulate before your first period,myth-fact,You can ovulate before your first period,Myth: You cannot get pregnant again until your period comes back.,After a loss,93,1,clinical-review-owed,v3,lib/ttc/focus/ttc_focus_after_loss.dart,"A claim and its correction. Wrong here is worse than silent, so it needs a clinician."
ttc,Doors — After a loss,TTC home > After a loss > Understand > Was this preventable? > It was almost certainly not preventable,tile copy (title + blurb),It was almost certainly not preventable,"Most early losses are a chromosomal error present from the beginning. Not inherited, not caused, not preventable.",After a loss,23,1,placeholder,v3,lib/ttc/focus/ttc_focus_after_loss.dart,"The words on the card, which decide whether anything behind it gets opened."
ttc,Doors — After a loss,TTC home > After a loss > Understand > Was this preventable? > A miscarriage is not a pattern,tile copy (title + blurb),A miscarriage is not a pattern,One loss does not change what comes next.,After a loss,14,1,placeholder,v3,lib/ttc/focus/ttc_focus_after_loss.dart,"The words on the card, which decide whether anything behind it gets opened."
ttc,Doors — After a loss,TTC home > After a loss > Understand > Was this preventable? > A miscarriage is not a pattern,myth-fact,A miscarriage is not a pattern,Myth: One miscarriage means it is likely to happen again.,After a loss,78,1,clinical-review-owed,v3,lib/ttc/focus/ttc_focus_after_loss.dart,"A claim and its correction. Wrong here is worse than silent, so it needs a clinician."
ttc,Doors — After a loss,TTC home > After a loss > Understand > When it's worth looking further > When investigation is worth asking for,tile copy (title + blurb),When investigation is worth asking for,"After two losses, not three. ESHRE moved that threshold and many places have not caught up.",After a loss,22,1,placeholder,v3,lib/ttc/focus/ttc_focus_after_loss.dart,"The words on the card, which decide whether anything behind it gets opened."
ttc,Doors — After a loss,"TTC home > After a loss > Trying again > When, and who decides > On trying again",tile copy (title + blurb),On trying again,"When it is safe, what the evidence actually says about waiting, and who decides.",After a loss,17,1,placeholder,v3,lib/ttc/focus/ttc_focus_after_loss.dart,"The words on the card, which decide whether anything behind it gets opened."
ttc,Doors — After a loss,"TTC home > After a loss > Trying again > When, and who decides > The six-month wait, and where it came from",tile copy (title + blurb),"The six-month wait, and where it came from","One 2007 recommendation, one study, and what the evidence has done since.",After a loss,20,1,placeholder,v3,lib/ttc/focus/ttc_focus_after_loss.dart,"The words on the card, which decide whether anything behind it gets opened."
ttc,Doors — After a loss,"TTC home > After a loss > Trying again > When, and who decides > The six-month wait, and where it came from",myth-fact,"The six-month wait, and where it came from",Myth: You have to wait three to six months before trying again.,After a loss,122,1,clinical-review-owed,v3,lib/ttc/focus/ttc_focus_after_loss.dart,"A claim and its correction. Wrong here is worse than silent, so it needs a clinician."
ttc,Doors — After a loss,TTC home > After a loss > Trying again > If and when you do > What to do differently next time,tile copy (title + blurb),What to do differently next time,"A short list, and a shorter one than the internet suggests.",After a loss,17,1,placeholder,v3,lib/ttc/focus/ttc_focus_after_loss.dart,"The words on the card, which decide whether anything behind it gets opened."
ttc,Doors — After a loss,TTC home > After a loss > Support > People who have been here > Loss & Recovery room,tile copy (title + blurb),Loss & Recovery room,"Held gently. No timelines, no silver linings, and no advice unless it is asked for.",After a loss,19,1,placeholder,v3,lib/ttc/focus/ttc_focus_after_loss.dart,"The words on the card, which decide whether anything behind it gets opened."
ttc,Doors — After a loss,TTC home > After a loss > Support > People who have been here > Your Care Circle,tile copy (title + blurb),Your Care Circle,The people you chose. As much or as little as you want.,After a loss,15,1,placeholder,v3,lib/ttc/focus/ttc_focus_after_loss.dart,"The words on the card, which decide whether anything behind it gets opened."
ttc,Doors — After a loss,"TTC home > After a loss > Support > Talk to someone > After a loss, four sessions",tile copy (title + blurb),"After a loss, four sessions","A small group, led by a counsellor, over four weeks. With people who are where you are.",After a loss,22,1,placeholder,v3,lib/ttc/focus/ttc_focus_after_loss.dart,"The words on the card, which decide whether anything behind it gets opened."
ttc,Doors — After a loss,TTC home > After a loss > Support > Talk to someone > Talking to someone who does this,tile copy (title + blurb),Talking to someone who does this,"A counsellor who works with pregnancy loss, or a doctor who can look at what happened. At your pace.",After a loss,25,1,placeholder,v3,lib/ttc/focus/ttc_focus_after_loss.dart,"The words on the card, which decide whether anything behind it gets opened."
ttc,Doors — After a loss,"TTC home > After a loss > (article or guide card) > Physical recovery, in plain terms",read/article,"Physical recovery, in plain terms","What the body does over the next few weeks, what is normal, and the small number of things that need a doctor today.",After a loss,1125,1,clinical-review-owed,v3,lib/ttc/reads/ttc_reads_after_loss.dart,"6 sections, 4 FAQs. Byline ""Dr. Ananya Rao, Gynaecologist · 14 years · reviewed August 2026"". evidence. Hero film slot ttc_vid_loss_recovery."
ttc,Doors — After a loss,"TTC home > After a loss > Physical recovery, in plain terms > foot of the piece",red-flag callout,"When to see someone — Physical recovery, in plain terms",The sentence that says stop reading and call somebody,After a loss,0,1,clinical-review-owed,v3,lib/ttc/reads/ttc_reads_after_loss.dart,"Required on every read. The highest-consequence copy in the app: it must be doctor-written, not doctor-reviewed."
ttc,Doors — After a loss,"TTC home > After a loss > Physical recovery, in plain terms > questions",faq,"FAQs — Physical recovery, in plain terms",The questions she was too embarrassed to type,After a loss,0,4,clinical-review-owed,v3,lib/ttc/reads/ttc_reads_after_loss.dart,
ttc,Doors — After a loss,TTC home > After a loss > (article or guide card) > On trying again,read/article,On trying again,"What the evidence says about waiting, what your body needs, and the part no evidence can answer.",After a loss,1211,1,clinical-review-owed,v3,lib/ttc/reads/ttc_reads_after_loss.dart,"5 sections, 4 FAQs. Byline ""Dr. Ananya Rao, Gynaecologist · 14 years · reviewed August 2026"". evidence."
ttc,Doors — After a loss,TTC home > After a loss > On trying again > foot of the piece,red-flag callout,When to see someone — On trying again,The sentence that says stop reading and call somebody,After a loss,0,1,clinical-review-owed,v3,lib/ttc/reads/ttc_reads_after_loss.dart,"Required on every read. The highest-consequence copy in the app: it must be doctor-written, not doctor-reviewed."
ttc,Doors — After a loss,TTC home > After a loss > On trying again > questions,faq,FAQs — On trying again,The questions she was too embarrassed to type,After a loss,0,4,clinical-review-owed,v3,lib/ttc/reads/ttc_reads_after_loss.dart,
ttc,Doors — Conceiving & the fertile window,TTC home > Conceiving & the fertile window > (article or guide card) > How conception actually works,read/article,How conception actually works,"The mechanism, in plain words — what a cycle is doing, what ovulation actually is, and why so much of this is invisible.",Conceiving & the fertile window,1292,1,clinical-review-owed,v3,lib/ttc/reads/ttc_reads_conceiving.dart,"6 sections, 4 FAQs. Byline ""Dr. Ananya Rao, Gynaecologist · 14 years · reviewed August 2026"". evidence."
ttc,Doors — Conceiving & the fertile window,TTC home > Conceiving & the fertile window > How conception actually works > foot of the piece,red-flag callout,When to see someone — How conception actually works,The sentence that says stop reading and call somebody,Conceiving & the fertile window,0,1,clinical-review-owed,v3,lib/ttc/reads/ttc_reads_conceiving.dart,"Required on every read. The highest-consequence copy in the app: it must be doctor-written, not doctor-reviewed."
ttc,Doors — Conceiving & the fertile window,TTC home > Conceiving & the fertile window > How conception actually works > questions,faq,FAQs — How conception actually works,The questions she was too embarrassed to type,Conceiving & the fertile window,0,4,clinical-review-owed,v3,lib/ttc/reads/ttc_reads_conceiving.dart,
ttc,Doors — Conceiving & the fertile window,"TTC home > Conceiving & the fertile window > (article or guide card) > Timing, and the advice worth putting down",read/article,"Timing, and the advice worth putting down","When it actually matters, how often, and which of the things you have been told do nothing at all.",Conceiving & the fertile window,1245,1,clinical-review-owed,v3,lib/ttc/reads/ttc_reads_conceiving.dart,"8 sections, 5 FAQs. Byline ""Dr. Ananya Rao, Gynaecologist · 14 years · reviewed August 2026"". evidence. Hero film slot ttc_vid_timing_myths."
ttc,Doors — Conceiving & the fertile window,"TTC home > Conceiving & the fertile window > Timing, and the advice worth putting down > foot of the piece",red-flag callout,"When to see someone — Timing, and the advice worth putting down",The sentence that says stop reading and call somebody,Conceiving & the fertile window,0,1,clinical-review-owed,v3,lib/ttc/reads/ttc_reads_conceiving.dart,"Required on every read. The highest-consequence copy in the app: it must be doctor-written, not doctor-reviewed."
ttc,Doors — Conceiving & the fertile window,"TTC home > Conceiving & the fertile window > Timing, and the advice worth putting down > questions",faq,"FAQs — Timing, and the advice worth putting down",The questions she was too embarrassed to type,Conceiving & the fertile window,0,5,clinical-review-owed,v3,lib/ttc/reads/ttc_reads_conceiving.dart,
ttc,Doors — Conceiving & the fertile window,TTC home > Conceiving & the fertile window > (article or guide card) > Ovulation kits: do they help?,read/article,Ovulation kits: do they help?,"Sometimes, and for a narrower set of people than the box suggests. Here is when a kit earns its money, and when it only tells you what your body already told you.",Conceiving & the fertile window,1034,1,clinical-review-owed,v3,lib/ttc/reads/ttc_reads_conceiving.dart,"6 sections, 3 FAQs. Byline ""Dr. Ananya Rao, Gynaecologist, 14 years, reviewed August 2026"". evidence."
ttc,Doors — Conceiving & the fertile window,TTC home > Conceiving & the fertile window > Ovulation kits: do they help? > foot of the piece,red-flag callout,When to see someone — Ovulation kits: do they help?,The sentence that says stop reading and call somebody,Conceiving & the fertile window,0,1,clinical-review-owed,v3,lib/ttc/reads/ttc_reads_conceiving.dart,"Required on every read. The highest-consequence copy in the app: it must be doctor-written, not doctor-reviewed."
ttc,Doors — Conceiving & the fertile window,TTC home > Conceiving & the fertile window > Ovulation kits: do they help? > questions,faq,FAQs — Ovulation kits: do they help?,The questions she was too embarrassed to type,Conceiving & the fertile window,0,3,clinical-review-owed,v3,lib/ttc/reads/ttc_reads_conceiving.dart,
ttc,Doors — Getting ready,TTC home > Getting ready > (article or guide card) > The three months before,read/article,The three months before,"Why this particular window, what folic acid is actually doing, and how much weight really matters — for both of you.",Getting ready,1567,1,clinical-review-owed,v3,lib/ttc/reads/ttc_reads_getting_ready.dart,"6 sections, 4 FAQs. Byline ""Meghna Iyer, Fertility nutritionist · reviewed August 2026"". evidence. Hero film slot ttc_vid_three_months_before."
ttc,Doors — Getting ready,TTC home > Getting ready > The three months before > foot of the piece,red-flag callout,When to see someone — The three months before,The sentence that says stop reading and call somebody,Getting ready,0,1,clinical-review-owed,v3,lib/ttc/reads/ttc_reads_getting_ready.dart,"Required on every read. The highest-consequence copy in the app: it must be doctor-written, not doctor-reviewed."
ttc,Doors — Getting ready,TTC home > Getting ready > The three months before > questions,faq,FAQs — The three months before,The questions she was too embarrassed to type,Getting ready,0,4,clinical-review-owed,v3,lib/ttc/reads/ttc_reads_getting_ready.dart,
ttc,Doors — Getting ready,TTC home > Getting ready > (article or guide card) > The tests and vaccinations worth doing first,read/article,The tests and vaccinations worth doing first,"A short list of errands, done once — including two vaccines that need a month of notice, and one blood test that matters more in India than almost anywhere else.",Getting ready,1646,1,clinical-review-owed,v3,lib/ttc/reads/ttc_reads_getting_ready.dart,"6 sections, 4 FAQs. Byline ""Dr. Ananya Rao, Gynaecologist · 14 years · reviewed August 2026"". evidence. Hero film slot ttc_vid_preconception_tests."
ttc,Doors — Getting ready,TTC home > Getting ready > The tests and vaccinations worth doing first > foot of the piece,red-flag callout,When to see someone — The tests and vaccinations worth doing first,The sentence that says stop reading and call somebody,Getting ready,0,1,clinical-review-owed,v3,lib/ttc/reads/ttc_reads_getting_ready.dart,"Required on every read. The highest-consequence copy in the app: it must be doctor-written, not doctor-reviewed."
ttc,Doors — Getting ready,TTC home > Getting ready > The tests and vaccinations worth doing first > questions,faq,FAQs — The tests and vaccinations worth doing first,The questions she was too embarrassed to type,Getting ready,0,4,clinical-review-owed,v3,lib/ttc/reads/ttc_reads_getting_ready.dart,
ttc,Doors — Getting ready,"TTC home > Getting ready > (article or guide card) > Folic acid: why she needs it before, not after",read/article,"Folic acid: why she needs it before, not after","The one item on the whole preparation list with the strongest evidence behind it, and the one whose timing is most often missed.",Getting ready,967,1,clinical-review-owed,v3,lib/ttc/reads/ttc_reads_getting_ready.dart,"6 sections, 3 FAQs. Byline ""Dr. Ananya Rao, Gynaecologist, 14 years, reviewed August 2026"". evidence."
ttc,Doors — Getting ready,"TTC home > Getting ready > Folic acid: why she needs it before, not after > foot of the piece",red-flag callout,"When to see someone — Folic acid: why she needs it before, not after",The sentence that says stop reading and call somebody,Getting ready,0,1,clinical-review-owed,v3,lib/ttc/reads/ttc_reads_getting_ready.dart,"Required on every read. The highest-consequence copy in the app: it must be doctor-written, not doctor-reviewed."
ttc,Doors — Getting ready,"TTC home > Getting ready > Folic acid: why she needs it before, not after > questions",faq,"FAQs — Folic acid: why she needs it before, not after",The questions she was too embarrassed to type,Getting ready,0,3,clinical-review-owed,v3,lib/ttc/reads/ttc_reads_getting_ready.dart,
ttc,Doors — Getting ready,TTC home > Getting ready > (article or guide card) > What to cut before trying,read/article,What to cut before trying,"A short list, and it is shorter than the internet suggests. Three things that genuinely matter, and several that do not.",Getting ready,1009,1,clinical-review-owed,v3,lib/ttc/reads/ttc_reads_getting_ready.dart,"6 sections, 3 FAQs. Byline ""Dr. Meera Krishnan, Fertility specialist, 16 years, reviewed August 2026"". evidence."
ttc,Doors — Getting ready,TTC home > Getting ready > What to cut before trying > foot of the piece,red-flag callout,When to see someone — What to cut before trying,The sentence that says stop reading and call somebody,Getting ready,0,1,clinical-review-owed,v3,lib/ttc/reads/ttc_reads_getting_ready.dart,"Required on every read. The highest-consequence copy in the app: it must be doctor-written, not doctor-reviewed."
ttc,Doors — Getting ready,TTC home > Getting ready > What to cut before trying > questions,faq,FAQs — What to cut before trying,The questions she was too embarrassed to type,Getting ready,0,3,clinical-review-owed,v3,lib/ttc/reads/ttc_reads_getting_ready.dart,
ttc,Doors — Getting ready,"TTC home > Getting ready > (article or guide card) > When to start what, and how early",read/article,"When to start what, and how early",Folic acid has a deadline that has already passed by the time most people find out. Almost nothing else does.,Getting ready,1103,1,clinical-review-owed,v3,lib/ttc/reads/ttc_reads_getting_ready.dart,"7 sections, 3 FAQs. Byline ""Dr. Meera Krishnan, Fertility specialist, 16 years, reviewed August 2026"". evidence."
ttc,Doors — Getting ready,"TTC home > Getting ready > When to start what, and how early > foot of the piece",red-flag callout,"When to see someone — When to start what, and how early",The sentence that says stop reading and call somebody,Getting ready,0,1,clinical-review-owed,v3,lib/ttc/reads/ttc_reads_getting_ready.dart,"Required on every read. The highest-consequence copy in the app: it must be doctor-written, not doctor-reviewed."
ttc,Doors — Getting ready,"TTC home > Getting ready > When to start what, and how early > questions",faq,"FAQs — When to start what, and how early",The questions she was too embarrassed to type,Getting ready,0,3,clinical-review-owed,v3,lib/ttc/reads/ttc_reads_getting_ready.dart,
ttc,Doors — Getting ready,"TTC home > Getting ready > (article or guide card) > Weight before pregnancy, said kindly",read/article,"Weight before pregnancy, said kindly","Weight does affect fertility. It is also the subject people are hurt by most often, and the useful version of this conversation has no target in it.",Getting ready,1180,1,clinical-review-owed,v3,lib/ttc/reads/ttc_reads_getting_ready.dart,"6 sections, 3 FAQs. Byline ""Dr. Meera Krishnan, Fertility specialist, 16 years, reviewed August 2026"". evidence."
ttc,Doors — Getting ready,"TTC home > Getting ready > Weight before pregnancy, said kindly > foot of the piece",red-flag callout,"When to see someone — Weight before pregnancy, said kindly",The sentence that says stop reading and call somebody,Getting ready,0,1,clinical-review-owed,v3,lib/ttc/reads/ttc_reads_getting_ready.dart,"Required on every read. The highest-consequence copy in the app: it must be doctor-written, not doctor-reviewed."
ttc,Doors — Getting ready,"TTC home > Getting ready > Weight before pregnancy, said kindly > questions",faq,"FAQs — Weight before pregnancy, said kindly",The questions she was too embarrassed to type,Getting ready,0,3,clinical-review-owed,v3,lib/ttc/reads/ttc_reads_getting_ready.dart,
ttc,Doors — Getting ready,TTC home > Getting ready > (article or guide card) > Coming off birth control,read/article,Coming off birth control,"What returns quickly, what takes a while, and why the phrase ""let it clear out of your system"" is doing you no favours.",Getting ready,1070,1,clinical-review-owed,v3,lib/ttc/reads/ttc_reads_getting_ready.dart,"6 sections, 4 FAQs. Byline ""Dr. Meera Krishnan, Fertility specialist, 16 years, reviewed August 2026"". evidence."
ttc,Doors — Getting ready,TTC home > Getting ready > Coming off birth control > foot of the piece,red-flag callout,When to see someone — Coming off birth control,The sentence that says stop reading and call somebody,Getting ready,0,1,clinical-review-owed,v3,lib/ttc/reads/ttc_reads_getting_ready.dart,"Required on every read. The highest-consequence copy in the app: it must be doctor-written, not doctor-reviewed."
ttc,Doors — Getting ready,TTC home > Getting ready > Coming off birth control > questions,faq,FAQs — Coming off birth control,The questions she was too embarrassed to type,Getting ready,0,4,clinical-review-owed,v3,lib/ttc/reads/ttc_reads_getting_ready.dart,
ttc,Doors — Getting ready,TTC home > Getting ready > (article or guide card) > Medicines and conditions to check with a doctor,read/article,Medicines and conditions to check with a doctor,The appointment worth having before you start — and the one decision you should not make on your own.,Getting ready,1001,1,clinical-review-owed,v3,lib/ttc/reads/ttc_reads_getting_ready.dart,"5 sections, 4 FAQs. Byline ""Dr. Meera Krishnan, Fertility specialist, 16 years, reviewed August 2026"". evidence."
ttc,Doors — Getting ready,TTC home > Getting ready > Medicines and conditions to check with a doctor > foot of the piece,red-flag callout,When to see someone — Medicines and conditions to check with a doctor,The sentence that says stop reading and call somebody,Getting ready,0,1,clinical-review-owed,v3,lib/ttc/reads/ttc_reads_getting_ready.dart,"Required on every read. The highest-consequence copy in the app: it must be doctor-written, not doctor-reviewed."
ttc,Doors — Getting ready,TTC home > Getting ready > Medicines and conditions to check with a doctor > questions,faq,FAQs — Medicines and conditions to check with a doctor,The questions she was too embarrassed to type,Getting ready,0,4,clinical-review-owed,v3,lib/ttc/reads/ttc_reads_getting_ready.dart,
ttc,Doors — Getting ready,TTC home > Getting ready > (article or guide card) > The carrier screening that matters in India,read/article,The carrier screening that matters in India,"One inexpensive blood test, done once, that most Western preconception advice never mentions — and that matters here more than almost anywhere.",Getting ready,1330,1,clinical-review-owed,v3,lib/ttc/reads/ttc_reads_getting_ready.dart,"6 sections, 5 FAQs. Byline ""Dr. Meera Krishnan, Fertility specialist, 16 years, reviewed August 2026"". evidence."
ttc,Doors — Getting ready,TTC home > Getting ready > The carrier screening that matters in India > foot of the piece,red-flag callout,When to see someone — The carrier screening that matters in India,The sentence that says stop reading and call somebody,Getting ready,0,1,clinical-review-owed,v3,lib/ttc/reads/ttc_reads_getting_ready.dart,"Required on every read. The highest-consequence copy in the app: it must be doctor-written, not doctor-reviewed."
ttc,Doors — Getting ready,TTC home > Getting ready > The carrier screening that matters in India > questions,faq,FAQs — The carrier screening that matters in India,The questions she was too embarrassed to type,Getting ready,0,5,clinical-review-owed,v3,lib/ttc/reads/ttc_reads_getting_ready.dart,
ttc,Doors — His side,"TTC home > His side > (article or guide card) > Whose ""side"" is it, really",read/article,"Whose ""side"" is it, really","Half of this involves him, it is the fastest thing in the whole workup to check, and it is the half most often left uninvestigated for a year.",His side,1336,1,clinical-review-owed,v3,lib/ttc/reads/ttc_reads_his_side.dart,"5 sections, 4 FAQs. Byline ""Dr. Vikram Nair, Andrologist · 11 years · reviewed August 2026"". evidence. Hero film slot ttc_vid_whose_side."
ttc,Doors — His side,"TTC home > His side > Whose ""side"" is it, really > foot of the piece",red-flag callout,"When to see someone — Whose ""side"" is it, really",The sentence that says stop reading and call somebody,His side,0,1,clinical-review-owed,v3,lib/ttc/reads/ttc_reads_his_side.dart,"Required on every read. The highest-consequence copy in the app: it must be doctor-written, not doctor-reviewed."
ttc,Doors — His side,"TTC home > His side > Whose ""side"" is it, really > questions",faq,"FAQs — Whose ""side"" is it, really",The questions she was too embarrassed to type,His side,0,4,clinical-review-owed,v3,lib/ttc/reads/ttc_reads_his_side.dart,
ttc,Doors — His side,TTC home > His side > (article or guide card) > What a semen analysis actually involves,read/article,What a semen analysis actually involves,"How the test is done, what the numbers on the report mean, and why ""below normal"" does not mean what it looks like it means.",His side,1260,1,clinical-review-owed,v3,lib/ttc/reads/ttc_reads_his_side.dart,"5 sections, 4 FAQs. Byline ""Dr. Vikram Nair, Andrologist · 11 years · reviewed August 2026"". evidence. Hero film slot ttc_vid_semen_analysis."
ttc,Doors — His side,TTC home > His side > What a semen analysis actually involves > foot of the piece,red-flag callout,When to see someone — What a semen analysis actually involves,The sentence that says stop reading and call somebody,His side,0,1,clinical-review-owed,v3,lib/ttc/reads/ttc_reads_his_side.dart,"Required on every read. The highest-consequence copy in the app: it must be doctor-written, not doctor-reviewed."
ttc,Doors — His side,TTC home > His side > What a semen analysis actually involves > questions,faq,FAQs — What a semen analysis actually involves,The questions she was too embarrassed to type,His side,0,4,clinical-review-owed,v3,lib/ttc/reads/ttc_reads_his_side.dart,
ttc,Doors — His side,"TTC home > His side > (article or guide card) > Heat, habits and time",read/article,"Heat, habits and time","Three levers with real evidence behind them, roughly what each is worth, and how long before any of it shows up on a test.",His side,1268,1,clinical-review-owed,v3,lib/ttc/reads/ttc_reads_his_side.dart,"6 sections, 4 FAQs. Byline ""Dr. Vikram Nair, Andrologist · 11 years · reviewed August 2026"". evidence. Hero film slot ttc_vid_heat_habits."
ttc,Doors — His side,"TTC home > His side > Heat, habits and time > foot of the piece",red-flag callout,"When to see someone — Heat, habits and time",The sentence that says stop reading and call somebody,His side,0,1,clinical-review-owed,v3,lib/ttc/reads/ttc_reads_his_side.dart,"Required on every read. The highest-consequence copy in the app: it must be doctor-written, not doctor-reviewed."
ttc,Doors — His side,"TTC home > His side > Heat, habits and time > questions",faq,"FAQs — Heat, habits and time",The questions she was too embarrassed to type,His side,0,4,clinical-review-owed,v3,lib/ttc/reads/ttc_reads_his_side.dart,
ttc,Doors — His side,TTC home > His side > (article or guide card) > If no sperm is found,read/article,If no sperm is found,"It is not the end of the road, and it is the one result that goes to a specialist rather than to a second sample.",His side,1022,1,clinical-review-owed,v3,lib/ttc/reads/ttc_reads_his_side.dart,"6 sections, 3 FAQs. Byline ""Dr. Vikram Nair, Andrologist, 14 years, reviewed August 2026"". evidence."
ttc,Doors — His side,TTC home > His side > If no sperm is found > foot of the piece,red-flag callout,When to see someone — If no sperm is found,The sentence that says stop reading and call somebody,His side,0,1,clinical-review-owed,v3,lib/ttc/reads/ttc_reads_his_side.dart,"Required on every read. The highest-consequence copy in the app: it must be doctor-written, not doctor-reviewed."
ttc,Doors — His side,TTC home > His side > If no sperm is found > questions,faq,FAQs — If no sperm is found,The questions she was too embarrassed to type,His side,0,3,clinical-review-owed,v3,lib/ttc/reads/ttc_reads_his_side.dart,
ttc,Doors — His side,"TTC home > His side > (article or guide card) > The words on the report, in plain English",read/article,"The words on the report, in plain English","Every term on the page, said the way somebody would say it. No numbers to pass, no verdicts.",His side,1042,1,clinical-review-owed,v3,lib/ttc/reads/ttc_reads_his_side.dart,"7 sections, 3 FAQs. Byline ""Dr. Vikram Nair, Andrologist, 14 years, reviewed August 2026"". evidence."
ttc,Doors — His side,"TTC home > His side > The words on the report, in plain English > foot of the piece",red-flag callout,"When to see someone — The words on the report, in plain English",The sentence that says stop reading and call somebody,His side,0,1,clinical-review-owed,v3,lib/ttc/reads/ttc_reads_his_side.dart,"Required on every read. The highest-consequence copy in the app: it must be doctor-written, not doctor-reviewed."
ttc,Doors — His side,"TTC home > His side > The words on the report, in plain English > questions",faq,"FAQs — The words on the report, in plain English",The questions she was too embarrassed to type,His side,0,3,clinical-review-owed,v3,lib/ttc/reads/ttc_reads_his_side.dart,
ttc,Doors — His side,TTC home > His side > (article or guide card) > If the result is normal,read/article,If the result is normal,"What a normal semen analysis actually rules out, and the two things it does not.",His side,1046,1,clinical-review-owed,v3,lib/ttc/reads/ttc_reads_his_side.dart,"7 sections, 3 FAQs. Byline ""Dr. Vikram Nair, Andrologist, 14 years, reviewed August 2026"". evidence."
ttc,Doors — His side,TTC home > His side > If the result is normal > foot of the piece,red-flag callout,When to see someone — If the result is normal,The sentence that says stop reading and call somebody,His side,0,1,clinical-review-owed,v3,lib/ttc/reads/ttc_reads_his_side.dart,"Required on every read. The highest-consequence copy in the app: it must be doctor-written, not doctor-reviewed."
ttc,Doors — His side,TTC home > His side > If the result is normal > questions,faq,FAQs — If the result is normal,The questions she was too embarrassed to type,His side,0,3,clinical-review-owed,v3,lib/ttc/reads/ttc_reads_his_side.dart,
ttc,Doors — His side,TTC home > His side > (article or guide card) > If the first test is abnormal,read/article,If the first test is abnormal,"One low number is a reason to repeat, not a conclusion — and the reason why is the most useful thing on this page.",His side,993,1,clinical-review-owed,v3,lib/ttc/reads/ttc_reads_his_side.dart,"6 sections, 3 FAQs. Byline ""Dr. Vikram Nair, Andrologist, 14 years, reviewed August 2026"". evidence."
ttc,Doors — His side,TTC home > His side > If the first test is abnormal > foot of the piece,red-flag callout,When to see someone — If the first test is abnormal,The sentence that says stop reading and call somebody,His side,0,1,clinical-review-owed,v3,lib/ttc/reads/ttc_reads_his_side.dart,"Required on every read. The highest-consequence copy in the app: it must be doctor-written, not doctor-reviewed."
ttc,Doors — His side,TTC home > His side > If the first test is abnormal > questions,faq,FAQs — If the first test is abnormal,The questions she was too embarrassed to type,His side,0,3,clinical-review-owed,v3,lib/ttc/reads/ttc_reads_his_side.dart,
ttc,Doors — His side,TTC home > His side > (article or guide card) > The case for testing early,read/article,The case for testing early,"One test, widely available, inexpensive — and it answers a question a year of waiting cannot.",His side,998,1,clinical-review-owed,v3,lib/ttc/reads/ttc_reads_his_side.dart,"6 sections, 3 FAQs. Byline ""Dr. Vikram Nair, Andrologist · reviewed September 2026"". evidence."
ttc,Doors — His side,TTC home > His side > The case for testing early > foot of the piece,red-flag callout,When to see someone — The case for testing early,The sentence that says stop reading and call somebody,His side,0,1,clinical-review-owed,v3,lib/ttc/reads/ttc_reads_his_side.dart,"Required on every read. The highest-consequence copy in the app: it must be doctor-written, not doctor-reviewed."
ttc,Doors — His side,TTC home > His side > The case for testing early > questions,faq,FAQs — The case for testing early,The questions she was too embarrassed to type,His side,0,3,clinical-review-owed,v3,lib/ttc/reads/ttc_reads_his_side.dart,
ttc,Doors — His side,TTC home > His side > (article or guide card) > What three months looks like,read/article,What three months looks like,"The twelve-week plan: what to change in which week, and why the repeat test is booked on day one.",His side,1073,1,clinical-review-owed,v3,lib/ttc/reads/ttc_reads_his_side.dart,"7 sections, 3 FAQs. Byline ""Dr. Vikram Nair, Andrologist · reviewed September 2026"". evidence."
ttc,Doors — His side,TTC home > His side > What three months looks like > foot of the piece,red-flag callout,When to see someone — What three months looks like,The sentence that says stop reading and call somebody,His side,0,1,clinical-review-owed,v3,lib/ttc/reads/ttc_reads_his_side.dart,"Required on every read. The highest-consequence copy in the app: it must be doctor-written, not doctor-reviewed."
ttc,Doors — His side,TTC home > His side > What three months looks like > questions,faq,FAQs — What three months looks like,The questions she was too embarrassed to type,His side,0,3,clinical-review-owed,v3,lib/ttc/reads/ttc_reads_his_side.dart,
ttc,Doors — His side,"TTC home > His side > (article or guide card) > Zinc and CoQ10, honestly",read/article,"Zinc and CoQ10, honestly","The two supplements with any evidence at all — what the evidence actually shows, what they cost, and what they cannot replace.",His side,1103,1,clinical-review-owed,v3,lib/ttc/reads/ttc_reads_his_side.dart,"7 sections, 4 FAQs. Byline ""Dr. Vikram Nair, Andrologist · reviewed September 2026"". evidence."
ttc,Doors — His side,"TTC home > His side > Zinc and CoQ10, honestly > foot of the piece",red-flag callout,"When to see someone — Zinc and CoQ10, honestly",The sentence that says stop reading and call somebody,His side,0,1,clinical-review-owed,v3,lib/ttc/reads/ttc_reads_his_side.dart,"Required on every read. The highest-consequence copy in the app: it must be doctor-written, not doctor-reviewed."
ttc,Doors — His side,"TTC home > His side > Zinc and CoQ10, honestly > questions",faq,"FAQs — Zinc and CoQ10, honestly",The questions she was too embarrassed to type,His side,0,4,clinical-review-owed,v3,lib/ttc/reads/ttc_reads_his_side.dart,
ttc,Doors — IVF and IUI,TTC home > IVF and IUI > (article or guide card) > When it is time to see someone,read/article,When it is time to see someone,"The guidance on how long to try, who should not wait it out, and what actually happens at a first appointment.",IVF and IUI,1253,1,clinical-review-owed,v3,lib/ttc/reads/ttc_reads_ivf.dart,"5 sections, 4 FAQs. Byline ""Dr. Ananya Rao, Gynaecologist · 14 years · reviewed August 2026"". evidence. Hero film slot ttc_vid_when_to_seek_help."
ttc,Doors — IVF and IUI,TTC home > IVF and IUI > When it is time to see someone > foot of the piece,red-flag callout,When to see someone — When it is time to see someone,The sentence that says stop reading and call somebody,IVF and IUI,0,1,clinical-review-owed,v3,lib/ttc/reads/ttc_reads_ivf.dart,"Required on every read. The highest-consequence copy in the app: it must be doctor-written, not doctor-reviewed."
ttc,Doors — IVF and IUI,TTC home > IVF and IUI > When it is time to see someone > questions,faq,FAQs — When it is time to see someone,The questions she was too embarrassed to type,IVF and IUI,0,4,clinical-review-owed,v3,lib/ttc/reads/ttc_reads_ivf.dart,
ttc,Doors — IVF and IUI,TTC home > IVF and IUI > (article or guide card) > What IUI and IVF actually involve,read/article,What IUI and IVF actually involve,"Step by step, in order, with the parts nobody warns you about — and an honest account of what each one asks of you.",IVF and IUI,1308,1,clinical-review-owed,v3,lib/ttc/reads/ttc_reads_ivf.dart,"4 sections, 5 FAQs. Byline ""Dr. Ananya Rao, Gynaecologist · 14 years · reviewed August 2026"". evidence. Hero film slot ttc_vid_ivf_walkthrough."
ttc,Doors — IVF and IUI,TTC home > IVF and IUI > What IUI and IVF actually involve > foot of the piece,red-flag callout,When to see someone — What IUI and IVF actually involve,The sentence that says stop reading and call somebody,IVF and IUI,0,1,clinical-review-owed,v3,lib/ttc/reads/ttc_reads_ivf.dart,"Required on every read. The highest-consequence copy in the app: it must be doctor-written, not doctor-reviewed."
ttc,Doors — IVF and IUI,TTC home > IVF and IUI > What IUI and IVF actually involve > questions,faq,FAQs — What IUI and IVF actually involve,The questions she was too embarrassed to type,IVF and IUI,0,5,clinical-review-owed,v3,lib/ttc/reads/ttc_reads_ivf.dart,
ttc,Doors — IVF and IUI,TTC home > IVF and IUI > (article or guide card) > How to read a clinic's success rate,read/article,How to read a clinic's success rate,Two clinics can quote very different numbers and both be telling the truth. What the number is counting is the part that matters.,IVF and IUI,1689,1,clinical-review-owed,v3,lib/ttc/reads/ttc_reads_ivf.dart,"8 sections, 4 FAQs. Byline ""Dr. Meera Krishnan, Fertility specialist, 16 years, reviewed August 2026"". evidence."
ttc,Doors — IVF and IUI,TTC home > IVF and IUI > How to read a clinic's success rate > foot of the piece,red-flag callout,When to see someone — How to read a clinic's success rate,The sentence that says stop reading and call somebody,IVF and IUI,0,1,clinical-review-owed,v3,lib/ttc/reads/ttc_reads_ivf.dart,"Required on every read. The highest-consequence copy in the app: it must be doctor-written, not doctor-reviewed."
ttc,Doors — IVF and IUI,TTC home > IVF and IUI > How to read a clinic's success rate > questions,faq,FAQs — How to read a clinic's success rate,The questions she was too embarrassed to type,IVF and IUI,0,4,clinical-review-owed,v3,lib/ttc/reads/ttc_reads_ivf.dart,
ttc,Doors — IVF and IUI,TTC home > IVF and IUI > (article or guide card) > What it actually costs in India,read/article,What it actually costs in India,"Real ranges as of 2026, what an advertised package leaves out, and the bills that arrive separately.",IVF and IUI,1141,1,clinical-review-owed,v3,lib/ttc/reads/ttc_reads_ivf.dart,"6 sections, 4 FAQs. Byline ""Dr. Ananya Rao, Gynaecologist · 14 years · reviewed August 2026"". evidence."
ttc,Doors — IVF and IUI,TTC home > IVF and IUI > What it actually costs in India > foot of the piece,red-flag callout,When to see someone — What it actually costs in India,The sentence that says stop reading and call somebody,IVF and IUI,0,1,clinical-review-owed,v3,lib/ttc/reads/ttc_reads_ivf.dart,"Required on every read. The highest-consequence copy in the app: it must be doctor-written, not doctor-reviewed."
ttc,Doors — IVF and IUI,TTC home > IVF and IUI > What it actually costs in India > questions,faq,FAQs — What it actually costs in India,The questions she was too embarrassed to type,IVF and IUI,0,4,clinical-review-owed,v3,lib/ttc/reads/ttc_reads_ivf.dart,
ttc,Doors — IVF and IUI,"TTC home > IVF and IUI > (article or guide card) > ICSI: when it is needed, and when it is routine",read/article,"ICSI: when it is needed, and when it is routine",An extra step inside IVF that is sometimes essential and is sometimes charged for anyway.,IVF and IUI,970,1,clinical-review-owed,v3,lib/ttc/reads/ttc_reads_ivf.dart,"5 sections, 3 FAQs. Byline ""Dr. Meera Krishnan, Fertility specialist, 16 years, reviewed August 2026"". evidence."
ttc,Doors — IVF and IUI,"TTC home > IVF and IUI > ICSI: when it is needed, and when it is routine > foot of the piece",red-flag callout,"When to see someone — ICSI: when it is needed, and when it is routine",The sentence that says stop reading and call somebody,IVF and IUI,0,1,clinical-review-owed,v3,lib/ttc/reads/ttc_reads_ivf.dart,"Required on every read. The highest-consequence copy in the app: it must be doctor-written, not doctor-reviewed."
ttc,Doors — IVF and IUI,"TTC home > IVF and IUI > ICSI: when it is needed, and when it is routine > questions",faq,"FAQs — ICSI: when it is needed, and when it is routine",The questions she was too embarrassed to type,IVF and IUI,0,3,clinical-review-owed,v3,lib/ttc/reads/ttc_reads_ivf.dart,
ttc,Doors — IVF and IUI,TTC home > IVF and IUI > (article or guide card) > What a fertility check actually involves,read/article,What a fertility check actually involves,"The tests, roughly when in the cycle they happen, and what each one is for — so the first appointment is not a surprise.",IVF and IUI,1053,1,clinical-review-owed,v3,lib/ttc/reads/ttc_reads_ivf.dart,"6 sections, 3 FAQs. Byline ""Dr. Meera Krishnan, Fertility specialist, 16 years, reviewed August 2026"". evidence."
ttc,Doors — IVF and IUI,TTC home > IVF and IUI > What a fertility check actually involves > foot of the piece,red-flag callout,When to see someone — What a fertility check actually involves,The sentence that says stop reading and call somebody,IVF and IUI,0,1,clinical-review-owed,v3,lib/ttc/reads/ttc_reads_ivf.dart,"Required on every read. The highest-consequence copy in the app: it must be doctor-written, not doctor-reviewed."
ttc,Doors — IVF and IUI,TTC home > IVF and IUI > What a fertility check actually involves > questions,faq,FAQs — What a fertility check actually involves,The questions she was too embarrassed to type,IVF and IUI,0,3,clinical-review-owed,v3,lib/ttc/reads/ttc_reads_ivf.dart,
ttc,Doors — IVF and IUI,"TTC home > IVF and IUI > (article or guide card) > The injections, honestly",read/article,"The injections, honestly","What you will actually be doing every evening for about two weeks, and what it feels like.",IVF and IUI,930,1,clinical-review-owed,v3,lib/ttc/reads/ttc_reads_ivf.dart,"5 sections, 3 FAQs. Byline ""Dr. Meera Krishnan, Fertility specialist, 16 years, reviewed August 2026"". evidence."
ttc,Doors — IVF and IUI,"TTC home > IVF and IUI > The injections, honestly > foot of the piece",red-flag callout,"When to see someone — The injections, honestly",The sentence that says stop reading and call somebody,IVF and IUI,0,1,clinical-review-owed,v3,lib/ttc/reads/ttc_reads_ivf.dart,"Required on every read. The highest-consequence copy in the app: it must be doctor-written, not doctor-reviewed."
ttc,Doors — IVF and IUI,"TTC home > IVF and IUI > The injections, honestly > questions",faq,"FAQs — The injections, honestly",The questions she was too embarrassed to type,IVF and IUI,0,3,clinical-review-owed,v3,lib/ttc/reads/ttc_reads_ivf.dart,
ttc,Doors — IVF and IUI,TTC home > IVF and IUI > (article or guide card) > OHSS: when to call the clinic,read/article,OHSS: when to call the clinic,"The one complication of stimulation worth knowing by name, what to watch for, and when not to wait until morning.",IVF and IUI,1014,1,clinical-review-owed,v3,lib/ttc/reads/ttc_reads_ivf.dart,"6 sections, 3 FAQs. Byline ""Dr. Meera Krishnan, Fertility specialist, 16 years, reviewed August 2026"". evidence."
ttc,Doors — IVF and IUI,TTC home > IVF and IUI > OHSS: when to call the clinic > foot of the piece,red-flag callout,When to see someone — OHSS: when to call the clinic,The sentence that says stop reading and call somebody,IVF and IUI,0,1,clinical-review-owed,v3,lib/ttc/reads/ttc_reads_ivf.dart,"Required on every read. The highest-consequence copy in the app: it must be doctor-written, not doctor-reviewed."
ttc,Doors — IVF and IUI,TTC home > IVF and IUI > OHSS: when to call the clinic > questions,faq,FAQs — OHSS: when to call the clinic,The questions she was too embarrassed to type,IVF and IUI,0,3,clinical-review-owed,v3,lib/ttc/reads/ttc_reads_ivf.dart,
ttc,Doors — IVF and IUI,TTC home > IVF and IUI > (article or guide card) > What a package leaves out,read/article,What a package leaves out,"The quoted price is rarely the final one. Here is what usually sits outside it, and the questions that make a quote comparable.",IVF and IUI,1062,1,clinical-review-owed,v3,lib/ttc/reads/ttc_reads_ivf.dart,"6 sections, 3 FAQs. Byline ""Dr. Meera Krishnan, Fertility specialist, 16 years, reviewed August 2026"". evidence."
ttc,Doors — IVF and IUI,TTC home > IVF and IUI > What a package leaves out > foot of the piece,red-flag callout,When to see someone — What a package leaves out,The sentence that says stop reading and call somebody,IVF and IUI,0,1,clinical-review-owed,v3,lib/ttc/reads/ttc_reads_ivf.dart,"Required on every read. The highest-consequence copy in the app: it must be doctor-written, not doctor-reviewed."
ttc,Doors — IVF and IUI,TTC home > IVF and IUI > What a package leaves out > questions,faq,FAQs — What a package leaves out,The questions she was too embarrassed to type,IVF and IUI,0,3,clinical-review-owed,v3,lib/ttc/reads/ttc_reads_ivf.dart,
ttc,Doors — IVF and IUI,TTC home > IVF and IUI > (article or guide card) > Is egg retrieval painful?,read/article,Is egg retrieval painful?,"What is actually done, what you are given for it, and what the days either side genuinely feel like.",IVF and IUI,1000,1,clinical-review-owed,v3,lib/ttc/reads/ttc_reads_ivf.dart,"6 sections, 4 FAQs. Byline ""Dr. Meera Krishnan, Fertility specialist, 16 years, reviewed August 2026"". evidence."
ttc,Doors — IVF and IUI,TTC home > IVF and IUI > Is egg retrieval painful? > foot of the piece,red-flag callout,When to see someone — Is egg retrieval painful?,The sentence that says stop reading and call somebody,IVF and IUI,0,1,clinical-review-owed,v3,lib/ttc/reads/ttc_reads_ivf.dart,"Required on every read. The highest-consequence copy in the app: it must be doctor-written, not doctor-reviewed."
ttc,Doors — IVF and IUI,TTC home > IVF and IUI > Is egg retrieval painful? > questions,faq,FAQs — Is egg retrieval painful?,The questions she was too embarrassed to type,IVF and IUI,0,4,clinical-review-owed,v3,lib/ttc/reads/ttc_reads_ivf.dart,
ttc,Doors — IVF and IUI,TTC home > IVF and IUI > (article or guide card) > Can I work through a cycle?,read/article,Can I work through a cycle?,"Most people do. What it actually asks of your calendar, which days are hard to move, and how much you have to tell anyone.",IVF and IUI,1235,1,clinical-review-owed,v3,lib/ttc/reads/ttc_reads_ivf.dart,"8 sections, 4 FAQs. Byline ""Dr. Meera Krishnan, Fertility specialist, 16 years, reviewed August 2026"". evidence."
ttc,Doors — IVF and IUI,TTC home > IVF and IUI > Can I work through a cycle? > foot of the piece,red-flag callout,When to see someone — Can I work through a cycle?,The sentence that says stop reading and call somebody,IVF and IUI,0,1,clinical-review-owed,v3,lib/ttc/reads/ttc_reads_ivf.dart,"Required on every read. The highest-consequence copy in the app: it must be doctor-written, not doctor-reviewed."
ttc,Doors — IVF and IUI,TTC home > IVF and IUI > Can I work through a cycle? > questions,faq,FAQs — Can I work through a cycle?,The questions she was too embarrassed to type,IVF and IUI,0,4,clinical-review-owed,v3,lib/ttc/reads/ttc_reads_ivf.dart,
ttc,Doors — Mind and body,"TTC home > Mind and body > (article or guide card) > Stress, and the thing everyone says about it",read/article,"Stress, and the thing everyone says about it","What the evidence actually shows, why ""just relax"" is both wrong and cruel, and what a daily practice is genuinely for.",Mind and body,1279,1,clinical-review-owed,v3,lib/ttc/reads/ttc_reads_mind_body.dart,"5 sections, 4 FAQs. Byline ""Dr. Sharanya Menon, Perinatal psychologist · reviewed August 2026"". evidence. Hero film slot ttc_vid_stress_fertility."
ttc,Doors — Mind and body,"TTC home > Mind and body > Stress, and the thing everyone says about it > foot of the piece",red-flag callout,"When to see someone — Stress, and the thing everyone says about it",The sentence that says stop reading and call somebody,Mind and body,0,1,clinical-review-owed,v3,lib/ttc/reads/ttc_reads_mind_body.dart,"Required on every read. The highest-consequence copy in the app: it must be doctor-written, not doctor-reviewed."
ttc,Doors — Mind and body,"TTC home > Mind and body > Stress, and the thing everyone says about it > questions",faq,"FAQs — Stress, and the thing everyone says about it",The questions she was too embarrassed to type,Mind and body,0,4,clinical-review-owed,v3,lib/ttc/reads/ttc_reads_mind_body.dart,
ttc,Doors — Mind and body,"TTC home > Mind and body > (article or guide card) > Preconception garbh sanskar, honestly",read/article,"Preconception garbh sanskar, honestly","What the tradition actually says, what it is good for, and what it does not claim — including for people who want the practice without the belief.",Mind and body,1179,1,clinical-review-owed,v3,lib/ttc/reads/ttc_reads_mind_body.dart,"4 sections, 4 FAQs. Byline ""Dr. Sharanya Menon, Perinatal psychologist · reviewed August 2026"". evidence. Hero film slot ttc_vid_garbh_preconception."
ttc,Doors — Mind and body,"TTC home > Mind and body > Preconception garbh sanskar, honestly > foot of the piece",red-flag callout,"When to see someone — Preconception garbh sanskar, honestly",The sentence that says stop reading and call somebody,Mind and body,0,1,clinical-review-owed,v3,lib/ttc/reads/ttc_reads_mind_body.dart,"Required on every read. The highest-consequence copy in the app: it must be doctor-written, not doctor-reviewed."
ttc,Doors — Mind and body,"TTC home > Mind and body > Preconception garbh sanskar, honestly > questions",faq,"FAQs — Preconception garbh sanskar, honestly",The questions she was too embarrassed to type,Mind and body,0,4,clinical-review-owed,v3,lib/ttc/reads/ttc_reads_mind_body.dart,
ttc,Doors — Mind and body,TTC home > Mind and body > (article or guide card) > Why sleep matters when you are trying,read/article,Why sleep matters when you are trying,Not because it makes conception happen. Because everything else you are trying to do gets harder without it.,Mind and body,1152,1,clinical-review-owed,v3,lib/ttc/reads/ttc_reads_mind_body.dart,"5 sections, 3 FAQs. Byline ""Dr. Sharanya Menon, Perinatal psychologist · reviewed August 2026"". evidence."
ttc,Doors — Mind and body,TTC home > Mind and body > Why sleep matters when you are trying > foot of the piece,red-flag callout,When to see someone — Why sleep matters when you are trying,The sentence that says stop reading and call somebody,Mind and body,0,1,clinical-review-owed,v3,lib/ttc/reads/ttc_reads_mind_body.dart,"Required on every read. The highest-consequence copy in the app: it must be doctor-written, not doctor-reviewed."
ttc,Doors — Mind and body,TTC home > Mind and body > Why sleep matters when you are trying > questions,faq,FAQs — Why sleep matters when you are trying,The questions she was too embarrassed to type,Mind and body,0,3,clinical-review-owed,v3,lib/ttc/reads/ttc_reads_mind_body.dart,
ttc,Doors — Mind and body,TTC home > Mind and body > (article or guide card) > Fixing a bedtime you will actually keep,read/article,Fixing a bedtime you will actually keep,Most bedtimes fail for the same three reasons. None of them is willpower.,Mind and body,1065,1,clinical-review-owed,v3,lib/ttc/reads/ttc_reads_mind_body.dart,"5 sections, 3 FAQs. Byline ""Dr. Sharanya Menon, Perinatal psychologist · reviewed August 2026"". evidence."
ttc,Doors — Mind and body,TTC home > Mind and body > Fixing a bedtime you will actually keep > foot of the piece,red-flag callout,When to see someone — Fixing a bedtime you will actually keep,The sentence that says stop reading and call somebody,Mind and body,0,1,clinical-review-owed,v3,lib/ttc/reads/ttc_reads_mind_body.dart,"Required on every read. The highest-consequence copy in the app: it must be doctor-written, not doctor-reviewed."
ttc,Doors — Mind and body,TTC home > Mind and body > Fixing a bedtime you will actually keep > questions,faq,FAQs — Fixing a bedtime you will actually keep,The questions she was too embarrassed to type,Mind and body,0,3,clinical-review-owed,v3,lib/ttc/reads/ttc_reads_mind_body.dart,
ttc,Doors — Mind and body,TTC home > Mind and body > (article or guide card) > When family keeps asking,read/article,When family keeps asking,"What to say, what you owe them, and how to stop the question arriving every week.",Mind and body,1019,1,clinical-review-owed,v3,lib/ttc/reads/ttc_reads_mind_body.dart,"5 sections, 3 FAQs. Byline ""Dr. Sharanya Menon, Perinatal psychologist · reviewed August 2026"". evidence."
ttc,Doors — Mind and body,TTC home > Mind and body > When family keeps asking > foot of the piece,red-flag callout,When to see someone — When family keeps asking,The sentence that says stop reading and call somebody,Mind and body,0,1,clinical-review-owed,v3,lib/ttc/reads/ttc_reads_mind_body.dart,"Required on every read. The highest-consequence copy in the app: it must be doctor-written, not doctor-reviewed."
ttc,Doors — Mind and body,TTC home > Mind and body > When family keeps asking > questions,faq,FAQs — When family keeps asking,The questions she was too embarrassed to type,Mind and body,0,3,clinical-review-owed,v3,lib/ttc/reads/ttc_reads_mind_body.dart,
ttc,Doors — Mind and body,TTC home > Mind and body > (article or guide card) > Bringing him into this,read/article,Bringing him into this,"Why it usually ends up being her project, and what actually changes that.",Mind and body,1040,1,clinical-review-owed,v3,lib/ttc/reads/ttc_reads_mind_body.dart,"5 sections, 3 FAQs. Byline ""Dr. Sharanya Menon, Perinatal psychologist · reviewed August 2026"". evidence."
ttc,Doors — Mind and body,TTC home > Mind and body > Bringing him into this > foot of the piece,red-flag callout,When to see someone — Bringing him into this,The sentence that says stop reading and call somebody,Mind and body,0,1,clinical-review-owed,v3,lib/ttc/reads/ttc_reads_mind_body.dart,"Required on every read. The highest-consequence copy in the app: it must be doctor-written, not doctor-reviewed."
ttc,Doors — Mind and body,TTC home > Mind and body > Bringing him into this > questions,faq,FAQs — Bringing him into this,The questions she was too embarrassed to type,Mind and body,0,3,clinical-review-owed,v3,lib/ttc/reads/ttc_reads_mind_body.dart,
ttc,Doors — PCOS,TTC home > PCOS > (article or guide card) > What PCOS is doing to your cycle,read/article,What PCOS is doing to your cycle,"Not a diagnosis, and not a verdict. What the pattern actually is, why it makes a cycle hard to read, and what genuinely shifts it.",PCOS,2288,1,clinical-review-owed,v3,lib/ttc/reads/ttc_reads_pcos.dart,"8 sections, 5 FAQs. Byline ""Dr. Ananya Rao, Gynaecologist · 14 years · reviewed August 2026"". evidence. Hero film slot ttc_vid_pcos_explained."
ttc,Doors — PCOS,TTC home > PCOS > What PCOS is doing to your cycle > foot of the piece,red-flag callout,When to see someone — What PCOS is doing to your cycle,The sentence that says stop reading and call somebody,PCOS,0,1,clinical-review-owed,v3,lib/ttc/reads/ttc_reads_pcos.dart,"Required on every read. The highest-consequence copy in the app: it must be doctor-written, not doctor-reviewed."
ttc,Doors — PCOS,TTC home > PCOS > What PCOS is doing to your cycle > questions,faq,FAQs — What PCOS is doing to your cycle,The questions she was too embarrassed to type,PCOS,0,5,clinical-review-owed,v3,lib/ttc/reads/ttc_reads_pcos.dart,
ttc,Doors — PCOS,TTC home > PCOS > (article or guide card) > What treatment usually looks like,read/article,What treatment usually looks like,"The order things are normally tried in, what each one is actually doing, and what to ask before you agree to any of it.",PCOS,1496,1,clinical-review-owed,v3,lib/ttc/reads/ttc_reads_pcos.dart,"6 sections, 5 FAQs. Byline ""Dr. Ananya Rao, Gynaecologist · 14 years · reviewed August 2026"". evidence. Hero film slot ttc_vid_pcos_treatment."
ttc,Doors — PCOS,TTC home > PCOS > What treatment usually looks like > foot of the piece,red-flag callout,When to see someone — What treatment usually looks like,The sentence that says stop reading and call somebody,PCOS,0,1,clinical-review-owed,v3,lib/ttc/reads/ttc_reads_pcos.dart,"Required on every read. The highest-consequence copy in the app: it must be doctor-written, not doctor-reviewed."
ttc,Doors — PCOS,TTC home > PCOS > What treatment usually looks like > questions,faq,FAQs — What treatment usually looks like,The questions she was too embarrassed to type,PCOS,0,5,clinical-review-owed,v3,lib/ttc/reads/ttc_reads_pcos.dart,
ttc,Doors — PCOS,"TTC home > PCOS > (article or guide card) > Food, insulin and PCOS",read/article,"Food, insulin and PCOS",What actually changes the blood-sugar curve in an Indian kitchen — and why nothing has to leave it.,PCOS,1446,1,clinical-review-owed,v3,lib/ttc/reads/ttc_reads_pcos.dart,"6 sections, 5 FAQs. Byline ""Meghna Iyer, Fertility nutritionist · reviewed August 2026"". evidence. Hero film slot ttc_vid_pcos_plate."
ttc,Doors — PCOS,"TTC home > PCOS > Food, insulin and PCOS > foot of the piece",red-flag callout,"When to see someone — Food, insulin and PCOS",The sentence that says stop reading and call somebody,PCOS,0,1,clinical-review-owed,v3,lib/ttc/reads/ttc_reads_pcos.dart,"Required on every read. The highest-consequence copy in the app: it must be doctor-written, not doctor-reviewed."
ttc,Doors — PCOS,"TTC home > PCOS > Food, insulin and PCOS > questions",faq,"FAQs — Food, insulin and PCOS",The questions she was too embarrassed to type,PCOS,0,5,clinical-review-owed,v3,lib/ttc/reads/ttc_reads_pcos.dart,
ttc,Doors — PCOS,"TTC home > PCOS > (article or guide card) > Irregular periods, explained",read/article,"Irregular periods, explained","What ""irregular"" actually means, why it happens, and why it is a symptom rather than a diagnosis.",PCOS,992,1,clinical-review-owed,v3,lib/ttc/reads/ttc_reads_pcos.dart,"5 sections, 3 FAQs. Byline ""Dr. Ananya Rao, Gynaecologist, 14 years, reviewed August 2026"". evidence."
ttc,Doors — PCOS,"TTC home > PCOS > Irregular periods, explained > foot of the piece",red-flag callout,"When to see someone — Irregular periods, explained",The sentence that says stop reading and call somebody,PCOS,0,1,clinical-review-owed,v3,lib/ttc/reads/ttc_reads_pcos.dart,"Required on every read. The highest-consequence copy in the app: it must be doctor-written, not doctor-reviewed."
ttc,Doors — PCOS,"TTC home > PCOS > Irregular periods, explained > questions",faq,"FAQs — Irregular periods, explained",The questions she was too embarrassed to type,PCOS,0,3,clinical-review-owed,v3,lib/ttc/reads/ttc_reads_pcos.dart,
ttc,Doors — PCOS,TTC home > PCOS > (article or guide card) > If a doctor says PCOS,read/article,If a doctor says PCOS,"What the diagnosis is actually based on, what it does and does not mean, and what to ask before you leave the room.",PCOS,1061,1,clinical-review-owed,v3,lib/ttc/reads/ttc_reads_pcos.dart,"6 sections, 3 FAQs. Byline ""Dr. Ananya Rao, Gynaecologist, 14 years, reviewed August 2026"". evidence."
ttc,Doors — PCOS,TTC home > PCOS > If a doctor says PCOS > foot of the piece,red-flag callout,When to see someone — If a doctor says PCOS,The sentence that says stop reading and call somebody,PCOS,0,1,clinical-review-owed,v3,lib/ttc/reads/ttc_reads_pcos.dart,"Required on every read. The highest-consequence copy in the app: it must be doctor-written, not doctor-reviewed."
ttc,Doors — PCOS,TTC home > PCOS > If a doctor says PCOS > questions,faq,FAQs — If a doctor says PCOS,The questions she was too embarrassed to type,PCOS,0,3,clinical-review-owed,v3,lib/ttc/reads/ttc_reads_pcos.dart,
ttc,Doors — PCOS,TTC home > PCOS > (article or guide card) > PCOS and ovulation,read/article,PCOS and ovulation,"Why the egg is usually fine and the release is the problem, and what that changes about trying.",PCOS,1023,1,clinical-review-owed,v3,lib/ttc/reads/ttc_reads_pcos.dart,"5 sections, 3 FAQs. Byline ""Dr. Ananya Rao, Gynaecologist, 14 years, reviewed August 2026"". evidence."
ttc,Doors — PCOS,TTC home > PCOS > PCOS and ovulation > foot of the piece,red-flag callout,When to see someone — PCOS and ovulation,The sentence that says stop reading and call somebody,PCOS,0,1,clinical-review-owed,v3,lib/ttc/reads/ttc_reads_pcos.dart,"Required on every read. The highest-consequence copy in the app: it must be doctor-written, not doctor-reviewed."
ttc,Doors — PCOS,TTC home > PCOS > PCOS and ovulation > questions,faq,FAQs — PCOS and ovulation,The questions she was too embarrassed to type,PCOS,0,3,clinical-review-owed,v3,lib/ttc/reads/ttc_reads_pcos.dart,
ttc,Doors — PCOS,"TTC home > PCOS > (article or guide card) > Conceiving with PCOS, realistically",read/article,"Conceiving with PCOS, realistically","What the research actually says about how long it takes, said without either false cheer or doom.",PCOS,974,1,clinical-review-owed,v3,lib/ttc/reads/ttc_reads_pcos.dart,"5 sections, 3 FAQs. Byline ""Dr. Ananya Rao, Gynaecologist, 14 years, reviewed August 2026"". evidence."
ttc,Doors — PCOS,"TTC home > PCOS > Conceiving with PCOS, realistically > foot of the piece",red-flag callout,"When to see someone — Conceiving with PCOS, realistically",The sentence that says stop reading and call somebody,PCOS,0,1,clinical-review-owed,v3,lib/ttc/reads/ttc_reads_pcos.dart,"Required on every read. The highest-consequence copy in the app: it must be doctor-written, not doctor-reviewed."
ttc,Doors — PCOS,"TTC home > PCOS > Conceiving with PCOS, realistically > questions",faq,"FAQs — Conceiving with PCOS, realistically",The questions she was too embarrassed to type,PCOS,0,3,clinical-review-owed,v3,lib/ttc/reads/ttc_reads_pcos.dart,
ttc,Doors — PCOS,"TTC home > PCOS > (article or guide card) > What changes the curve, nothing banned",read/article,"What changes the curve, nothing banned","Insulin is the lever most worth understanding in PCOS, and nothing about it requires giving up rice.",PCOS,972,1,clinical-review-owed,v3,lib/ttc/reads/ttc_reads_pcos.dart,"5 sections, 3 FAQs. Byline ""Dr. Ananya Rao, Gynaecologist, 14 years, reviewed August 2026"". evidence."
ttc,Doors — PCOS,"TTC home > PCOS > What changes the curve, nothing banned > foot of the piece",red-flag callout,"When to see someone — What changes the curve, nothing banned",The sentence that says stop reading and call somebody,PCOS,0,1,clinical-review-owed,v3,lib/ttc/reads/ttc_reads_pcos.dart,"Required on every read. The highest-consequence copy in the app: it must be doctor-written, not doctor-reviewed."
ttc,Doors — PCOS,"TTC home > PCOS > What changes the curve, nothing banned > questions",faq,"FAQs — What changes the curve, nothing banned",The questions she was too embarrassed to type,PCOS,0,3,clinical-review-owed,v3,lib/ttc/reads/ttc_reads_pcos.dart,
ttc,Doors — PCOS,TTC home > PCOS > (article or guide card) > Inositol: what is shown to help,read/article,Inositol: what is shown to help,"The one supplement in the PCOS aisle with real evidence behind it, and an honest account of how strong that evidence is.",PCOS,986,1,clinical-review-owed,v3,lib/ttc/reads/ttc_reads_pcos.dart,"5 sections, 3 FAQs. Byline ""Dr. Ananya Rao, Gynaecologist, 14 years, reviewed August 2026"". evidence."
ttc,Doors — PCOS,TTC home > PCOS > Inositol: what is shown to help > foot of the piece,red-flag callout,When to see someone — Inositol: what is shown to help,The sentence that says stop reading and call somebody,PCOS,0,1,clinical-review-owed,v3,lib/ttc/reads/ttc_reads_pcos.dart,"Required on every read. The highest-consequence copy in the app: it must be doctor-written, not doctor-reviewed."
ttc,Doors — PCOS,TTC home > PCOS > Inositol: what is shown to help > questions,faq,FAQs — Inositol: what is shown to help,The questions she was too embarrassed to type,PCOS,0,3,clinical-review-owed,v3,lib/ttc/reads/ttc_reads_pcos.dart,
ttc,Doors — PCOS,"TTC home > PCOS > (article or guide card) > Weight and PCOS, said kindly",read/article,"Weight and PCOS, said kindly","Why the advice you have been given is incomplete, and what is actually worth your attention.",PCOS,984,1,clinical-review-owed,v3,lib/ttc/reads/ttc_reads_pcos.dart,"5 sections, 3 FAQs. Byline ""Dr. Ananya Rao, Gynaecologist, 14 years, reviewed August 2026"". evidence."
ttc,Doors — PCOS,"TTC home > PCOS > Weight and PCOS, said kindly > foot of the piece",red-flag callout,"When to see someone — Weight and PCOS, said kindly",The sentence that says stop reading and call somebody,PCOS,0,1,clinical-review-owed,v3,lib/ttc/reads/ttc_reads_pcos.dart,"Required on every read. The highest-consequence copy in the app: it must be doctor-written, not doctor-reviewed."
ttc,Doors — PCOS,"TTC home > PCOS > Weight and PCOS, said kindly > questions",faq,"FAQs — Weight and PCOS, said kindly",The questions she was too embarrassed to type,PCOS,0,3,clinical-review-owed,v3,lib/ttc/reads/ttc_reads_pcos.dart,
ttc,Doors — PCOS,"TTC home > PCOS > (article or guide card) > Letrozole, metformin and the usual order",read/article,"Letrozole, metformin and the usual order","What gets tried first, what each medicine is actually doing, and what the steps look like if the first one does not work.",PCOS,1039,1,clinical-review-owed,v3,lib/ttc/reads/ttc_reads_pcos.dart,"6 sections, 3 FAQs. Byline ""Dr. Ananya Rao, Gynaecologist, 14 years, reviewed August 2026"". evidence."
ttc,Doors — PCOS,"TTC home > PCOS > Letrozole, metformin and the usual order > foot of the piece",red-flag callout,"When to see someone — Letrozole, metformin and the usual order",The sentence that says stop reading and call somebody,PCOS,0,1,clinical-review-owed,v3,lib/ttc/reads/ttc_reads_pcos.dart,"Required on every read. The highest-consequence copy in the app: it must be doctor-written, not doctor-reviewed."
ttc,Doors — PCOS,"TTC home > PCOS > Letrozole, metformin and the usual order > questions",faq,"FAQs — Letrozole, metformin and the usual order",The questions she was too embarrassed to type,PCOS,0,3,clinical-review-owed,v3,lib/ttc/reads/ttc_reads_pcos.dart,
ttc,Films,"TTC home > (any door) > video card > PCOS, explained in five minutes",video-script,"PCOS, explained in five minutes","What is actually happening in your ovaries, without the diagrams nobody understands.",TTC,100,1,placeholder,v3,lib/ttc/ttc_videos_data.dart,"Chapters and takeaways are written; a shootable script is not. Expert named as ""Dr. Ananya Rao"" — invented."
ttc,Films,TTC home > (any door) > video card > What they will actually offer you,video-script,What they will actually offer you,"The order treatment is tried in, and what to ask before you agree to any of it.",TTC,106,1,placeholder,v3,lib/ttc/ttc_videos_data.dart,"Chapters and takeaways are written; a shootable script is not. Expert named as ""Dr. Ananya Rao"" — invented."
ttc,Films,TTC home > (any door) > video card > What a PCOS-friendly Indian plate looks like,video-script,What a PCOS-friendly Indian plate looks like,"Roti, rice and dal are not the enemy. What goes beside them is the whole conversation.",TTC,92,1,placeholder,v3,lib/ttc/ttc_videos_data.dart,"Chapters and takeaways are written; a shootable script is not. Expert named as ""Meghna Iyer"" — invented."
ttc,Films,"TTC home > (any door) > video card > Your cycle, drawn once and for all",video-script,"Your cycle, drawn once and for all","The two halves, why only one of them moves, and where ovulation actually sits in yours.",TTC,101,1,placeholder,v3,lib/ttc/ttc_videos_data.dart,"Chapters and takeaways are written; a shootable script is not. Expert named as ""Dr. Ananya Rao"" — invented."
ttc,Films,"TTC home > (any door) > video card > Six timing myths, put down one by one",video-script,"Six timing myths, put down one by one","Positions, saving it up, lying still afterwards — what the evidence actually says about each.",TTC,108,1,placeholder,v3,lib/ttc/ttc_videos_data.dart,"Chapters and takeaways are written; a shootable script is not. Expert named as ""Dr. Ananya Rao"" — invented."
ttc,Films,TTC home > (any door) > video card > Is it time to see someone?,video-script,Is it time to see someone?,"The twelve-month rule, and the six situations where it does not apply to you at all.",TTC,101,1,placeholder,v3,lib/ttc/ttc_videos_data.dart,"Chapters and takeaways are written; a shootable script is not. Expert named as ""Dr. Ananya Rao"" — invented."
ttc,Films,"TTC home > (any door) > video card > An IVF cycle, start to finish",video-script,"An IVF cycle, start to finish","The whole month laid out in order, so nothing in it arrives as a surprise.",TTC,106,1,placeholder,v3,lib/ttc/ttc_videos_data.dart,"Chapters and takeaways are written; a shootable script is not. Expert named as ""Dr. Ananya Rao"" — invented."
ttc,Films,"TTC home > (any door) > video card > Why three months, and not three weeks",video-script,"Why three months, and not three weeks",An egg matures for ninety days and sperm take eleven weeks — which is why the window you can influence is open now.,TTC,110,1,placeholder,v3,lib/ttc/ttc_videos_data.dart,"Chapters and takeaways are written; a shootable script is not. Expert named as ""Meghna Iyer"" — invented."
ttc,Films,TTC home > (any door) > video card > The errands worth doing once,video-script,The errands worth doing once,"A short blood panel, one screening test that matters more in India, and two vaccines that need a month of notice.",TTC,102,1,placeholder,v3,lib/ttc/ttc_videos_data.dart,"Chapters and takeaways are written; a shootable script is not. Expert named as ""Dr. Ananya Rao"" — invented."
ttc,Films,TTC home > (any door) > video card > The half that gets investigated last,video-script,The half that gets investigated last,A male factor is involved in about half of couples — and his test takes three days against her three months.,TTC,82,1,placeholder,v3,lib/ttc/ttc_videos_data.dart,"Chapters and takeaways are written; a shootable script is not. Expert named as ""Dr. Vikram Nair"" — invented."
ttc,Films,TTC home > (any door) > video card > Reading a semen report without panicking,video-script,Reading a semen report without panicking,"What each number means, and why ""below normal"" is not the verdict it looks like.",TTC,86,1,placeholder,v3,lib/ttc/ttc_videos_data.dart,"Chapters and takeaways are written; a shootable script is not. Expert named as ""Dr. Vikram Nair"" — invented."
ttc,Films,TTC home > (any door) > video card > Three things that actually change his numbers,video-script,Three things that actually change his numbers,"Tobacco, heat and time — what each is worth, and how long before any of it shows.",TTC,82,1,placeholder,v3,lib/ttc/ttc_videos_data.dart,"Chapters and takeaways are written; a shootable script is not. Expert named as ""Dr. Vikram Nair"" — invented."
ttc,Films,TTC home > (any door) > video card > What the next few weeks look like,video-script,What the next few weeks look like,"Bleeding, hormones and when a cycle returns — the practical part, explained once so you do not have to look it up at night.",TTC,95,1,placeholder,v3,lib/ttc/ttc_videos_data.dart,"Chapters and takeaways are written; a shootable script is not. Expert named as ""Dr. Ananya Rao"" — invented."
ttc,Films,"TTC home > (any door) > video card > ""Just relax"" — why that advice is wrong",video-script,"""Just relax"" — why that advice is wrong","What the evidence actually shows about stress and conceiving, and why the advice does damage.",TTC,92,1,placeholder,v3,lib/ttc/ttc_videos_data.dart,"Chapters and takeaways are written; a shootable script is not. Expert named as ""Dr. Sharanya Menon"" — invented."
ttc,Films,"TTC home > (any door) > video card > Preconception garbh sanskar, taught",video-script,"Preconception garbh sanskar, taught","The eight sessions, for both of you — the practice done rather than described.",TTC,93,1,placeholder,v3,lib/ttc/ttc_videos_data.dart,"Chapters and takeaways are written; a shootable script is not. Expert named as ""Anjali Deshmukh"" — invented."
ttc,Films,"TTC home > (any door) > video card > A longer session, for a day you have the time",video-script,"A longer session, for a day you have the time","The short daily cards, joined up — movement, breath and stillness in one sitting, at a pace nobody has to keep up with.",TTC,121,1,placeholder,v3,lib/ttc/ttc_videos_data.dart,"Chapters and takeaways are written; a shootable script is not. Expert named as ""Anjali Deshmukh"" — invented."
ttc,Shop,TTC home > Shop > ,product-blurb,,"What it is, the evidence, and what it costs",all TTC,0,1,placeholder,v3,lib/ttc/ttc_products_data.dart,
ttc,Shop,TTC home > Shop > Folic acid 400mcg,product-blurb,Folic acid 400mcg,"What it is, the evidence, and what it costs",all TTC,596,1,placeholder,v3,lib/ttc/ttc_products_data.dart,
ttc,Shop,TTC home > Shop > Ovulation (LH) strips,product-blurb,Ovulation (LH) strips,"What it is, the evidence, and what it costs",all TTC,593,1,placeholder,v3,lib/ttc/ttc_products_data.dart,
ttc,Shop,TTC home > Shop > Home pregnancy test,product-blurb,Home pregnancy test,"What it is, the evidence, and what it costs",all TTC,517,1,placeholder,v3,lib/ttc/ttc_products_data.dart,
ttc,Shop,TTC home > Shop > Fertility-friendly lubricant,product-blurb,Fertility-friendly lubricant,"What it is, the evidence, and what it costs",all TTC,413,1,placeholder,v3,lib/ttc/ttc_products_data.dart,
ttc,Shop,TTC home > Shop > CoQ10,product-blurb,CoQ10,"What it is, the evidence, and what it costs",all TTC,513,1,placeholder,v3,lib/ttc/ttc_products_data.dart,
ttc,Shop,TTC home > Shop > Myo-inositol,product-blurb,Myo-inositol,"What it is, the evidence, and what it costs",all TTC,534,1,placeholder,v3,lib/ttc/ttc_products_data.dart,
ttc,Shop,TTC home > Shop > Zinc,product-blurb,Zinc,"What it is, the evidence, and what it costs",all TTC,381,1,placeholder,v3,lib/ttc/ttc_products_data.dart,
ttc,Shop,TTC home > Shop > Basal thermometer,product-blurb,Basal thermometer,"What it is, the evidence, and what it costs",all TTC,454,1,placeholder,v3,lib/ttc/ttc_products_data.dart,
ttc,Shop,"TTC home > Shop > A book about the waiting, not the trying",product-blurb,"A book about the waiting, not the trying","What it is, the evidence, and what it costs",all TTC,442,1,placeholder,v3,lib/ttc/ttc_products_data.dart,
ttc,Shop,"TTC home > Shop > A ""fertility blend"" multivitamin",product-blurb,"A ""fertility blend"" multivitamin","What it is, the evidence, and what it costs",all TTC,608,1,placeholder,v3,lib/ttc/ttc_products_data.dart,
ttc,Paid services,TTC home > Prepare > Fertility specialist consultation,offering-blurb,Fertility specialist consultation,"A paid consult, course, class or assessment",all TTC,91,1,placeholder,v3,lib/ttc/ttc_prepare_data.dart,
ttc,Paid services,TTC home > Prepare > Gynaecologist consultation,offering-blurb,Gynaecologist consultation,"A paid consult, course, class or assessment",all TTC,41,1,placeholder,v3,lib/ttc/ttc_prepare_data.dart,
ttc,Paid services,TTC home > Prepare > Male fertility consultation,offering-blurb,Male fertility consultation,"A paid consult, course, class or assessment",all TTC,60,1,placeholder,v3,lib/ttc/ttc_prepare_data.dart,
ttc,Paid services,"TTC home > Prepare > Fertility, honestly",offering-blurb,"Fertility, honestly","A paid consult, course, class or assessment",all TTC,63,1,placeholder,v3,lib/ttc/ttc_prepare_data.dart,
ttc,Paid services,TTC home > Prepare > The PCOS programme,offering-blurb,The PCOS programme,"A paid consult, course, class or assessment",all TTC,63,1,placeholder,v3,lib/ttc/ttc_prepare_data.dart,
ttc,Paid services,TTC home > Prepare > Fertility yoga - eight classes,offering-blurb,Fertility yoga - eight classes,"A paid consult, course, class or assessment",all TTC,92,1,placeholder,v3,lib/ttc/ttc_prepare_data.dart,
ttc,Paid services,TTC home > Prepare > Nutritionist consultation,offering-blurb,Nutritionist consultation,"A paid consult, course, class or assessment",all TTC,58,1,placeholder,v3,lib/ttc/ttc_prepare_data.dart,
ttc,Paid services,TTC home > Prepare > Talking to a psychologist,offering-blurb,Talking to a psychologist,"A paid consult, course, class or assessment",all TTC,76,1,placeholder,v3,lib/ttc/ttc_prepare_data.dart,
ttc,Paid services,TTC home > Prepare > After a loss,offering-blurb,After a loss,"A paid consult, course, class or assessment",all TTC,62,1,placeholder,v3,lib/ttc/ttc_prepare_data.dart,
ttc,Paid services,TTC home > Prepare > Couple assessment,offering-blurb,Couple assessment,"A paid consult, course, class or assessment",all TTC,78,1,placeholder,v3,lib/ttc/ttc_prepare_data.dart,
ttc,Paid services,TTC home > Prepare > The half nobody talks about,offering-blurb,The half nobody talks about,"A paid consult, course, class or assessment",all TTC,78,1,placeholder,v3,lib/ttc/ttc_prepare_data.dart,
ttc,Paid services,TTC home > Prepare > Preparing for IVF,offering-blurb,Preparing for IVF,"A paid consult, course, class or assessment",all TTC,79,1,placeholder,v3,lib/ttc/ttc_prepare_data.dart,
ttc,Paid services,TTC home > Prepare > The ninety-day programme,offering-blurb,The ninety-day programme,"A paid consult, course, class or assessment",all TTC,92,1,placeholder,v3,lib/ttc/ttc_prepare_data.dart,
ttc,Paid services,TTC home > Prepare > Preconception garbh sanskar,offering-blurb,Preconception garbh sanskar,"A paid consult, course, class or assessment",all TTC,128,1,placeholder,v3,lib/ttc/ttc_prepare_data.dart,
ttc,Trackers,TTC home > Tools > Symptom Companion,tracker-copy,Symptom Companion,"Field labels, the why-it-matters note and the empty state",all TTC,210,1,placeholder,v3,lib/ttc/ttc_trackers_data.dart,
ttc,Trackers,TTC home > Tools > Weight,tracker-copy,Weight,"Field labels, the why-it-matters note and the empty state",all TTC,170,1,placeholder,v3,lib/ttc/ttc_trackers_data.dart,
ttc,Trackers,TTC home > Tools > Mood,tracker-copy,Mood,"Field labels, the why-it-matters note and the empty state",all TTC,130,1,placeholder,v3,lib/ttc/ttc_trackers_data.dart,
ttc,Trackers,TTC home > Tools > Partner Health,tracker-copy,Partner Health,"Field labels, the why-it-matters note and the empty state",all TTC,225,1,placeholder,v3,lib/ttc/ttc_trackers_data.dart,
ttc,Trackers,TTC home > Tools > What you're working on,tracker-copy,What you're working on,"Field labels, the why-it-matters note and the empty state",all TTC,301,1,placeholder,v3,lib/ttc/ttc_trackers_data.dart,
ttc,Practices,"TTC home > Mind and body > practice > Loosen-up: neck, shoulders, side bends",practice-script,"Loosen-up: neck, shoulders, side bends",The spoken script for a practice,all TTC,162,1,placeholder,v3,lib/ttc/ttc_practice_data.dart,
ttc,Practices,"TTC home > Mind and body > practice > Cat and cow, then child's pose",practice-script,"Cat and cow, then child's pose",The spoken script for a practice,all TTC,158,1,placeholder,v3,lib/ttc/ttc_practice_data.dart,
ttc,Practices,TTC home > Mind and body > practice > Hip openers: butterfly and slow lunge,practice-script,Hip openers: butterfly and slow lunge,The spoken script for a practice,all TTC,134,1,placeholder,v3,lib/ttc/ttc_practice_data.dart,
ttc,Practices,TTC home > Mind and body > practice > A ten-minute walk,practice-script,A ten-minute walk,The spoken script for a practice,all TTC,89,1,placeholder,v3,lib/ttc/ttc_practice_data.dart,
ttc,Practices,TTC home > Mind and body > practice > Legs up the wall,practice-script,Legs up the wall,The spoken script for a practice,all TTC,125,1,placeholder,v3,lib/ttc/ttc_practice_data.dart,
ttc,Practices,"TTC home > Mind and body > practice > Slow sun salutation, three rounds",practice-script,"Slow sun salutation, three rounds",The spoken script for a practice,all TTC,186,1,placeholder,v3,lib/ttc/ttc_practice_data.dart,
ttc,Practices,"TTC home > Mind and body > practice > Long out-breath, in four out six",practice-script,"Long out-breath, in four out six",The spoken script for a practice,all TTC,91,1,placeholder,v3,lib/ttc/ttc_practice_data.dart,
ttc,Practices,TTC home > Mind and body > practice > Alternate nostril breathing,practice-script,Alternate nostril breathing,The spoken script for a practice,all TTC,112,1,placeholder,v3,lib/ttc/ttc_practice_data.dart,
ttc,Practices,TTC home > Mind and body > practice > Box breathing,practice-script,Box breathing,The spoken script for a practice,all TTC,89,1,placeholder,v3,lib/ttc/ttc_practice_data.dart,
ttc,Practices,TTC home > Mind and body > practice > Two-minute body relaxation,practice-script,Two-minute body relaxation,The spoken script for a practice,all TTC,111,1,placeholder,v3,lib/ttc/ttc_practice_data.dart,
ttc,Practices,TTC home > Mind and body > practice > Two-minute calm listen,practice-script,Two-minute calm listen,The spoken script for a practice,all TTC,77,1,placeholder,v3,lib/ttc/ttc_practice_data.dart,
ttc,Practices,TTC home > Mind and body > practice > Ten slow breaths together,practice-script,Ten slow breaths together,The spoken script for a practice,all TTC,88,1,placeholder,v3,lib/ttc/ttc_practice_data.dart,
ttc,Test library,TTC home > Tools > Tests > TSH (thyroid),test explainer,TSH (thyroid),"What the test is, why, when, what it costs and how to read it",all TTC,183,1,clinical-review-owed,v3,lib/ttc/ttc_tests_data.dart,
ttc,Test library,TTC home > Tools > Tests > AMH,test explainer,AMH,"What the test is, why, when, what it costs and how to read it",all TTC,227,1,clinical-review-owed,v3,lib/ttc/ttc_tests_data.dart,
ttc,Test library,TTC home > Tools > Tests > FSH and LH,test explainer,FSH and LH,"What the test is, why, when, what it costs and how to read it",all TTC,219,1,clinical-review-owed,v3,lib/ttc/ttc_tests_data.dart,
ttc,Test library,TTC home > Tools > Tests > Semen analysis,test explainer,Semen analysis,"What the test is, why, when, what it costs and how to read it",all TTC,230,1,clinical-review-owed,v3,lib/ttc/ttc_tests_data.dart,
ttc,Test library,TTC home > Tools > Tests > Vitamin D,test explainer,Vitamin D,"What the test is, why, when, what it costs and how to read it",all TTC,174,1,clinical-review-owed,v3,lib/ttc/ttc_tests_data.dart,
ttc,Test library,TTC home > Tools > Tests > Vitamin B12,test explainer,Vitamin B12,"What the test is, why, when, what it costs and how to read it",all TTC,117,1,clinical-review-owed,v3,lib/ttc/ttc_tests_data.dart,
ttc,Test library,TTC home > Tools > Tests > HbA1c (blood sugar),test explainer,HbA1c (blood sugar),"What the test is, why, when, what it costs and how to read it",all TTC,187,1,clinical-review-owed,v3,lib/ttc/ttc_tests_data.dart,
ttc,Test library,TTC home > Tools > Tests > Pelvic ultrasound,test explainer,Pelvic ultrasound,"What the test is, why, when, what it costs and how to read it",all TTC,195,1,clinical-review-owed,v3,lib/ttc/ttc_tests_data.dart,
ttc,Test library,TTC home > Tools > Tests > HSG (tube test),test explainer,HSG (tube test),"What the test is, why, when, what it costs and how to read it",all TTC,229,1,clinical-review-owed,v3,lib/ttc/ttc_tests_data.dart,
ttc,Test library,TTC home > Tools > Tests > Prolactin,test explainer,Prolactin,"What the test is, why, when, what it costs and how to read it",all TTC,165,1,clinical-review-owed,v3,lib/ttc/ttc_tests_data.dart,
ttc,Can I…?,TTC home > Can I…? > chai,can-i entry,chai,Is this safe while trying,all TTC,177,1,clinical-review-owed,v3,lib/ttc/ttc_can_i_data.dart,
ttc,Can I…?,TTC home > Can I…? > alcohol,can-i entry,alcohol,Is this safe while trying,all TTC,190,1,clinical-review-owed,v3,lib/ttc/ttc_can_i_data.dart,
ttc,Can I…?,TTC home > Can I…? > smoking,can-i entry,smoking,Is this safe while trying,all TTC,182,1,clinical-review-owed,v3,lib/ttc/ttc_can_i_data.dart,
ttc,Can I…?,TTC home > Can I…? > painkillers,can-i entry,painkillers,Is this safe while trying,all TTC,222,1,clinical-review-owed,v3,lib/ttc/ttc_can_i_data.dart,
ttc,Can I…?,TTC home > Can I…? > hot_bath,can-i entry,hot_bath,Is this safe while trying,all TTC,189,1,clinical-review-owed,v3,lib/ttc/ttc_can_i_data.dart,
ttc,Can I…?,TTC home > Can I…? > exercise,can-i entry,exercise,Is this safe while trying,all TTC,171,1,clinical-review-owed,v3,lib/ttc/ttc_can_i_data.dart,
ttc,Can I…?,TTC home > Can I…? > hair_dye,can-i entry,hair_dye,Is this safe while trying,all TTC,175,1,clinical-review-owed,v3,lib/ttc/ttc_can_i_data.dart,
ttc,Can I…?,TTC home > Can I…? > travel,can-i entry,travel,Is this safe while trying,all TTC,174,1,clinical-review-owed,v3,lib/ttc/ttc_can_i_data.dart,
ttc,Can I…?,TTC home > Can I…? > papaya,can-i entry,papaya,Is this safe while trying,all TTC,185,1,clinical-review-owed,v3,lib/ttc/ttc_can_i_data.dart,
ttc,Can I…?,TTC home > Can I…? > xray,can-i entry,xray,Is this safe while trying,all TTC,210,1,clinical-review-owed,v3,lib/ttc/ttc_can_i_data.dart,
ttc,Can I…?,TTC home > Can I…? > sex_frequency,can-i entry,sex_frequency,Is this safe while trying,all TTC,181,1,clinical-review-owed,v3,lib/ttc/ttc_can_i_data.dart,
ttc,Can I…?,TTC home > Can I…? > ayurvedic,can-i entry,ayurvedic,Is this safe while trying,all TTC,180,1,clinical-review-owed,v3,lib/ttc/ttc_can_i_data.dart,
ttc,Vaccines,TTC home > Tools > Vaccinations > MMR,vaccine explainer,MMR,Pre-conception vaccination guidance,all TTC,121,1,clinical-review-owed,v3,lib/ttc/ttc_vaccines_data.dart,
ttc,Vaccines,TTC home > Tools > Vaccinations > Varicella,vaccine explainer,Varicella,Pre-conception vaccination guidance,all TTC,93,1,clinical-review-owed,v3,lib/ttc/ttc_vaccines_data.dart,
ttc,Vaccines,TTC home > Tools > Vaccinations > Tdap,vaccine explainer,Tdap,Pre-conception vaccination guidance,all TTC,118,1,clinical-review-owed,v3,lib/ttc/ttc_vaccines_data.dart,
ttc,Vaccines,TTC home > Tools > Vaccinations > Influenza,vaccine explainer,Influenza,Pre-conception vaccination guidance,all TTC,72,1,clinical-review-owed,v3,lib/ttc/ttc_vaccines_data.dart,
ttc,Vaccines,TTC home > Tools > Vaccinations > Hepatitis B,vaccine explainer,Hepatitis B,Pre-conception vaccination guidance,all TTC,69,1,clinical-review-owed,v3,lib/ttc/ttc_vaccines_data.dart,
ttc,Vaccines,TTC home > Tools > Vaccinations > Td,vaccine explainer,Td,Pre-conception vaccination guidance,all TTC,62,1,clinical-review-owed,v3,lib/ttc/ttc_vaccines_data.dart,
ttc,Journey map,TTC home > Journey map > You decided to start,milestone copy,You decided to start,A stop on the journey map,all TTC,43,1,placeholder,v3,lib/ttc/ttc_milestones.dart,
ttc,Journey map,TTC home > Journey map > Started your supplements,milestone copy,Started your supplements,A stop on the journey map,all TTC,58,1,placeholder,v3,lib/ttc/ttc_milestones.dart,
ttc,Journey map,TTC home > Journey map > Logged your first period,milestone copy,Logged your first period,A stop on the journey map,all TTC,39,1,placeholder,v3,lib/ttc/ttc_milestones.dart,
ttc,Journey map,TTC home > Journey map > Completed a full cycle together,milestone copy,Completed a full cycle together,A stop on the journey map,all TTC,63,1,placeholder,v3,lib/ttc/ttc_milestones.dart,
ttc,Journey map,TTC home > Journey map > Learned to read your own signals,milestone copy,Learned to read your own signals,A stop on the journey map,all TTC,60,1,placeholder,v3,lib/ttc/ttc_milestones.dart,
ttc,Journey map,TTC home > Journey map > Your partner joined,milestone copy,Your partner joined,A stop on the journey map,all TTC,48,1,placeholder,v3,lib/ttc/ttc_milestones.dart,
ttc,Journey map,TTC home > Journey map > Started keeping your health records,milestone copy,Started keeping your health records,A stop on the journey map,all TTC,44,1,placeholder,v3,lib/ttc/ttc_milestones.dart,
ttc,Journey map,TTC home > Journey map > Wrote something down,milestone copy,Wrote something down,A stop on the journey map,all TTC,42,1,placeholder,v3,lib/ttc/ttc_milestones.dart,
ttc,Journey map,TTC home > Journey map > Kept the daily ritual for a week,milestone copy,Kept the daily ritual for a week,A stop on the journey map,all TTC,48,1,placeholder,v3,lib/ttc/ttc_milestones.dart,
ttc,Journey map,TTC home > Journey map > Looked honestly at your habits,milestone copy,Looked honestly at your habits,A stop on the journey map,all TTC,46,1,placeholder,v3,lib/ttc/ttc_milestones.dart,
ttc,Journey map,TTC home > Journey map > A positive test,milestone copy,A positive test,A stop on the journey map,all TTC,35,1,placeholder,v3,lib/ttc/ttc_milestones.dart,
ttc,Partner,"TTC home > Partner > Ask, do not fix",mission copy,"Ask, do not fix",Something asked of him this week,all TTC,95,1,placeholder,v3,lib/ttc/ttc_partner_data.dart,
ttc,Partner,TTC home > Partner > Go to bed at the same time tonight,mission copy,Go to bed at the same time tonight,Something asked of him this week,all TTC,74,1,placeholder,v3,lib/ttc/ttc_partner_data.dart,
ttc,Partner,TTC home > Partner > Laptop off the lap,mission copy,Laptop off the lap,Something asked of him this week,all TTC,77,1,placeholder,v3,lib/ttc/ttc_partner_data.dart,
ttc,Partner,TTC home > Partner > Agree on the family line,mission copy,Agree on the family line,Something asked of him this week,all TTC,80,1,placeholder,v3,lib/ttc/ttc_partner_data.dart,
ttc,Partner,TTC home > Partner > Book your own test,mission copy,Book your own test,Something asked of him this week,all TTC,101,1,placeholder,v3,lib/ttc/ttc_partner_data.dart,
ttc,Partner,TTC home > Partner > Take one thing off her list,mission copy,Take one thing off her list,Something asked of him this week,all TTC,74,1,placeholder,v3,lib/ttc/ttc_partner_data.dart,
ttc,Partner,TTC home > Partner > Look honestly at the drinking,mission copy,Look honestly at the drinking,Something asked of him this week,all TTC,91,1,placeholder,v3,lib/ttc/ttc_partner_data.dart,
ttc,Partner,TTC home > Partner > Do not announce the window,mission copy,Do not announce the window,Something asked of him this week,all TTC,96,1,placeholder,v3,lib/ttc/ttc_partner_data.dart,
ttc,Partner,"TTC home > Partner > Walk together, no phones",mission copy,"Walk together, no phones",Something asked of him this week,all TTC,55,1,placeholder,v3,lib/ttc/ttc_partner_data.dart,
ttc,Partner,TTC home > Partner > Your supplements are yours to remember,mission copy,Your supplements are yours to remember,Something asked of him this week,all TTC,67,1,placeholder,v3,lib/ttc/ttc_partner_data.dart,
ttc,Partner,TTC home > Partner > When the period arrives,mission copy,When the period arrives,Something asked of him this week,all TTC,85,1,placeholder,v3,lib/ttc/ttc_partner_data.dart,
ttc,Partner,TTC home > Partner > Go to the appointment with her,mission copy,Go to the appointment with her,Something asked of him this week,all TTC,79,1,placeholder,v3,lib/ttc/ttc_partner_data.dart,
ttc,Before you start,TTC home > Getting ready > Before you start > Folic acid,precheck question,Folic acid,One item on the pre-conception checklist,all TTC,101,1,placeholder,v3,lib/ttc/ttc_precheck_data.dart,
ttc,Before you start,TTC home > Getting ready > Before you start > Everyday eating,precheck question,Everyday eating,One item on the pre-conception checklist,all TTC,64,1,placeholder,v3,lib/ttc/ttc_precheck_data.dart,
ttc,Before you start,TTC home > Getting ready > Before you start > Supplement review,precheck question,Supplement review,One item on the pre-conception checklist,all TTC,69,1,placeholder,v3,lib/ttc/ttc_precheck_data.dart,
ttc,Before you start,TTC home > Getting ready > Before you start > A preconception conversation,precheck question,A preconception conversation,One item on the pre-conception checklist,all TTC,50,1,placeholder,v3,lib/ttc/ttc_precheck_data.dart,
ttc,Before you start,TTC home > Getting ready > Before you start > Existing conditions,precheck question,Existing conditions,One item on the pre-conception checklist,all TTC,70,1,placeholder,v3,lib/ttc/ttc_precheck_data.dart,
ttc,Before you start,TTC home > Getting ready > Before you start > The blood tests worth doing once,precheck question,The blood tests worth doing once,One item on the pre-conception checklist,all TTC,64,1,placeholder,v3,lib/ttc/ttc_precheck_data.dart,
ttc,Before you start,TTC home > Getting ready > Before you start > Medication review,precheck question,Medication review,One item on the pre-conception checklist,all TTC,96,1,placeholder,v3,lib/ttc/ttc_precheck_data.dart,
ttc,Before you start,TTC home > Getting ready > Before you start > Vaccination and immunity,precheck question,Vaccination and immunity,One item on the pre-conception checklist,all TTC,92,1,placeholder,v3,lib/ttc/ttc_precheck_data.dart,
ttc,Before you start,TTC home > Getting ready > Before you start > Tobacco,precheck question,Tobacco,One item on the pre-conception checklist,all TTC,69,1,placeholder,v3,lib/ttc/ttc_precheck_data.dart,
ttc,Before you start,TTC home > Getting ready > Before you start > Alcohol,precheck question,Alcohol,One item on the pre-conception checklist,all TTC,68,1,placeholder,v3,lib/ttc/ttc_precheck_data.dart,
ttc,Before you start,TTC home > Getting ready > Before you start > Caffeine,precheck question,Caffeine,One item on the pre-conception checklist,all TTC,40,1,placeholder,v3,lib/ttc/ttc_precheck_data.dart,
ttc,Before you start,TTC home > Getting ready > Before you start > Movement,precheck question,Movement,One item on the pre-conception checklist,all TTC,38,1,placeholder,v3,lib/ttc/ttc_precheck_data.dart,
ttc,Before you start,TTC home > Getting ready > Before you start > Sleep,precheck question,Sleep,One item on the pre-conception checklist,all TTC,37,1,placeholder,v3,lib/ttc/ttc_precheck_data.dart,
ttc,Before you start,TTC home > Getting ready > Before you start > Weight and metabolic health,precheck question,Weight and metabolic health,One item on the pre-conception checklist,all TTC,84,1,placeholder,v3,lib/ttc/ttc_precheck_data.dart,
ttc,Before you start,TTC home > Getting ready > Before you start > A dental check,precheck question,A dental check,One item on the pre-conception checklist,all TTC,49,1,placeholder,v3,lib/ttc/ttc_precheck_data.dart,
ttc,Before you start,TTC home > Getting ready > Before you start > What runs in the family,precheck question,What runs in the family,One item on the pre-conception checklist,all TTC,83,1,placeholder,v3,lib/ttc/ttc_precheck_data.dart,
ttc,Before you start,TTC home > Getting ready > Before you start > Your reproductive history,precheck question,Your reproductive history,One item on the pre-conception checklist,all TTC,56,1,placeholder,v3,lib/ttc/ttc_precheck_data.dart,
ttc,Before you start,TTC home > Getting ready > Before you start > His side of it,precheck question,His side of it,One item on the pre-conception checklist,all TTC,64,1,placeholder,v3,lib/ttc/ttc_precheck_data.dart,
ttc,Before you start,TTC home > Getting ready > Before you start > His medicines,precheck question,His medicines,One item on the pre-conception checklist,all TTC,46,1,placeholder,v3,lib/ttc/ttc_precheck_data.dart,
ttc,Before you start,TTC home > Getting ready > Before you start > Understanding your window,precheck question,Understanding your window,One item on the pre-conception checklist,all TTC,44,1,placeholder,v3,lib/ttc/ttc_precheck_data.dart,
ttc,Before you start,TTC home > Getting ready > Before you start > A record of your cycles,precheck question,A record of your cycles,One item on the pre-conception checklist,all TTC,44,1,placeholder,v3,lib/ttc/ttc_precheck_data.dart,
ttc,Before you start,TTC home > Getting ready > Before you start > Knowing when to ask for help,precheck question,Knowing when to ask for help,One item on the pre-conception checklist,all TTC,77,1,placeholder,v3,lib/ttc/ttc_precheck_data.dart,
ttc,Before you start,TTC home > Getting ready > Before you start > Knowing who you would see,precheck question,Knowing who you would see,One item on the pre-conception checklist,all TTC,43,1,placeholder,v3,lib/ttc/ttc_precheck_data.dart,
ttc,Tools — PCOS,TTC home > PCOS > Where do I stand > q_pregnancy,tool question,q_pregnancy,One question in the PCOS self-read,all TTC,43,1,clinical-review-owed,v3,lib/ttc/ttc_pcos_check_data.dart,
ttc,Tools — PCOS,TTC home > PCOS > Where do I stand > q_redflag,tool question,q_redflag,One question in the PCOS self-read,all TTC,57,1,clinical-review-owed,v3,lib/ttc/ttc_pcos_check_data.dart,
ttc,Tools — PCOS,TTC home > PCOS > Where do I stand > q_predictable,tool question,q_predictable,One question in the PCOS self-read,all TTC,64,1,clinical-review-owed,v3,lib/ttc/ttc_pcos_check_data.dart,
ttc,Tools — PCOS,TTC home > PCOS > Where do I stand > q_length,tool question,q_length,One question in the PCOS self-read,all TTC,64,1,clinical-review-owed,v3,lib/ttc/ttc_pcos_check_data.dart,
ttc,Tools — PCOS,TTC home > PCOS > Where do I stand > q_gap,tool question,q_gap,One question in the PCOS self-read,all TTC,53,1,clinical-review-owed,v3,lib/ttc/ttc_pcos_check_data.dart,
ttc,Tools — PCOS,TTC home > PCOS > Where do I stand > q_duration,tool question,q_duration,One question in the PCOS self-read,all TTC,61,1,clinical-review-owed,v3,lib/ttc/ttc_pcos_check_data.dart,
ttc,Tools — PCOS,TTC home > PCOS > Where do I stand > q_mucus,tool question,q_mucus,One question in the PCOS self-read,all TTC,62,1,clinical-review-owed,v3,lib/ttc/ttc_pcos_check_data.dart,
ttc,Tools — PCOS,TTC home > PCOS > Where do I stand > q_opk,tool question,q_opk,One question in the PCOS self-read,all TTC,66,1,clinical-review-owed,v3,lib/ttc/ttc_pcos_check_data.dart,
ttc,Tools — PCOS,TTC home > PCOS > Where do I stand > q_told_anov,tool question,q_told_anov,One question in the PCOS self-read,all TTC,42,1,clinical-review-owed,v3,lib/ttc/ttc_pcos_check_data.dart,
ttc,Tools — PCOS,TTC home > PCOS > Where do I stand > q_hair_growth,tool question,q_hair_growth,One question in the PCOS self-read,all TTC,53,1,clinical-review-owed,v3,lib/ttc/ttc_pcos_check_data.dart,
ttc,Tools — PCOS,TTC home > PCOS > Where do I stand > q_acne,tool question,q_acne,One question in the PCOS self-read,all TTC,53,1,clinical-review-owed,v3,lib/ttc/ttc_pcos_check_data.dart,
ttc,Tools — PCOS,TTC home > PCOS > Where do I stand > q_thinning,tool question,q_thinning,One question in the PCOS self-read,all TTC,50,1,clinical-review-owed,v3,lib/ttc/ttc_pcos_check_data.dart,
ttc,Tools — PCOS,TTC home > PCOS > Where do I stand > q_skin_patches,tool question,q_skin_patches,One question in the PCOS self-read,all TTC,48,1,clinical-review-owed,v3,lib/ttc/ttc_pcos_check_data.dart,
ttc,Tools — PCOS,TTC home > PCOS > Where do I stand > q_weight,tool question,q_weight,One question in the PCOS self-read,all TTC,59,1,clinical-review-owed,v3,lib/ttc/ttc_pcos_check_data.dart,
ttc,Tools — PCOS,TTC home > PCOS > Where do I stand > q_trying,tool question,q_trying,One question in the PCOS self-read,all TTC,49,1,clinical-review-owed,v3,lib/ttc/ttc_pcos_check_data.dart,
ttc,Tools — PCOS,TTC home > PCOS > Where do I stand > q_prior_difficulty,tool question,q_prior_difficulty,One question in the PCOS self-read,all TTC,16,1,clinical-review-owed,v3,lib/ttc/ttc_pcos_check_data.dart,
ttc,Tools — PCOS,TTC home > PCOS > Where do I stand > q_evaluated,tool question,q_evaluated,One question in the PCOS self-read,all TTC,17,1,clinical-review-owed,v3,lib/ttc/ttc_pcos_check_data.dart,
ttc,Tools — PCOS,TTC home > PCOS > Where do I stand > q_eval_result,tool question,q_eval_result,One question in the PCOS self-read,all TTC,46,1,clinical-review-owed,v3,lib/ttc/ttc_pcos_check_data.dart,
ttc,Tools — PCOS,TTC home > PCOS > Where do I stand > q_contraception,tool question,q_contraception,One question in the PCOS self-read,all TTC,63,1,clinical-review-owed,v3,lib/ttc/ttc_pcos_check_data.dart,
ttc,Tools — PCOS,TTC home > PCOS > Where do I stand > q_postpartum,tool question,q_postpartum,One question in the PCOS self-read,all TTC,41,1,clinical-review-owed,v3,lib/ttc/ttc_pcos_check_data.dart,
ttc,Symptoms,TTC home > log a symptom > How are you feeling?,symptom group,How are you feeling?,A group of things she can log and what they may mean,all TTC,30,1,clinical-review-owed,v3,lib/ttc/ttc_symptom_data.dart,
ttc,Symptoms,TTC home > log a symptom > Your body today,symptom group,Your body today,A group of things she can log and what they may mean,all TTC,34,1,clinical-review-owed,v3,lib/ttc/ttc_symptom_data.dart,
ttc,Symptoms,TTC home > log a symptom > Discharge,symptom group,Discharge,A group of things she can log and what they may mean,all TTC,37,1,clinical-review-owed,v3,lib/ttc/ttc_symptom_data.dart,
ttc,Symptoms,TTC home > log a symptom > Sex,symptom group,Sex,A group of things she can log and what they may mean,all TTC,14,1,clinical-review-owed,v3,lib/ttc/ttc_symptom_data.dart,
ttc,Symptoms,TTC home > log a symptom > Ovulation test,symptom group,Ovulation test,A group of things she can log and what they may mean,all TTC,11,1,clinical-review-owed,v3,lib/ttc/ttc_symptom_data.dart,
ttc,Symptoms,TTC home > log a symptom > Pregnancy test,symptom group,Pregnancy test,A group of things she can log and what they may mean,all TTC,27,1,clinical-review-owed,v3,lib/ttc/ttc_symptom_data.dart,
ttc,Symptoms,TTC home > log a symptom > The rest of the day,symptom group,The rest of the day,A group of things she can log and what they may mean,all TTC,23,1,clinical-review-owed,v3,lib/ttc/ttc_symptom_data.dart,
ttc,Daily home,TTC home > daily rail,daily-insight,24 daily-insight entries,A line on the daily rail,"all TTC, by phase",4865,24,placeholder,v3,lib/ttc/ttc_daily_data.dart,"The rail repeats once these run out, so volume matters more than length here."
ttc,Daily home,TTC home > daily rail,myth-fact,16 myth-fact entries,"A myth and its correction, on the rail","all TTC, by phase",1180,16,placeholder,v3,lib/ttc/ttc_daily_data.dart,"The rail repeats once these run out, so volume matters more than length here."
ttc,Daily home,TTC home > daily rail,journal prompt,16 journal prompt entries,Something to write about,"all TTC, by phase",328,16,placeholder,v3,lib/ttc/ttc_daily_data.dart,"The rail repeats once these run out, so volume matters more than length here."
ttc,Daily home,TTC home > daily rail,nutrition note,12 nutrition note entries,A food note for the day,"all TTC, by phase",1277,12,placeholder,v3,lib/ttc/ttc_daily_data.dart,"The rail repeats once these run out, so volume matters more than length here."
ttc,Tools,TTC home > PCOS > Where do I stand,tool-outcome copy,Where do I stand,"What her answers mean, band by band, without ever naming a diagnosis",all TTC,457,1,clinical-review-owed,v3,lib/ttc/ttc_pcos_stand.dart,"Every sentence a self-assessment shows is clinical copy, whatever the screen calls itself."
ttc,Tools,TTC home > IVF and IUI > Check my readiness,tool-outcome copy,Check my readiness,Whether a conversation with a clinic is worth having. Never a score,all TTC,535,1,clinical-review-owed,v3,lib/ttc/ttc_ivf_readiness.dart,"Every sentence a self-assessment shows is clinical copy, whatever the screen calls itself."
ttc,Tools,TTC home > His side > Read your semen report,tool-outcome copy,Read your semen report,"His report read back in plain English. Five routes, never a verdict",all TTC,525,1,clinical-review-owed,v3,lib/ttc/ttc_semen_reading.dart,"Every sentence a self-assessment shows is clinical copy, whatever the screen calls itself."
ttc,Tools,TTC home > Cycle report,tool-outcome copy,Cycle report,"What the report says, including the three states where it refuses to draw a cycle",all TTC,86,1,clinical-review-owed,v3,lib/ttc/ttc_cycle_report.dart,"Every sentence a self-assessment shows is clinical copy, whatever the screen calls itself."
ttc,Tools,TTC home > Tools > Should I get help,tool-outcome copy,Fertility help,"A readiness read, never a probability",all TTC,856,1,clinical-review-owed,v3,lib/ttc/ttc_fertility_help_rules.dart,"Every sentence a self-assessment shows is clinical copy, whatever the screen calls itself."
ttc,Hubs (older shape),"TTC hub > Trying to conceive, understood.",hub copy,"Trying to conceive, understood.","How do I find my fertile window, and what actually helps this cycle?",all TTC,80,1,placeholder,old,lib/data/hubs/ttc_hubs.dart,"2 ""what do you need"" options. The hub shape predates the doors."
ttc,Hubs (older shape),"TTC hub > PCOS, without the panic.",hub copy,"PCOS, without the panic.","What does PCOS mean for me, and how do I manage it while trying to conceive?",all TTC,97,1,placeholder,old,lib/data/hubs/ttc_hubs.dart,"2 ""what do you need"" options. The hub shape predates the doors."
ttc,Hubs (older shape),TTC hub > When it's taking longer than expected.,hub copy,When it's taking longer than expected.,"Is it time to seek help, what do the tests and treatments involve, and who do I talk to?",all TTC,106,1,placeholder,old,lib/data/hubs/ttc_hubs.dart,"3 ""what do you need"" options. The hub shape predates the doors."
ttc,Hubs (older shape),"TTC hub > Getting your body ready, before you start trying.",hub copy,"Getting your body ready, before you start trying.",What should I be doing before we start trying?,all TTC,55,1,placeholder,old,lib/data/hubs/ttc_hubs.dart,"1 ""what do you need"" options. The hub shape predates the doors."
ttc,Hubs (older shape),TTC hub > His fertility matters just as much.,hub copy,His fertility matters just as much.,"What does sperm health depend on, and how do we improve it?",all TTC,83,1,placeholder,old,lib/data/hubs/ttc_hubs.dart,"2 ""what do you need"" options. The hub shape predates the doors."
ttc,Hubs (older shape),"TTC hub > Trying again, after a loss.",hub copy,"Trying again, after a loss.","What does my body need to recover, and when — if ever — do we try again?",all TTC,79,1,placeholder,old,lib/data/hubs/ttc_hubs.dart,"2 ""what do you need"" options. The hub shape predates the doors."
ttc,Hubs (older shape),"TTC hub > A few quiet minutes, today.",hub copy,"A few quiet minutes, today.","What can we do today that helps, without adding pressure?",all TTC,88,1,placeholder,old,lib/data/hubs/ttc_hubs.dart,"2 ""what do you need"" options. The hub shape predates the doors."
