rank,stage,topic,cluster_id,canonical_question,cluster_size,total_hits,source_spread,languages,new_this_run,top_stems,sample_phrasings
1,parenting,health,1,why baby not gaining weight,99,342,google_ac:100; ddg_ac:6; parentune:1,en:107,yes,baby not gaining weight; toddler not,why is my baby not gaining weight | what does it mean if my baby is not gaining weight | what happens if my baby is not gaining weight | why is newborn baby not gaining weight | why isn't my baby gaining weight | when should i worry about baby not gaining weight
2,parenting,behaviour,2,how much screen time should a child have,81,248,google_ac:87; ddg_ac:4; reddit:2,en:93,yes,toddler screen time; focus; screen time learning,how much screen time should a toddler have | how much screen time can a toddler have | is screen time good for toddlers | is screen time bad for toddlers | how much screen time for children | why is screen time bad for toddlers
3,parenting,health,3,what gives babies colic,76,163,google_ac:61; ddg_ac:17,en:78,yes,baby colic,what is a colic baby | is baby colic | what gives baby colic | is baby colic normal | what are signs of colic baby | what is colic in babies
4,parenting,feeding,4,why my toddler is not eating,71,205,google_ac:66; ddg_ac:10,en:76,yes,toddler not eating; toddler not,why is my toddler not eating | why is my toddler not eating food | why is my toddler not eating all of a sudden | do toddlers not eat | why does a toddler not want to eat | why has my toddler stopped eating
5,parenting,behaviour,5,how to handle toddler tantrums,66,167,google_ac:56; ddg_ac:13; parentune:1; reddit:1,en:71,yes,toddler tantrums; 3 year old; 1 year old,how to deal with toddler tantrums | how to stop toddler tantrums | how to manage toddler tantrums | how to control toddler tantrums | how to handle toddler tantrums 2 year old | how to help toddler tantrums
6,parenting,behaviour,6,how to deal with toddler hitting,63,178,google_ac:55; ddg_ac:10; reddit:2,en:67,yes,toddler hitting; toddler not; learn to read,how to get toddler to stop hitting | how to stop toddler from hitting | how to handle toddler hitting | how to stop toddler from hitting parents | how to handle toddler hitting you | how to handle toddler hitting parents
7,parenting,potty,7,why is baby poop green,63,87,google_ac:61; ddg_ac:3; babychakra:1,en:65,yes,baby poop; 5 year old; newborn,is baby poop green normal | can baby poop be green | why is my baby poop green and slimy | why is 5 year old poop green | why baby poop is green | my one month old baby poop colour is green is this normal
8,parenting,feeding,8,how much baby food for 6 month old,60,105,google_ac:53; ddg_ac:8; parentune:1,en:62,yes,6 month old baby; baby food; baby weaning,how much baby food for six month old | what 6 month old baby can eat | is 6 months old baby can eat | how much baby food at 6 months | how much baby food should a 6 month old have | what should a 6 month old baby be eating
9,parenting,health,9,when does a baby start teething,59,94,google_ac:36; ddg_ac:26,en:62,yes,baby teething,when should baby start teething | when baby teething | what age baby teething | when baby teething will start | when baby teething symptoms | when baby teething process start
10,parenting,health,10,can baby teething cause fever,59,89,google_ac:53; ddg_ac:9,en:62,yes,baby teething; baby fever; 6 month old baby,when baby teething fever | is baby teething can cause fever | do babies teething get fevers | does baby teething cause fever | do baby get fever when teething | can a baby teething cause a fever
11,parenting,sleep,11,how long newborn sleep,58,79,google_ac:40; ddg_ac:20,en:60,yes,newborn sleep; newborn; toddler sleep,how much newborn sleep | how long should a newborn sleep | how much should a newborn sleep | how long does a newborn sleep | how long newborn sleep cycle | how long newborn sleep during day
12,parenting,potty,12,when should potty training start,55,107,google_ac:37; ddg_ac:18,en:55,yes,potty training,when should potty training start for babies | what is a good age to begin potty training | when should potty training start for boys | when should potty training be completed | when should i start potty training my child | when should you start potty training boys
13,parenting,sleep,13,should 4 year olds nap,55,90,google_ac:48; ddg_ac:11,en:59,yes,4 year old,do 4 year olds need naps | should 4 year olds take naps | when is a 4 year old bedtime | how much 4 year old should sleep | how long do 4 year olds sleep | when should a 4 year old go to bed
14,parenting,sleep,14,how much 3 year old sleep,54,83,google_ac:51; ddg_ac:5,en:56,yes,3 year old; 3 month old baby; 4 year old,how long should a 3 month old baby sleep | how much three year old sleep | when should a 3 month old baby sleep | how much 3 year old should sleep | how long should a 3 year old sleep | how long should a 3 year old sleep at night
15,parenting,potty,15,does baby poop in womb,54,79,google_ac:51; ddg_ac:7,en:58,yes,baby poop,do babies poop and pee in the womb | is baby poop in womb | can baby poop in womb | when baby poops in womb | what happens if baby poops in womb | is baby poop in womb dangerous
16,parenting,health,16,when does baby colic stop,53,103,google_ac:44; ddg_ac:11,en:55,yes,baby colic,when does baby colic end | does baby colic go away | when does colic start in baby | how long does colic last in babies | when does baby colic go away | how long do babies have colic
17,parenting,sleep,17,how long should a toddler sleep,53,84,google_ac:33; ddg_ac:20,en:53,yes,toddler sleep; toddler not; 4 year old,how much should a toddler sleep | how long should a toddler sleep each day | how long should a toddler sleep at night | how much sleep should a toddler get | how much should toddler sleep at night | how many hours toddler sleep
18,parenting,sleep,18,is it ok newborn sleep on side,53,78,google_ac:49; ddg_ac:5,en:54,yes,newborn sleep; newborn; toddler sleep,can newborn sleep on side | should newborn sleep on side | is it ok baby sleep on side | can i newborn sleep on their side | should newborns sleep on back | do newborns sleep on their back
19,parenting,sleep,19,when should 5 year old sleep,53,77,google_ac:46; ddg_ac:9,en:55,yes,5 year old; 4 year old,should 5 year olds nap | when should 5 year olds nap | how long 5 year old should sleep | when should 5 year old go to bed | do 5 year olds take naps | how long should a 5 year old sleep
20,parenting,behaviour,20,when do toddler tantrums stop,51,151,google_ac:51; ddg_ac:4,en:55,yes,toddler tantrums; 1 year old,how long do toddler tantrums last | when are toddler tantrums not normal | when do toddler tantrums peak | how bad can toddler tantrums get | when do toddler tantrums get better | when do toddler tantrums start
21,parenting,health,21,what is a baby fever,50,96,google_ac:33; ddg_ac:19,en:52,yes,baby fever,what is baby fever | what is baby fever slang | what is considered a fever for baby | why do i get baby fever | when baby fever | what does baby fever mean
22,parenting,feeding,22,how much 1 year old should drink milk,48,64,google_ac:44; ddg_ac:4,en:48,yes,1 year old,how much 1 year old drink milk | when should 1 year old drink milk | should 1 year old drink whole milk | should 1 year old drink milk at night | when can a 1 year old drink cow's milk | how much milk should a 1 year old drink
23,parenting,first-40-days,23,when should postpartum hair loss stop,48,54,google_ac:48,en:48,yes,postpartum,when does postpartum hair loss start | why postpartum hair loss | when does postpartum hair loss start and end | when postpartum hair loss starts
24,parenting,sleep,24,how much 1 year old should sleep,47,64,google_ac:39; ddg_ac:9,en:48,yes,1 year old; toddler sleep; 5 year old,how long 2 year old nap | when should 1 year old sleep | how much 1 year old sleep | when should 1 year old nap | how long should a 1 year old sleep | how long should a 1 year old nap be
25,parenting,first-40-days,25,when newborn baby can see,46,55,google_ac:41; ddg_ac:7,en:48,yes,newborn; baby milestones,what age can babies properly see | can newborn babies see | how newborn baby see us | when newborn can see | how newborns see | what newborns see
26,parenting,feeding,26,what to do when toddler won't eat,45,79,google_ac:40; parentune:6; ddg_ac:1,en:47,yes,toddler not eating; toddler not,what to do when toddler will not eat | what to do toddler not eating | what to do when child not eating food | what to do when toddler not eating | my child doesnt eat need advise | kid is not interested in eating
27,parenting,health,27,how to relieve baby colic,45,57,google_ac:34; ddg_ac:11,en:45,yes,baby colic; baby massage,how to help a colic baby | what helps baby colic | how to help baby colic | how to treat baby colic | what can help a baby with colic | what can you give a baby for colic
28,parenting,general,28,what 6 month old baby can do,43,100,google_ac:29; ddg_ac:15,en:44,yes,6 month old baby; baby milestones,is 6 month old baby | what to expect 6 month old baby | is a 6 month old an infant | what 6 month old baby should be doing | what 6 month old baby development | what should a 6 month old baby be doing
29,parenting,sleep,29,should 3 year olds nap,42,56,google_ac:39; ddg_ac:5,en:44,yes,3 year old,when should 3 year old nap | should 3 year old still nap | should 3 year olds take naps | do 3 year olds nap | how long should a 3 year old nap | how long should 3 year olds nap
30,parenting,feeding,30,why breastfeeding is painful,41,52,google_ac:41,en:41,yes,breastfeeding,why breastfeeding is so painful | should breastfeeding hurt | why breastfeeding hurts | does breastfeeding hurt
31,parenting,potty,31,does baby poop smell,40,64,google_ac:40; ddg_ac:2,en:42,yes,baby poop; newborn; 3 month old baby,why does baby poop smell so bad | does baby poop smell bad | should baby poop smell bad | should baby poop smell
32,parenting,health,32,how many days baby massage,40,62,google_ac:39; ddg_ac:1,en:40,yes,baby massage,what age can you start baby massage | when do baby massage | when should baby massage start | when can baby massage start
33,parenting,sleep,33,is newborn sleeping too much,40,58,google_ac:34; ddg_ac:7,en:41,yes,newborn sleep; newborn; toddler sleep,can i newborn sleep too much | why do newborns sleep so much | why is my newborn sleeping so much | why do newborn babies need sleep | can i baby sleep too much | why does newborn sleep so much
34,parenting,development,34,what delays speech in toddlers,40,56,google_ac:40; ddg_ac:1,en:41,yes,toddler speech,how to help toddler speech delay | why toddler speech delay | when is a toddler speech delayed | why do toddlers have delayed speech | how to help speech delayed toddler
35,parenting,health,35,can baby teething at 3 months,39,62,google_ac:35; ddg_ac:4,en:39,yes,baby teething; 3 month old baby,is 3 month old baby teething | is baby teething at 3 months | is baby teething at 4 months | can baby teething start at 3 months | can 3 month old baby teething | can a baby start teething at 2 months
36,parenting,potty,36,how many times should a baby poop,39,59,google_ac:28; ddg_ac:11,en:39,yes,baby poop; 3 month old baby; 1 year old,how much should a baby poop | how often should a baby poop | how often do babies poop | how many times should a baby poop a day | how much newborn poop is normal | how much baby poop in a day
37,parenting,general,37,what can 3 month old baby do,38,81,google_ac:25; ddg_ac:14,en:39,yes,3 month old baby,what can three month old baby do | what to expect 3 month old baby | what 3 month old baby can do | what 3 month old baby should be doing | what 3 month old baby do | what should a 3 month old baby be doing
38,parenting,development,38,what are baby milestones,37,127,google_ac:34; ddg_ac:6,en:40,yes,baby milestones,what age do babies reach milestones | what to expect baby milestones | what are babies first milestones | when do baby milestones start | what is a milestone in a baby | what are the baby milestones
39,parenting,health,39,when baby teething what to do,36,46,google_ac:28; ddg_ac:8,en:36,yes,baby teething,how to deal with a teething baby | how to help a teething baby | how to soothe teething baby | how to help a baby who is teething | how baby teething | how baby start teething
40,parenting,feeding,40,can i bring baby food pouches on a plane,35,44,google_ac:31; ddg_ac:4,en:35,yes,baby food; baby weaning,can i bring baby food on a plane | can i take baby food on plane | can baby food pouches go through airport security | can i take baby food on a plane international | can you take baby food pouches on airplane | are baby food pouches allowed on airplanes
41,parenting,first-40-days,41,how long postpartum depression last,35,42,google_ac:33; ddg_ac:3,en:36,yes,postpartum,how postpartum depression last | when does postpartum depression start | how long after birth postpartum depression | how many years can postpartum depression last | postpartum depression when to get help | when postpartum depression ends
42,parenting,health,42,which baby massage oil is good,34,65,google_ac:34,en:34,yes,baby massage,is baby massage oil good for adults | is baby massage oil good for hair | can baby massage oil be used on hair | which baby massage oil is best in india
43,parenting,behaviour,43,what is normal behavior for a two year old,33,131,google_ac:32; ddg_ac:2,en:34,yes,2 year old behaviour,2 year old behaviour problems what is normal | what is acceptable behaviour for a 2 year old | why is my 2 year olds behaviour so bad | what is normal 2 year old behaviour | how should 2-year-olds behave
44,parenting,sleep,44,how to make toddler sleep,33,36,google_ac:29; ddg_ac:4,en:33,yes,toddler sleep; toddler not; 1 year old,how to make toddler sleep fast | what helps toddler sleep at night | how toddlers sleep | how to get toddler to sleep | how to put a toddler to sleep | what to do when toddler not sleeping
45,parenting,feeding,45,can 6 month old babies drink water,32,71,google_ac:31; ddg_ac:4,en:35,yes,6 month old baby,can 6 month old baby drink water | can 6 month old babies have water | is 6 month old baby can drink water | should 6 month old baby drink water | when can a 6 month old baby have water | can a 6 month old baby drink water
46,parenting,sleep,46,should i let toddler sleep in when sick,32,52,google_ac:31; ddg_ac:1,en:32,yes,toddler sleep; baby fever; newborn sleep,should i let toddler sleep with fever | should toddler sleep more when sick | should i let toddler sleep all day when sick | should i let toddler sleep more when sick | should i let my sick toddler sleep in
47,parenting,health,47,when can a baby get vaccines,32,51,google_ac:20; ddg_ac:12,en:32,yes,baby vaccination,what months do babies get immunizations | when is a baby fully vaccinated | when is an infant fully vaccinated | when does baby have vaccines | when baby vaccinations | when baby immunisation
48,parenting,behaviour,48,how to limit kids screen time,31,41,google_ac:31; reddit:1,en:32,yes,toddler screen time,how to limit toddler screen time | how to reduce kids screen time | how to reduce child's screen time | how to limit kids screen time on iphone | What is the best way to balance kid's screen time?
49,parenting,health,49,when baby fever is too high,30,47,google_ac:30,en:30,yes,baby fever,when is baby fever dangerous | is baby fever dangerous | what baby fever is too high | what happens if baby fever gets too high
50,parenting,first-40-days,50,why postpartum depression happens,30,37,google_ac:29; ddg_ac:1,en:30,yes,postpartum,why postpartum depression | how postpartum depression occurs | why does postpartum depression happen | why is postpartum depression a thing | how postpartum depression affects a mother
51,parenting,development,51,when do toddler talk,29,52,google_ac:28; ddg_ac:1,en:29,yes,toddler speech; child communication skills,when does toddler speech become more clear | when does toddler speech become clear | when does toddler speech take off | when should toddler speech be clear | when should a toddler start talking
52,parenting,feeding,52,how long can a toddler go without eating,29,51,google_ac:25; ddg_ac:4,en:29,yes,toddler not eating; baby food; toddler not,how many days can a toddler go without eating | how long toddler not eating | how long can toddler not eat when sick | how long can a 2 year old go without eating | how long can a baby bird survive without food | how long can baby birds go without food
53,parenting,feeding,53,how much 3 month old baby should eat,28,41,google_ac:20; ddg_ac:7; parentune:1,en:28,yes,3 month old baby; formula feeding; baby food,can 3 month old eat baby food | how often should a 3 month old baby eat | what 3 month old baby can eat | when to feed 3 month old baby | how much 3 month old baby feed | what to feed my three months old
54,parenting,first-40-days,54,how long does postpartum last,28,39,google_ac:24; ddg_ac:4,en:28,yes,postpartum,postpartum how many weeks after delivery | when does postpartum end | postpartum how long | how many days does postpartum last | how postpartum last | how long is postpartum leave
55,parenting,health,55,when babies teething does it hurt,28,35,google_ac:27; ddg_ac:1,en:28,yes,baby teething; breastfeeding,is baby teething painful | is teething painful for babies | does breastfeeding hurt when baby gets teeth | does baby teething hurt
56,parenting,sleep,56,can toddler sleep with blanket,28,34,google_ac:26; ddg_ac:2,en:28,yes,toddler sleep; 1 year old; 4 year old,when can 1 year old sleep with blanket | when baby sleep with blanket | when can a toddler sleep with a blanket | when can a toddler sleep with blankets | when is it safe baby sleep blanket
57,parenting,feeding,57,when to start weaning baby,27,55,google_ac:21; ddg_ac:8,en:29,yes,baby weaning,what age do babies start weaning | when do babies start weaning | when can babies start to wean | how to start baby weaning | when baby weaning | how long does weaning take
58,parenting,development,58,can 3 year olds talk,27,43,google_ac:21; ddg_ac:8,en:29,yes,3 year old,should 3 year olds talk | can i 3 year old talk | do 3 year olds talk | should a 3 year old be talking | can 3 year olds talk fluently | can 3 year olds speak
59,parenting,sleep,59,should toddler sleep with pillow,27,36,google_ac:24; ddg_ac:3,en:27,yes,toddler sleep; 1 year old; 3 year old,can toddler sleep with pillow | should 3 month old baby use pillow | should 1 year old sleep with pillow | when can toddler sleep with pillow | when can my toddler sleep with a pillow | should toddlers sleep with pillows
60,parenting,potty,60,what should baby poop look like,27,32,google_ac:24; ddg_ac:3,en:27,yes,baby poop; newborn; 3 month old baby,what should 3 month old baby poop look like | how newborn baby poop look like | what should baby chick poop look like | what should 6 mo old baby poop look like | how does breastfed baby poop look like
61,parenting,behaviour,61,how to improve 2 year old behaviour,26,68,google_ac:25; ddg_ac:1; reddit:1,en:27,yes,2 year old behaviour; toddler tantrums,how to deal with 2 year old bad behaviour | how to manage 2 year old behaviour | how to control 2 year old behavior | how to change 2 year old behavior | Advice on aggressive behavior in infant-toddler
62,parenting,sleep,62,where do newborns sleep,26,50,google_ac:22; ddg_ac:5,en:27,yes,newborn sleep; newborn; toddler sleep,where newborn sleep | where does newborn sleep | what should i newborn sleep in | where should a newborn sleep | what does a newborn sleep in | what should a newborn sleep in
63,parenting,sleep,63,should toddler sleep after hitting head,26,47,google_ac:27; ddg_ac:1,en:28,yes,toddler sleep; toddler hitting,can toddler sleep after hitting head | should i let toddler sleep after hitting head | can toddler sleep after bumping head | can child sleep after hitting head
64,parenting,general,64,how much 4 year old weigh,26,43,google_ac:24; ddg_ac:3,en:27,yes,4 year old; 5 year old,how much 4 year old should weigh | how much 4 year old boy should weigh | how much does 4 year old weigh | how much average 4 year old weight | how much should a 4 year old weigh | how much does a 4 year old weigh
65,parenting,health,65,how many days baby fever last,26,36,google_ac:21; ddg_ac:5,en:26,yes,baby fever,how many days baby fever | how many days child fever last | how many days should baby fever last | how many days fever last in infants | how long does baby fever last | how long can a baby have a fever
66,parenting,sleep,66,can i newborn sleep with a pacifier,26,35,google_ac:25; ddg_ac:3,en:28,yes,newborn sleep; newborn; toddler sleep,should newborn sleep with pacifier | can newborn sleep with pacifier | is it safe for newborn to sleep with pacifier | is it ok baby sleep with pacifier | is it safe baby sleep with pacifier | can a newborn sleep with a pacifier
67,parenting,behaviour,67,why do toddlers have tantrums,26,35,google_ac:25; ddg_ac:2,en:27,yes,toddler tantrums,why do 2 year olds have tantrums | what is toddler tantrums | why do toddlers throw tantrums when tired | why are my toddlers tantrums so bad | why toddlers throw tantrums
68,parenting,health,68,when baby have fever what to do,26,29,google_ac:23; ddg_ac:3,en:26,yes,baby fever; 1 year old; newborn,when baby has fever what to do | what to do when baby fever is high | what to do if baby has fever | what to do if your baby has a fever | what to do when baby has fever | what to do newborn fever
69,parenting,first-40-days,69,when should postpartum bleeding stop,26,28,google_ac:26,en:26,yes,postpartum,when postpartum bleeding stop | does postpartum bleeding hurt | should postpartum bleeding be bright red | what should postpartum bleeding look like
70,parenting,feeding,70,when can baby led weaning start,25,39,google_ac:16; ddg_ac:10,en:26,yes,baby weaning,how to do baby led weaning | when does baby led weaning start | when should you start baby led weaning | when can i start baby led weaning | how to baby led weaning | how to baby led weaning 6 months
71,parenting,potty,71,how many days toddler not poop,25,33,google_ac:25,en:25,yes,toddler not; 3 month old baby; baby poop,why toddler not pooping for 3 days | how many days can toddler not poop | how many days is normal for toddler not to poop | how many days is ok for toddler not to poop
72,parenting,sleep,72,how much 6 month old baby sleep,25,30,google_ac:20; ddg_ac:4; parentune:1,en:25,yes,6 month old baby,how much 6 month old baby should sleep | 6 monthh old daughter not sleeping through night wat to do plz suggest | how long should a 6 month old baby sleep | how long should my 6 month old baby nap | how long should a 6 month old baby nap | does 6 month old baby sleep through the night
73,parenting,feeding,73,Why do some people gain weight and some people lose weight while breastfeeding?,25,29,google_ac:24; reddit:1,en:25,yes,breastfeeding,why breastfeeding mother gain weight | why breastfeeding causes weight loss | how breastfeeding helps in weight loss | how does breastfeeding affect weight loss
74,parenting,potty,74,how to potty training,25,26,google_ac:15; ddg_ac:9; parentune:1,en:24; hinglish:1,yes,potty training,advice on potty training | how to potty train | how to teach potty training | how to introduce potty training | how potty training | how potty train a puppy
75,parenting,health,75,is baby massage good,24,59,google_ac:24,en:24,yes,baby massage,is baby massage necessary | is baby massage worth it | can babies get massages | is it ok to massage baby everyday
76,parenting,behaviour,76,why is my toddler hitting so much,24,45,google_ac:21; ddg_ac:4,en:25,yes,toddler hitting,why does my toddler keep hitting me | why is my toddler hitting me | why is my toddler hitting and biting | why does my toddler hit | why do toddlers start hitting | why is toddler hitting me
77,parenting,development,77,does toddler need speech therapy,24,44,google_ac:24; ddg_ac:1,en:25,yes,toddler speech,why do toddlers need speech therapy | does toddler speech therapy work | when to start speech therapy for toddler | what is toddler speech therapy
78,parenting,feeding,78,how much baby food for 5 month old,23,46,google_ac:19; parentune:2; ddg_ac:2,en:23,yes,baby food; baby weaning,how much baby food at 5 months | how much baby food should a 5 month old eat | how much baby food for 5 month old a day | how much solid food for 5 month old | what i should feed my 5 months old baby | how to start food to 5 month old baby
79,parenting,general,79,how much 6 month old baby weight,23,38,google_ac:14; ddg_ac:9,en:23,yes,6 month old baby,how much should a 6 month old baby weigh | how much should a 6 month old baby boy weigh | how much should a 6 month old baby girl weigh | how much does a 6 month old baby weigh | how tall 6 month old baby | how far can 6 month old baby see
80,parenting,behaviour,80,why is my 4 year old not listening,23,31,google_ac:19; ddg_ac:3; parentune:1,en:23,yes,4 year old; 5 year old,when 4 year olds don't listen | why is 5 year old not listening | why does my 5 year old not listen | why 4 year old is not listening | when 4 year old doesn't listen | my child doesnt listens to me he is 3 3years
81,parenting,health,81,when baby teeth come in,23,28,google_ac:20; ddg_ac:6,en:26,yes,baby teething; newborn,what baby teeth come in first | which baby teeth come in first | when baby teeth come out | do baby teeth come in top or bottom first | when does newborn get teeth | how baby teeth come in
82,parenting,first-40-days,82,how newborn baby gain weight,23,26,google_ac:19; ddg_ac:3; parentune:1,en:23,yes,newborn; baby not gaining weight,how newborn gain weight | how to increase weight of one month old infant | how much weight should a newborn gain weekly | when should a baby start gaining weight | when should newborn start gaining weight | how to newborn baby weight gain
83,parenting,development,83,how to help toddler with speech,22,52,google_ac:20; ddg_ac:3,en:23,yes,toddler speech,how to improve toddler speech | how to encourage speech in toddlers | how to help toddler speech | how to improve child's speech at home | how to improve child speech development
84,parenting,feeding,84,what 1 year old should eat,22,45,google_ac:19; ddg_ac:4,en:23,yes,1 year old,what one year old should eat | what 1 year old can eat | what 1 year old baby can eat | when do 1 year olds eat | what should a 1 year old be eating | what should 1 year olds eat
85,parenting,feeding,85,when baby food start,22,43,google_ac:14; ddg_ac:10,en:24,yes,baby food; can i eat during pregnancy,when baby food | when can i feed my baby food | when should babies start baby food | when can baby food start | how long do babies eat baby food | when is baby food
86,parenting,feeding,86,why is my kid not eating,22,34,google_ac:20; ddg_ac:3,en:23,yes,3 year old; toddler not eating; 1 year old,why child not eating food | why is child not eating | why is my 1 year old not eating | why children not eating food | why is my 4 year old not eating
87,parenting,feeding,87,when should breastfeeding stop,22,32,google_ac:13; ddg_ac:7; parentune:2,en:22,yes,breastfeeding,when should kittens stop breastfeeding | when do babies stop breastfeeding | when do kittens stop breastfeeding | when do infants stop breastfeeding | when breastfeeding stop | when breastfeeding should stop
88,parenting,general,88,do 5 year olds get molars,22,28,google_ac:22; ddg_ac:2,en:24,yes,5 year old; 3 year old; 4 year old,do five year olds get molars | when do 3 year olds get molars | when do 5 year olds get molars | do 3 year olds get molars
89,parenting,sleep,89,when does newborn sleep through the night,22,27,google_ac:18; ddg_ac:4,en:22,yes,newborn sleep; newborn,should i let newborn sleep through the night | is newborn sleeping through the night | do newborns sleep through the night | how long does a newborn baby sleep | how newborn sleep through night | when newborn sleep through night
90,parenting,health,90,can baby vaccination be delayed,21,63,google_ac:21,en:21,yes,baby vaccination,can baby vaccination be delayed by a month | can baby vaccination be delayed by a week | can baby vaccination be delayed by 2 days | what happens if baby vaccination is delayed
91,parenting,health,91,does baby teething cause diarrhea,21,34,google_ac:19; ddg_ac:5,en:24,yes,baby teething; 3 year old,can baby teething cause diarrhea | do babies teething get diarrhea | why do babies get sick when teething | is baby teething or sick | do 3 year olds get sick when teething | can babies be sick with teething
92,parenting,potty,92,should 3 year olds be potty trained,21,31,google_ac:20; ddg_ac:4,en:24,yes,3 year old; potty training; 4 year old,should a 3 year old be potty trained | is potty training at 3 too late | are 3 year olds potty trained | should my 3 year old be potty trained | is it normal for a three year old to not be potty trained | should 3 yr old be potty trained
93,parenting,feeding,93,how much formula feeding newborn,21,29,google_ac:18; ddg_ac:2; reddit:1,en:21,yes,formula feeding,how much formula feeding chart | how much formula baby feeding chart | how much formula newborn feeding chart | feeding baby formula how much | how often to formula feed newborn | Formula feeding how much ml do u feed ur baby
94,parenting,first-40-days,94,why newborn baby get jaundice,21,27,google_ac:21; ddg_ac:2,en:23,yes,newborn; breastfeeding,how do newborns get jaundice | how newborn baby get jaundice | is jaundice common in babies | is newborn baby jaundice normal
95,parenting,sleep,95,how newborn baby sleep,21,26,google_ac:18; ddg_ac:3,en:21,yes,newborn sleep; newborn; toddler sleep,how should a newborn sleep position | how are newborns supposed to sleep | how infant sleep | how to get sleep with a newborn | how newborn sleep position | how newborn sleep
96,parenting,first-40-days,96,why newborn baby cry at night,21,26,google_ac:21,en:21,yes,newborn; baby colic; 6 month old baby,why newborn cry at night | why 6 month old baby cry in the night | why do colic babies cry at night | why does newborn cry at night
97,parenting,potty,97,how to help baby poop,21,25,google_ac:12; ddg_ac:10,en:22,yes,baby poop,how to get your baby to poop | how can i get my baby to poop | what can help a baby poop | how can you help a baby poop | how baby poo | what helps baby poop
98,parenting,feeding,98,what is baby led weaning,20,44,google_ac:18; ddg_ac:3,en:21,yes,baby weaning,why is baby led weaning safe | is baby led weaning safe | why do baby led weaning | why is it called baby led weaning | why baby led weaning
99,parenting,feeding,99,what baby food can dogs eat,20,32,google_ac:17; ddg_ac:7,en:24,yes,baby food; baby weaning,what baby food is good for dogs | is baby food good for dogs | what baby food is safe for dogs | is baby food bad for dogs | which baby food is good for dogs | which baby food can dogs eat
100,parenting,health,100,do babies not eat when teething,20,31,google_ac:19; ddg_ac:1,en:20,yes,toddler not eating; baby teething,do toddlers not eat when teething | do babies not eat well when teething | do babies not eat when they are teething | do babies teething eat less | will teething cause baby to stop eating
101,parenting,feeding,101,should baby poop be solid,20,27,google_ac:18; ddg_ac:3,en:21,yes,baby poop; 6 month old baby,when does baby poop become more solid | when does baby poop turn solid | when should babies have solid poop | when does baby poop become solid | is it normal for 6 month old baby to have solid poop | when baby poop become solid
102,parenting,development,102,can i 5 year old sit in the front seat,20,26,google_ac:18; ddg_ac:4,en:22,yes,5 year old,does 5 year old need car seat | do 5 year olds need a car seat | can a 5 year old sit in the front seat | should a 5 year old be in a car seat | which car seat 5 year old | is it safe for a 5 year old to sit in the front seat
103,parenting,behaviour,103,do toddlers hit their head,20,26,google_ac:20,en:20,yes,toddler hitting; 1 year old,do toddlers hit their heads a lot | do toddlers hit themselves in the head | why is toddler hitting his head | why is toddler hitting head
104,parenting,sleep,104,is it ok baby sleep on stomach,20,24,google_ac:19; ddg_ac:1,en:20,yes,newborn sleep; toddler sleep; newborn,is it safe for baby sleep on stomach | should newborns sleep on their stomach | when baby sleep on stomach | can newborn sleep on tummy on my chest
105,parenting,potty,105,how many days baby poop,20,20,google_ac:15; ddg_ac:5,en:20,yes,baby poop; toddler not; newborn,when should newborn have first stool | when babies poop | how long can a baby go without pooping | how many days between pooping newborn | how long infant not poop | how many days can an infant not poop
106,parenting,behaviour,106,why is child's screen time not updating,19,38,google_ac:19,en:19,yes,toddler screen time,why is child screen time not showing | why is my child's screen time not showing on my iphone | why is my child's screen time not updating on my iphone | why is my child's screen time activity not updating
107,parenting,general,107,is 3 month old baby can see,19,34,google_ac:17; ddg_ac:2,en:19,yes,3 month old baby,what 3 month old baby can see | what does 3 month old baby look like | what does 3 month old baby see | what does a 3 month old baby look like | how far can a 3 month old baby see
108,parenting,feeding,108,how much baby food for 4 month old,19,31,google_ac:18; ddg_ac:1,en:19,yes,baby weaning; baby food; formula feeding,how much baby food at 4 months | how much baby food should a 4 month old eat | how to formula feed a 4 month old | how much formula milk for 4 month old
109,parenting,feeding,109,how to make baby food,19,31,google_ac:16; ddg_ac:4,en:20,yes,baby food; baby weaning,how to wean baby food | how to make baby eat food | how baby food | how to baby food | how to feed baby | how to get baby to eat food
110,parenting,health,110,how much baby fever temperature,19,30,google_ac:19,en:19,yes,baby fever,how much baby fever is normal | what baby fever temperature | what is baby fever temp | what temperature baby fever hospital
111,parenting,potty,111,is baby poop supposed to be watery,19,27,google_ac:19,en:19,yes,baby poop,when baby poop is watery | is baby poop liquidy | what does it mean when baby's poop is watery | why baby stool is watery
112,parenting,health,112,when baby teeth fall out,19,24,google_ac:14; ddg_ac:9,en:23,yes,baby teething,what baby teeth fall out | which baby teeth fall out | which baby teeth fall out chart | when baby teeth don't fall out | why baby teeth fall out | why baby teeth not falling out
113,parenting,behaviour,113,why does my 3 month old baby cry all the time,19,24,google_ac:17; ddg_ac:2,en:19,yes,3 year old; 3 month old baby,why is my 3 month old baby crying a lot | why 3 year old cry all the time | why 3 year old cries every night | why does my 3 year old cry so much
114,parenting,feeding,114,how to stop breastfeeding,19,23,google_ac:11; parentune:3; ddg_ac:3; reddit:2,en:19,yes,breastfeeding,how to stop breastfeeding toddler | how to stop baby from breastfeeding | how to stop breastfeeding medication | how breastfeeding stop | how to stop breast feeding now | how to stop breast feed
115,parenting,sleep,115,why newborn baby smile while sleeping,19,22,google_ac:16; ddg_ac:3,en:19,yes,newborn,why newborn smile in sleep | why do newborn smile when sleeping | can newborns smile | do newborns smile | when does newborn smile | when newborn start smiling
116,parenting,sleep,116,why is my toddler not sleeping at night,18,39,google_ac:12; ddg_ac:6,en:18,yes,toddler sleep; toddler not; 1 year old,why is my toddler not sleeping | why toddler not sleeping at night | why won't my toddler sleep | why won't my toddler sleep at night | why toddler not sleeping through night | why is toddler not sleeping at night
117,parenting,behaviour,117,when do temper tantrums stop,18,29,google_ac:17; ddg_ac:1,en:18,yes,toddler tantrums,how long do temper tantrums last | when do temper tantrums start | when do baby tantrums start | when should temper tantrums stop | when do children stop having tantrums
118,parenting,sleep,118,does newborn sleep a lot,18,26,google_ac:15; ddg_ac:5,en:20,yes,newborn sleep; newborn,do newborns sleep a lot | is it normal newborn always sleep | do newborns sleep all day | is it normal for a newborn to sleep all day | why newborn sleep all the time | when newborn sleeps a lot
119,parenting,feeding,119,how long should formula feeding take,18,26,google_ac:10; ddg_ac:9,en:19,yes,formula feeding,how long can tube feeding formula hang | enteral feeding how long can formula stay out | how long to keep formula after feeding | how much formula per feed | how long formula feed baby | how long formula feed
120,parenting,potty,120,when should potty training stop,18,26,google_ac:18,en:18,yes,potty training,should i stop potty training | should i stop potty training for now | is it bad to stop potty training | is it ok to stop potty training
121,parenting,feeding,121,how much 3 month old baby drink milk,18,25,google_ac:16; ddg_ac:2,en:18,yes,3 month old baby; 3 year old; formula feeding,how much 3 month old baby should drink milk | how much milk 3 month old baby | how much 3 month old baby drink milk per day | how much milk should a 3 month old baby drink | can 3 month old baby drink cow milk
122,parenting,early-learning,122,should 5 year olds be able to read,18,23,google_ac:14; ddg_ac:5,en:19,yes,5 year old,should a 5 year old be able to read | can 5 year olds read | do 5 year olds read books | should my 5 year old be reading | can 5 year old read | can 5 year old read books
123,parenting,feeding,123,can i microwave baby food,18,21,google_ac:18,en:18,yes,baby food; baby weaning,should i microwave baby food | can baby food be microwaved | can baby food be warmed in microwave | can baby food be heated in microwave
124,parenting,potty,124,how long potty training,18,20,google_ac:16; ddg_ac:2,en:18,yes,potty training,how long does potty training take toddler | how many days potty training | how long to sit on potty when training | can potty training take months | is it normal for potty training to take months
125,parenting,feeding,125,when do you stop feeding formula,18,19,ddg_ac:9; google_ac:9,en:18,yes,formula feeding; baby food,when to stop formula feeding | when to stop feeding baby formula | when to stop formula feeding nhs | when to stop formula feeding your baby | how to stop formula feeding | when stop formula feeding
126,parenting,development,126,Normal 2 year old speech?,17,42,google_ac:14; ddg_ac:3; reddit:1,en:18,yes,toddler speech; 1 year old; shy,what is toddler age range for speech | how much speech should a 2 year old have | what is toddler age for speech development | how clear should a 2 year olds speech be | what is normal for 2 year old speech | should 2 year olds be talking
127,parenting,behaviour,127,is it normal for toddlers to hit,17,38,google_ac:17; ddg_ac:1,en:18,yes,toddler hitting; 1 year old,is toddler hitting normal | is it normal for 2 year olds to hit | is hitting normal toddler behavior | is it normal for one year old to hit
128,parenting,health,128,does colic make babies cry,17,28,google_ac:17,en:17,yes,baby colic,why colic baby cry | do colic babies cry all day | when do colic babies stop crying | do colic babies stop crying when held
129,parenting,health,129,why should babies get vaccines,17,26,google_ac:12; ddg_ac:5,en:17,yes,baby vaccination,why vaccinate your child | why is vaccination important for children | why are children vaccinated | why are children given vaccinations | why do babies get vaccines at birth | why baby vaccination is important
130,parenting,development,130,can i 5 year old be in a booster seat,17,24,google_ac:17,en:17,yes,5 year old,when can 5 year old sit in booster seat | can a 5 year old sit in a booster seat without back | can a 5 year old sit in a booster seat uk | when can my 5 year old use a booster seat
131,parenting,feeding,131,why my baby not eating food,17,21,parentune:12; google_ac:3; ddg_ac:2,en:17,yes,toddler not eating; baby food; 1 year old,why is my baby not eating | my baby is not eating properly | my baby not feeling hungry | 1 year 9 months old baby not eating food properly | why 1 year old baby not eating food | why is my baby not eating food
132,parenting,behaviour,132,how to handle toddler not listening,17,21,google_ac:16; ddg_ac:1,en:17,yes,toddler not; 3 year old,do toddlers not listen | why does my toddler not listen | is it normal for toddler not to listen | what to do when toddler not listening
133,parenting,health,133,how long baby fever after vaccines,17,21,google_ac:17,en:17,yes,baby fever; baby vaccination,how long baby fever last after vaccination | how many days baby have fever after vaccination | how many babies get fevers after vaccines | when does baby get fever after vaccine
134,parenting,sleep,134,do babies teething sleep more,17,20,google_ac:16; ddg_ac:1,en:17,yes,baby teething; toddler sleep; newborn sleep,can teething make a baby tired | do babies sleep more when teething | do toddlers sleep more when teething | will toddler sleep more when teething
135,parenting,health,135,how to do baby massage,16,58,google_ac:13; ddg_ac:4,en:17,yes,baby massage,how to massage baby | how to give a baby a massage | how to do infant massage | how to baby massage newborn | how baby massage | how to massage baby legs to straighten
136,parenting,general,136,can 3 month old baby travel in flight,16,49,google_ac:15; ddg_ac:3; parentune:1,en:19,yes,3 month old baby; 4 year old; 3 year old,does 3 month old baby need flight ticket | does 3 year old need plane ticket | does 3 year old need flight ticket | can 3 months baby travel in flight | can you fly with a 3 month old baby | tips for travelling woth 3 months old
137,parenting,general,137,when are kids no longer considered toddlers,16,41,ddg_ac:13; google_ac:3,en:16,yes,toddler not; 4 year old,when are you no longer a toddler | what age is no longer a toddler | when are kids no longer toddlers | when are you considered a toddler | what age is a toddler not a toddler anymore | what age is not considered a toddler
138,parenting,general,138,can 6 month old babies have yogurt,16,35,google_ac:16; ddg_ac:3,en:19,yes,6 month old baby,can 6 month old baby eat yogurt | can 6 month old baby have yogurt | can 6 month old babies have greek yogurt | is it ok to give a 6 month old baby yogurt | can 6 month old have yogurt | can a 6 month old baby eat yogurt
139,parenting,development,139,can 1 year olds walk,16,26,google_ac:13; ddg_ac:4,en:17,yes,1 year old,should a 1 year old be walking | do 1 year olds walk | can i 1 year old walk | can a 1 year old walk | is 1 year old can walk | can 1 year old walk
140,parenting,potty,140,what baby poop color is normal,16,23,google_ac:15; ddg_ac:1,en:16,yes,baby poop,what color should baby poop be | what color baby poop is not normal | what colour baby poop is not normal | what baby poop color mean
141,parenting,health,141,why baby fever only at night,16,23,google_ac:15; reddit:1,en:16,yes,baby fever,why baby fever at night | why baby fever is high at night | why does baby fever spike at night | Why do toddlers have intermittent fevers at night?
142,parenting,potty,142,does potty training spray work,16,21,google_ac:16; ddg_ac:1,en:17,yes,potty training,do potty training sprays work | does potty training spray work for puppies | does potty training spray work for dogs | is potty training spray effective
143,parenting,development,143,how much is child speech therapy,16,21,google_ac:14; ddg_ac:2,en:16,yes,toddler speech,how much is toddler speech therapy | how much do pediatric speech therapists make | how much do child speech therapists make | how much is speech therapy for toddlers | how much is speech therapy for kids
144,parenting,general,144,how old is a 4 year old,16,21,ddg_ac:10; google_ac:9,en:19,yes,4 year old,when 4 year old | are 4 year olds babies | how old are you in year 4 | is 4 year old a kid | how old am i in year 4 | how 4 years old
145,parenting,development,145,when child start speaking,16,20,google_ac:15; ddg_ac:1,en:16,yes,toddler speech; newborn; 1 year old,when should a child's speech be clear | when should 1 year old start talking | when should children's speech be clear | when does a child begin to speak
146,parenting,health,146,how many vaccines does a child get,16,19,ddg_ac:10; google_ac:6,en:16,yes,baby vaccination,how many vaccines does a newborn get | how many vaccination for baby | how many vaccines does a baby get | how many vaccines do infants get | how many baby vaccines are there | how many baby shots are there
147,parenting,feeding,147,how breastfeeding cause jaundice,16,19,google_ac:16,en:16,yes,breastfeeding,why breastfeeding jaundice occurs | can breastfeeding cause jaundice | why breast milk jaundice occurs | why breast milk jaundice happen
148,parenting,general,148,does 5 year old child need train ticket,16,16,google_ac:15; ddg_ac:1,en:16,yes,5 year old; 3 year old; 4 year old,does 6 year old child need train ticket | does 1 year old need train ticket | does 3 year old need train ticket | does 3 year old need train ticket in india
149,parenting,feeding,149,when should formula fed babies poop,16,16,google_ac:15; ddg_ac:1,en:16,yes,formula feeding; baby poop,how often should a formula fed baby poop | should formula fed babies poop everyday | is it normal for formula fed babies to not poop everyday | is it normal for formula fed babies to poop once a day
150,parenting,development,150,when to worry about toddler speech,15,45,google_ac:14; ddg_ac:1,en:15,yes,toddler speech; toddler not,when should i worry about my 2 year olds speech | when should i be concerned about my toddler's speech | when should you be worried about toddlers speech | when to be concerned about toddler speech
151,parenting,feeding,151,is formula feeding bad,15,30,google_ac:13; ddg_ac:2,en:15,yes,formula feeding,will formula feeding harm my baby | is formula feeding bad for babies | is formula feeding bad for newborns | is formula feeding really that bad | what are the risks of formula feeding | is baby formula bad
152,parenting,behaviour,152,why is toddler hitting self,15,28,google_ac:13; ddg_ac:2,en:15,yes,toddler hitting; 5 year old; 1 year old,why does 2 year old hit themselves | why is my toddler hitting himself in the head | is toddler hitting themselves normal | do toddlers hit themselves | do toddlers hit themselves when upset
153,parenting,general,153,is 1 year old a toddler,15,27,google_ac:15; ddg_ac:9,en:24,yes,1 year old; toddler not; 4 year old,is one year old a toddler | is 1 year old an infant | is 1 year old considered a toddler | are 1 year olds toddlers | is 1 year old a kid | is my 1 year old a toddler
154,parenting,feeding,154,can 3 month old baby drink water,15,26,google_ac:13; ddg_ac:2,en:15,yes,3 month old baby,is 3 month old baby can drink water | can 3 month old baby drink water from bottle | can 1 month old baby drink water | can a 3 month old baby drink water | can 3 month old baby take water
155,parenting,general,155,what 3 year old can do,15,26,google_ac:15; ddg_ac:1,en:16,yes,3 year old; 3 month old baby; 1 year old,what should a 3 year old be able to do | what 3 year old should be able to do | what 3 year old do | what 3 year olds like to do
156,parenting,sleep,156,how many newborn sleepsuits do i need,15,25,google_ac:13; ddg_ac:4,en:17,yes,newborn sleep; newborn,how many newborn sleepers do i need | how many newborn sleepers should i have | how many sleep sacks do i need for a newborn | how many newborn nappies do i need | how many newborn sleep sacks do i need | how many newborn sleepsuits do you need
157,parenting,general,157,what 1 year old should be doing,15,24,google_ac:13; ddg_ac:4,en:17,yes,1 year old,what one year old should be doing | what should a 1 year old be able to do | what should a 1 year old be doing | what 1 year old baby can do | what 1 year old can do | what do 1 year olds do
158,parenting,health,158,why toddler not gaining weight,15,22,google_ac:12; mylo:1; parentune:1; ddg_ac:1,en:15,yes,toddler not; baby not gaining weight,what to do if your child is not gaining weight | why child not gaining weight | when a child is not gaining weight | what causes child not to gain weight | toddler not gaining weight | child not gaining weight
159,parenting,feeding,159,how much baby food for 8 month old,15,21,google_ac:12; parentune:2; ddg_ac:1,en:15,yes,baby weaning; baby food; formula feeding,how much baby food at 8 months | 8 month baby food chart what to eat what not | what food should i offer to my 8th months baby | how much baby food should a 8 month old eat | how many formula feeds for 8 month old | how much solid food for 8 month old
160,parenting,feeding,160,how much baby food for 9 month old,15,20,google_ac:13; parentune:2,en:15,yes,baby weaning; breastfeeding; baby food,how much milk for 9 month old baby | what to feed a 9 months old baby | how much breastfeeding at 9 months | how many breastfeeding sessions at 9 months | how much solid food for 9 month old
161,parenting,first-40-days,161,why postpartum hemorrhage happens,15,18,google_ac:15,en:15,yes,postpartum,why postpartum bleeding happens | what postpartum hemorrhage | is postpartum hemorrhage common | who postpartum hemorrhage
162,parenting,first-40-days,162,how postpartum depression feels,15,17,google_ac:15,en:15,yes,postpartum,how postpartum depression looks like | what postpartum depression feels like | what postpartum feels like | what postpartum depression looks like
163,parenting,development,163,can 3 month old baby sit with support,14,26,google_ac:14; ddg_ac:1,en:15,yes,3 month old baby,is 3 month old baby can sit | can i sit 3 month old baby | can a 3 month old baby sit up | can 3 month old baby sit
164,parenting,general,164,will 2 year old seeds germinate,14,22,google_ac:10; ddg_ac:4,en:14,yes,5 year old; 3 year old; 4 year old,will 2 year old grass seed germinate | will 5 year old seeds grow | will 10 year old seeds germinate | will 1 year old grass seed germinate | will 3 year old seeds grow | will 3 year old corn seeds germinate
165,parenting,general,165,how much 1 year old weigh,14,21,google_ac:11; ddg_ac:3,en:14,yes,1 year old; 5 year old,how much 2 year old weigh | how much 1 year old baby weight | how much 1 year old boy weight | how much does a 1 year old weigh | how much should a 1 year old weigh | how 1 year old weight
166,parenting,feeding,166,is baby food good for adults,14,21,google_ac:12; ddg_ac:4,en:16,yes,baby food,is baby food healthy for adults | are baby food good for adults | can adults eat baby food | is eating baby food healthy for adults | is it safe to eat baby food as an adult | can i eat baby food as an adult
167,parenting,first-40-days,167,how many newborn clothes do i need,14,20,google_ac:13; ddg_ac:4,en:17,yes,newborn sleep; newborn,how many newborn outfits do i need | how much newborn clothes do i need | what is newborn size clothing | how many newborn size clothes do i need | how many sets of newborn clothes do i need | how much newborn size clothes do i need
168,parenting,development,168,should 1 year old be talking,14,20,google_ac:9; ddg_ac:6,en:15,yes,1 year old,should a 1 year old be talking | do 1 year olds talk | can i 1 year old talk | can 1 year olds talk | is 1 year old baby can talk | can 1 year old speak
169,parenting,general,169,how much 3 year old weigh,14,19,google_ac:12; ddg_ac:2,en:14,yes,3 year old,how much does a 3 year old weigh | how much should a 3 year old weigh | how much 3 year old weight | how tall 3 year old boy | who weight for 3 year old boy
170,parenting,sleep,170,why is my toddler sleeping so much,14,19,google_ac:11; ddg_ac:4,en:15,yes,toddler sleep; 1 year old,why is my 1 year old sleeping so much | why is my toddler so sleepy | can a toddler sleep too much | why toddler sleeping too much | why toddler sleep less | when toddler sleeps more than usual
171,parenting,potty,171,is potty training regression normal,14,18,google_ac:13; ddg_ac:1,en:14,yes,potty training,why potty training regression | how long does potty training regression last | what is potty training regression | are potty training regressions normal
172,parenting,general,172,does 1 year old need flight ticket,14,17,google_ac:13; ddg_ac:1,en:14,yes,1 year old; 4 year old; 5 year old,does 1 year old baby need flight ticket international | does 1 year old baby need flight ticket | is 1 year old baby need flight ticket | do 1 year old need flight ticket
173,parenting,feeding,173,how long baby food last in fridge,14,16,google_ac:12; ddg_ac:3,en:15,yes,baby food; baby weaning,how long baby food can stay in fridge | how long is homemade baby food good in fridge | how long is baby food good once opened | how long baby food good in fridge | how long is baby food good for after opening
174,parenting,first-40-days,174,when should you wear a postpartum belt,14,16,google_ac:13; ddg_ac:1,en:14,yes,postpartum,is postpartum belt helpful | is postpartum belt effective | how long should postpartum belt be worn | do postpartum belts work
175,parenting,feeding,175,does formula milk cause constipation in babies,14,16,google_ac:14,en:14,yes,formula feeding,does formula feeding cause constipation | is it normal for formula fed babies to be constipated | why do formula fed babies get constipated | why is formula fed baby constipated
176,parenting,feeding,176,is formula feeding safe,14,16,google_ac:14,en:14,yes,formula feeding,is formula feeding safe for newborns | is it safe to formula feed a newborn | is it safe to formula feed | is it ok to formula feed from birth
177,parenting,sleep,177,when does toddler not need nap,14,16,google_ac:14,en:14,yes,toddler not; toddler sleep,when do toddlers not nap anymore | when should toddler not nap | when should child not wear nappies at night | when do toddlers not need naps anymore
178,parenting,development,178,when newborn start speaking,14,16,google_ac:14,en:14,yes,newborn; toddler speech,when newborn baby start listening | when newborn start hearing | when does newborn start hearing | when newborn baby start hearing
179,parenting,development,179,does child need speech therapy,14,15,google_ac:15,en:15,yes,toddler speech,why do kids need speech therapy | why do babies need speech therapy | why do children need speech and language therapy | why do so many kids need speech therapy
180,parenting,feeding,180,which milk is good for newborn baby formula,14,14,google_ac:7; ddg_ac:6; parentune:1,en:14,yes,newborn; formula feeding; baby food,which milk is healthy for baby | which formula is good for newborn baby | which milk is good for newborn constipation | which milk is good for newborn puppies | which newborn formula is best | which newborn baby formula is best
181,parenting,first-40-days,181,can newborns see color,14,14,google_ac:10; ddg_ac:4,en:14,yes,newborn,are newborns able to see color | can a newborn see colors | when does newborn eye color change | does newborn eye color change | does newborn baby change color | will newborn eye color change
182,parenting,general,182,how much 5 year old weigh,14,14,google_ac:10; ddg_ac:4,en:14,yes,5 year old,how tall is a 5 year old | how much does a 5 year old weigh | how much should a 5 year old weigh | how much should a 5 year old boy weigh | how tall 5 year old boy | how tall 5 year old girl
183,parenting,health,183,why baby massage is important,13,32,google_ac:12; ddg_ac:2,en:14,yes,baby massage,is baby massage important | why is baby massage important | why do babies need massage | why baby massage | what are the benefits of infant massage
184,parenting,health,184,why is baby teething,13,32,google_ac:10; ddg_ac:4,en:14,yes,baby teething,is baby teething | do baby teething | how did teething affect your baby | what is baby teething | what is teething in babies | why do baby teething
185,parenting,sleep,185,should i let my toddler sleep in,13,24,google_ac:13; ddg_ac:1,en:14,yes,toddler sleep,should i let toddler sleep in | should i let my 2 year old sleep in | should i let my toddler sleep in late | should toddler sleep with door open
186,parenting,sleep,186,where do toddlers sleep,13,23,google_ac:13,en:13,yes,toddler sleep; 1 year old,where does a 2 year old sleep | where should 1 year old sleep | where toddlers sleep | where does 1 year old sleep
187,parenting,health,187,how to massage baby tummy for gas,13,21,google_ac:13; ddg_ac:1,en:14,yes,baby massage,how to baby massage for gas | when to do baby massage for gas | where to massage baby for gas | where to massage baby foot for gas
188,parenting,potty,188,which potty training pants is best,13,20,google_ac:13,en:13,yes,potty training,which potty training pants | are potty training pants worth it | should i use potty training pants | how potty training pants work
189,parenting,health,189,how many baby teeth are there,13,19,google_ac:11; ddg_ac:7,en:18,yes,baby teething,how many baby teeth | how many baby teeth do kids have | how many baby teeth do humans have | how many baby teeth fall out | how much baby teeth | how much baby teeth do we have
190,parenting,general,190,what 4 year old shots,13,19,google_ac:12; ddg_ac:1,en:13,yes,4 year old,what 4 year old vaccines | do 4 year olds get shots | which vaccines for 4 year old | how much are 4 year old shots
191,parenting,first-40-days,191,should i take postpartum vitamins,13,18,google_ac:12; ddg_ac:1,en:13,yes,postpartum,why take prenatal vitamins postpartum | should i take supplements postpartum | should i take prenatals postpartum | should i keep taking prenatals postpartum
192,parenting,feeding,192,what baby food can cats eat,13,18,google_ac:10; ddg_ac:5,en:15,yes,baby food,is baby food good for cats | what baby food can i feed my cat | is baby food ok for cats | can cats eat baby food | what baby food can kittens eat | what human baby food can cats eat
193,parenting,health,193,is baby teething worse at night,13,18,google_ac:13,en:13,yes,baby teething,is baby teething pain worse at night | why does baby teething get worse at night | why does baby teething hurt more at night | why is baby teething pain worse at night
194,parenting,feeding,194,should baby poop after every feeding,13,17,google_ac:11; ddg_ac:2,en:13,yes,baby poop; 3 month old baby,should a baby poop after every feeding | is it normal for baby to poop every feeding | is it normal for 3 month old baby to poop after every feeding | do baby poop straight after feed | what if baby poop after every feed
195,parenting,potty,195,should baby poop everyday,13,17,google_ac:11; ddg_ac:2,en:13,yes,baby poop; formula feeding,should a newborn poop everyday | is it normal newborn poop a lot | do newborns poop a lot | how often should formula fed newborns poop | do baby poop everyday
196,parenting,health,196,what vaccines babies get,13,17,google_ac:10; ddg_ac:3,en:13,yes,baby vaccination; newborn,what vaccinations baby | what vaccines babies get at birth | what newborn vaccines are recommended | which newborn vaccines are live | which vaccines should i give my baby | what newborn vaccines are given
197,parenting,feeding,197,when weaning baby off formula,13,17,google_ac:13; ddg_ac:1,en:14,yes,baby weaning,when to start weaning baby off formula | how to wean baby formula | how to wean baby off formula at 12 months | how to wean baby onto formula
198,parenting,health,198,where do babies get vaccines,13,17,google_ac:13,en:13,yes,baby vaccination,where do newborns get vaccines | where can i get my baby vaccinated | where to give babies vaccines | where do babies get immunisations
199,parenting,feeding,199,does baby food need to be refrigerated,13,16,google_ac:13; ddg_ac:1,en:14,yes,baby food; baby weaning,can baby food be put in the fridge | can baby food be kept in the fridge | can baby food be refrigerated | should baby food be refrigerated
200,parenting,general,200,when toddler not peeing,13,16,google_ac:12; ddg_ac:1,en:13,yes,toddler not,why is my toddler not peeing | why toddler not passing urine | how long toddler not pee | how long can toddler not pee
201,parenting,feeding,201,how breastfeeding prevent breast cancer,13,16,google_ac:13,en:13,yes,breastfeeding,how breastfeeding prevent ovarian cancer | how does breastfeeding prevent breast and ovarian cancer | how does breastfeeding reduce ovarian cancer | how much does breastfeeding reduce ovarian cancer risk
202,parenting,health,202,what baby foods help with constipation,13,16,google_ac:13,en:13,yes,baby food; baby poop,can baby food cause constipation | will baby food prunes help with constipation | do baby food bananas cause constipation | what baby food will help with constipation
203,parenting,health,203,how to baby massage oil,13,15,google_ac:13,en:13,yes,baby massage,when to use baby massage oil | when to do baby oil massage | baby oil massage after how many days | how to massage newborn baby with oil
204,parenting,feeding,204,how long is breastfeeding,13,14,google_ac:9; ddg_ac:4,en:13,yes,breastfeeding,how long should you breastfeed your baby | how long has breastfeeding been around | how many minutes of breastfeeding per day | how long breastfeeding | how long breastfeeding recommended | how long breastfeeding should be done
205,parenting,behaviour,205,is screen time bad for kids,13,14,google_ac:11; ddg_ac:3,en:14,yes,toddler screen time,how screen time affects children | is screen time bad for infants | is screen time good for kids | is screen time good for kids with adhd | is screen time before bed good for kids
206,parenting,health,206,why does my 1 year old grind teeth,13,14,google_ac:12; ddg_ac:1,en:13,yes,1 year old; 4 year old; 5 year old,is it normal for one year old to grind teeth | why does 1 year old grind teeth | why is 1 year old grinding teeth | why is 3 year old grinding teeth
207,parenting,health,207,what to do if 3 month old has fever,13,14,google_ac:13,en:13,yes,3 month old baby; 3 year old,when a 3 month old has a cold | can 3 month old baby get fever | what to do when 3 month old baby is sick | what to do when 3 months old baby have fever
208,parenting,first-40-days,208,why newborn hiccups so much,13,14,google_ac:13,en:13,yes,newborn,why newborn hiccups | is newborn hiccups normal | are newborn hiccups normal | is it normal newborn hiccups
209,parenting,sleep,209,do newborn sleep with mouth open,13,13,google_ac:11; ddg_ac:2,en:13,yes,newborn sleep,do newborns sleep with eyes open | do newborns sleep with their mouth open | why newborn sleep with mouth open | is newborn sleeping with mouth open normal | does newborn sleep with mouth open
210,parenting,sleep,210,what baby sleep in temperature,13,13,google_ac:13,en:13,yes,newborn sleep; 1 year old,what baby sleep in 24 degrees | what baby sleep in 25 degrees | what baby sleep in 23 degrees | what baby sleep in 22 degrees
211,parenting,first-40-days,211,why 40 days after delivery,12,164,google_ac:12,en:12,yes,first 40 days after delivery,why 40 days postpartum | what happens in 40 days after delivery | why do you have to wait 40 days after giving birth | why 40 days important after delivery
212,parenting,general,212,how much should a 3 month old baby weigh,12,26,ddg_ac:8; google_ac:4,en:12,yes,3 month old baby,what should a 3 month old baby weigh | how much should a 3 month old baby girl weigh | how much should a 3 month old baby boy weigh | how much 3 month old baby weight | what should 3 month old baby weight | what do babies need at 3 months
213,parenting,feeding,213,why is breastfeeding important for baby,12,22,google_ac:10; ddg_ac:2,en:12,yes,breastfeeding,why is breastfeeding important for the mother | why breastfeeding is important for baby | why breastfeeding is important | why breastfeeding is important to newborn baby
214,parenting,health,214,should i vaccinate my baby,12,21,google_ac:7; ddg_ac:5,en:12,yes,baby vaccination,is baby vaccination | should i get my child vaccinated | should i vaccinate my child | should my baby get vaccines | should i wait to vaccinate my baby | should you vaccinate your kids
215,parenting,sleep,215,when does newborn sleep get better,12,21,google_ac:12,en:12,yes,newborn sleep; toddler sleep,does newborn sleep get better | when does newborn sleep improve | when does newborn sleep deprivation get better | when does baby sleep get better
216,parenting,feeding,216,are baby food pouches safe,12,19,google_ac:12; ddg_ac:2,en:14,yes,baby food; baby weaning,why is baby food in pouches | are baby food pouches healthy | which baby food pouches are best | are baby food pouches
217,parenting,feeding,217,can 6 month old baby eat eggs,12,18,google_ac:11; ddg_ac:1,en:12,yes,6 month old baby,can a 6 month old baby eat eggs | can 6 month old baby have eggs | can 6 month old baby eat egg yolk | can 6 month old baby eat egg white
218,parenting,potty,218,should 4 year olds be potty trained,12,17,google_ac:12; ddg_ac:2,en:14,yes,4 year old; potty training,should four year olds be potty trained | are 4 year olds potty trained | should a 4 year old be potty trained | should an almost 4 year old be potty trained | can a 4 year old be potty trained
219,parenting,sleep,219,should newborn sleep in crib or bassinet,12,16,google_ac:11; ddg_ac:1,en:12,yes,newborn sleep; toddler sleep; newborn,how long baby sleep in bassinet | will newborn sleep in bassinet | when should a newborn sleep in a bassinet | can newborn sleep on side in bassinet
220,parenting,behaviour,220,when baby poop is yellow,12,16,google_ac:11; ddg_ac:1,en:12,yes,baby poop,why is baby poop yellow | should baby poop be yellow | how long is baby poop yellow | how long does baby poop stay yellow
221,parenting,health,221,what are the side effects of vaccination in babies,12,16,google_ac:12,en:12,yes,baby vaccination,how long baby vaccine side effect | when do baby vaccine side effects kick in | what are the side effects of immunisation in babies | what are the side effects of pneumonia vaccine in babies
222,parenting,general,222,can i 1 year old have honey,12,15,google_ac:11; ddg_ac:1,en:12,yes,1 year old,when can 1 year old have honey | can 1 year old eat honey | is it safe for 1 year old to have honey | can i give 1 year old honey
223,parenting,potty,223,is potty training hard,12,15,google_ac:12,en:12,yes,potty training,why is potty training so hard | why potty training is so hard | should potty training be hard | why is potty training a puppy so hard
224,parenting,sleep,224,should i let my baby sleep with fever,12,15,google_ac:12,en:12,yes,toddler sleep; baby fever,should i let toddler sleep with high fever | should i let child sleep with fever | is it ok if toddler sleeps with fever | is it ok to let a child sleep with a fever
225,parenting,feeding,225,which baby food is safe,12,14,google_ac:11; ddg_ac:1,en:12,yes,baby food; baby weaning,what baby food is the best | which baby food brand is best | what baby food brands are safe | which baby food is the best
226,parenting,health,226,how to massage baby tear duct,12,14,google_ac:12,en:12,yes,baby massage,where to massage baby tear duct | where to massage baby for blocked tear duct | how to massage newborn baby eyes | how to massage baby tear duct video
227,parenting,first-40-days,227,why newborn baby cry,12,13,google_ac:9; ddg_ac:2; mylo:1,en:12,yes,newborn,why baby cries while feeding | why newborn baby crying continuously | why newborns cry | will newborns cry themselves to sleep | why does newborn cry so much | why is newborn crying after feeding
228,parenting,first-40-days,228,how newborn jaundice is treated,12,13,google_ac:11; ddg_ac:1,en:12,yes,newborn,when should newborn jaundice resolve | can newborn jaundice be treated at home | how long newborn jaundice last | how long newborn jaundice take to cure
229,parenting,behaviour,229,how to deal with your child hitting you,12,12,google_ac:11; ddg_ac:1,en:12,yes,toddler hitting,how to deal with kids hitting | how to handle child hitting parents | how to deal with child hitting parents | how to stop child hitting me
230,parenting,sleep,230,why toddler sleep with mouth open,12,12,google_ac:12,en:12,yes,toddler sleep,why toddler sleep with eyes open | do toddlers sleep with their eyes open | should toddler sleep with mouth open | is it bad if toddler sleeps with mouth open
231,parenting,behaviour,231,why do toddlers have meltdowns,11,23,google_ac:10; reddit:1,en:11,yes,toddler tantrums; 5 year old,how long do toddler meltdowns last | when to worry about toddler meltdowns | Why did your toddler have a meltdown today?? I’ll go first | is it normal for 5 year olds to have meltdowns
232,parenting,behaviour,232,toddler tantrums when to worry,11,19,google_ac:11; ddg_ac:1,en:12,yes,toddler tantrums; 2 year old behaviour; 3 year old,when should i worry about toddler behavior | toddler tantrums when to worry 4 year old | when should i worry about my child's behavior | when to worry about toddler behavior
233,parenting,behaviour,233,when do toddlers hit,11,19,google_ac:10; ddg_ac:1,en:11,yes,toddler hitting,do toddlers hit | when do kids stop hitting | when does toddler hitting stop | when toddler hits
234,parenting,early-learning,234,what 3 year olds should be learning,11,18,google_ac:8; ddg_ac:4,en:12,yes,3 year old; 5 year old,what 3 year old should know | what should 3 year olds be learning | how do 3 year olds learn best | what a 3 year old should know | how to teach 3 year old | what should i 3 year old know
235,parenting,general,235,is 1 year old dog still a puppy,11,16,google_ac:12; ddg_ac:2,en:14,yes,1 year old,is one year old dog still a puppy | is 1 year old dog a puppy | is 1 year old still a puppy | are 1 year old dogs still puppies
236,parenting,general,236,what 5 year old should know,11,16,google_ac:8; ddg_ac:4,en:12,yes,5 year old,what 5 year olds should know | what a 5 year old should know | what should a 5 year old know academically | what 5 year olds should be learning | what a 5 year old should know academically | what my 5 year old should know
237,parenting,health,237,is baby vaccination safe,11,16,google_ac:11,en:11,yes,baby vaccination,what baby vaccines are safe | which baby vaccines are safe | are baby vaccines safe | is it safe to vaccinate babies
238,parenting,potty,238,can baby poop too much,11,15,google_ac:8; ddg_ac:3,en:11,yes,baby poop,why is my baby pooping a lot | why is my baby pooping so much | why does my baby poop so much | how much baby poop is too much | why does baby poop so many times | can newborn poop too much
239,parenting,general,239,where is 5 year old detained by ice,11,15,google_ac:11,en:11,yes,5 year old,where is 5 year old boy taken by ice | why 5 year old detained by ice | what 5 year old was arrested by ice | when was the 5 year old detained by ice
240,parenting,development,240,why does my 3 year old not talking yet,11,14,google_ac:9; parentune:1; ddg_ac:1,en:11,yes,3 year old; toddler not,why is my toddler not talking yet | why toddler not speaking | my 21 months toddler not talking much yet | why is my toddler not speaking yet | is it normal for a three year old not to talk
241,parenting,early-learning,241,should 4 year olds be able to read,11,14,google_ac:9; ddg_ac:3,en:12,yes,4 year old,can 4 year olds read | can a 4 year old read | should a 4 year old be able to read | should 4 year olds know how to read | how many 4 year olds can read | should 4 year old know how to read
242,parenting,sleep,242,should i let newborn sleep all day,11,14,google_ac:11,en:11,yes,newborn sleep,should i let newborn sleep during the day | should i let newborn sleep on me | should i let newborn sleep | should i let newborn sleep as much as they want
243,parenting,general,243,what 5 year old should be able to do,11,14,google_ac:11,en:11,yes,5 year old,what 5 year old can do | how to be 5 years old | what to do when 5 year old | what to do 5 year old birthday
244,parenting,sleep,244,can newborn sleep under ceiling fan,11,13,google_ac:11,en:11,yes,newborn sleep,can newborn sleep under fan | can baby sleep under ceiling fan | can newborn sleep with ceiling fan | can newborns sleep under a fan
245,parenting,development,245,how many days baby development,11,13,google_ac:11,en:11,yes,baby milestones,how much baby growth development | how many weeks baby development | how many months baby development | how many days baby growth
246,parenting,development,246,what developmental milestones,11,13,google_ac:11,en:11,yes,baby milestones,how many developmental milestones are there | who developmental milestones | who developmental milestones chart | who developmental milestones checklist
247,parenting,feeding,247,why should toddlers not eat popcorn,11,13,google_ac:11,en:11,yes,toddler not eating,what age should children not eat popcorn | why should kids not eat popcorn | why should babies not eat popcorn | why should young children not eat popcorn
248,parenting,first-40-days,248,can newborns drink water,11,12,ddg_ac:7; google_ac:5,en:12,yes,newborn,should newborns drink water | can a newborn drink water | can a newborn baby drink water | what happens if a newborn drinks water | do newborns drink water | can i newborn drink water
249,parenting,sleep,249,why does my 1 year old wake up crying,11,12,google_ac:9; ddg_ac:2,en:11,yes,1 year old,why does my 1 year old cry all the time | why 1 year old baby crying | why 1 year old wakes up crying | why 1 year old baby crying at night
250,parenting,you-maa,250,will 5 year old amoxicillin still work,11,12,google_ac:9; ddg_ac:2,en:11,yes,4 year old; 5 year old; 3 year old,can i take 5 year old amoxicillin | is 4 year old amoxicillin still good | is 5 year old amoxicillin still good | will 3 year old antibiotics work | will 3 year old amoxicillin work
251,parenting,feeding,251,how breastfeeding feels like,11,12,google_ac:11,en:11,yes,breastfeeding,do breastfeeding mothers feel hot | why does breastfeeding feel so good | how does breastfeeding feel like | how does breastfeeding feel like reddit
252,parenting,potty,252,should i use potty training underwear,11,12,google_ac:11,en:11,yes,potty training,is potty training underwear worth it | does potty training underwear work | do potty training underwear work | do potty training underwear leak
253,parenting,first-40-days,253,will postpartum preeclampsia go away,11,12,google_ac:11,en:11,yes,postpartum,how postpartum preeclampsia is treated | is postpartum preeclampsia curable | does postpartum preeclampsia go away | will postpartum preeclampsia go away on its own
254,parenting,feeding,254,do breastfeeding mothers have periods,11,11,google_ac:11,en:11,yes,breastfeeding,when breastfeeding can periods be irregular | does breastfeeding delay periods | will breastfeeding delay period | will breastfeeding stop my period
255,parenting,health,255,what to do when 6 month old has fever,11,11,google_ac:11,en:11,yes,6 month old baby,when 6 month old has fever | when a 6 month old has a cold | how to treat 6 month old baby cough | what to do when 6 month old baby is sick
256,parenting,feeding,256,what is formula feeding,10,37,google_ac:8; ddg_ac:5,en:13,yes,formula feeding,why formula feeding matters | how does formula feeding work | why formula feeding | what is formula feeding schedule | who formula feeding guidelines | who formula feeding
257,parenting,feeding,257,when should a baby be weaned,10,23,google_ac:5; ddg_ac:4; parentune:1,en:10,yes,baby weaning,what age should babies be fully weaned | when to wean baby | when do babies wean | when should a baby be fully weaned | what the appropriate age to wean a child | when are babies weaned
258,parenting,feeding,258,is formula feeding easier,10,22,google_ac:9; ddg_ac:1,en:10,yes,formula feeding,when formula feeding is better | why formula feeding is better than breastfeeding | why breastfeeding and formula feeding | is formula feeding easier than breastfeeding
259,parenting,behaviour,259,should you ignore toddler tantrums,10,21,google_ac:10; ddg_ac:1,en:11,yes,toddler tantrums,should i let my toddler have a tantrum | should i ignore toddler tantrums | is it ok to ignore toddler tantrums | do i ignore toddler tantrums
260,parenting,feeding,260,how to formula feed a baby,10,19,google_ac:8; ddg_ac:3,en:11,yes,formula feeding,how to formula feed a newborn | how to formula feeding | how to start baby on formula feeding | how to calculate feeding for baby | how to formula feed and breastfeed | how to feed baby formula correctly
261,parenting,health,261,is my baby colic or gassy,10,19,google_ac:9; parentune:1,en:10,yes,baby colic,is baby colic gas | is my baby colic or just gassy | my baby having gas troubles and colic syndrome | does my baby have colic or gas
262,parenting,feeding,262,does formula feeding increase risk of sids,10,19,google_ac:10,en:10,yes,formula feeding,does formula feeding cause sids | does formula increase risk of sids | does formula feeding increase sids | does bottle feeding increase risk of sids
263,parenting,general,263,is 4 year old a toddler,10,18,google_ac:10; ddg_ac:2,en:12,yes,4 year old,are 4 year olds toddlers | are 4 year olds considered toddlers | is 4 year old considered a toddler | is 4 year old called toddler
264,parenting,feeding,264,does baby food expire,10,17,google_ac:10; ddg_ac:2,en:12,yes,baby food,when does baby food expire | when does baby formula expire | does baby food expire if unopened | does baby food expire after.opening
265,parenting,feeding,265,can 6 month old baby eat banana,10,15,google_ac:9; ddg_ac:1,en:10,yes,6 month old baby,how to give banana to 6 month old baby | is banana safe for 6 month old baby | can 6 month old baby eat banana at night | can 6 month old baby eat banana everyday
266,parenting,sleep,266,should toddler sleep with parents,10,15,google_ac:10,en:10,yes,toddler sleep; 3 year old; 5 year old,should 5 year old sleep with parents | should 3 year old sleep with parents | should 2 year old sleep with parents | should children sleep with parents
267,parenting,health,267,why is baby colic at night,10,15,google_ac:11,en:11,yes,baby colic,is baby colic worse at night | do colic babies only cry at night | why do babies get colic at night | why baby colic at night
268,parenting,general,268,does a 3 month old baby need a passport,10,14,google_ac:7; ddg_ac:4,en:11,yes,1 year old; newborn; 3 month old baby,does 3 year old need passport | does newborn need passport to travel | do newborns need passports | does 3 month old baby need passport | does 6 month old baby need passport | does 1 year old need passport
269,parenting,feeding,269,how much 1 year old should drink water,10,14,google_ac:9; ddg_ac:1,en:10,yes,1 year old; 3 year old; 4 year old,how much a one year old should drink water | how much water should a 3 year old drink | when can 1 year old have water | how much water 1 year old can drink
270,parenting,sleep,270,should newborn sleep with hat,10,14,google_ac:9; ddg_ac:2,en:11,yes,newborn sleep; newborn,should newborns wear hats | what newborns should wear to sleep with a hat | should newborn sleep with hat in hospital | should babies sleep with hats | can newborn sleep with hat
271,parenting,feeding,271,what is formula feeding for babies,10,14,google_ac:9; ddg_ac:1,en:10,yes,formula feeding; baby food,what is formula feeding for newborns | when baby formula | when feeding baby formula | are formula fed babies
272,parenting,health,272,when should i take my baby in for a fever,10,14,ddg_ac:7; google_ac:3,en:10,yes,baby fever; 6 month old baby,baby fever when to go to er | when does baby fever need medical attention | when to take 6 month old baby to er for fever | when to take baby to er fever | what fever baby to go to hospital | baby fever when to see doctor
273,parenting,behaviour,273,are temper tantrums normal,10,14,google_ac:10,en:10,yes,toddler tantrums; 4 year old,are temper tantrums normal at 4 | are temper tantrums normal at 5 | are temper tantrums normal at 18 months | are 4 year old tantrums normal
274,parenting,health,274,how to massage baby tummy,10,14,google_ac:10,en:10,yes,baby massage,how to massage baby tummy to poop | how to massage baby tummy to poop youtube | how to massage baby to poop | when to do baby tummy massage
275,parenting,general,275,is 3 year old a toddler,10,13,google_ac:8; ddg_ac:4,en:12,yes,3 year old; 3 month old baby; 4 year old,are 3 year olds toddlers | is a 3 year old a baby | is 3 year old an infant | how 3 year old | when 3 year old | what 3 year old
276,parenting,sleep,276,is newborn sleeping on chest safe,10,13,google_ac:9; ddg_ac:1,en:10,yes,newborn sleep; newborn; toddler sleep,is it safe baby sleep on my chest | can newborn sleep on your chest | is newborn sleeping on my chest ok | is baby sleeping on chest safe
277,parenting,feeding,277,can i buy baby food with ebt,10,13,google_ac:10,en:10,yes,baby food,can i get baby food with ebt | can i buy baby formula with ebt | can i buy baby cereal with ebt | can i buy baby formula with ebt card
278,parenting,sleep,278,does baby vaccinations make them sleep,10,13,google_ac:10,en:10,yes,baby vaccination; newborn sleep,should i let baby sleep all day after vaccines | is it normal for baby to sleep more after vaccinations | is it normal for baby to be sleepy after vaccinations | do vaccines affect babies sleep
279,parenting,feeding,279,how much 1 year old cat should eat,10,13,google_ac:10,en:10,yes,1 year old,how much food a 1 year old cat should eat | how much should 1 year old cat eat a day | how many times a 1 year old cat should eat | how much 1 year old cat eat
280,parenting,behaviour,280,Three-year-old tantrums: How much is too much?,10,12,google_ac:8; ddg_ac:1; reddit:1,en:10,yes,3 year old; toddler tantrums; learn to read,why 3 year old tantrums | are temper tantrums normal at 3 | how often do 3 year olds tantrum | is it normal for 3 year olds to have tantrums
281,parenting,development,281,can i 3 year old walk,10,12,google_ac:9; ddg_ac:1,en:10,yes,3 year old,can 3 year olds walk | can 3 year old talk and walk | can 3 year old walk and talk | can 3 year old walk 1 mile
282,parenting,general,282,what is a 5 year old,10,12,google_ac:9; ddg_ac:1,en:10,yes,5 year old,can i 5 year old | how 5 year old | when 5 year old | what 5 year old
283,parenting,sleep,283,can baby poop while sleeping,10,12,google_ac:10,en:10,yes,baby poop,what to do if baby poops while sleeping | can a child poop while sleeping | do baby poop while sleeping | can newborn poop while sleeping
284,parenting,feeding,284,does formula feeding cause colic,10,12,google_ac:10,en:10,yes,formula feeding; baby colic,can formula feeding cause colic | are formula fed babies more colicky | does formula milk cause colic in babies | does formula milk cause colic pain
285,parenting,potty,285,when baby poop is black,10,12,google_ac:10,en:10,yes,baby poop; newborn,why is newborn baby poop black | why baby poop is black | can baby poop be black | what if baby poop is black
286,parenting,feeding,286,when does breastfeeding get easier,10,12,google_ac:10,en:10,yes,breastfeeding,will breastfeeding get easier | when does breastfeeding get easier reddit | when does breastfeeding get easier mumsnet | when does breastfeeding get easier newborn
287,parenting,sleep,287,Wake baby up to feed?,10,11,google_ac:8; ddg_ac:1; reddit:1,en:10,yes,newborn; 3 month old baby; newborn sleep,should i wake my 3 month old baby to feed during the day | should i wake my newborn to feed | should i let newborn sleep or wake to feed | should i wake newborn to feed
288,parenting,feeding,288,how breastfeeding prevent pregnancy,10,11,google_ac:10,en:10,yes,breastfeeding,will breastfeeding prevent pregnancy | how does breastfeeding prevent pregnancy | how can breastfeeding prevent pregnancy | how exclusive breastfeeding prevent pregnancy
289,parenting,feeding,289,how long bottle feeding should take,10,11,google_ac:10,en:10,yes,formula feeding,how much bottle feeding newborn | when bottle feeding breast milk how much | when bottle feeding a newborn | when bottle feeding puppies how much
290,parenting,development,290,is it normal newborn to snore,10,10,google_ac:9; babychakra:1,en:10,yes,newborn; 4 year old; 3 month old baby,my girl baby is 7months 2days old she often snore is it normal for babies i am worried | does newborn baby snore | will newborn snore | is it normal for 3 month old baby to snore
291,parenting,first-40-days,291,what is newborn screening,10,10,ddg_ac:8; google_ac:2,en:10,yes,newborn,why newborn screening is important | how newborn screening is done | is newborn screening free | what is newborn screening test | who newborn screening | when should newborn hearing screening be done
292,parenting,feeding,292,how long formula milk last,10,10,google_ac:10,en:10,yes,formula feeding; baby food,how long formula milk last in room temperature | how long formula milk can be stored | how long formula milk can be kept | how long formula milk last once made
293,parenting,feeding,293,which feeding bottle is best for baby,10,10,google_ac:10,en:10,yes,formula feeding,what feeding bottle for newborn baby | which feeding bottle is best for newborn | which feeding bottle is good for baby | which feeding bottle is best
294,parenting,general,294,why breast hurts during period,10,10,google_ac:10,en:10,yes,breastfeeding,why breast is painful | why breast is painful before period | why breast is painful during pregnancy | why breast is painful during period
295,parenting,feeding,295,what is weaning in babies,9,31,ddg_ac:5; google_ac:4,en:9,yes,baby weaning,what is weaning baby | is baby weaning | why is weaning important for babies | why baby weaning | what does weaning mean for babies | what does baby weaning mean
296,parenting,behaviour,296,does my 2 year old have behavioral problems,9,26,google_ac:9,en:9,yes,2 year old behaviour,can 2 year old have behavioral problems | why does my 2 year old have behavior problems | what are signs of behavioral problems in toddlers | does my toddler have behavioral problems
297,parenting,feeding,297,is it ok to eat baby food,9,18,google_ac:9; ddg_ac:3,en:12,yes,baby food; baby weaning,is baby food healthy | is baby food safe | are baby food healthy | is it normal to eat baby food | is it bad to eat baby food
298,parenting,potty,298,does potty training affect sleep,9,18,google_ac:9,en:9,yes,potty training,does potty training cause sleep regression | can potty training affect sleep | can potty training cause sleep problems | can potty training cause sleep regression
299,parenting,sleep,299,can toddler sleep on memory foam mattress,9,15,google_ac:9; ddg_ac:1,en:10,yes,toddler sleep,can toddler sleep on mattress on floor | should toddlers sleep on memory foam mattress | should toddler sleep on firm mattress | can a 2 year old sleep on a memory foam mattress
300,parenting,potty,300,what is baby poop called,9,15,google_ac:8; ddg_ac:2,en:10,yes,baby poop,what is a poop baby | what is the black baby poop called | what is a baby's first poop called | what baby poop means
301,parenting,potty,301,what baby poop is not normal,9,15,google_ac:9,en:9,yes,baby poop,what baby poop is normal | is it normal for baby poop to be slimy | which baby poop is normal | which baby poop is not normal
302,parenting,sleep,302,do toddlers have speech regression,9,14,google_ac:9,en:9,yes,toddler speech,what affects speech in toddlers | can toddlers have speech regression | how does speech develop in toddlers | do babies have speech regression
303,parenting,health,303,do toddlers not eat when sick,9,14,google_ac:9,en:9,yes,toddler not eating; baby not gaining weight,when should i worry about my toddler not eating when sick | do babies not gain weight when sick | why do toddlers not eat when sick | when to worry about toddler not eating when sick
304,parenting,sleep,304,can baby sleep in pack n play,9,13,google_ac:8; ddg_ac:2,en:10,yes,toddler sleep; newborn sleep,can toddler sleep in pack n play | can a toddler sleep in a pack n play | can baby sleep in pack and play | can a newborn sleep in a pack and play | can infant sleep in pack and play
305,parenting,sleep,305,can i newborn sleep in a cot,9,13,google_ac:8; ddg_ac:1,en:9,yes,newborn sleep; newborn,can a newborn sleep in a cot | can a newborn sleep in a cot straight away | can a newborn sleep in a cot bed | can babies sleep in a cot from birth
306,parenting,potty,306,why does baby poop have seeds,9,13,ddg_ac:6; google_ac:5,en:11,yes,baby poop; newborn,why is baby poop seedy | why is newborn poop seedy | why does newborn poop have seeds | what are the seeds in baby poop | does baby poop have seeds | why does baby poop look like seeds
307,parenting,general,307,do 5 year olds get shots,9,12,google_ac:9; ddg_ac:1,en:10,yes,5 year old,where do 5 year olds get shots | should 5 year old get flu vaccine | where do 5 year olds get shots arm or leg | do 5 year olds get shots for school
308,parenting,feeding,308,should 1 year old drink formula,9,12,google_ac:8; ddg_ac:1,en:9,yes,1 year old,when should 1 year old stop drinking formula | do 1 year olds need formula | does 1 year old drink formula | should 1 year old still drink formula
309,parenting,health,309,which baby teeth do you lose,9,12,google_ac:9; ddg_ac:3,en:12,yes,baby teething,what baby teeth do you lose | how many baby teeth do you lose | how baby teeth do you lose | what baby teeth do kids lose | which baby teeth do kids lose
310,parenting,general,310,why is 3 month old baby drooling,9,12,google_ac:7; ddg_ac:2,en:9,yes,3 month old baby; 3 year old,why hasn't my 3 year old stopped drooling | why does my 3 year old drool | is it normal for 3 month old baby to drool a lot | why is my 3 month old baby drooling so much | why is my three month old baby drooling
311,parenting,general,311,can i 5 year old get pregnant,9,12,google_ac:9,en:9,yes,5 year old,is 5 year old girl can be pregnant | can a 5 year old get pregnant yes or no | can a 5 year old get pregnant naturally | can a 5 year old get pregnant before her first period
312,parenting,behaviour,312,how to stop toddler hitting dog,9,12,google_ac:9,en:9,yes,toddler hitting; toddler not,why is toddler hitting dog | how to teach toddler not to hit dogs | how to stop 2 year old hitting dog | how to deal with toddler hitting dog
313,parenting,sleep,313,should toddler sleep with socks,9,12,google_ac:9,en:9,yes,toddler sleep,should toddler sleep with socks on or off | should my baby sleep with socks on | should 2 year old sleep with socks | should children sleep with socks on
314,parenting,development,314,how baby development,9,11,google_ac:8; ddg_ac:1,en:9,yes,baby milestones; newborn,how baby development month by month | how baby development week by week | how newborn babies develop | how baby development in womb
315,parenting,sleep,315,how to toddler sleep training,9,11,google_ac:8; parentune:1,en:9,yes,toddler sleep; newborn sleep,how to train baby to sleep on bed | how to baby sleep train | how toddler bed | how to bed train a toddler
316,parenting,sleep,316,should toddler sleep with night light,9,11,google_ac:9,en:9,yes,toddler sleep,should 2 year old sleep with night light | should my baby sleep with a night light | should children sleep with a night light | does a night light affect toddler sleep
317,parenting,feeding,317,when should toddler not have a bottle,9,11,google_ac:9,en:9,yes,toddler not,when should my baby not have a bottle | when should a child not have a bottle | what age should a child not have a bottle | when should my baby not use a bottle
318,parenting,general,318,are 5 year old tires still good,9,10,google_ac:7; ddg_ac:3,en:10,yes,5 year old; 4 year old; 1 year old,are 4 year old tires still good | should 5 year old tires be replaced | are 1 year old tires still good | are 4 year old tires safe | are 4 year old tyres ok
319,parenting,feeding,319,when do babies start breastfeeding,9,10,google_ac:8; ddg_ac:1,en:9,yes,breastfeeding,when breastfeeding starts | when breastfeeding start after delivery | when does breastfeeding start | when does breastfeeding start after birth
320,parenting,potty,320,How to start potty training my 1 almost 2 year olds?,9,9,google_ac:6; ddg_ac:2; reddit:1,en:9,yes,potty training,how to start potty training a 2 year old boy | how to potty train toddler | how potty training a toddler | how potty train 2 year old | where to start potty training a boy
321,parenting,development,321,can 4 year olds talk,9,9,ddg_ac:7; google_ac:2,en:9,yes,4 year old,do 4 year olds talk | how do 4 year olds talk | how do 4 year olds communicate | can a 4 year old talk | should 4 year olds be able to talk | should you be able to understand a 4 year old
322,parenting,potty,322,how long potty training take puppy,9,9,google_ac:7; ddg_ac:2,en:9,yes,potty training,how long does potty training take puppy | how long does potty training take dog | when potty training a puppy | how long potty training puppy | how long toilet training puppy
323,parenting,health,323,is it safe to give 4 year old melatonin,9,9,google_ac:6; ddg_ac:3,en:9,yes,3 year old; 4 year old; 5 year old,is melatonin safe for 3 year olds | is melatonin safe for 4 year olds | is it safe to give a 5 year old melatonin | can i give 1 year old melatonin | is it safe for 3 year old to take melatonin | can i give 3 year old melatonin
324,parenting,health,324,is baby vaccination covered by insurance,8,24,google_ac:8,en:8,yes,baby vaccination,is baby vaccination covered by insurance in india | is baby vaccination covered by corporate insurance | is baby vaccination covered under insurance | are newborn vaccines covered by insurance
325,parenting,potty,325,why do dogs regress in potty training,8,20,ddg_ac:6; reddit:1; google_ac:1,en:8,yes,potty training,why is my dog regressing potty training | why do toddlers regress with potty training | why is my puppy regressing in potty training | why do puppies regress in potty training | Actual evidence that earlier potty/trained kids are more likely to regress? | why do potty trained toddlers regress
326,parenting,health,326,how many babies get colic,8,20,google_ac:7; ddg_ac:2,en:9,yes,baby colic,how many babies colic | how common is colic in babies | how many babies have colic | what percentage of babies have colic
327,parenting,general,327,why is my baby colicky,8,19,google_ac:6; ddg_ac:2,en:8,yes,baby colic,is baby colicky | why is baby colicky | what does it mean when a baby is colicky | what makes a baby colicky
328,parenting,behaviour,328,should you say no to a toddler,8,17,google_ac:5; ddg_ac:3,en:8,yes,toddler not,is saying no to a toddler bad | why you shouldn't say no to a toddler | how to deal with toddler saying no | why do toddlers say no | what to do when toddler says no | how to say no to a toddler
329,parenting,sleep,329,can 3 month old baby sleep on side,8,17,google_ac:8,en:8,yes,3 month old baby; newborn,can newborn sleep sideways | can 3 month old baby sleep sideways | can i make my 3 month old baby sleep on side | can my 3 month old baby sleep on his side
330,parenting,behaviour,330,how long does toddler hitting phase last,8,17,google_ac:8,en:8,yes,toddler hitting,is toddler hitting a phase | how long does toddler hitting phase last reddit | how long do toddler phases last | do all toddlers go through a hitting phase
331,parenting,sleep,331,can 6 month old baby sleep on stomach,8,16,google_ac:8; reddit:1,en:9,yes,6 month old baby,can six month old baby sleep on stomach | Is it harmful to feed babies below 6 months when they are lying on the stomach? | can 6 month old babies sleep on stomach with head turned | can my 6 month old baby sleep on her stomach
332,parenting,health,332,is baby fever normal,8,16,google_ac:8; ddg_ac:1,en:9,yes,baby fever,do i have baby fever | am i having baby fever | is it normal to have baby fever | is it normal to get baby fever on your period
333,parenting,health,333,can baby hitting head cause fever,8,16,google_ac:8,en:8,yes,toddler hitting,can toddler hitting head cause fever | can a child run a fever after hitting head | can a child get a fever from hitting his head | can a baby get a fever from hitting their head
334,parenting,general,334,can 6 month old baby eat watermelon,8,14,google_ac:8,en:8,yes,6 month old baby,can 6 month old baby drink watermelon juice | can 6 months old baby take watermelon | can 6 month old baby have watermelon | can a 6 month old baby have watermelon
335,parenting,potty,335,which potty training seat is best,8,14,google_ac:8,en:8,yes,potty training,what potty training seat is best | how to choose potty training seat | is potty training seat necessary | what type of potty training seat is best
336,parenting,feeding,336,should baby food be warmed,8,13,google_ac:8; ddg_ac:1,en:9,yes,baby food,should baby food be warm or cold | should baby food be warmed up | should i warm baby food | should i heat baby food
337,parenting,health,337,how many days baby fever before doctor,8,13,google_ac:8,en:8,yes,baby fever,how long baby fever before doctor | how long child fever before doctor | how many days fever before doctor child | how many days of fever before doctor infant
338,parenting,behaviour,338,Parents of nearly-5 year olds....does your child still have daily tantrums?,8,12,google_ac:4; reddit:3; ddg_ac:2,en:9,yes,5 year old; reading; screen time learning,"why 5 year old throws tantrums | is it normal for 5 year olds to have tantrums | why 5 year old tantrums | UPDATE to: ""Parents of nearly-5 year olds....does your child still have daily tantrums?"" | Does anyone else have a 4/5 year old that tantrums hard? | should 5 year olds still have tantrums"
339,parenting,first-40-days,339,why postpartum happens,8,12,google_ac:7; ddg_ac:1,en:8,yes,postpartum,how does postpartum affect mother | how postpartum affects women | how postpartum works | why does postpartum happen
340,parenting,general,340,do 4 year olds go to school,8,11,ddg_ac:7; google_ac:4,en:11,yes,4 year old,are 4 year olds in school | are 4 year olds in preschool | can 4 year old go to kindergarten | can 4 year olds go to school | when do 4 year olds go to school
341,parenting,behaviour,341,how to teach toddler not to bite,8,11,google_ac:8,en:8,yes,toddler not,how to teach toddler not to hit or bite | how to teach children not to bite | how to teach infant not to bite | how to get your toddler not to bite
342,parenting,health,342,is baby teething at 5 months,8,11,google_ac:8,en:8,yes,baby teething,do baby teeth at 5 months | is my baby teething at 5 months | does baby start teething at 5 months | do babies get teeth at 5 months
343,parenting,feeding,343,is baby weaning from breast,8,11,google_ac:8,en:8,yes,baby weaning,when do babies start weaning off breast milk | when do babies start weaning off milk | when can babies wean off breast milk | is my baby weaning from breastfeeding
344,parenting,development,344,why do autistic toddlers not respond to.name,8,11,google_ac:8,en:8,yes,toddler not,why does toddler not responding to name | why do toddlers not respond to name | why does a child not responding to name | why does autistic child not respond to name
345,parenting,feeding,345,why is my baby fussy while breastfeeding,8,10,google_ac:6; ddg_ac:2,en:8,yes,baby colic; breastfeeding,why is my baby fussy after breastfeeding | why is baby fussy while breastfeeding | why is baby fussy | why is baby fussy at breast
346,parenting,health,346,can baby teething cause constipation,8,10,google_ac:8,en:8,yes,baby teething,does baby teething cause loose stools | does baby teething cause constipation | do happy baby teething cause constipation | can a baby get constipated from teething
347,parenting,early-learning,347,should 5 year olds play video games,8,10,google_ac:8,en:8,yes,5 year old,can 5 year olds play video games | do 5 year olds play video games | how long should 5 year old play video games | should i let my 5 year old play video games
348,parenting,potty,348,when potty training how many accidents is normal,8,10,google_ac:8,en:8,yes,potty training,how many potty training accidents are normal | how many accidents potty training | is it normal for potty trained child having accidents | is it normal for potty trained dogs to have accidents
349,parenting,health,349,when pregnancy massage,8,10,google_ac:8,en:8,yes,baby massage,why pregnancy massage | when to do pregnancy massage | can pregnancy massage | are pregnancy massage safe
350,parenting,general,350,where is 5 year old liam,8,10,google_ac:8,en:8,yes,5 year old,who is 5 year old liam | where is 5 year old liam's mother | where is 5 year old liam ramos | where is 5 year old liam being held
351,parenting,first-40-days,351,how newborn baby breathe,8,9,google_ac:6; ddg_ac:2,en:8,yes,newborn,are newborns mouth or nose breathers | can a newborn breathe through their mouth | where do newborns breathe from | how should newborn baby breathe | how is newborn breathing supposed to sound
352,parenting,health,352,what to do after baby vaccination,8,9,google_ac:7; mylo:1,en:8,yes,baby vaccination,how to treat baby fever after vaccination | how to relieve baby vaccination pain | how to calm baby after vaccination | how to care baby after vaccination
353,parenting,first-40-days,353,what to do when postpartum depression,8,9,ddg_ac:5; google_ac:3,en:8,yes,postpartum,how to avoid postpartum depression | how to overcome postpartum depression | how to help someone postpartum depression | how to help friend with postpartum depression | what to do if postpartum depression | what to do postpartum depression
354,parenting,general,354,why is my 5 year old so emotional,8,9,ddg_ac:5; google_ac:3,en:8,yes,5 year old; 4 year old; 3 year old,why is my 4 year old so emotional | why is my 3 year old so emotional | why does my 4 year old cry about everything | why does my 5 year old cry so much | when 5 year old cries about everything | why does 5 year old cry all the time
355,parenting,first-40-days,355,how newborn baby recognize his mother,8,9,google_ac:8,en:8,yes,newborn,when newborn baby recognise mother | when does newborn recognize mom | how does a newborn baby recognize his mother | does newborn baby recognize mom
356,parenting,health,356,where to massage baby for constipation,8,9,google_ac:8,en:8,yes,baby massage,does baby massage help with constipation | where to massage baby foot for constipation | where to massage baby belly for constipation | where to massage baby to help poop
357,parenting,first-40-days,357,how much newborn baby weight,8,8,google_ac:4; ddg_ac:3; babychakra:1,en:8,yes,newborn,what should be the weight of a 2 month new born baby | who newborn weight | how much does a newborn baby weigh | when should newborn be back to birth weight | when should newborn double birth weight | when should newborn regain birth weight
358,parenting,first-40-days,358,are newborn babies allowed to fly,8,8,ddg_ac:7; google_ac:1,en:8,yes,newborn,when newborn baby can travel in flight | when can a newborn fly | can newborns fly | is it safe to fly with a newborn
359,parenting,first-40-days,359,can dogs get postpartum depression,8,8,ddg_ac:7; google_ac:1,en:8,yes,postpartum,can cats get postpartum depression | can dogs have postpartum depression | can animals get postpartum depression | do dogs get postpartum depression | can you get postpartum depression after breastfeeding
360,parenting,first-40-days,360,how much newborn need milk,8,8,google_ac:6; ddg_ac:2,en:8,yes,newborn; breastfeeding; formula feeding,how much newborn eat | how much should a newborn eat | how much newborn should feed | how much newborn baby drink milk | how much breastfeeding newborn
361,parenting,feeding,361,is it safe for 3 year old to eat popcorn,8,8,google_ac:5; ddg_ac:3,en:8,yes,3 year old; 1 year old; 5 year old,can a 1 year old have popcorn | can 3 year olds eat popcorn | can a 3 year old eat popcorn | is it safe for 1 year old to eat popcorn | can 1 year old eat popcorn | is it safe for a three year old to eat popcorn
362,parenting,general,362,6 month old baby ko kya khilana chahiye,8,8,google_ac:8,en:8,yes,6 month old baby,6 month old baby ka weight kitna hona chahiye | 6 month old baby ko kitna pani dena chahiye | 6 month old baby ko khansi ho to kya kare | 6 month old baby ko suji khilana chahiye ya nahi
363,parenting,health,363,what to do 3 year old cough,8,8,google_ac:8,en:8,yes,3 month old baby; 1 year old; toddler not,what to do when toddler won't stop coughing | how to treat 3 month old baby cough | what to do when 3 month old baby is coughing | how to help 1 year old with cough
364,parenting,sleep,364,when toddler sleep regression,8,8,google_ac:8,en:8,yes,toddler sleep; newborn sleep; 1 year old,when does newborn sleep regression start | do 1 year olds have sleep regression | when does 3 year old sleep regression start | why toddler sleep regression
365,parenting,first-40-days,365,why postpartum psychosis happens,8,8,google_ac:8,en:8,yes,postpartum,what postpartum psychosis | is postpartum psychosis real | does postpartum psychosis go away | how long postpartum psychosis last
366,parenting,behaviour,366,how to reduce toddler screen time,7,21,google_ac:7,en:7,yes,toddler screen time,how to stop toddler screen time | how to cut toddler screen time | how to cut down toddler screen time | how to control toddler screen time
367,parenting,behaviour,367,why do kids have tantrums,7,16,google_ac:7; ddg_ac:4,en:11,yes,toddler tantrums,why do kids throw tantrums | why do children have tantrums | what causes tantrums in children | why do babies throw tantrums | why do babies have tantrums
368,parenting,behaviour,368,can 3 month old baby watch tv,7,15,google_ac:6; ddg_ac:1,en:7,yes,3 month old baby; newborn,should newborns watch tv | do 3 month old babies watch tv | should 3 month old babies watch tv | can i let my 3 month old baby watch tv
369,parenting,development,369,when to worry about baby milestones,7,14,google_ac:7,en:7,yes,baby milestones,when should i worry about baby milestones | when to be concerned about baby milestones | when to worry about baby development | when should i worry about my babies development
370,parenting,feeding,370,why is baby food in glass jars,7,12,google_ac:6; ddg_ac:2,en:8,yes,baby food; baby weaning,does baby food still come in glass jars | does baby food come in jars | are baby food jars glass | what to do with baby food jars | what to do with glass baby food jars
371,parenting,sleep,371,do colic babies sleep,7,12,google_ac:7,en:7,yes,baby colic,do colic babies sleep during the day | do colic babies sleep at night | can colic babies sleep through the night | how much do colic babies sleep
372,parenting,first-40-days,372,what is 40 days after birth in islam,7,12,google_ac:7,en:7,yes,first 40 days after delivery,what happens in the first 40 days of pregnancy in islam | why 40 days after birth is important in islam | what to do in 40 days after delivery in islam | why do you have to wait 40 days after giving birth in islam
373,parenting,health,373,when baby vaccination schedule,7,12,google_ac:7,en:7,yes,baby vaccination,how to schedule baby vaccination | what is baby vaccination schedule | who baby vaccination schedule | who newborn vaccination schedule
374,parenting,sleep,374,can i newborn sleep in a crib,7,11,google_ac:6; ddg_ac:1,en:7,yes,newborn sleep; newborn,can a newborn sleep in a crib | can a newborn sleep in a crib right away | can a newborn sleep in a crib for naps | can babies sleep in a crib right away
375,parenting,feeding,375,what baby food to start with,7,11,google_ac:7; ddg_ac:1,en:8,yes,baby food; baby weaning,which baby food to start with | which baby food is best to start with | what baby food to start with first | what baby cereal to start with
376,parenting,feeding,376,what baby foods are high in iron,7,11,google_ac:6; ddg_ac:2,en:8,yes,baby food,does baby food have iron in it | which baby foods have iron | what baby foods have iron | which baby food has iron
377,parenting,feeding,377,what is baby food called,7,11,ddg_ac:5; google_ac:3,en:8,yes,baby food; baby weaning,am baby food | what is food baby | is baby food | can baby food | what is baby food
378,parenting,behaviour,378,why is my 5 year old so angry,7,11,ddg_ac:6; google_ac:1,en:7,yes,5 year old; 3 year old; 4 year old,why is my 3 year old so angry and aggressive | why is my 4 year old so angry and aggressive | why is my 5 year old so angry and aggressive | why is my 3 year old so angry | why is 5 year old so angry
379,parenting,sleep,379,can 3 month old baby sleep on tummy,7,11,google_ac:7,en:7,yes,3 month old baby,can a 3 month old baby sleep on their stomach | how long can 3 month old baby sleep on tummy | can 3 month old baby sleep on their stomach | can a 3 month old baby lay on their stomach
380,parenting,health,380,does baby poop smell worse when teething,7,11,google_ac:7,en:7,yes,baby poop; baby teething,does baby poop smell different when teething | why do teething babies poop more | how does teething affect baby poop | does baby poop more during teething
381,parenting,feeding,381,does formula feeding help jaundice,7,11,google_ac:7,en:7,yes,formula feeding,can formula feeding cause jaundice | does formula milk help jaundice | does formula milk help reduce jaundice | can formula milk treat jaundice
382,parenting,behaviour,382,how to redirect toddler hitting,7,11,google_ac:7,en:7,yes,toddler hitting; toddler tantrums,how to redirect toddler tantrums | how to redirect toddler hitting themselves | how to redirect baby hitting | how to redirect child from hitting
383,parenting,health,383,when does baby fever start,7,11,google_ac:7,en:7,yes,baby fever,when does baby fever start in women | when does baby fever happen | when is baby fever serious | when is baby fever
384,parenting,general,384,are 5 year olds in school,7,10,ddg_ac:5; google_ac:5,en:10,yes,5 year old,do 5 year olds go to school | are 5 year olds in kindergarten | is 5 year old school age | do 5 year olds go to kindergarten | which grade are 5 year olds in | when do 5 year olds go to school
385,parenting,feeding,385,does baby food contain soya,7,10,google_ac:7; ddg_ac:1,en:8,yes,baby food,can baby food contain soya | does baby food have soy | does baby food products contain soya | what baby foods contain soy
386,parenting,behaviour,386,why 3 year old doesn t listen,7,10,google_ac:6; ddg_ac:1,en:7,yes,3 year old; 4 year old; toddler not,why 3 year old not listening | why 3 year old not talking | why child not speaking at 3 | when 3 year old doesn t listen
387,parenting,feeding,387,can 6 month old baby eat rice,7,10,google_ac:7,en:7,yes,6 month old baby,can my 6 month old baby eat rice | can 6 month old baby eat brown rice | can 6 month old baby eat white rice | can a 6 month old baby have rice pudding
388,parenting,health,388,can baby teething cause vomiting,7,10,google_ac:8,en:8,yes,baby teething,can babies teething cause vomiting | is it normal for teething baby to vomit | can baby teething cause nausea | can a baby cutting teeth cause vomiting
389,parenting,health,389,can fever baby shower,7,10,google_ac:7,en:7,yes,baby fever,is it safe to bathe baby with fever | can i be around my baby if i have a fever | can i give my baby fever | should i bathe baby with fever
390,parenting,health,390,how to download child vaccination certificate,7,10,google_ac:7,en:7,yes,baby vaccination,how to download baby vaccination certificate | how to download child vaccination card | how to download child vaccination certificate in india | how to download child immunization certificate
391,parenting,feeding,391,how many calories does breastfeeding burn,7,9,ddg_ac:6; google_ac:2,en:8,yes,breastfeeding,does breastfeeding burn calories | how much calories does breastfeeding burn | how many calories do breastfeeding moms need | how many calories for breastfeeding mom | how much breastfeeding mom should eat
392,parenting,health,392,how long does baby vaccination last,7,9,google_ac:7,en:7,yes,baby vaccination,how long does baby vaccination pain last | how many days baby vaccination | how long between baby vaccinations | how long do baby vaccinations take to work
393,parenting,sleep,393,should newborn daytime naps be in the dark,7,9,google_ac:7,en:7,yes,newborn; newborn sleep,should newborn sleep in dark room | should newborn daytime naps be in the dark reddit | should newborn daytime naps be in the dark or not | should baby daytime naps be in the dark
394,parenting,general,394,what 5 year old called,7,9,google_ac:7,en:7,yes,5 year old,what is 5 year old called | what is a 5 year old called uk | what is a 5 year old called now | what is a 3-5 year old called
395,parenting,sleep,395,when should toddler not sleep in crib,7,9,google_ac:7,en:7,yes,toddler not; newborn sleep; 3 year old,when should toddler not be in crib | when should a child not sleep in a crib | what age should a toddler not sleep in a crib | when should newborn sleep in crib
396,parenting,first-40-days,396,how many postpartum pads do i need,7,8,google_ac:7; ddg_ac:1,en:8,yes,postpartum,how much postpartum underwear do i need | how many postpartum pads do i need for hospital | how many postpartum diapers do i need | how many postpartum underwear do i need
397,parenting,sleep,397,is it normal for 3 month old baby to sleep a lot,7,8,google_ac:7; ddg_ac:1,en:8,yes,3 month old baby,can a 3 month old baby sleep too much | why 3 month old baby not sleeping | why 3 month old baby not sleeping at night | does 3 month old baby sleep through the night
398,parenting,feeding,398,how breastfeeding act as a contraceptive,7,8,google_ac:7,en:7,yes,breastfeeding,how breastfeeding works as a contraceptive | how does breastfeeding act as a contraceptive | how long does breastfeeding work as a contraceptive | does breastfeeding act as birth control
399,parenting,sleep,399,why 4 year old cries in sleep,7,8,google_ac:7,en:7,yes,4 year old; 5 year old,why does 4 year old wake up crying | why does 4 year old cry in sleep | why does my 4 year old cry in her sleep | why does my 4 year old scream in his sleep
400,parenting,health,400,why my 4 years old vomiting,7,8,google_ac:7,en:7,yes,4 year old,why 4 year old vomiting | why is my 4 year old vomiting at night | why is my 4 year old vomiting after eating | why is my 4 year old vomiting so much
401,parenting,feeding,401,baby food jars how many oz,7,7,ddg_ac:4; google_ac:3,en:7,yes,baby food,how many ounces in baby food jar | how many ounces are baby food jars | how many oz in a baby food jar | how many baby food jars a day | how many baby food jars is 128 oz | how many baby food is 128 oz
402,parenting,general,402,can 4 year old use booster seat,7,7,ddg_ac:5; google_ac:2,en:7,yes,4 year old; 3 year old,can 3 year old use booster seat | can a 3 year old use a booster seat | can a 4 year old use a booster seat | can a 4 year old use a backless booster seat | when can a 4 year old sit in a booster seat | when can 4 year old use booster seat
403,parenting,general,403,can i give 4 year old benadryl,7,7,google_ac:5; ddg_ac:2,en:7,yes,4 year old; 1 year old; 3 year old,can a 1 year old have benadryl | can 4 year old take benadryl | can i give 1 year old benadryl | will 3 year old benadryl work | can i give 3 year old benadryl
404,parenting,first-40-days,404,does newborn hair fall out,7,7,google_ac:4; ddg_ac:3,en:7,yes,newborn,why does newborn hair fall out | when does newborn hair fall out | does newborn baby hair fall out | does newborn baby have hair | will newborn hair fall out
405,parenting,first-40-days,405,how many people have postpartum depression,7,7,ddg_ac:4; google_ac:3,en:7,yes,postpartum,who postpartum depression statistics | how many women suffer postpartum depression | what is postpartum depression scale | what postpartum depression | who postpartum depression | how often does postpartum depression occur
406,parenting,potty,406,how to train 3 year old for potty,7,7,google_ac:5; ddg_ac:2,en:7,yes,potty training; 3 year old,how to potty train in 3 days | how to potty train in 3 days book | how to train 3 year old boy potty | how potty train 3 year old | how to potty training a 3 year old
407,parenting,behaviour,407,why is 3 year old biting nails,7,7,google_ac:4; ddg_ac:3,en:7,yes,3 year old; 5 year old,is it normal for 3 year olds to bite | why does my 3 year old bite his nails | why is my 3 year old biting | why 3 year old bites nails | why is 3 year old biting | why does 5 year old bite nails
408,parenting,sleep,408,can baby sleep with pillow,7,7,google_ac:7,en:7,yes,toddler sleep; newborn; newborn sleep,should newborn sleep on pillow | does newborn need pillow | should newborn use pillow | when baby sleep with pillow
409,parenting,health,409,can baby vaccine cause constipation,7,7,google_ac:7,en:7,yes,baby vaccination,can baby vaccination cause diarrhea | can baby vaccines cause upset stomach | do baby vaccines cause diarrhea | can baby vaccinations cause constipation
410,parenting,sleep,410,do toddler talk in their sleep,7,7,google_ac:7,en:7,yes,toddler speech; toddler sleep,do toddlers sleep talk | is it normal for toddler to sleep talk | why does toddler talk in sleep | why does my toddler talk in his sleep
411,parenting,first-40-days,411,does newborn need dental insurance,7,7,ddg_ac:7,en:7,yes,newborn,does newborn need dental and vision insurance | should newborns have dental insurance | do newborns need dental insurance | should i add my newborn to my dental plan
412,parenting,development,412,how many children have speech disorders,7,7,google_ac:7,en:7,yes,toddler speech,how many kids need speech therapy | how many kids have speech delays | how many children have speech and language difficulties | how many kids have speech impediments
413,parenting,health,413,is himalaya baby massage oil good for hair,7,7,google_ac:7,en:7,yes,baby massage,is himalaya baby massage oil good | can himalaya baby massage oil be used on hair | is himalaya baby massage oil good for adults hair | how to use baby massage oil himalaya
414,parenting,development,414,is it normal for a three year old girl to have discharge,7,7,google_ac:7,en:7,yes,3 year old; 4 year old; 5 year old,do 3 year old girls have discharge | is it normal for 3 year old to have discharge | do 4 year old girls have discharge | is it normal for 6 year old to have discharge
415,parenting,development,415,what is pediatric speech therapy,7,7,google_ac:7,en:7,yes,toddler speech,how does pediatric speech therapy work | where do pediatric speech therapists work | what is child speech therapy | what is pediatric speech therapist
416,parenting,feeding,416,when do toddlers not need milk,7,7,google_ac:7,en:7,yes,toddler not,is it okay for toddler not to drink milk | can toddlers not drink milk | should toddlers not drink milk | when do toddlers not need milk anymore
417,parenting,general,417,when does toddler not need car seat,7,7,google_ac:7,en:7,yes,toddler not,when can i child not use a booster seat | when can i child not use a car seat | when do toddlers not need high chair | when does child not need car seat
418,parenting,first-40-days,418,when should newborn baby take bath,7,7,google_ac:7,en:7,yes,newborn,should newborns be bathed daily | how to newborn baby bath | how to newborn bath | how to newborn sponge bath
419,parenting,general,419,does 6 month old baby need flight ticket,6,18,google_ac:6; ddg_ac:1,en:7,yes,6 month old baby,does 6 month old baby need flight tickets in india | is it safe to travel with 6 month old baby in flight | do i have to buy a plane ticket for my 6 month old | do you have to pay for a 6 month old to fly
420,parenting,behaviour,420,how many toddler tantrums a day is normal,6,14,google_ac:6,en:6,yes,toddler tantrums,how many temper tantrums a day is normal | how many tantrums are normal for a 2 year old | are temper tantrums normal at 2 | how many temper tantrums a day is normal for 2 year old
421,parenting,behaviour,421,who infant screen time,6,14,google_ac:6,en:6,yes,toddler screen time,who kids screen time | who toddler screen time | when baby screen time | who baby screen time
422,parenting,general,422,what does 6 month old baby look like,6,13,google_ac:5; ddg_ac:1,en:6,yes,6 month old baby,what does a 6 month old baby look like | how does 6 month old baby look like | what does 6 month old fetus look like | what does a 6 month old baby look like in the womb
423,parenting,feeding,423,do toddlers not eat during growth spurts,6,12,google_ac:6,en:6,yes,toddler not eating,do babies not eat during growth spurts | do toddlers know when to stop eating | do kids not eat during growth spurts | do toddlers stop eating during growth spurts
424,parenting,development,424,when does baby development start,6,12,google_ac:6,en:6,yes,baby milestones,when does child development start | when does child development start and end | when does baby lung development start | what month do baby start forming
425,parenting,health,425,does baby fever go away,6,11,google_ac:6,en:6,yes,baby fever,can baby fever come and go | when does baby fever go away | why baby fever comes and goes | why does baby fever come and go
426,parenting,health,426,when are baby vaccinations uk,6,11,google_ac:6,en:6,yes,baby vaccination,what vaccines babies uk | when are newborn vaccines uk | when are babies first vaccines uk | what vaccines do babies get uk
427,parenting,health,427,should you give baby tylenol for teething,6,10,ddg_ac:5; google_ac:1,en:6,yes,baby teething,should i give baby tylenol for teething | how much tylenol for baby teething | can i give my baby tylenol for teething | can i give baby tylenol for teething | how much tylenol baby teething
428,parenting,feeding,428,when introduce baby food,6,10,google_ac:4; ddg_ac:2,en:6,yes,baby food; baby weaning,what baby food should i introduce first | how to introduce baby food | baby foods when to introduce | how to start introducing baby food | when should baby food be introduced
429,parenting,sleep,429,does baby massage help sleep,6,10,google_ac:6,en:6,yes,baby massage,can baby massage help sleep | is it okay to massage baby while sleeping | can i massage baby at night | can i massage my baby while sleeping
430,parenting,behaviour,430,how to handle toddler hitting sibling,6,10,google_ac:6,en:6,yes,toddler hitting; toddler not,how to handle toddler hitting younger sibling | how to teach toddler not to hit sibling | what to do when toddler hits sibling | how to deal with toddler hitting younger sibling
431,parenting,feeding,431,how to make a formula feed,6,9,google_ac:4; ddg_ac:3,en:7,yes,formula feeding,how to safely make a formula feed | how to formula feed | how to formula feed on the go | can i formula feed on demand | how does ready to feed formula work
432,parenting,sleep,432,when should toddler sleep in own room,6,9,google_ac:6; ddg_ac:1,en:7,yes,toddler sleep; newborn sleep,when should babies sleep in their own room | when should baby sleep in own room | when should toddler sleep in their own room | when should toddler sleep in own bed
433,parenting,health,433,is baby fever a sign of pregnancy,6,9,google_ac:6,en:6,yes,baby fever,can baby fever be a sign of pregnancy | is baby fever a sign of early pregnancy | can being pregnant cause a fever | can pregnancy cause fever like symptoms
434,parenting,feeding,434,should baby food be pureed,6,9,google_ac:6,en:6,yes,baby food; baby weaning,why is baby food puree | is baby food puree | how to wean baby off pureed food | how to puree baby food
435,parenting,first-40-days,435,what happens in 40 days of pregnancy,6,9,google_ac:6,en:6,yes,first 40 days after delivery,what happens in the first 40 days of pregnancy | what is 40 days pregnant | what happens after 40 days of pregnancy | what happens to women after 40 days of delivery
436,parenting,potty,436,which potty training method is best,6,9,google_ac:6,en:6,yes,potty training,what training potty is best | which potty training | where to start potty training | where to start with potty training a girl
437,parenting,sleep,437,Why do babies fight sleep?,6,8,ddg_ac:4; reddit:1; google_ac:1,en:6,yes,toddler sleep; newborn sleep,why is my newborn fighting sleep | why is my toddler fighting sleep | why does my newborn fight sleep | why does my toddler kick while sleeping | why is toddler fighting sleep
438,parenting,general,438,what happens at 4 year old check up,6,8,google_ac:5; ddg_ac:1,en:6,yes,4 year old,what happens at a 4 year old check up | what to expect at 4 year old check up | what do they do at 4 year old check up | what happens at a 4 year check up
439,parenting,behaviour,439,why do toddlers hit their parents,6,8,google_ac:6; ddg_ac:1,en:7,yes,toddler hitting; 3 year old,do toddlers hit their parents | when 3 year old hits parents | why 3 year olds hit parents | why toddler hitting parents
440,parenting,feeding,440,why does baby food taste bad,6,8,google_ac:5; ddg_ac:1,en:6,yes,baby food,why baby food taste bad | does baby food taste good | why does baby food taste so bad | why does baby food taste bad to adults
441,parenting,potty,441,why is my baby poop white,6,8,ddg_ac:3; google_ac:3,en:6,yes,baby poop; 1 year old,why is my 1 year olds poop white | why is baby poop white | why baby poop white | when baby poop is white | what if baby poop is white
442,parenting,potty,442,why is potty training,6,8,google_ac:5; ddg_ac:1,en:6,yes,potty training,why are kids potty training later | why potty training is important | why potty train | why to start potty training
443,parenting,behaviour,443,can baby hitting head cause autism,6,8,google_ac:6,en:6,yes,toddler hitting,can a child hitting their head cause autism | can hitting your head as a baby cause autism | can falling on head cause autism | can head injury cause autism
444,parenting,sleep,444,is it bad to let your toddler sleep in,6,8,google_ac:6,en:6,yes,toddler sleep,is it bad to let your toddler sleep with you | is it bad to let your toddler sleep in your bed | is it bad to let your kids sleep with you | is it bad to let your kids sleep in your bed
445,parenting,health,445,what is baby massage class,6,8,google_ac:6,en:6,yes,baby massage,when to do baby massage class | what is baby massage | what is baby massage training | what are baby massage classes
446,parenting,feeding,446,when baby not eating,6,8,google_ac:6,en:6,yes,toddler not eating; toddler not,when baby not eating food | when baby not taking bottle | when baby not feeding | when baby is not eating anything
447,parenting,sleep,447,when baby sleep through night,6,8,google_ac:6,en:6,yes,toddler sleep; toddler not; baby milestones,when baby not sleeping through the night | when baby not sleeping during day | when can baby physically sleep through night | when baby sleep at night
448,parenting,potty,448,do 3 year olds wear diapers,6,7,ddg_ac:4; google_ac:3,en:7,yes,3 year old; 4 year old; 5 year old,do 4 year olds wear diapers | why do 3 year olds wear diapers | should a 3 year old wear diapers | should a 4 year old wear diapers | do 5 year olds wear diapers
449,parenting,development,449,why my 4 year old not talking,6,7,google_ac:5; parentune:1,en:6,yes,4 year old,why 4 year old not talking | my 2 yrs 4mnth old daughter dont talk properly | why is my 4 year old not talking but understands everything | why does my 4 year old not talking properly
450,parenting,first-40-days,450,are postpartum headaches normal,6,7,google_ac:6,en:6,yes,postpartum,why postpartum headache | are postpartum headaches common | is it normal to have headaches after childbirth | is it normal to have headaches after giving birth
451,parenting,behaviour,451,does my toddler need behavioral therapy,6,7,google_ac:6,en:6,yes,2 year old behaviour,why would a 2 year old need behavioral therapy | does my 2 year old need behavioral therapy | what is behavioral therapy for toddlers | how to know if your toddler needs behavioral therapy
452,parenting,feeding,452,how breastfeeding helps mother,6,7,google_ac:6,en:6,yes,breastfeeding,is breastfeeding good for mother | how does a mother benefit from breastfeeding | how is breastfeeding good for mom | how does breastfeeding help the mother
453,parenting,feeding,453,how breastfeeding works,6,7,google_ac:6,en:6,yes,breastfeeding,how breastfeeding works anatomy | how breastfeeding works video | how lactation works | how breast milk works
454,parenting,first-40-days,454,how to spell postpartum,6,7,ddg_ac:6,en:6,yes,postpartum,is postpartum one or two words | is postpartum hyphenated | can postpartum be used as a noun | does postpartum have a hyphen
455,parenting,feeding,455,why breastfeeding week is celebrated,6,7,google_ac:6,en:6,yes,breastfeeding,why is breastfeeding week celebrated | why is breastfeeding week celebrated in august | why breastfeeding week is celebrated in august | why is world breastfeeding week celebrated
456,parenting,potty,456,why is potty training not working,6,7,google_ac:6,en:6,yes,potty training,why potty training not working | what if potty training doesn't work | what to do when potty training isn t working | what to do when potty training fails
457,parenting,first-40-days,457,why shivering after birth,6,7,google_ac:6,en:6,yes,postpartum,why postpartum shivering | why shivering after delivery | why do you shiver after giving birth | why do i get the chills postpartum
458,parenting,potty,458,Potty training- keep going or try again later?,6,6,google_ac:4; ddg_ac:1; reddit:1,en:6,yes,potty training; focus,when potty training how often to put on potty | how often should you try when potty training | potty training how many times a day | potty training how often to try
459,parenting,feeding,459,Would you quit breastfeeding in my situation?,6,6,google_ac:4; parentune:1; reddit:1,en:6,yes,breastfeeding,is it ok to suddenly stop breastfeeding for 2 years old | can i stop breastfeeding | should i stop breastfeeding | should i stop breastfeeding during pregnancy
460,parenting,feeding,460,can a breastfeeding mom drink coffee,6,6,google_ac:5; ddg_ac:1,en:6,yes,breastfeeding; postpartum,can breastfeeding mother drink coffee | should breastfeeding mom drink milk | should breastfeeding mom drink coffee | can i drink breastfeeding
461,parenting,general,461,do babies not have kneecaps,6,6,google_ac:5; ddg_ac:1,en:6,yes,toddler not; newborn,do newborns have kneecaps | do babies not have kneecaps when they're born | do babies not have knees | do babies not have patella
462,parenting,sleep,462,do toddler sleep walk,6,6,google_ac:5; ddg_ac:1,en:6,yes,toddler sleep,can toddlers sleepwalk | can toddler sleep walk | do toddlers sleep walk | why is child sleep walking
463,parenting,feeding,463,is bottle feeding easier for baby,6,6,google_ac:5; parentune:1,en:6,yes,formula feeding,breast feeding n bottle feeding a difficult task | is bottle feeding easier than breastfeeding | is bottle feeding easier | is bottle feeding easier for tongue tied baby
464,parenting,general,464,should 4 year olds be able to write,6,6,ddg_ac:3; google_ac:3,en:6,yes,3 year old; 5 year old; 4 year old,can 3 year olds write | should a 3 year old be able to write | can 5 year olds write | should 4 year old be able to write | should 5 year olds be able to write
465,parenting,feeding,465,should baby food have salt,6,6,google_ac:5; ddg_ac:1,en:6,yes,baby food; baby weaning,why should salt not be added to baby food | can baby food have salt | can baby food add salt | does baby food have salt in it
466,parenting,general,466,what happens at 3 year old check up,6,6,google_ac:5; ddg_ac:1,en:6,yes,5 year old; 4 year old; 1 year old,what happens at a 5 year old check up | what happens at one year old check up | what to expect at 3 year old check up | what to expect at 2 year old check up
467,parenting,behaviour,467,what to do when 3 year old hits,6,6,google_ac:5; ddg_ac:1,en:6,yes,3 year old,is it normal for 3 year olds to hit | is it normal for a three year old to hit | what to do when 3 year old hits you | why does 3 year old hit
468,parenting,general,468,3 month old baby ko sardi khasi ho to kya kare,6,6,google_ac:6,en:6,yes,3 month old baby,3 month old baby ka weight kitna hona chahiye | 3 month old baby ko khasi ho to kya kare | 3 month old baby kitna sota hai | 3 month old baby ko kitna formula milk dena chahiye
469,parenting,sleep,469,can baby sleep on mattress on floor,6,6,google_ac:6,en:6,yes,toddler sleep,can baby sleep on crib mattress on floor | can my baby sleep on mattress on floor | can children sleep on a mattress on the floor | is it safe for a toddler to sleep on a mattress on the floor
470,parenting,first-40-days,470,how fast do newborn babies breathe,6,6,google_ac:6,en:6,yes,newborn,does newborn baby breathe fast | do newborn breathe fast | is it normal newborn breathing fast | how fast should newborn babies breathe
471,parenting,potty,471,how to get baby poop stains out of clothes,6,6,google_ac:6,en:6,yes,baby poop,can baby poop stain skin | can baby poop stain clothes | does baby poop stain | how to get baby poop out of clothes
472,parenting,feeding,472,what happens after breastfeeding stops,6,6,google_ac:6,en:6,yes,breastfeeding,can you try to breastfeed after stopping | what happens when breastfeeding is stopped | what happens after breastfeeding | what happens after weaning breastfeeding
473,parenting,development,473,what if my baby is behind on milestones,6,6,google_ac:6,en:6,yes,baby milestones,can babies skip milestones | do babies skip milestones | what if baby does not meet milestones | what to do if baby not meeting milestones
474,parenting,health,474,what to do when 1 year old has diarrhea,6,6,google_ac:6,en:6,yes,1 year old; 3 year old,when 1 year old has diarrhea | what to do 1 year old diarrhea | 1 year old diarrhea when to worry | what to do when 3 year old has diarrhea
475,parenting,potty,475,when potty training what to do at night,6,6,google_ac:6,en:6,yes,potty training,when potty training a puppy what to do at night | how to potty training at night | should i potty train at night | what to do when potty training at night
476,parenting,health,476,where to massage baby,6,6,google_ac:6,en:6,yes,baby massage,what is best for baby massage | who to massage baby | where to massage baby for sleep | where to massage baby for clogged nose
477,parenting,feeding,477,which breastfeeding position is best,6,6,google_ac:6,en:6,yes,breastfeeding,what breastfeeding position is best for reflux | which breastfeeding position is best for reflux | which breastfeeding position is best for c section | which breastfeeding position is best for newborn
478,parenting,general,478,which toddler bed is best,6,6,google_ac:6,en:6,yes,toddler sleep; 3 year old,which bed for 3 year old | why toddler bed | what toddler bed to buy | what toddler bed
479,parenting,sleep,479,why does newborn sleep better during day,6,6,google_ac:6,en:6,yes,newborn sleep,why newborn sleep in day awake at night | why newborn sleeping all day | why newborn sleeps better during the day | why does newborn sleep better on me
480,parenting,feeding,480,how much baby food at 7 months,5,16,google_ac:3; ddg_ac:2; parentune:1,en:6,yes,baby food; breastfeeding,how much baby food for 7 month old | how much baby food should a 7 month old eat | which kind of food should be given except feeding at the age of 7 months | how much breastfeeding at 7 months
481,parenting,health,481,is baby fever real in women,5,14,google_ac:5; ddg_ac:1,en:6,yes,baby fever,is baby fever real | is baby fever real reddit | is baby fever a real thing for women | is baby fever a real phenomenon
482,parenting,you-maa,482,does 3 month old baby recognize mother,5,13,google_ac:5,en:5,yes,3 month old baby,does 3 month old baby recognize father | does 3 month old baby recognize people | does a 3 month old baby recognize his mother | does a 3 month old know its mother
483,parenting,first-40-days,483,what to eat in first 40 days after delivery,5,13,google_ac:5,en:5,yes,first 40 days after delivery; postpartum,what to eat in 40 days after delivery | what to eat first month after delivery | what to eat immediately after delivery | what should i eat postpartum
484,parenting,feeding,484,does formula feeding cause obesity,5,12,google_ac:5,en:5,yes,formula feeding,does formula feeding increase risk of obesity | does formula milk cause obesity | does formula milk cause weight gain | does formula cause obesity
485,parenting,first-40-days,485,why postpartum care is important,5,11,ddg_ac:3; google_ac:3,en:6,yes,postpartum,why are postpartum quality measures important | why is postpartum care important | why postnatal care is important | why is postnatal care important after giving birth
486,parenting,development,486,why do some babies reach milestones early,5,11,google_ac:5,en:5,yes,baby milestones,can a baby hit milestones too early | why do some babies hit milestones earlier than others | why is my baby reaching milestones early | what does it mean if baby hits milestones early
487,parenting,general,487,how old is a 1 year old,5,10,google_ac:3; ddg_ac:2,en:5,yes,1 year old,what 1 year old | who 1 year old | how old is year 1 | when 1 year old
488,parenting,general,488,what 3 year old should know academically,5,10,google_ac:3; ddg_ac:2,en:5,yes,3 year old; 5 year old,what 3 year olds should know checklist | what should a 3 year old know academically | what should a 3 year old know academically checklist | what should a 3 year old be able to do academically
489,parenting,sleep,489,why is my newborn not sleeping,5,10,ddg_ac:3; google_ac:2,en:5,yes,newborn sleep; newborn,why isn't my newborn sleeping | why is my newborn so sleepy | why is newborn sleepy | why is newborn not sleeping
490,parenting,development,490,what developmental milestones for 2 month old,5,10,google_ac:5,en:5,yes,baby milestones,what developmental milestones for 3 month old | what developmental milestones for a 9 month old | what developmental milestones for 2 year old | what developmental milestones for 6 month old
491,parenting,general,491,how many 5 year olds are in the world,5,9,google_ac:3; ddg_ac:2,en:5,yes,5 year old; 1 year old; 3 year old,how many 5 year olds in the uk | how many 1 year olds are there in the world | how many 3 year olds are there in the world | how many 5 year olds are there in the world
492,parenting,behaviour,492,why does my 6 month old baby cry so much,5,9,google_ac:4; ddg_ac:1,en:5,yes,6 month old baby,why my 6 month old baby shouts a lot | is it normal for a 6 month old baby to scream | why does 6 month old baby scream | why does 6 month old baby cry so much
493,parenting,feeding,493,why is baby food so good,5,9,google_ac:4; ddg_ac:1,en:5,yes,baby food,why baby food | why is baby food | what do babies eat and why | why does baby food taste so good
494,parenting,sleep,494,why newborn baby not sleeping at night,5,9,google_ac:4; ddg_ac:1,en:5,yes,newborn; newborn sleep; toddler not,why is my newborn not sleeping at night | why infant not sleeping at night | why newborn is not sleeping at night | why newborn baby doesn t sleep at night
495,parenting,development,495,what 4 year old milestones,5,9,google_ac:5,en:5,yes,baby milestones; 4 year old,what developmental milestones for 4 month old | what are baby milestones at 4 months | what are baby milestones at 10 months | what are four year old milestones
496,parenting,first-40-days,496,what is postpartum definition,5,9,ddg_ac:5,en:5,yes,postpartum,why is it called postpartum | what does postpartum mean in medical terms | postpartum what is it | what is postpartum nursing
497,parenting,sleep,497,can toddler sleep with blanket in crib,5,8,google_ac:4; ddg_ac:2,en:6,yes,toddler sleep; 1 year old,can a toddler sleep in a crib | do toddlers sleep in cribs | can 1 year old sleep with blanket in crib | can toddler sleep with pillow in crib
498,parenting,feeding,498,when baby solid food start,5,8,google_ac:4; ddg_ac:1,en:5,yes,baby food; baby weaning,when baby solid food | when should a baby eat solid foods | how to start baby solid food | who baby solid food
499,parenting,feeding,499,why does baby food have heavy metals,5,8,ddg_ac:4; google_ac:2,en:6,yes,baby food,why is there metal in baby food | which baby foods have heavy metals | which baby foods are safe from heavy metals | do baby food pouches have heavy metals
500,parenting,potty,500,why is my 4 year old still not potty trained,5,8,ddg_ac:3; google_ac:2,en:5,yes,4 year old; 5 year old,why 4 year old still won't poop in toilet | why 4 year old is not potty trained | why won't my 4 year old poop on toilet | why is my 4 year old not potty training
501,parenting,general,501,are baby milestones based on due date,5,8,google_ac:5,en:5,yes,baby milestones,are baby milestones based on due date or birth date | how is a baby's due date determined | are baby due dates accurate | how accurate are due dates for first babies
502,parenting,health,502,does baby massage help weight gain,5,8,google_ac:5,en:5,yes,baby massage,what does baby massage help with | how to do baby massage for weight gain | does massage increase baby weight | does massage help baby growth
503,parenting,potty,503,how many potty training underwear do i need,5,8,google_ac:5,en:5,yes,potty training,how many potty training pants do i need | how much underwear for potty training | how many underwear for potty training | how many potties for potty training
504,parenting,early-learning,504,are 3 year olds in preschool,5,7,google_ac:3; ddg_ac:2; reddit:1,en:6,yes,3 year old; confidence,should 3 year old go to preschool | 3 year old in a 4 year old preschool class? Anyone have experience with this? | is 3 year old preschool | when does 3 year old preschool start
505,parenting,potty,505,how many newborn diapers do i need,5,7,ddg_ac:4; google_ac:3,en:7,yes,newborn,how many newborn onesies do i need | how much newborn diapers should i buy | how many newborn diapers do i need to buy | how much newborn diapers do i need
506,parenting,potty,506,how often should a 6 month old baby poop,5,7,google_ac:4; ddg_ac:1,en:5,yes,6 month old baby,is it normal for 6 month old baby to not poop everyday | is it normal for 6 month old baby to poop 3 times a day | is it normal for 6 month old baby to poop 5 times a day | how many times 6 months old baby poop
507,parenting,general,507,is 5 year old considered a toddler,5,7,google_ac:5; ddg_ac:2,en:7,yes,5 year old,are 5 year olds toddlers | is 5 year old a toddler | are 5 year olds considered toddlers | what is a 5 year old called toddler
508,parenting,health,508,what does baby colic look like,5,7,google_ac:4; ddg_ac:1,en:5,yes,baby colic,what are signs of a colicky baby | what are signs of colicky baby | what are signs of colic in newborn | what does colic in babies look like
509,parenting,feeding,509,what happens if a baby eats poop,5,7,ddg_ac:3; google_ac:2,en:5,yes,baby poop,what if a baby eats poop | what happens when a baby swallows poop | will baby poop if dehydrated | what happens if baby eats poop
510,parenting,feeding,510,who breastfeeding week 2026,5,7,ddg_ac:3; google_ac:3,en:6,yes,breastfeeding,who breastfeeding week | who breastfeeding week 2025 | who world breastfeeding week 2026 | who breastfeeding theme 2026
511,parenting,feeding,511,can 6 month old baby drink coconut water,5,7,google_ac:5,en:5,yes,6 month old baby; 3 month old baby,can 3 month old baby drink coconut water | can 6 month old baby have coconut water | can a 6 month old baby have coconut water | can 6 month old infant have coconut rice
512,parenting,health,512,can i massage baby with olive oil,5,7,google_ac:5,en:5,yes,baby massage,can i massage baby with almond oil | is it ok to.massage baby with olive oil | is it safe to massage baby with olive oil | how to massage baby with olive oil
513,parenting,general,513,do kids not have kneecaps,5,7,google_ac:5,en:5,yes,toddler not,do toddlers not have kneecaps | do children don t have kneecaps | do kids not have knees | do kids really not have kneecaps
514,parenting,potty,514,is potty training at 2 too early,5,7,google_ac:5,en:5,yes,potty training,is it okay to start potty training at 2 | should i start potty training at 2 | is 2 and a half too early to potty train | is my 2.5 year old ready for potty training
515,parenting,behaviour,515,when do toddlers hit growth spurts,5,7,google_ac:5,en:5,yes,toddler hitting; baby milestones; toddler not eating,do toddlers hit growth spurts | how many days do baby growth spurts last | do toddlers have growth spurts | when does baby hit growth spurt
516,parenting,health,516,can baby teething cause congestion,5,6,google_ac:4; ddg_ac:1,en:5,yes,baby teething,can baby teething cause ear pain | can baby teething cause cough | can baby teething cause earache | can baby teething cause nasal congestion
517,parenting,health,517,how to give vaccines to baby,5,6,google_ac:4; ddg_ac:1,en:5,yes,baby vaccination,how do vaccines work in babies | how do babies get vaccines | how to vaccine baby | how to vaccinate a baby
518,parenting,development,518,why are developmental milestones important for children,5,6,google_ac:4; ddg_ac:1,en:5,yes,baby milestones,why are milestones important in children | why are developmental milestones important | why are developmental milestones important to observe | why are developmental milestones important in early childhood
519,parenting,feeding,519,can i freeze baby food,5,6,google_ac:5,en:5,yes,baby food; baby weaning,can baby food freeze | can baby food be frozen | is it safe to freeze baby food | how to freeze baby food
520,parenting,feeding,520,how does bottle feeding work,5,6,google_ac:5,en:5,yes,formula feeding,why bottle feeding | when bottle feeding | when bottle feeding a calf | who bottle feeding
521,parenting,feeding,521,how much formula milk for 1 month old,5,6,google_ac:5,en:5,yes,formula feeding; baby food; baby weaning,how much baby formula for 5 month old | how much formula milk for 2 month old | how much formula milk for 1 year old | how much formula baby 5 months
522,parenting,feeding,522,is bottle feeding bad,5,6,google_ac:5,en:5,yes,formula feeding,why bottle feeding is harmful | is bottle feeding bad for newborns | is bottle feeding bad for babies | is bottle feeding really that bad
523,parenting,sleep,523,what newborns should wear to sleep at night,5,6,ddg_ac:5,en:5,yes,newborn; newborn sleep,what should newborn sleep in clothes | what newborns should wear to sleep safely | what newborns should wear to sleep in summer | what newborns should wear to sleep in winter
524,parenting,feeding,524,when breastfeeding other breast leaks,5,6,google_ac:5,en:5,yes,breastfeeding,when breastfeeding does the other breast leak | why does one breast leak while breastfeeding | why do breast leak when breastfeeding | is it normal for breast not to leak when breastfeeding
525,parenting,health,525,when can a baby get vaccinated for measles,5,6,google_ac:5,en:5,yes,baby vaccination,which baby vaccine is for measles | are babies vaccinated for measles | when does a baby get vaccinated for measles | when can a child get vaccinated for measles
526,parenting,general,526,why 4 year old urinating frequently,5,6,google_ac:5,en:5,yes,4 year old,why is 4 year old peeing pants | is it normal for a 4 year old to pee a lot | what causes a 4 year old to pee a lot | why is my 4 year old peeing so much
527,parenting,feeding,527,why formula fed babies are fatter,5,6,google_ac:5,en:5,yes,formula feeding,are formula fed babies fatter | are formula fed babies bigger | why do formula fed babies gain more weight | why do formula fed babies eat more
528,parenting,general,528,why is my 3 year old aggressive,5,6,google_ac:5,en:5,yes,3 year old,why 3 year old aggressive | why is my 3 year old aggressive and not listening | why is my 3 year old aggressive with other kids | why is my 3 year old aggressive towards me
529,parenting,first-40-days,529,why postpartum thyroiditis,5,6,google_ac:5,en:5,yes,postpartum,can postpartum thyroiditis come back | does postpartum thyroiditis go away | what causes postpartum thyroiditis | how long does postpartum thyroiditis last
530,parenting,feeding,530,can breastfeeding mother drink alcohol,5,5,google_ac:4; ddg_ac:1,en:5,yes,breastfeeding,can a breastfeeding mom drink alcohol | can breastfeeding mother drink beer | should breastfeeding mothers drink beer | what happens when breastfeeding moms drink alcohol
531,parenting,feeding,531,do you have to breastfeed,5,5,ddg_ac:4; google_ac:1,en:5,yes,breastfeeding,is breastfeeding mandatory | do you have to breastfeed your baby | do i have to breastfeed my newborn | is breastfeeding necessary
532,parenting,health,532,does 1 year old have teeth,5,5,google_ac:4; ddg_ac:1,en:5,yes,1 year old,do 1 year olds have teeth | do 1 year old have teeth | are 1 year olds still teething | is it normal for one year old to not have teeth
533,parenting,first-40-days,533,how much does a postpartum doula cost,5,5,ddg_ac:4; google_ac:1,en:5,yes,postpartum,how much does a postpartum doula make | how much does postpartum care cost | how much is a postpartum doula | how much postpartum doula cost
534,parenting,feeding,534,how to breastfeeding,5,5,google_ac:4; mylo:1,en:5,yes,breastfeeding,how to restart breastfeeding | how to breastfeeding newborn | how to breastfeeding a baby | what to do breastfeeding
535,parenting,behaviour,535,how to handle 4 year old behavior problems,5,5,google_ac:4; parentune:1,en:5,yes,4 year old,behavioural issue with 4 year son | how 4 year old's behavior | is it normal 4 year old behavior | how to handle 4 year old bad behavior
536,parenting,feeding,536,how to stop bottle feeding,5,5,parentune:3; google_ac:2,en:5,yes,formula feeding,how to make her stop from bottle feeding | how to stop feeder bottle | when should bottle feeding stop | what age should bottle feeding stop
537,parenting,traditions,537,should 3 year old be able to write their name,5,5,google_ac:3; ddg_ac:2,en:5,yes,3 year old; 4 year old; 5 year old,can a 3 year old write their name | should a 5 year old be able to write his name | should 4 year old be able to write name | should 4 year olds be able to write their name
538,parenting,first-40-days,538,what do i need postpartum,5,5,google_ac:3; ddg_ac:2,en:5,yes,postpartum,what do you need postpartum | what postpartum supplies do i need | what postpartum items do i need | how much postpartum supplies do i need
539,parenting,first-40-days,539,what to do when postpartum,5,5,google_ac:4; ddg_ac:1,en:5,yes,postpartum,how to help a postpartum mom | how to postpartum poop | how to postpartum care | what to do postpartum
540,parenting,first-40-days,540,when does newborn phase end,5,5,ddg_ac:3; google_ac:2,en:5,yes,newborn,how long is the newborn stage | when does newborn stage end | when does newborn end | how long newborn phase last
541,parenting,behaviour,541,why does my 1 year old scream all the time,5,5,ddg_ac:3; google_ac:2,en:5,yes,1 year old; 3 year old,why does my 1 year old wake up screaming | why does my 3 year old scream | why is 1 year old screaming at night | why is my 3 year old screaming all the time
542,parenting,sleep,542,why does my 3 year old wake up at night,5,5,ddg_ac:3; google_ac:2,en:5,yes,3 year old,why is my 3 year old not sleeping at night | why is my 3 year old having night terrors | why does 3 year old keep waking up at night | why is 3 year old waking up at night
543,parenting,sleep,543,why does my 4 year old wake up every night,5,5,google_ac:3; ddg_ac:2,en:5,yes,4 year old; 5 year old,why does my 5 year old wake up every night | why does 4 year old wake up in the middle of the night | why does 4 year old wake up so early | why is 4 year old waking up in the night
544,parenting,general,544,will 1 year old gas work,5,5,google_ac:3; ddg_ac:2,en:5,yes,1 year old; 5 year old; 3 year old,is 1 year old gas still good | is 5 year old gas still good | will 3 year old gas work | will 5 year old gas burn
545,parenting,feeding,545,am i breastfeeding too much,5,5,google_ac:5,en:5,yes,breastfeeding,am i breastfeeding correctly | am i breastfeeding enough | am i breastfeeding too often | is it normal breastfeeding
546,parenting,feeding,546,baby not drinking milk,5,5,parentune:5,en:5,yes,,my baby did not drink doctors milk | baby not able to drink breast feeding milk | baby not taking breast milk | my baby doesnt drink outer milk
547,parenting,early-learning,547,can 5 year olds play roblox,5,5,ddg_ac:5,en:5,yes,5 year old; 4 year old,can 4 year olds play roblox | is roblox safe for 4 year olds | is roblox safe for 5 year olds | can a 5 year old play roblox
548,parenting,feeding,548,can breastfeeding mom donate blood,5,5,ddg_ac:5,en:5,yes,breastfeeding; postpartum,can i donate blood if i am breastfeeding | can a breastfeeding mother donate blood | can you donate plasma postpartum | can you donate blood postpartum
549,parenting,feeding,549,can i bring baby formula on a plane,5,5,google_ac:5,en:5,yes,baby food,can i bring baby formula on a plane air canada | can i bring baby formula on a plane canada | can i bring baby formula on a plane internationally | can i take baby formula on plane
550,parenting,feeding,550,can i formula feed and breastfeed,5,5,google_ac:5,en:5,yes,formula feeding,can i formula feed at night and breastfeed in the day | can i formula feed and breastfeed at the same time | can i formula feed and breastfeed my newborn | should i formula feed or breastfeed
551,parenting,feeding,551,does breastfeeding raise cholesterol,5,5,ddg_ac:5,en:5,yes,breastfeeding,can breastfeeding affect cholesterol levels | does breastfeeding affect cholesterol | does breastfeeding increase cholesterol | does breastfeeding cause high cholesterol
552,parenting,feeding,552,how long breastfeeding newborn,5,5,google_ac:5,en:5,yes,breastfeeding; newborn,how long newborn feed | how long newborn feed on each breast | how long breastfeeding session | how long breastfeeding session newborn
553,parenting,general,553,how many 5 year olds have gotten pregnant,5,5,google_ac:5,en:5,yes,5 year old,how many 5 year olds have given birth | how many 5 year olds have been pregnant | how many 5 year olds get pregnant | how many 5 year old girls have given birth
554,parenting,development,554,how many areas of child development are there,5,5,google_ac:5,en:5,yes,baby milestones,how many child development classes are there | how many child development domains are there | how many child development stages are there | how many dimensions to child development are there
555,parenting,feeding,555,how many baby foods a day,5,5,google_ac:5,en:5,yes,baby food; baby weaning,how much food baby weaning | baby weaning how many meals a day | how many baby food pouches per day | how many baby food
556,parenting,feeding,556,how much breastfeeding at 6 months,5,5,google_ac:5,en:5,yes,breastfeeding,how much breastfeeding after 6 months | how many breastfeeding sessions at 6 months | can i stop breastfeeding at 6 months | why breastfeeding is important for 6 months
557,parenting,general,557,how much does a child cost,5,5,ddg_ac:5,en:5,yes,toddler not,how much to have a kid | how much does a kid cost monthly | how much does having a kid cost | how much do children cost
558,parenting,behaviour,558,how to change child's screen time passcode,5,5,google_ac:5,en:5,yes,toddler screen time,can child change screen time passcode | how to reset child's screen time passcode | how to change child screen time password | how to turn off child's screen time passcode
559,parenting,behaviour,559,how to stop temper tantrums,5,5,google_ac:5,en:5,yes,toddler tantrums,temper tantrums what to do | how to manage temper tantrums | how to stop temper tantrums in adults | how to control temper tantrums
560,parenting,health,560,is 100.5 fever dangerous for baby,5,5,google_ac:5,en:5,yes,baby fever,is 98 fever normal for baby | is 100 fever for a baby | is 104 fever dangerous for baby | is 100.9 fever dangerous for baby
561,parenting,health,561,is breastfeeding safe during fever,5,5,google_ac:5,en:5,yes,breastfeeding; baby fever,can i breastfeeding while having a fever | what if breastfeeding mom gets fever | is it safe to feed baby during fever | is it safe to feed baby when mother has fever
562,parenting,potty,562,is potty training harder for boys,5,5,google_ac:5,en:5,yes,potty training,why is potty training boys so hard | why is potty training harder for boys | is potty training harder for boys or girls | is potty training boys harder than girls
563,parenting,feeding,563,my 10 months daughter does not drink milk,5,5,parentune:5,en:5,yes,,my three years old daughter only drink milk not eating food | my child dont eat anything she only want mothers milk | daughter 1 5 years not taking milk | my 22 months old daughter dnt eat any thing she just takes some milk what to do
564,parenting,first-40-days,564,newborn how many months,5,5,ddg_ac:5,en:5,yes,newborn,newborn how many days | newborn how many weeks | how long is a newborn baby | what is newborn age
565,parenting,development,565,should autistic children have screen time,5,5,google_ac:5,en:5,yes,toddler screen time,is screen time good for kids with autism | is screen time bad for kids with autism | how much screen time should an autistic child have | do autistic kids need screen time
566,parenting,potty,566,should baby poop be stringy,5,5,google_ac:5,en:5,yes,baby poop,should baby poop be runny | should i take baby's poop out | should baby poop be seedy | should baby poop be hard
567,parenting,feeding,567,what baby food is good for dogs with diarrhea,5,5,google_ac:5,en:5,yes,baby food,what baby food can dogs eat for diarrhea | what kind of baby food can dogs eat for upset stomach | what baby food is good for dogs with upset stomach | what baby food is good for sick dogs
568,parenting,general,568,what to do 1 year old choking,5,5,google_ac:5,en:5,yes,newborn; 1 year old; 3 year old,what to do newborn choking | what to do 3 year old choking | what to do 4 year old choking | what to do if baby chokes weaning
569,parenting,health,569,what to do when 1 year old is constipated,5,5,google_ac:5,en:5,yes,1 year old; newborn; toddler not eating,what to do newborn constipation | how to help 1 year old with constipation | what to do 1 year old constipated | how to help my toddler not be constipated
570,parenting,feeding,570,what to do when baby throws food,5,5,google_ac:5,en:5,yes,baby food,what to do when baby throws food on floor | what to do with baby food | what to do with baby food after opening | what to do baby throwing food
571,parenting,health,571,when can i give baby colic drops,5,5,google_ac:5,en:5,yes,baby colic,how to give baby colic drops | can i give my baby colic drops everyday | can i give my baby colic drops | when to stop giving baby colic drops
572,parenting,health,572,who baby vaccination chart,5,5,google_ac:5,en:5,yes,baby vaccination,who child vaccination chart | who child vaccination | who baby vaccines | who vaccine list for baby
573,parenting,behaviour,573,why baby hitting their head,5,5,google_ac:5,en:5,yes,toddler hitting,why baby hitting head with hand | do babies hit their heads a lot | do babies hit their head when teething | what can happen when a baby hits their head
574,parenting,potty,574,why does baby poop have mucus,5,5,google_ac:5,en:5,yes,baby poop,when baby poop has mucus | is it normal for baby poop to have mucus | can baby poop be mucousy | why is my baby's poop mucousy
575,parenting,first-40-days,575,why does postpartum preeclampsia happen,5,5,google_ac:5,en:5,yes,postpartum,why does postpartum eclampsia happen | why is postpartum preeclampsia dangerous | why postpartum preeclampsia happens | how serious is postpartum preeclampsia
576,parenting,health,576,do vaccines affect babies,4,10,google_ac:4,en:4,yes,baby vaccination,can vaccines affect babies | do vaccines affect child development | do vaccines affect kids
577,parenting,development,577,why 2 year old won't talk,4,9,ddg_ac:2; parentune:1; google_ac:1,en:4,yes,4 year old; 5 year old,what if 2 year old doesn't talk | my baby is 2 1 yr but doesnt talk | is it normal for 2 year old to not talk
578,parenting,sleep,578,should newborn baby sleep in parents room,4,8,ddg_ac:2; google_ac:2,en:4,yes,newborn sleep; newborn,should your newborn sleep in your room | can newborn sleep in ac | can newborn sleep in ac room
579,parenting,feeding,579,does formula feeding affect breastfeeding,4,8,google_ac:4,en:4,yes,formula feeding,is formula feeding and breastfeeding ok | when breastfeeding and formula feeding together | will giving formula affect breastfeeding
580,parenting,health,580,why massage baby feet,4,8,google_ac:4,en:4,yes,baby massage,is it ok to massage baby feet | is it good to massage babies feet | do babies like foot massages
581,parenting,general,581,does 4 year old need car seat,4,7,ddg_ac:3; google_ac:3,en:6,yes,4 year old; 5 year old,does 4 year old need car seat on plane | do 4 year olds need car seats | which car seat 4 year old
582,parenting,feeding,582,how much 1 year old eat,4,7,google_ac:3; ddg_ac:1,en:4,yes,5 year old; 1 year old; 3 year old,how many times 1 year old should eat | how much 3 year old should eat | how much 5 year old should eat
583,parenting,feeding,583,how to wean baby off breastfeeding,4,7,ddg_ac:3; google_ac:1,en:4,yes,breastfeeding; baby weaning,how to start weaning baby from breastfeeding | how to stop weaning a baby | how to wean toddler off breastfeeding
584,parenting,health,584,is it normal to have baby fever at 14,4,7,google_ac:3; ddg_ac:1,en:4,yes,baby fever,why do i have baby fever at 14 | is baby fever normal for teens | is it normal to have baby fever at 16
585,parenting,feeding,585,why my 3 month old baby is not drinking milk,4,7,google_ac:3; ddg_ac:1,en:4,yes,3 month old baby,why is my 3 month old baby drinking less milk | why 3 month old baby refuse to drink milk | why 3 month old baby doesn't want to drink milk
586,parenting,behaviour,586,what do toddler tantrums look like,4,7,google_ac:4,en:4,yes,toddler tantrums,what does a temper tantrum look like | what does a 2 year old tantrum look like | what does a toddler tantrum look like
587,parenting,sleep,587,why child not sleeping at night,4,7,google_ac:4,en:4,yes,toddler not,why children not sleep at night | why my child not sleeping at night | why can't my child sleep at night
588,parenting,general,588,are 3 year olds free at disney world,4,6,ddg_ac:3; google_ac:3,en:6,yes,3 year old; 1 year old,are 3 year olds free at disney | are 1 year olds free at disney world | are 3 year olds free at disneyland
589,parenting,general,589,should 1 year old have fluoride toothpaste,4,6,google_ac:3; ddg_ac:1,en:4,yes,1 year old; 5 year old,should 1 year old use fluoride free toothpaste | should 1 year old use fluoride toothpaste | should 5 year old use fluoride toothpaste
590,parenting,potty,590,why 5 year old wetting bed,4,6,google_ac:3; ddg_ac:1,en:4,yes,5 year old; 4 year old,why is my 5 year old still wetting the bed | why is 4 year old suddenly wetting bed | why is 5 year old wetting bed
591,parenting,behaviour,591,can baby hitting head cause brain damage,4,6,google_ac:4,en:4,yes,toddler hitting,can baby falling on head cause brain damage | can baby falling cause brain damage | can a baby get brain damage from hitting their head
592,parenting,health,592,does baby massage help reflux,4,6,google_ac:4,en:4,yes,baby massage,is baby massage good for reflux | can baby massage help with reflux | does baby massage help with reflux
593,parenting,development,593,how long does speech therapy take for toddlers,4,6,google_ac:4,en:4,yes,toddler speech,how long are pediatric speech therapy sessions | how long is a toddler speech evaluation | how long is pediatric speech therapy
594,parenting,first-40-days,594,how much do postpartum nurses make,4,6,ddg_ac:4,en:4,yes,postpartum,how much do postpartum nurses make an hour | how much does a postpartum nurse make | how much does a postpartum nurse make a year
595,parenting,behaviour,595,how much has child screen time increased,4,6,google_ac:4,en:4,yes,toddler screen time,why has kids screen time increased drastically | how much has screen time increased | how much has screen time increased over the years
596,parenting,potty,596,is baby poop sterile,4,6,google_ac:4,en:4,yes,baby poop,is breastfed baby poop sterile | is a baby's first poop sterile | is poop sterile
597,parenting,development,597,what are baby milestones at 5 months,4,6,google_ac:4,en:4,yes,baby milestones,what developmental milestones for 5 month old | what are five month old baby milestones | 5 month baby milestones what to expect
598,parenting,feeding,598,what baby food does wic cover,4,6,google_ac:4,en:4,yes,baby food,what baby food is wic approved | when does baby food get added to wic | when does baby food start on wic
599,parenting,first-40-days,599,what does postpartum doula do,4,6,ddg_ac:4,en:4,yes,postpartum,why hire a postpartum doula | what can a postpartum doula do | what is postpartum doula
600,parenting,sleep,600,when do formula fed babies sleep longer,4,6,google_ac:4,en:4,yes,formula feeding,when do formula fed babies sleep through the night | why do formula fed babies sleep better | why do formula fed babies sleep longer
601,parenting,development,601,when does baby brain development start,4,6,google_ac:4,en:4,yes,baby milestones,when does baby brain development happen | when does.baby brain development occur | how many days baby brain development
602,parenting,feeding,602,when does breastfeeding hunger stop,4,6,google_ac:4,en:4,yes,breastfeeding,when does breastfeeding hunger start | when does breastfeeding hunger stop at night | does breastfeeding hunger go away
603,parenting,health,603,when to stop baby massage,4,6,google_ac:4,en:4,yes,baby massage,when to stop pregnancy massage | when to stop baby oil massage | when to stop oil massage for newborn baby
604,parenting,health,604,which baby massage oil is best in winter,4,6,google_ac:4,en:4,yes,baby massage,which oil for baby massage in winter | can i massage baby with coconut oil in winter | which oil is best for baby massage in winter in india
605,parenting,feeding,605,who baby food guidelines,4,6,google_ac:4,en:4,yes,baby food,who baby food chart | who baby food | who child food
606,parenting,early-learning,606,can 3 year olds read,4,5,google_ac:4; ddg_ac:1,en:5,yes,3 year old,should 3 year olds be able to read | how many 3 year olds can read | 3 year old should know how many words
607,parenting,general,607,should 4 year old know alphabet,4,5,google_ac:4; ddg_ac:1,en:5,yes,4 year old; 3 year old,should 3 year old know alphabet | can 4 year old write alphabets | should 4 year old know letters
608,parenting,general,608,what to expect 4 year old,4,5,ddg_ac:3; google_ac:2,en:5,yes,4 year old; 3 year old,what to expect 3 year old | what to expect from 3 year olds | what to expect with a 4 year old
609,parenting,first-40-days,609,who newborn weight chart,4,5,google_ac:3; ddg_ac:2,en:5,yes,newborn; baby milestones,who newborn growth chart | who baby milestone chart | who newborn baby weight chart
610,parenting,first-40-days,610,who postpartum guidelines,4,5,google_ac:4; ddg_ac:1,en:5,yes,postpartum; newborn,who newborn care guidelines | who postpartum care guidelines | who postpartum hemorrhage guidelines
611,parenting,general,611,who questions for 5 year olds,4,5,google_ac:3; ddg_ac:2,en:5,yes,5 year old,who questions for 5 year old kid | when questions for 5 year olds | where questions for 5 year olds
612,parenting,general,612,why is 5 year old snoring,4,5,google_ac:4; ddg_ac:1,en:5,yes,5 year old; 4 year old,is it normal for 5 year old to snore | why does my 5 year old snore | why 4 year old snoring
613,parenting,behaviour,613,are toddler tantrums a sign of autism,4,5,google_ac:4,en:4,yes,toddler tantrums; toddler hitting,why do autistic toddlers have tantrums | is toddler hitting a sign of autism | is a toddler hitting themselves a sign of autism
614,parenting,sleep,614,can a toddler sleep in a normal bed,4,5,google_ac:4,en:4,yes,toddler sleep; 5 year old,can 5 year old sleep in toddler bed | can toddler sleep in queen bed | can toddler sleep in double bed
615,parenting,behaviour,615,can temper tantrums be a sign of autism,4,5,google_ac:4,en:4,yes,toddler tantrums,is temper tantrums a sign of autism | is temper tantrums a sign of adhd | are temper tantrums a sign of autism
616,parenting,health,616,how much does baby massage cost,4,5,google_ac:4,en:4,yes,baby massage,how much are baby massage classes | how much is baby massage | how much are pregnancy massages
617,parenting,potty,617,how much is potty training for dogs,4,5,google_ac:4,en:4,yes,potty training,how much does potty training cost | how much is potty training at petsmart | how much is puppy potty training
618,parenting,first-40-days,618,how newborn see the world,4,5,google_ac:4,en:4,yes,newborn,how do newborns see the world | how newborn babies see the world | what does the world look like to a newborn
619,parenting,general,619,how old are you in year 3,4,5,ddg_ac:5,en:5,yes,3 year old; 1 year old,how old are you in yr 3 | how old was i in year 1 | how old am i in year 3 | how old are you in year three
620,parenting,feeding,620,how to say breastfeeding in spanish,4,5,ddg_ac:4,en:4,yes,breastfeeding,how do you say breastfeeding in spanish | are you breastfeeding in spanish | are you currently breastfeeding in spanish
621,parenting,you-maa,621,is it normal for 3 month old baby to have hair fall,4,5,google_ac:4,en:4,yes,3 month old baby,why is my 3 month old baby hair falling out | does 3 month old baby have hair fall | is it normal for 3 month old baby to lose hair
622,parenting,health,622,is my baby colic quiz,4,5,google_ac:4,en:4,yes,baby colic,does my baby have colic quiz | is my baby colic reddit | why do babies get colic reddit
623,parenting,feeding,623,should i pump after breastfeeding,4,5,google_ac:4,en:4,yes,breastfeeding,when stopping breastfeeding should i pump | should i pump after breastfeeding newborn | should i pump while breastfeeding
624,parenting,health,624,what does baby teething look like,4,5,google_ac:4,en:4,yes,baby teething,how baby teething look like | what baby teething looks like | what baby teething gums look like
625,parenting,feeding,625,when can formula fed babies have water,4,5,google_ac:4,en:4,yes,formula feeding; baby food,should formula fed babies be given water | when do formula fed babies need water | what happens if baby formula is too watery
626,parenting,feeding,626,when did formula feeding start,4,5,google_ac:4,en:4,yes,formula feeding; baby food,when baby formula invented | when did formula feeding became popular | when did baby formula start
627,parenting,sleep,627,will newborn sleep if hungry,4,5,google_ac:4,en:4,yes,newborn; newborn sleep; 3 month old baby,will baby sleep if hungry | will newborn wake up when hungry | can a 3 month old baby sleep hungry
628,parenting,feeding,628,Any other moms experienced increased hunger while breastfeeding?,4,4,google_ac:3; reddit:1,en:4,yes,breastfeeding,do breastfeeding moms get more hungry | why does breastfeeding make you hungry | is it normal to be really hungry when breastfeeding
629,parenting,potty,629,Why do parents wait so long to start potty training??,4,4,reddit:2; google_ac:2,en:4,yes,potty training,Why is potty training delayed so late ? | why does potty training take so long | why is potty training taking so long
630,parenting,development,630,can 5 year olds talk,4,4,ddg_ac:3; google_ac:1,en:4,yes,5 year old,can 5 year olds speak | how do 5 year olds talk | why does 5 year old talk like a baby
631,parenting,health,631,can baby teething cause runny nose,4,4,google_ac:3; ddg_ac:1,en:4,yes,baby teething,can a baby teething cause a runny nose | can baby teething cause stuffy nose | does baby teething cause runny nose
632,parenting,first-40-days,632,can i run postpartum,4,4,google_ac:3; ddg_ac:1,en:4,yes,postpartum,when can i workout postpartum | is it safe to run postpartum | can i workout postpartum
633,parenting,first-40-days,633,can newborn use pacifier,4,4,google_ac:3; ddg_ac:1,en:4,yes,newborn,should newborns use a pacifier | is it safe for newborn to use pacifier | can i newborn use a pacifier
634,parenting,general,634,how long 1 year old in car seat,4,4,ddg_ac:2; google_ac:2,en:4,yes,1 year old; newborn; 3 month old baby,how long newborn in car seat | how long can a 1 year old be in a car seat | how long can 3 month old baby be in car seat
635,parenting,feeding,635,how to increase breast milk supply,4,4,parentune:3; mylo:1,en:4,yes,,hello dear how to increase breast milk my lil baby girl is too much weak im worried about it | what should i eat to increase milk supply | how to increase breast milk
636,parenting,feeding,636,is baby formula good for adults,4,4,google_ac:3; ddg_ac:1,en:4,yes,formula feeding; baby food,is baby formula safe for adults | is formula healthy for babies | is baby formula good for adults to drink
637,parenting,feeding,637,is it safe to put baby food in a bottle,4,4,google_ac:3; parentune:1,en:4,yes,baby food; baby weaning,are plastic bottles safe for the baby | can baby food be put in a bottle | is it safe to store baby food in plastic containers
638,parenting,general,638,what happens if 3 year old swallowed chewing gum,4,4,google_ac:3; ddg_ac:1,en:4,yes,3 year old; 4 year old; 5 year old,what happens if a 3 year old swallows gum | what happens if a 4 year old swallowed gum | what happens if 5 year old swallowed gum
639,parenting,health,639,what to do when 3 year old is constipated,4,4,google_ac:3; parentune:1,en:4,yes,3 year old; 3 month old baby,my daughter is 3 years old n she has acute constipation problem | what to do when 3 month old baby is constipated | when a 3 year old is constipated
640,parenting,behaviour,640,what to do when toddler won't stop screaming,4,4,google_ac:3; reddit:1,en:4,yes,toddler not; toddler tantrums,Tips for toddler screaming (not in distress) | what to do when toddler won't stop crying | toddler screaming tantrum what to do
641,parenting,feeding,641,when breastfeeding mother has a cold,4,4,google_ac:3; ddg_ac:1,en:4,yes,breastfeeding,what can breastfeeding moms take for colds | what if breastfeeding mom gets cold | what happens when breastfeeding mom gets sick
642,parenting,first-40-days,642,where is postpartum depression in the dsm 5,4,4,ddg_ac:2; google_ac:2,en:4,yes,postpartum,is postpartum in dsm 5 | where is postpartum in the dsm | where is postpartum depression in the dsm 5 tr
643,parenting,first-40-days,643,which newborn reflex disappears last,4,4,google_ac:3; ddg_ac:1,en:4,yes,newborn,when should newborn reflexes go away | which newborn reflex disappears first | how many newborn reflexes are there
644,parenting,first-40-days,644,which postpartum pads are the best,4,4,google_ac:3; ddg_ac:1,en:4,yes,postpartum,what are postpartum pads | which postpartum diapers are best | which postpartum underwear is best
645,parenting,general,645,which tylenol for 1 year old,4,4,google_ac:3; ddg_ac:1,en:4,yes,1 year old; 3 year old,how much tylenol for 1 year old | how to give 1 year old tylenol | which tylenol for 3 year old
646,parenting,feeding,646,who breastfeeding guidelines,4,4,ddg_ac:2; google_ac:2,en:4,yes,breastfeeding,who breastfeeding course | who breastfeeding policy | who breastfeeding recommendations
647,parenting,sleep,647,why 1 year old wakes up at night,4,4,google_ac:3; ddg_ac:1,en:4,yes,1 year old,why is my 1 year old waking up in the night | why does 1 year old wake up every hour | why is 1 year old waking at 5am
648,parenting,potty,648,why does 5 year old poop pants,4,4,google_ac:3; ddg_ac:1,en:4,yes,5 year old,why does my 5 year old still poop his pants | why 5 year old poops pants | why is 5 year old pooping pants
649,parenting,general,649,why does my 4 year old lie,4,4,ddg_ac:2; google_ac:2,en:4,yes,4 year old; 5 year old,why is my 5 year old lying | why is 4 year old lying | is it normal for 5 year olds to lie
650,parenting,general,650,am i 4 years old,4,4,google_ac:4,en:4,yes,1 year old; 3 year old; 4 year old,am i 1 year old | am i 3 years old | am i 5 years old
651,parenting,feeding,651,am i overfeeding my 1 year old,4,4,google_ac:4,en:4,yes,1 year old; newborn; baby weaning,am i overfeeding my newborn | am i feeding my 1 year old too much | am i overfeeding my baby weaning
652,parenting,first-40-days,652,are postpartum belly bands safe,4,4,google_ac:4,en:4,yes,postpartum,do postpartum belly bands work | are postpartum belly bands worth it | should i wear postpartum belly band
653,parenting,health,653,baby colic kya hota hai,4,4,google_ac:4,en:4,yes,baby colic; baby milestones; baby food,baby milestone kya hota hai | baby food kya hota hai | baby ko colic kyu hota hai
654,parenting,development,654,baby has not started walk,4,4,parentune:4,en:4,yes,,my baby is one year old but she is not walking | baby did not started walking | when baby starts walking
655,parenting,health,655,baby massage kab se karna chahiye,4,4,google_ac:4,en:4,yes,baby massage,baby massage kitne time karna chahiye | baby massage kab tak karna chahiye | baby massage kitni baar karna chahiye
656,parenting,feeding,656,baby not taking bottle feed,4,4,parentune:4,en:4,yes,,baby not accepting bottle | baby not taking feed | my four months baby was earlier taking bottle feed but now hes not taking bottle
657,parenting,general,657,can a 1 year old get strep throat,4,4,ddg_ac:4,en:4,yes,1 year old; newborn; 3 month old baby,can a newborn get strep throat | can a 3 month old baby get strep | can a 1 year old get strep
658,parenting,feeding,658,can bottle feeding affect breastfeeding,4,4,google_ac:4,en:4,yes,formula feeding,will bottle feeding affect breastfeeding | will bottle feeding cause nipple confusion | does bottle feeding affect breastfeeding
659,parenting,health,659,can colic babies be breastfed,4,4,google_ac:4,en:4,yes,baby colic,can i feed baby during colic | should you keep feeding a baby with colic | why do babies get colic when breastfed
660,parenting,feeding,660,can i breastfeeding while pregnant,4,4,google_ac:4,en:4,yes,breastfeeding,is it bad breastfeeding while pregnant | is it safe breastfeeding while pregnant | can i continue breastfeeding while pregnant
661,parenting,feeding,661,can i eat 4 year old honey,4,4,google_ac:4,en:4,yes,4 year old; 3 year old; 5 year old,is it safe for 3 year old to eat honey | is 4 year old honey still good | is 5 year old honey safe to eat
662,parenting,potty,662,can i potty train at 18 months,4,4,google_ac:4,en:4,yes,potty training,is it ok to potty train at 18 months | can i potty train at 12 months | should i potty train at 18 months
663,parenting,feeding,663,can postpartum mom eat pineapple,4,4,google_ac:4,en:4,yes,breastfeeding; postpartum,can breastfeeding mother eat mango | can breastfeeding mother eat pineapple | can postpartum mom eat mango
664,parenting,potty,664,can potty training cause constipation,4,4,google_ac:4,en:4,yes,potty training,can potty training cause uti | can potty training cause diarrhea | does potty training cause constipation
665,parenting,feeding,665,does formula affect babies,4,4,google_ac:4,en:4,yes,formula feeding,what happens to formula fed babies | does formula harm baby | will formula hurt my breastfed baby
666,parenting,first-40-days,666,does postpartum belly go away,4,4,google_ac:4,en:4,yes,postpartum,does postpartum hernia go away | will postpartum belly go away | when does postpartum belly go away
667,parenting,development,667,how long should a 4 year old be able to sit,4,4,ddg_ac:4,en:4,yes,4 year old; 3 year old; 5 year old,how long should a 3 year old be able to sit | how long can a 4 year old sit and attend | how long should a 5 year old be able to sit
668,parenting,general,668,how many 12 year olds are there in the world,4,4,ddg_ac:4,en:4,yes,1 year old; 3 year old; 4 year old,how many 12 year olds on earth | how many 13 year olds are there in the world | how many 14 year olds are in the world
669,parenting,sleep,669,how many 4 year olds still nap,4,4,google_ac:4,en:4,yes,3 year old; 4 year old,how many 3 year olds still nap | how many 3 year olds nap | how many 4 year olds nap
670,parenting,health,670,how much 8 year old boy should weight,4,4,google_ac:4,en:4,yes,4 year old,how much 9 year old boy should weight | how much 7 year old boy should weight | how much a 6 year old boy should weight
671,parenting,behaviour,671,how much screen time toddler reddit,4,4,google_ac:4,en:4,yes,toddler screen time,how to limit kids screen time reddit | how to reduce screen time toddler reddit | how much screen time for 2 year old reddit
672,parenting,potty,672,how often should 4 year old pee,4,4,google_ac:4,en:4,yes,4 year old; 3 year old; 5 year old,how often should 3 year old pee | how many times a day should a 4 year old pee | how often should 5 year old pee
673,parenting,general,673,how often should 5 year old bathe,4,4,google_ac:4,en:4,yes,5 year old; 3 year old; 4 year old,how often should 3 year old bathe | how often should 4 year old bathe | how often should 5 year old shower
674,parenting,general,674,how often should i bathe my 3 month old baby,4,4,google_ac:4,en:4,yes,3 month old baby; 6 month old baby,how to bathe 3 month old baby | how to bath 6 month old baby | how often should i bathe my 6 month old baby
675,parenting,general,675,how old am i in year 5,4,4,ddg_ac:4,en:4,yes,5 year old,how old was i in year 5 | how old are you in yr 5 | how old are kids in year 5
676,parenting,behaviour,676,how to control childs anger,4,4,parentune:4,en:4,yes,,how to stop getting angry with my child | how to control anger for 1 5yr toddler | how to calm down the anger of 4 yrs kid
677,parenting,general,677,how to get 1 year old,4,4,google_ac:4,en:4,yes,1 year old; 4 year old,how to parent 1 year old | how to 1 year old | how to year old
678,parenting,first-40-days,678,is it normal baby not pooping,4,4,google_ac:4,en:4,yes,newborn; baby poop,is it normal newborn not pooping | what if newborn baby doesn't poop | why didn't my baby poop today
679,parenting,sleep,679,is it safe for newborn to sleep,4,4,google_ac:4,en:4,yes,newborn sleep; newborn,what is safe for newborns to sleep in | is it safe to sleep when your newborn sleeps | is it safe for newborn to sleep with dummy
680,parenting,health,680,is it safe to give bath to baby after vaccination,4,4,google_ac:4,en:4,yes,baby vaccination,is it safe to give bath to baby before vaccination | can i bathe baby after vaccination nhs | should i bathe my baby after vaccination
681,parenting,feeding,681,is it safe to start baby food at 4 months,4,4,google_ac:4,en:4,yes,baby food,is it ok to give baby food at 4 months | why does baby food say from 4 months | what baby food to start with at 4 months
682,parenting,sleep,682,is screen time bad for toddlers before bed,4,4,google_ac:4,en:4,yes,toddler screen time,does screen time affect toddler sleep | is screen time bad for kids before bed | do babies who have screen time sleep less
683,parenting,development,683,is toddler speech therapy covered by insurance,4,4,google_ac:4,en:4,yes,toddler speech,is child speech therapy covered by insurance | does insurance cover toddler speech therapy | does insurance cover speech therapy for toddlers
684,parenting,development,684,my 13mnths old son dont speak,4,4,parentune:4,en:4,yes,,my 19 months son have not started speaking | my son does not speak well | my 27 months old son doesnt speak a word
685,parenting,health,685,my baby has cough cold pl suggest home remedies,4,4,parentune:4,en:4,yes,,hi all plz suggest home remedies for cough and cold in 8 month old babay | hello my baby who is now 5 month suffering from cough please suggest some home remedies | cough home remedies for baby
686,parenting,feeding,686,my daughter is not eating from sometimes as required,4,4,parentune:4,en:3; hinglish:1,yes,,meri beti kuch v khati nhi | not eating anythings i have tried many recipes but she is not eating | my daughter does not eat
687,parenting,first-40-days,687,postpartum kya hota hai,4,4,google_ac:4,en:4,yes,postpartum,postpartum depression kya hota hai | postpartum kya hota hai in hindi | postpartum kaise hota hai
688,parenting,health,688,remedy for cold and cough,4,4,parentune:4,en:4,yes,,cough n cold remedies | how to cure cough | home remedy for cold and cough
689,parenting,health,689,should i cover baby with fever,4,4,google_ac:4,en:4,yes,baby fever,should i stay away from my baby if i have a fever | should i undress baby with fever | should i sponge baby with fever
690,parenting,sleep,690,should newborn sleep in swaddle,4,4,google_ac:4,en:4,yes,newborn sleep; newborn,can newborn sleep on side in swaddle | can newborn sleep in crib without swaddle | is it safe for newborn to sleep without swaddle
691,parenting,sleep,691,should toddler sleep with fan on,4,4,google_ac:4,en:4,yes,toddler sleep,can toddler sleep with fan on | can toddler sleep on air mattress | should toddler sleep with music
692,parenting,general,692,what 4 year old should be able to do,4,4,google_ac:4,en:4,yes,4 year old,what 4 year old can do | what do 4 year olds need | how to be 4 years old
693,parenting,general,693,what 5 year old died of cancer in the crown,4,4,google_ac:4,en:4,yes,5 year old,what 5 year old died in the crown | what 5 year old royal died of cancer | which 5 year old died in the crown
694,parenting,general,694,what baby temp is too high,4,4,google_ac:4,en:4,yes,baby fever,what toddler temp is too high | what child temp is too high | when is baby temp too high
695,parenting,feeding,695,what breastfeeding supplies do i need,4,4,google_ac:4,en:4,yes,breastfeeding,what breastfeeding accessories do i need | what breastfeeding supplies are covered by insurance | what breastfeeding supplies to bring to hospital
696,parenting,feeding,696,what happens when breastfeeding while pregnant,4,4,google_ac:4,en:4,yes,breastfeeding,will breastfeeding affect my pregnancy | what happens during breastfeeding | what happens to a breastfeeding baby when the mother is pregnant
697,parenting,general,697,what is 4 year old heart rate,4,4,google_ac:4,en:4,yes,4 year old; 5 year old,do 4 year old's heart beat fast | what is a 4 year old normal heart rate | what is 5 year old heart rate
698,parenting,general,698,what to do 1 year old throwing up,4,4,google_ac:4,en:4,yes,1 year old; 3 year old,what to do when 1 year old throws up | what to do 1 year old vomiting | what to do when 3 year old vomits
699,parenting,general,699,what to do 4 year old birthday,4,4,google_ac:4,en:4,yes,4 year old,what to do 4 year old | what to do 4 year old near me | what to do 4 year old birthday party
700,parenting,first-40-days,700,what to do newborn hiccups,4,4,google_ac:4,en:4,yes,newborn; 3 month old baby; 6 month old baby,how to newborn hiccups | what to do when 3 month old has hiccups | what to do when 6 month old has hiccups
701,parenting,feeding,701,when breastfeeding is contraindicated,4,4,google_ac:4,en:4,yes,breastfeeding,is breastfeeding contraindicated in hiv | is breastfeeding contraindicated in mastitis | is breastfeeding contraindicated in tb
702,parenting,first-40-days,702,when does postpartum hair loss stop reddit,4,4,google_ac:4,en:4,yes,postpartum,when does postpartum bleeding stop reddit | when does postpartum hair loss start reddit | when does postpartum end reddit
703,parenting,potty,703,when should newborn baby pee,4,4,google_ac:4,en:4,yes,newborn; toddler not,when baby is not peeing | what if newborn is not peeing | when should newborn have first pee
704,parenting,sleep,704,where children sleep,4,4,google_ac:4,en:4,yes,toddler sleep,how child sleep | who child sleep | where child sleep
705,parenting,general,705,why does 3 year old put things in mouth,4,4,google_ac:4,en:4,yes,3 year old; 4 year old,why is 3 year old putting hands in mouth | why does 4 year old put everything in mouth | why does 4 year old put fingers in mouth
706,parenting,sleep,706,why does toddler sleep with bum in air,4,4,google_ac:4,en:4,yes,toddler sleep; newborn sleep,why is baby sleeping with bum in air | why toddler sleep with bum in air | why does toddler sleep with bum up
707,parenting,behaviour,707,why shouldn t you say no to a child,4,4,google_ac:4,en:4,yes,toddler not,is saying no to a child bad | why you shouldn't say no to children | why you should say no to your child
708,parenting,general,708,how long does next day delivery take,3,16,ddg_ac:3,en:3,yes,first 40 days after delivery,how long does next take to deliver | where can i get next day delivery
709,parenting,behaviour,709,why is my toddler hitting other children,3,14,ddg_ac:2; google_ac:1,en:3,yes,toddler hitting,should toddlers hit people | how to handle toddler hitting other kids
710,parenting,development,710,how many baby milestones are there sims 4,3,8,google_ac:2; ddg_ac:1,en:3,yes,baby milestones,how many baby milestones are there | how many baby sims 4 milestones
711,parenting,general,711,what 4 year olds should know,3,8,ddg_ac:2; google_ac:2,en:4,yes,5 year old; 4 year old,what 4 year olds should be learning | what 4 year old should know academically
712,parenting,feeding,712,what foods should breastfeeding mothers avoid,3,8,ddg_ac:2; google_ac:1,en:3,yes,breastfeeding,what foods should breastfeeding moms avoid | when breastfeeding what foods to avoid
713,parenting,general,713,what 2 year olds should know,3,8,ddg_ac:3,en:3,yes,4 year old; 5 year old,what 2 year olds should be learning | what 1 year olds should know
714,parenting,development,714,what are 3 month old baby milestones,3,8,google_ac:3,en:3,yes,baby milestones; 3 month old baby,what are baby milestones at 3 months | what are baby milestones at 2 months
715,parenting,potty,715,should a 5 year old be in arms reach potty,3,7,ddg_ac:3,en:3,yes,5 year old,should a 5 year old be in arms reach pool | should a 5 year old be in arms reach poop
716,parenting,potty,716,which potty training underwear is best,3,7,google_ac:3,en:3,yes,potty training,where to buy potty training underwear | where can i buy potty training underwear
717,parenting,health,717,how much tylenol for baby fever,3,6,ddg_ac:3; google_ac:1,en:4,yes,baby fever; 3 month old baby,when should i give my baby tylenol for fever | how much baby tylenol can a 3 month old have
718,parenting,health,718,can fever baby cause brain damage,3,6,google_ac:3,en:3,yes,baby fever,can high fever cause brain damage baby | can fever cause brain damage
719,parenting,health,719,can fever baby eat banana,3,6,google_ac:3,en:3,yes,baby fever,can baby eat banana during fever | can we give banana to baby in fever
720,parenting,sleep,720,can fever baby sleep in aircon room,3,6,google_ac:3,en:3,yes,baby fever,can i sleep in aircon during fever | can baby sleep in aircon room
721,parenting,development,721,do baby milestones affect sleep,3,6,google_ac:3,en:3,yes,baby milestones,why do developmental milestones disrupt sleep | why do developmental milestones cause sleep regression
722,parenting,health,722,does colic baby refusing to feed,3,6,google_ac:3,en:3,yes,baby colic,does colic make babies not want to eat | does colic cause baby not to eat
723,parenting,potty,723,does potty training make toddlers tired,3,6,google_ac:3,en:3,yes,potty training,does potty training make kids tired | does potty training make toddler more tired
724,parenting,potty,724,which potty training book is best,3,6,google_ac:3,en:3,yes,potty training,do potty training books help | how to potty train book
725,parenting,potty,725,which potty training spray is best for dogs,3,6,google_ac:3,en:3,yes,potty training,is there a spray to potty train dogs | how to use dog potty spray
726,parenting,health,726,will toddler not eat if constipated,3,6,google_ac:3,en:3,yes,toddler not eating,what not to feed a constipated toddler | will baby not eat if constipated
727,parenting,feeding,727,how often should a breastfeeding infant eat,3,5,babychakra:1; ddg_ac:1; google_ac:1,en:3,yes,breastfeeding; 3 month old baby,how often do you breastfeed a 15 month old who takes three meals | how often should 3 month old breastfed baby eat
728,parenting,feeding,728,2 Months Old - How much Formula is too much?,3,5,ddg_ac:2; reddit:1,en:3,yes,formula feeding,am i feeding my newborn too much formula | am i feeding my baby too much formula
729,parenting,feeding,729,do 1 year olds need milk,3,5,ddg_ac:2; google_ac:2,en:4,yes,1 year old,why do 1 year olds need whole milk | do 1 year olds need breast milk
730,parenting,general,730,do newborn babies dream,3,5,google_ac:3; ddg_ac:2,en:5,yes,newborn,do newborns dream | what newborns dream about
731,parenting,feeding,731,what is baby led weaning foods,3,5,google_ac:2; ddg_ac:1,en:3,yes,baby weaning,why is baby led weaning food | what are baby led weaning spoons
732,parenting,first-40-days,732,what is postpartum care,3,5,ddg_ac:3; google_ac:1,en:4,yes,postpartum,who postpartum care | what is considered postpartum care
733,parenting,general,733,are all three year olds crazy,3,5,google_ac:3,en:3,yes,3 year old,are 3 year olds crazy | why is my 3 year old so crazy
734,parenting,health,734,can baby hitting head cause diarrhea,3,5,google_ac:3,en:3,yes,toddler hitting,can head injury cause diarrhea | can hitting your head cause diarrhea
735,parenting,development,735,can baby hitting head cause speech delay,3,5,google_ac:3,en:3,yes,toddler hitting,can head injury cause speech delay | can head injury cause speech delay in toddlers
736,parenting,feeding,736,can i massage baby after feed,3,5,google_ac:3,en:3,yes,baby massage,is it ok to massage baby after feeding | how long after feeding can you massage baby
737,parenting,feeding,737,does formula feeding cause cancer,3,5,google_ac:3,en:3,yes,formula feeding,does formula milk cause cancer | does formula cause cancer
738,parenting,feeding,738,how much baby food for 11 month old,3,5,google_ac:3,en:3,yes,baby food; baby weaning,how much baby food for 12 month old | how much baby food at 11 months
739,parenting,early-learning,739,what 5 year old girls like to do,3,5,google_ac:3,en:3,yes,5 year old,what do 5 year old girls like to play with | what do 5 year old girls like for toys
740,parenting,general,740,why are 4 year olds so difficult,3,5,ddg_ac:3,en:3,yes,3 year old; 4 year old; 5 year old,why are 5 year olds so difficult | why are 3 year olds so difficult
741,parenting,health,741,why baby fever on and off,3,5,google_ac:3,en:3,yes,baby fever,why baby fever again and again | why is my child fever on and off
742,parenting,general,742,why is my 3 month old baby coughing,3,5,google_ac:3,en:3,yes,3 month old baby; 6 month old baby,why is my 6 months old baby coughing | do 3 month old baby cough
743,parenting,general,743,are 1 year old cats still kittens,3,4,ddg_ac:3; google_ac:1,en:4,yes,1 year old,is 1 year old cat a kitten | what is 1 year old in cat years
744,parenting,general,744,can i 1 year old have tea,3,4,google_ac:2; ddg_ac:1,en:3,yes,5 year old; 1 year old; 4 year old,can a 5 year old drink tea | can i drink 4 year old tea
745,parenting,health,745,can i massage baby with coconut oil,3,4,google_ac:2; mylo:1,en:3,yes,baby massage,is coconut oil massage good for babies | how to massage baby with coconut oil
746,parenting,general,746,do 5 year olds get shots at checkup,3,4,google_ac:2; ddg_ac:1,en:3,yes,5 year old; 3 year old,do 3 year olds get shots at checkup | does 5 year old checkup get shots
747,parenting,sleep,747,does baby sleep get better after 4 month regression,3,4,google_ac:2; reddit:1,en:3,yes,newborn sleep; 4 year old,Please help idk what to do-four month sleep regression | how long does 4 year old sleep regression last
748,parenting,first-40-days,748,how many postpartum visits,3,4,google_ac:3; ddg_ac:1,en:4,yes,postpartum,how many postpartum checkups are there | how many postpartum appointments are there
749,parenting,health,749,how much baby vaccine cost,3,4,google_ac:2; ddg_ac:1,en:3,yes,baby vaccination,how much are child vaccines | how much baby vaccine
750,parenting,general,750,is 4 year old kinder compulsory in victoria,3,4,ddg_ac:2; google_ac:2,en:4,yes,4 year old,is 4 year old kinder mandatory in victoria | is 4 year old kinder compulsory
751,parenting,feeding,751,should you season baby food,3,4,google_ac:2; ddg_ac:1,en:3,yes,baby food,should baby food be seasoned | should i season baby food
752,parenting,general,752,what are 3 year olds like,3,4,google_ac:2; ddg_ac:1,en:3,yes,3 year old,what do 3 year old girls like | what do 3 year old boys like
753,parenting,general,753,what do 5 year olds like,3,4,google_ac:3; ddg_ac:1,en:4,yes,5 year old,what 5 year old boys like | what do 5 year olds like to do
754,parenting,health,754,why do babies get vaccinated for hep b,3,4,google_ac:2; ddg_ac:1,en:3,yes,baby vaccination; newborn,why does a newborn need a hep b vaccine | are babies vaccinated for hep b
755,parenting,feeding,755,why is there lead in baby food,3,4,google_ac:2; ddg_ac:1,en:3,yes,baby food,does baby food have lead in it | why does baby food have lead
756,parenting,general,756,can i give 5 year old pepto bismol,3,4,google_ac:3,en:3,yes,3 year old; 4 year old; 5 year old,can i give 3 year old pepto bismol | can i give 4 year old pepto bismol
757,parenting,health,757,can i massage baby head,3,4,google_ac:3,en:3,yes,baby massage,is it ok to massage baby's head | can massage baby head shape
758,parenting,general,758,can i take 5 year old ibuprofen,3,4,google_ac:3,en:3,yes,3 year old; 4 year old; 5 year old,can i take 3 year old ibuprofen | can i take 4 year old ibuprofen
759,parenting,general,759,can you reason with a 2 year old,3,4,google_ac:3,en:3,yes,2 year old behaviour,when can you reason with a toddler | how to reason with a 2 year old
760,parenting,first-40-days,760,do you get your period for 40 days after giving birth,3,4,google_ac:3,en:3,yes,first 40 days after delivery,can you get pregnant 40 days after giving birth | does a woman get her period for 40 days after giving birth
761,parenting,feeding,761,does baby food pouches count as liquid when flying,3,4,google_ac:3,en:3,yes,baby food,do baby food pouches count as liquid | do baby food pouches count as liquid tsa
762,parenting,general,762,how much should 4 year old weigh in stone,3,4,google_ac:3,en:3,yes,4 year old; 3 year old,how much should 3 year old weigh in stone | how much should a 4 year old boy weight in stone
763,parenting,general,763,how old are babies when they reach for you,3,4,google_ac:3,en:3,yes,baby milestones,how old are babies when they start reaching | when should my baby reach for things
764,parenting,first-40-days,764,how postpartum hemorrhage is treated,3,4,google_ac:3,en:3,yes,postpartum,what to do when postpartum hemorrhage | how is secondary postpartum hemorrhage treated
765,parenting,behaviour,765,how to stop child from ignoring screen time limit,3,4,google_ac:3,en:3,yes,toddler screen time,why is my child's screen time limit not working | why does my child's screen time say ignore limit
766,parenting,health,766,is baby fever normal during ovulation,3,4,google_ac:3,en:3,yes,baby fever,does baby fever happen during ovulation | does baby fever mean you re ovulating
767,parenting,health,767,is baby teething gel safe,3,4,google_ac:3,en:3,yes,baby teething,does baby teething gel work on adults | are baby teething gels safe
768,parenting,sleep,768,is it ok baby sleep in swing,3,4,google_ac:3,en:3,yes,toddler sleep; newborn sleep,can i baby sleep in swing | is it safe baby sleep in swing
769,parenting,feeding,769,when baby start cereal,3,4,google_ac:3,en:3,yes,baby food,when baby cereal | why baby cereal
770,parenting,health,770,when did your baby's colic go away reddit,3,4,google_ac:3,en:3,yes,baby colic,when did your babies colic end reddit | when did your baby's colic go away
771,parenting,feeding,771,when do formula fed babies need vitamin d,3,4,google_ac:3,en:3,yes,formula feeding,should formula fed babies take vitamin d | when do formula fed babies need vitamins
772,parenting,feeding,772,when wean baby from bottle,3,4,google_ac:3,en:3,yes,baby weaning; baby food,when does baby food start replacing a bottle | when wean baby off bottle
773,parenting,you-maa,773,which baby body lotion is best,3,4,google_ac:3,en:3,yes,baby massage,which baby body lotion is best in india | which body lotion is best for baby in summer
774,parenting,general,774,who shot the 1 year old,3,4,google_ac:3,en:3,yes,1 year old,where was the 1 year old shot | where was the 1 year old shot by police
775,parenting,feeding,775,Toddler milk options. Are there significant differences?,3,3,babychakra:1; reddit:1; google_ac:1,en:3,yes,concentration; 1 year old,please help me which milk is best for a 1 year old i have stopped breastfeeding | which milk for 1 year old
776,parenting,general,776,can 2 months old baby travel in flight,3,3,parentune:1; ddg_ac:1; google_ac:1,en:3,yes,3 month old baby,flying with a 2 5 month old need help | can 1 month old baby travel in flight
777,parenting,traditions,777,is gripe water safe for new borns babies,3,3,parentune:1; ddg_ac:1; google_ac:1,en:3,yes,baby poop; 3 month old baby,can gripe water help baby poop | can a 3 month old baby drink gripe water
778,parenting,feeding,778,Need Help for My 2 years old Daughter who is not liking Milk nowadays.???,3,3,parentune:2; reddit:1,en:3,yes,,baby doesnt like milk or milk products | 2 year old does not like milk
779,parenting,behaviour,779,behavior issues of a 5 yr old,3,3,parentune:2; google_ac:1,en:3,yes,5 year old,behavior issue at 5 5 old daughter | how 5 year old behavior
780,parenting,health,780,can you give a 2 year old cough medicine,3,3,google_ac:2; reddit:1,en:3,yes,reading; 2 year old behaviour; 3 year old,Why isn’t there any cough medicine for toddlers | can i give 3 year old cough medicine
781,parenting,general,781,do 1 year olds dream,3,3,ddg_ac:2; google_ac:1,en:3,yes,1 year old,do 1 year old have nightmares | do 1 year old babies dream
782,parenting,feeding,782,do i need baby food maker,3,3,google_ac:2; ddg_ac:1,en:3,yes,baby food,does a baby need baby food | do i need baby food processor
783,parenting,sleep,783,do some 2 year olds not nap,3,3,google_ac:2; ddg_ac:1,en:3,yes,toddler not; 1 year old,should 2 year olds nap | is it ok for toddler not to nap
784,parenting,potty,784,how long does baby poop meconium,3,3,google_ac:2; ddg_ac:1,en:3,yes,baby poop,how long baby poop meconium | can a baby poop too much meconium
785,parenting,general,785,how many newborns die each year,3,3,google_ac:2; ddg_ac:1,en:3,yes,newborn,how many newborns in us per year | how many newborn babies die a day
786,parenting,feeding,786,how many stages of baby food are there,3,3,google_ac:2; ddg_ac:1,en:3,yes,baby food,how many baby food stages are there | what is stage 3 baby food
787,parenting,feeding,787,how much breastfeeding at 2 months,3,3,google_ac:2; ddg_ac:1,en:3,yes,breastfeeding,how many weeks is two months of breastfeeding | how many breastfeeding sessions at 2 months
788,parenting,feeding,788,how much calcium do breastfeeding moms need,3,3,ddg_ac:2; google_ac:1,en:3,yes,breastfeeding,how much calcium for breastfeeding moms | should breastfeeding mothers take calcium supplements
789,parenting,behaviour,789,how should i change my child behaviour,3,3,parentune:2; google_ac:1,en:3,yes,2 year old behaviour,how to stop destructive behaviour of my child | how to change child behaviour
790,parenting,general,790,how to control my kid,3,3,parentune:2; google_ac:1,en:3,yes,2 year old behaviour,how to control baby | how to control a 2 year old
791,parenting,health,791,how to get baby skin fair brightness,3,3,parentune:2; mylo:1,en:2; hinglish:1,yes,,baby skin colour fair to dark kya kare | how to get fair baby skin
792,parenting,first-40-days,792,how to postpartum meal prep,3,3,google_ac:2; ddg_ac:1,en:3,yes,postpartum,when to start postpartum meal prep | how many postpartum meals should i make
793,parenting,feeding,793,is breastfeeding a protected characteristic,3,3,ddg_ac:2; google_ac:1,en:3,yes,breastfeeding,is breastfeeding a protected attribute | are breastfeeding mothers a protected class
794,parenting,development,794,is it normal for a three year old to stutter,3,3,ddg_ac:2; google_ac:1,en:3,yes,3 year old,is it normal for 3 year old to stutter | why does my 3 year old stutter
795,parenting,feeding,795,is it normal for formula fed babies to spit up a lot,3,3,google_ac:2; ddg_ac:1,en:3,yes,formula feeding; newborn,how much newborn spit up is too much | is it normal for formula fed babies to spit up
796,parenting,first-40-days,796,is it normal newborn sneeze,3,3,google_ac:2; ddg_ac:1,en:3,yes,newborn,is it normal for newborn to sneeze a lot | is newborn sneezing normal
797,parenting,feeding,797,should i burp my baby after breastfeeding,3,3,ddg_ac:2; google_ac:1,en:3,yes,breastfeeding,should i burp my newborn after breastfeeding | should i burp after breastfeeding
798,parenting,health,798,what baby teeth hurt the most,3,3,ddg_ac:2; google_ac:1,en:3,yes,baby teething,what baby teeth hurt the worst to come in | which teeth hurt the most for babies
799,parenting,feeding,799,what is tube feeding formula,3,3,ddg_ac:2; google_ac:1,en:3,yes,formula feeding,can you drink tube feeding formula | how much does tube feeding formula cost
800,parenting,feeding,800,what to do after formula feeding,3,3,google_ac:2; ddg_ac:1,en:3,yes,formula feeding,can you refrigerate formula after feeding | can i breastfeed after formula feeding
801,parenting,first-40-days,801,when does newborn acne go away,3,3,ddg_ac:2; google_ac:1,en:3,yes,newborn,why does my newborn have acne | what to do newborn acne
802,parenting,feeding,802,when is breastfeeding week,3,3,ddg_ac:2; google_ac:1,en:3,yes,breastfeeding,when is breastfeeding month | is it national breastfeeding week
803,parenting,first-40-days,803,when postpartum starts,3,3,google_ac:2; ddg_ac:1,en:3,yes,postpartum,what is postpartum phase | what to expect postpartum
804,parenting,potty,804,which newborn diapers are best,3,3,google_ac:2; parentune:1,en:3,yes,newborn,which diaper brand is the best | which newborn nappies are best
805,parenting,health,805,which oil is the best for babys hair,3,3,google_ac:2; parentune:1,en:3,yes,baby massage,what oils are safe for babies hair | which baby body oil is best
806,parenting,behaviour,806,why 4 year old tantrums,3,3,google_ac:2; ddg_ac:1,en:3,yes,4 year old,why do 4 year olds throw tantrums | why 4 year old cries tantrum at night
807,parenting,general,807,why do 4 year olds act out,3,3,ddg_ac:2; google_ac:1,en:3,yes,4 year old,how do 4 year olds act | why is 4 year old acting out
808,parenting,general,808,why does my toddler not like me,3,3,ddg_ac:2; google_ac:1,en:3,yes,toddler not,why does my toddler ignore me | does my toddler not like me
809,parenting,general,809,why is my 3 year old acting out,3,3,ddg_ac:2; google_ac:1,en:3,yes,3 year old; 4 year old,why is my 4 year old acting out | why is 3 year old acting out
810,parenting,first-40-days,810,why newborn baby cry while passing urine,3,3,google_ac:2; parentune:1,en:3,yes,newborn,my baby is 2 months 10 days she is passing urine more time and she is too cry is that any problem in that | why newborn baby cry before passing urine
811,parenting,general,811,will newborns overfeed themselves,3,3,google_ac:2; ddg_ac:1,en:3,yes,newborn,what happens if you overfeed your newborn | will newborns overeat
812,parenting,potty,812,am i potty training too early,3,3,google_ac:3,en:3,yes,potty training,is it ok to potty train early | can potty training too early cause problems
813,parenting,feeding,813,are baby food processors worth it,3,3,google_ac:3,en:3,yes,baby food,is baby food processor worth it | are baby food makers worth it
814,parenting,health,814,are baby teething toys safe for puppies,3,3,google_ac:3,en:3,yes,baby teething,are baby teething rings safe for puppies | are baby teething necklaces safe
815,parenting,feeding,815,are formula fed,3,3,google_ac:3,en:3,yes,formula feeding,what is formula fed | is formula fed bad
816,parenting,feeding,816,are formula fed babies less healthy,3,3,google_ac:3,en:3,yes,formula feeding,are formula fed babies less intelligent | are formula fed babies healthy
817,parenting,feeding,817,can 1 year old eat dragon fruit,3,3,google_ac:3,en:3,yes,6 month old baby; 1 year old; 3 year old,can 6 month old baby eat dragon fruit | can 3 year old eat dragon fruit
818,parenting,general,818,can 3 year old drink yakult,3,3,google_ac:3,en:3,yes,1 year old; 3 year old; 4 year old,is it safe for 1 year old to drink yakult | can 4 year old drink yakult
819,parenting,general,819,can 4 year old drink coffee,3,3,google_ac:3,en:3,yes,4 year old; 5 year old,can i drink 4 year old coffee | can 5 year old drink coffee
820,parenting,development,820,can a 4 year old be diagnosed with adhd,3,3,ddg_ac:3,en:3,yes,4 year old; 5 year old,can a 4 year old have adhd | can a 5 year old be diagnosed with adhd
821,parenting,sleep,821,can a baby sleep too much 3 months,3,3,google_ac:3,en:3,yes,newborn sleep; 3 month old baby,can a baby sleep too much 4 months | can a 3 month old baby sleep for 8 hours
822,parenting,sleep,822,can babies first injections make them sleepy,3,3,google_ac:3,en:3,yes,baby vaccination,can babies injections make them sleepy | do babies first shots make them sleepy
823,parenting,sleep,823,can babies sleep on their side at 8 months,3,3,google_ac:3,en:3,yes,newborn sleep,can babies sleep on their side at 6 months | can babies sleep on their side at 4 months
824,parenting,feeding,824,can baby food pouches be frozen,3,3,google_ac:3,en:3,yes,baby food,do baby food pouches need to be refrigerated | do baby food pouches need to be heated
825,parenting,potty,825,can baby poop cause diaper rash,3,3,google_ac:3,en:3,yes,baby poop; baby food,can baby food cause diaper rash | can a baby pooping too much cause diaper rash
826,parenting,feeding,826,can i breastfeeding mother,3,3,google_ac:3,en:3,yes,breastfeeding,can i breastfeeding mother get pregnant | can i breastfeeding
827,parenting,behaviour,827,can i control my child's screen time from my phone,3,3,google_ac:3,en:3,yes,toddler screen time,can i change my child's screen time from my phone | can i see my child's screen time from my phone
828,parenting,behaviour,828,child does not listen,3,3,parentune:3,en:3,yes,,kid doesnt listen at all | child not listening to anyone
829,parenting,sleep,829,do 5 year olds sleep in cribs,3,3,google_ac:3,en:3,yes,5 year old; 4 year old,do 4 year olds sleep in cribs | can 5 year old sleep in crib
830,parenting,first-40-days,830,do postpartum hemorrhoids go away,3,3,google_ac:3,en:3,yes,postpartum,will postpartum hemorrhoids go away | do postpartum hemorrhoids ever go away
831,parenting,potty,831,do potty training watches work,3,3,google_ac:3,en:3,yes,potty training,do potty training charts work | are potty training watches effective
832,parenting,health,832,do vaccines affect babies appetite,3,3,google_ac:3,en:3,yes,baby vaccination,is it normal for baby to lose appetite after vaccination | can vaccines affect babies appetite
833,parenting,general,833,does 4 year old need metro ticket,3,3,google_ac:3,en:3,yes,3 year old; 4 year old; 5 year old,does 3 year old need metro ticket | does 5 year old need metro ticket
834,parenting,general,834,does 4 year old need ticket in vande bharat,3,3,google_ac:3,en:3,yes,4 year old; 5 year old,does 4 year old need train ticket in vande bharat | does 5 year old need ticket in vande bharat
835,parenting,feeding,835,does bottle feeding cause colic,3,3,google_ac:3,en:3,yes,formula feeding,can bottle feeding cause colic | does colic affect feeding
836,parenting,first-40-days,836,does postpartum hypertension go away,3,3,google_ac:3,en:3,yes,postpartum,will postpartum hypertension go away | how long postpartum hypertension last
837,parenting,first-40-days,837,does pwfa cover postpartum,3,3,ddg_ac:3,en:3,yes,postpartum; breastfeeding,is breastfeeding covered under pwfa | is postpartum depression covered under pwfa
838,parenting,health,838,how baby teeth do humans have,3,3,google_ac:3,en:3,yes,baby teething,how baby teeth do we have | who do babies get their teeth from
839,parenting,feeding,839,how long does it take to wean a baby,3,3,google_ac:3,en:3,yes,baby weaning,how long is the weaning process for babies | how long does it take to fully wean a baby
840,parenting,health,840,how long for teeth brush,3,3,google_ac:3,en:3,yes,baby teething,how long for teeth cleaning | how long for teeth
841,parenting,general,841,how long should a 4 year old be able to focus,3,3,ddg_ac:3,en:3,yes,3 year old; 4 year old; 5 year old,how long should a 3 year old be able to focus | how long should a 5 year old be able to focus
842,parenting,behaviour,842,how long to observe toddler after hitting head,3,3,google_ac:3,en:3,yes,toddler hitting,how long after toddler hits head | how long to monitor toddler after hitting head
843,parenting,feeding,843,how many breastfeeding sessions at 3 months,3,3,google_ac:3,en:3,yes,breastfeeding,how many breastfeeding sessions at 10 months | how many breastfeeding sessions at 11 months
844,parenting,general,844,how many days 4 year old kinder,3,3,google_ac:3,en:3,yes,4 year old; 3 year old,how many days 3 year old kinder | how many hours 4 year old kinder
845,parenting,feeding,845,how much breastfeeding at 4 months,3,3,google_ac:3,en:3,yes,breastfeeding; formula feeding,how many breastfeeding sessions at 4 months | how much bottle feeding for 4 month old
846,parenting,health,846,how much is baby teething ring,3,3,google_ac:3,en:3,yes,baby teething,how much for teething ring | how much is baby teething powder
847,parenting,health,847,how much is baby vaccination at dischem,3,3,google_ac:3,en:3,yes,baby vaccination,does dischem do baby vaccinations | how much baby immunization at dischem
848,parenting,sleep,848,how much should 1 year old dog sleep,3,3,google_ac:3,en:3,yes,1 year old,how long 1 year old dog sleep | where should 1 year old dog sleep
849,parenting,general,849,how old is 4 years old in dog,3,3,google_ac:3,en:3,yes,4 year old,is 4 year old dog old | what is 4 years old in dog
850,parenting,health,850,how to check baby fever,3,3,google_ac:3,en:3,yes,baby fever,where to check baby fever | baby fever how to check
851,parenting,behaviour,851,how to discipline 1 year old,3,3,google_ac:3,en:3,yes,1 year old; 3 year old; 5 year old,how to discipline 3 year old | how to discipline 5 year old
852,parenting,potty,852,how to get toddler to not pee at night,3,3,google_ac:3,en:3,yes,toddler not,is it normal for toddler not to pee at night | how to train toddler to not pee at night
853,parenting,sleep,853,how to make baby sleep fast,3,3,google_ac:3,en:3,yes,toddler sleep; newborn sleep,how to baby sleep fast | how to make baby sleep faster
854,parenting,first-40-days,854,how to postpartum belly,3,3,google_ac:3,en:3,yes,postpartum,how to postpartum belly binding | how to postpartum belly wrap
855,parenting,general,855,is 1 year old cat an adult,3,3,google_ac:3,en:3,yes,1 year old; 3 year old,is 1 year old cat considered adult | is 3 year old cat an adult
856,parenting,general,856,is 3 year old allowed in cinema,3,3,google_ac:3,en:3,yes,3 year old; 1 year old,is 1 year old baby allowed in cinema | can i take 3 year old to cinema
857,parenting,feeding,857,is 4 year old rice safe to eat,3,3,google_ac:3,en:3,yes,3 year old; 4 year old; 5 year old,is 3 year old rice safe to eat | is 5 year old rice safe to eat
858,parenting,general,858,is 5 year old liam a us citizen,3,3,google_ac:3,en:3,yes,5 year old,is 5 year old liam a citizen | is 5 year old liam ramos a us citizen
859,parenting,behaviour,859,is baby hitting normal,3,3,google_ac:3,en:3,yes,toddler hitting,is baby hitting head normal | is baby hitting herself normal
860,parenting,health,860,is it normal for 5 year old to lose teeth,3,3,google_ac:3,en:3,yes,5 year old; 4 year old,is it normal for 4 year old to lose tooth | when do 5 year olds lose teeth
861,parenting,development,861,is it normal for baby temperature to fluctuate,3,3,google_ac:3,en:3,yes,baby fever,is it normal for baby fever to fluctuate | is it normal for baby temperature
862,parenting,feeding,862,is it normal for breastfeeding to make you tired,3,3,google_ac:3,en:3,yes,breastfeeding,are breastfeeding moms more tired | why does breastfeeding make me sleepy
863,parenting,health,863,is it normal for teething puppies gums to bleed,3,3,google_ac:3,en:3,yes,baby teething,is it normal for teething puppies to bleed | is it normal for teething gums to bleed
864,parenting,first-40-days,864,is it normal postpartum,3,3,google_ac:3,en:3,yes,postpartum,am i postpartum | does postpartum happen to everyone
865,parenting,health,865,is it safe for 15 year old to take creatine,3,3,google_ac:3,en:3,yes,4 year old,is it safe for 16 year old to take creatine | is it safe for 14 year olds to take creatine
866,parenting,feeding,866,is it safe to bottle feed baby lying down,3,3,google_ac:3,en:3,yes,formula feeding,is it safe to bottle feed a baby in a car seat | is it safe to bottle feed baby side lying
867,parenting,feeding,867,is it safe to eat 5 year old frozen meat,3,3,google_ac:3,en:3,yes,5 year old; 4 year old,is it safe to eat 4 year old frozen meat | is it safe to eat 5 year old frozen sausages
868,parenting,health,868,is it safe to neuter a 4 year old dog,3,3,ddg_ac:3,en:3,yes,3 year old; 4 year old; 5 year old,is it safe to neuter a 3 year old dog | is it safe to neuter a 5 year old dog
869,parenting,health,869,is johnson baby body oil good for adults,3,3,google_ac:3,en:3,yes,baby massage,is johnson baby body lotion good for adults | is johnson baby body oil good for adults hair
870,parenting,health,870,is johnson baby body oil good for hair,3,3,google_ac:3,en:3,yes,baby massage,can johnson baby body oil be used on hair | is baby body oil good for hair
871,parenting,health,871,is my baby colic or reflux,3,3,google_ac:3,en:3,yes,baby colic,is colic baby reflux | why do babies get colic and reflux
872,parenting,health,872,is newborn coughing normal,3,3,google_ac:3,en:3,yes,newborn,is it normal newborn cough | why does newborn cough
873,parenting,general,873,is toddler bed same size as twin,3,3,google_ac:3,en:3,yes,toddler sleep,is toddler bed same size as crib | is toddler bed a twin
874,parenting,feeding,874,my baby is 2yrs but eats only mashed food does not chew at all pls help,3,3,parentune:3,en:3,yes,,20 months old still doent chew food | my baby doesnt chew and bite
875,parenting,first-40-days,875,newborn ulti kare to kya kare,3,3,google_ac:3,en:3,yes,newborn; baby colic,newborn ko mota kaise kare | baby ko colic ho to kya kare
876,parenting,feeding,876,refusing to drink milk,3,3,parentune:3,en:3,yes,,refuses to drink milk | refuse to take milk
877,parenting,health,877,should baby with fever wear clothes,3,3,google_ac:3,en:3,yes,baby fever,should baby with fever wear sleep sack | should baby with fever wear socks
878,parenting,potty,878,should i potty train,3,3,google_ac:3,en:3,yes,potty training,is potty training necessary | should i start potty training
879,parenting,sleep,879,should i wake 1 year old from nap,3,3,google_ac:3,en:3,yes,3 month old baby; 1 year old; toddler sleep,should i wake my 3 month old baby from a nap | should you wake a sleeping toddler
880,parenting,general,880,what 12 year olds want for christmas,3,3,ddg_ac:3,en:3,yes,1 year old,what 12 year olds want | what 12 year old boys want for christmas
881,parenting,health,881,what baby vaccines are mandatory,3,3,google_ac:3,en:3,yes,baby vaccination,is baby vaccination compulsory | are baby vaccinations necessary
882,parenting,feeding,882,what gerber baby food can dogs eat,3,3,google_ac:3,en:3,yes,baby food,what gerber baby food can cats eat | what gerber baby food is good for dogs
883,parenting,feeding,883,what happens if baby formula is not mixed properly,3,3,google_ac:3,en:3,yes,formula feeding; baby food,what happens if formula milk is not mixed properly | what happens if formula milk doesn't suit baby
884,parenting,feeding,884,what happens to formula milk after 1 hour,3,3,google_ac:3,en:3,yes,formula feeding,what happens to formula milk after 2 hours | what happens if formula milk is diluted
885,parenting,feeding,885,what if 1 year old doesn t drink milk,3,3,google_ac:3,en:3,yes,1 year old,what if 1 year old won t drink milk | what if 1 year old doesn t like milk
886,parenting,sleep,886,what if baby sleeps while breastfeeding,3,3,google_ac:3,en:3,yes,newborn sleep; breastfeeding,why newborn sleep while breastfeeding | is it safe breastfeeding while sleeping
887,parenting,health,887,what if baby teeth don t come in,3,3,google_ac:3,en:3,yes,baby teething,what if baby teeth come in out of order | what if baby teeth are crooked
888,parenting,general,888,what if newborn baby doesn't burp,3,3,google_ac:3,en:3,yes,toddler not; newborn sleep; newborn,when baby not burping | what if baby sleeps without burping
889,parenting,health,889,what if newborn gets cold,3,3,google_ac:3,en:3,yes,newborn,should newborns be kept warm | what if newborn catches cold
890,parenting,general,890,what is 5 year old shoe size,3,3,google_ac:3,en:3,yes,5 year old,what is 5 year old girl shoe size | what is 5 year old boy shoe size
891,parenting,general,891,what is a 3 year old dog in human age,3,3,google_ac:3,en:3,yes,3 year old,is 3 year old dog an adult | what is a 3 year old dog
892,parenting,first-40-days,892,what newborn weeks are the hardest,3,3,google_ac:3,en:3,yes,newborn,which newborn week is the hardest | which newborn phase is the hardest
893,parenting,first-40-days,893,what should postpartum bleeding smell like,3,3,google_ac:3,en:3,yes,postpartum,should postpartum blood smell | is it normal for postpartum bleeding to smell
894,parenting,sleep,894,what should toddler sleep in,3,3,google_ac:3,en:3,yes,toddler sleep; newborn sleep,what should baby sleep in | what should a 2 year old sleep in
895,parenting,health,895,what to do when baby fever is 103,3,3,google_ac:3,en:3,yes,baby fever; 1 year old,what to do when 1 year old has 103 fever | what to do when baby fever is 102
896,parenting,health,896,what to do when baby food allergy,3,3,google_ac:3,en:3,yes,6 month old baby; baby weaning; baby food,what to do if 6 month old has allergic reaction to food | what to do baby food allergy
897,parenting,health,897,what to do when baby has fever at night,3,3,google_ac:3,en:3,yes,baby fever,how to reduce baby fever at night | should i check my baby's fever at night
898,parenting,sleep,898,what to do when toddler outgrows sleep sack,3,3,google_ac:3,en:3,yes,toddler sleep,how long toddler sleep sack | what to do when toddler unzips sleep sack
899,parenting,health,899,when can a baby get rsv vaccine,3,3,google_ac:3,en:3,yes,baby vaccination,is baby rsv vaccine safe | where do babies get rsv vaccine
900,parenting,feeding,900,when can my 1 year old eat shrimp,3,3,google_ac:3,en:3,yes,1 year old,when can a 1 year old eat fish | can 1 year old eat shrimp
901,parenting,general,901,when does 3 year old kinder start 2027,3,3,google_ac:3,en:3,yes,3 year old,when does 3 year old kinder start 2026 | when does 3 year old kinder start
902,parenting,behaviour,902,when does baby hit 30 lbs,3,3,google_ac:3,en:3,yes,toddler hitting,when does baby hit 20 lbs | when does baby hit 1 pound
903,parenting,sleep,903,when does newborn sleep cycle change,3,3,google_ac:3,en:3,yes,newborn sleep,what are newborn sleep cycles | when does newborn sleeping pattern change
904,parenting,feeding,904,when stop breastfeeding at night,3,3,google_ac:3,en:3,yes,breastfeeding,how stop breastfeeding at night | when should breastfed babies stop night feeds
905,parenting,first-40-days,905,when was postpartum depression discovered,3,3,ddg_ac:3,en:3,yes,postpartum,when was postpartum psychosis discovered | who discovered postpartum depression
906,parenting,general,906,where to take a 1 year old,3,3,google_ac:3,en:3,yes,1 year old; 3 year old,where can i go with a 1 year old | where can i take a 3 year old
907,parenting,general,907,which bike for 4 year old,3,3,google_ac:3,en:3,yes,3 year old; 4 year old; 5 year old,which bike for 3 year old | which bike for 5 year old
908,parenting,potty,908,who potty train dogs,3,3,google_ac:3,en:3,yes,potty training,who potty training | who is easier to potty train
909,parenting,health,909,why 1 year old vomiting,3,3,google_ac:3,en:3,yes,1 year old,why 1 year old baby vomit | why is 1 year old vomiting
910,parenting,health,910,why am i constipated postpartum,3,3,google_ac:3,en:3,yes,postpartum,why am i gassy postpartum | why does postpartum constipation happen
911,parenting,health,911,why baby teething late,3,3,google_ac:3,en:3,yes,baby teething,why baby teeth coming late | what delays baby teething
912,parenting,feeding,912,why breast milk is good for baby,3,3,google_ac:3,en:3,yes,breastfeeding,why breastfeeding is good for baby | why is breast milk good for baby skin
913,parenting,development,913,why child is not speaking,3,3,google_ac:3,en:3,yes,toddler not; toddler speech,why child not speaking at 2 | why is my child's speech not clear
914,parenting,potty,914,why does baby poop blood,3,3,google_ac:3,en:3,yes,baby poop,why baby poop have blood | when baby poop blood
915,parenting,sleep,915,why toddler sleep on stomach,3,3,google_ac:3,en:3,yes,toddler sleep,why do toddlers sleep on their stomach | can a 2 year old sleep on their stomach
916,parenting,you-maa,916,will 4 year old xanax still work,3,3,google_ac:3,en:3,yes,3 year old; 4 year old; 5 year old,will 3 year old xanax work | will 5 year old xanax still work
917,parenting,you-maa,917,will 5 year old viagra work,3,3,google_ac:3,en:3,yes,5 year old,will 5 year old viagra work reddit | will 5 year old sildenafil work
918,parenting,health,918,when to go to hospital for delivery,2,15,ddg_ac:2,en:2,yes,first 40 days after delivery,how long is hospital stay after delivery
919,parenting,general,919,when does 3 year old funding start,2,9,ddg_ac:2; google_ac:1,en:3,yes,5 year old; 3 year old,when does 2 year old funding start
920,parenting,feeding,920,does formula feeding increase risk of autism,2,8,google_ac:2,en:2,yes,formula feeding,can formula feeding cause autism
921,parenting,health,921,is baby vaccination free in india,2,8,google_ac:2,en:2,yes,baby vaccination,is baby vaccination free in government hospital
922,parenting,feeding,922,why is baby food in stages,2,7,google_ac:2; ddg_ac:1,en:3,yes,baby food,why are there different stages of baby food
923,parenting,development,923,do baby milestones indicate intelligence,2,7,google_ac:2,en:2,yes,baby milestones,are babies who reach milestones early smarter
924,parenting,feeding,924,what can i give my baby after weaning,2,7,google_ac:2,en:2,yes,baby weaning,what can i give my baby for baby led weaning
925,parenting,behaviour,925,can toddler hitting stomach cause miscarriage,2,6,google_ac:2,en:2,yes,toddler hitting,can toddler jumping on stomach cause miscarriage
926,parenting,general,926,how to handle 4 year old child,2,6,google_ac:2,en:2,yes,4 year old,how to treat a 4 year old
927,parenting,health,927,is baby vaccination free in singapore,2,6,google_ac:2,en:2,yes,baby vaccination,is child vaccination free in singapore
928,parenting,health,928,when are baby vaccinations australia,2,6,google_ac:2,en:2,yes,baby vaccination,what vaccines do babies get in australia
929,parenting,behaviour,929,when do toddler tantrums stop mumsnet,2,6,google_ac:2,en:2,yes,toddler tantrums,when do toddler tantrums stop reddit
930,parenting,health,930,why is rubella vaccine received postpartum,2,6,ddg_ac:2,en:2,yes,postpartum,why give rubella vaccine postpartum
931,parenting,feeding,931,will baby food pouches explode on airplane,2,6,google_ac:2,en:2,yes,baby food,do baby food pouches explode on planes
932,parenting,general,932,how many 5 year olds can you fight,2,5,ddg_ac:1; google_ac:1,en:2,yes,5 year old,how many 5 year olds can you fight quiz
933,parenting,development,933,is potty training a milestone,2,5,google_ac:2; ddg_ac:1,en:3,yes,potty training,is potty training a developmental milestone
934,parenting,feeding,934,why is baby food so expensive,2,5,google_ac:2; ddg_ac:1,en:3,yes,baby food,why baby formula so expensive
935,parenting,feeding,935,can weaning make baby unsettled,2,5,google_ac:2,en:2,yes,baby weaning,can weaning affect babies sleep
936,parenting,feeding,936,why is formula feeding frowned upon,2,5,google_ac:2,en:2,yes,formula feeding,why is formula feeding looked down upon
937,parenting,general,937,can i use 5 year old paint,2,4,google_ac:2; ddg_ac:1,en:3,yes,5 year old,is 5 year old paint still good
938,parenting,first-40-days,938,how much water should you drink postpartum,2,4,ddg_ac:1; google_ac:1,en:2,yes,postpartum,is it safe to drink postpartum
939,parenting,general,939,is 3 year old kinder free in victoria,2,4,ddg_ac:2; google_ac:2,en:4,yes,3 year old,is 3 year old kinder free
940,parenting,general,940,is it normal for a 4 year old to be mean,2,4,google_ac:2; ddg_ac:1,en:3,yes,4 year old,why is my 4 year old mean
941,parenting,health,941,why baby teeth matter,2,4,ddg_ac:1; google_ac:1,en:2,yes,baby teething,why baby teeth decay
942,parenting,general,942,why is my 6 month old baby grunting,2,4,ddg_ac:1; google_ac:1,en:2,yes,6 month old baby,why does my 6 month old baby grunt while eating
943,parenting,health,943,can i massage baby with mustard oil,2,4,google_ac:2,en:2,yes,baby massage,can i massage baby with castor oil
944,parenting,development,944,can infant screen time cause autism,2,4,google_ac:2,en:2,yes,toddler screen time,can screens cause autism
945,parenting,feeding,945,how many oz should breastfeeding mom drink,2,4,ddg_ac:2,en:2,yes,breastfeeding,how much water for breastfeeding mom
946,parenting,health,946,is baby colic genetic,2,4,google_ac:2,en:2,yes,baby colic,are colic babies hereditary
947,parenting,health,947,is it ok to massage baby with ghee,2,4,google_ac:2,en:2,yes,baby massage,can i massage baby with ghee
948,parenting,general,948,should 5 year olds sleep alone,2,4,google_ac:2,en:2,yes,5 year old,should 5 year olds snore
949,parenting,general,949,what 1 year old can drink,2,4,google_ac:2,en:2,yes,1 year old,what a 1 year old should drink
950,parenting,health,950,what is a safe fever for a baby,2,4,google_ac:2,en:2,yes,baby fever,is baby fever good
951,parenting,feeding,951,what is exclusive formula feeding,2,4,google_ac:2,en:2,yes,formula feeding,is exclusive formula feeding bad
952,parenting,first-40-days,952,when should postpartum visits be scheduled,2,4,ddg_ac:2,en:2,yes,postpartum,when is a postpartum visit scheduled
953,parenting,general,953,who shot the 1 year old in mississippi,2,4,google_ac:2,en:2,yes,1 year old,who killed the 1 year old in mississippi
954,parenting,health,954,why do babies get vaccines at 2 months,2,4,google_ac:2,en:2,yes,baby vaccination,why do babies get vaccines at 6 months
955,parenting,general,955,why does my 1 year old hurt himself,2,4,google_ac:2,en:2,yes,1 year old,why does my 1 year old hurt herself
956,parenting,development,956,can 6 month old baby crawl,2,3,ddg_ac:1; google_ac:1,en:2,yes,6 month old baby,do 6 month old babies crawl
957,parenting,general,957,can i give 5 year old tums,2,3,ddg_ac:1; google_ac:1,en:2,yes,5 year old,can 5 year olds take tums
958,parenting,general,958,do 3 year olds go to school,2,3,ddg_ac:2; google_ac:1,en:3,yes,3 year old,are 3 year olds in school
959,parenting,general,959,do newborns sweat,2,3,ddg_ac:2; google_ac:1,en:3,yes,newborn,can newborns sweat
960,parenting,sleep,960,do toddlers sleep more during growth spurts,2,3,google_ac:2; ddg_ac:1,en:3,yes,toddler sleep,do toddlers sleep more when growing
961,parenting,feeding,961,how to formula feed a kitten,2,3,ddg_ac:1; google_ac:1,en:2,yes,formula feeding,how much kitten formula per feeding
962,parenting,first-40-days,962,is newborn screening mandatory,2,3,google_ac:2; ddg_ac:1,en:3,yes,newborn,is newborn screening mandatory in india
963,parenting,first-40-days,963,what is newborn care,2,3,ddg_ac:2; google_ac:1,en:3,yes,newborn,who newborn care
964,parenting,first-40-days,964,what is postpartum recovery,2,3,ddg_ac:1; google_ac:1,en:2,yes,postpartum,how to postpartum recovery
965,parenting,general,965,when 5 year old starts acting out,2,3,ddg_ac:1; google_ac:1,en:2,yes,5 year old,why 5 year old is acting out
966,parenting,first-40-days,966,where is newborn ga located,2,3,ddg_ac:2; google_ac:1,en:3,yes,newborn,where is newborn ga
967,parenting,first-40-days,967,who newborn mortality,2,3,ddg_ac:2; google_ac:1,en:3,yes,newborn,who newborn health
968,parenting,health,968,can baby fever make you depressed,2,3,google_ac:2,en:2,yes,baby fever,can baby fever cause depression
969,parenting,potty,969,can breastfed baby poop be green,2,3,google_ac:2,en:2,yes,baby poop,is breastfed baby poop clean
970,parenting,general,970,can kids get massages,2,3,google_ac:3,en:3,yes,baby massage,can children get massages | can kids get massages at spas
971,parenting,sleep,971,can toddler sleep with blanket over face,2,3,google_ac:2,en:2,yes,toddler sleep,why does toddler sleep with blanket over head
972,parenting,health,972,do baby teething rollers work,2,3,google_ac:2,en:2,yes,baby teething,are baby teething rollers safe
973,parenting,general,973,does 3 year old need car seat on plane,2,3,ddg_ac:2,en:2,yes,4 year old,does 2 year old need car seat on plane
974,parenting,feeding,974,how does breastfeeding reduce obesity,2,3,google_ac:2,en:2,yes,breastfeeding; formula feeding,how does breastfeeding reduce pregnancy
975,parenting,first-40-days,975,how long is postpartum period for coding,2,3,ddg_ac:2,en:2,yes,postpartum,how long is postpartum for coding
976,parenting,health,976,how many seasons baby fever,2,3,google_ac:2,en:2,yes,baby fever,how many episodes baby fever
977,parenting,general,977,how much 3 year old girl weight,2,3,google_ac:2,en:2,yes,3 year old,how tall 3 year old girl
978,parenting,feeding,978,how much baby food for 10 month old,2,3,google_ac:2,en:2,yes,baby food; baby weaning,how much baby food at 10 months
979,parenting,feeding,979,is baby food high in protein,2,3,google_ac:2,en:2,yes,baby weaning; baby food,does baby food have protein
980,parenting,health,980,is baby vaccination painful,2,3,google_ac:2,en:2,yes,baby vaccination,which baby vaccine is painful
981,parenting,health,981,is child vaccination covered by medi assist insurance in india,2,3,google_ac:2,en:2,yes,baby vaccination,is child vaccination covered by medi assist insurance
982,parenting,first-40-days,982,is postpartum a disability,2,3,ddg_ac:2,en:2,yes,postpartum,does postpartum depression qualify disability
983,parenting,health,983,is x ray safe for 6 month old baby,2,3,google_ac:2,en:2,yes,3 month old baby; 6 month old baby,is x ray safe for 3 month old baby
984,parenting,early-learning,984,should 4 year old know colors,2,3,ddg_ac:2,en:2,yes,4 year old; 5 year old,do 5 year olds know colors
985,parenting,health,985,should i massage baby gums,2,3,google_ac:2,en:2,yes,baby massage,how to massage baby gums teething
986,parenting,sleep,986,should i wake my 3 month old baby to feed at night,2,3,google_ac:2,en:2,yes,3 month old baby,should 3 month old baby be woken at night to fees
987,parenting,general,987,what 1 year old should wear to bed,2,3,google_ac:2,en:2,yes,1 year old; toddler sleep,toddler sleep guide what to wear
988,parenting,feeding,988,what can toddlers not eat,2,3,google_ac:2,en:2,yes,toddler not eating,what should toddlers not eat
989,parenting,general,989,what days do an post deliver,2,3,ddg_ac:2,en:2,yes,first 40 days after delivery,how long does post take to deliver
990,parenting,development,990,what developmental milestones for 3 year old,2,3,google_ac:2,en:2,yes,baby milestones; 3 year old,how 3 year old development
991,parenting,first-40-days,991,what to do if a newborn kitten is not gaining weight,2,3,google_ac:2,en:2,yes,baby not gaining weight,what to do if a newborn puppy is not gaining weight
992,parenting,general,992,when do 1 year olds get shots,2,3,google_ac:2,en:2,yes,1 year old; baby vaccination,when baby shots
993,parenting,health,993,which baby vaccine is for meningitis,2,3,google_ac:2,en:2,yes,baby vaccination,are babies vaccinated against meningitis
994,parenting,sleep,994,why 6 month old baby is waking up at night,2,3,google_ac:2,en:2,yes,6 month old baby,is it normal for 6 month old baby to wake up at night
995,parenting,first-40-days,995,why is postpartum depression dangerous,2,3,google_ac:2,en:2,yes,postpartum,is postpartum depression dangerous
996,parenting,behaviour,996,why is toddler hitting mom,2,3,google_ac:2,en:2,yes,toddler hitting,how to handle toddler hitting mom
997,parenting,behaviour,997,why is toddler hitting newborn,2,3,google_ac:2,en:2,yes,toddler hitting,how to handle toddler hitting newborn
998,parenting,health,998,why my 6 month old baby head is hot,2,3,google_ac:2,en:2,yes,6 month old baby,why is my 6 month old baby's head hot
999,parenting,sleep,999,why newborn baby smile while sleeping in islam,2,3,google_ac:2,en:2,yes,newborn,why babies smile in sleep islam
1000,parenting,first-40-days,1000,why newborn baby wear old clothes,2,3,google_ac:2,en:2,yes,newborn,why newborn baby should wear old clothes
1001,parenting,development,1001,ADHD assessment for a 3.5 year old?,2,2,ddg_ac:1; reddit:1,en:2,yes,3 year old; focus,can a 3 year old be diagnosed with adhd
1002,parenting,sleep,1002,Baby needs less sleep?,2,2,parentune:1; reddit:1,en:2,yes,,baby not able to sleep
1003,parenting,first-40-days,1003,Bottle recommendations for a newborn with a high palate + posterior tongue tie?,2,2,reddit:1; google_ac:1,en:2,yes,newborn,which newborn bottles are best
1004,parenting,behaviour,1004,Does anyone else’s five year old just not f***ing listen?,2,2,reddit:1; google_ac:1,en:2,yes,5 year old,why 5 year olds don't listen
1005,parenting,feeding,1005,Does what mom eats affect breast milk?,2,2,reddit:1; google_ac:1,en:2,yes,breastfeeding,what breastfeeding mom should eat
1006,parenting,first-40-days,1006,Gallbladder issues postpartum?,2,2,reddit:1; google_ac:1,en:2,yes,postpartum,do postpartum gallstones go away
1007,parenting,health,1007,Giving breast milk to 3yo with a cold?,2,2,parentune:1; reddit:1,en:2,yes,,we should give milk to kids when they have cough and cold
1008,parenting,sleep,1008,How to help 7.5 month old with night wakings,2,2,mylo:1; reddit:1,en:2,yes,,baby sleep problems night waking tips
1009,parenting,general,1009,"Sensitive 4 year old, am I handling it wrong I need help",2,2,parentune:1; reddit:1,en:2,yes,,how to handle a sensitive child
1010,parenting,general,1010,What do you do about your kids’ stuffy noses?,2,2,reddit:1; google_ac:1,en:2,yes,3 month old baby,what to do when 3 month old has stuffy nose
1011,parenting,general,1011,When is too soon to travel with a baby?,2,2,parentune:1; reddit:1,en:2,yes,,good age to start travelling with babies
1012,parenting,feeding,1012,Why is it recommended to breastfeed up to 2 years or beyond?,2,2,parentune:1; reddit:1,en:2,yes,,is there any benefit of breastfeed after 2 years of age of baby
1013,parenting,general,1013,are 1 year olds conscious,2,2,ddg_ac:1; google_ac:1,en:2,yes,newborn; 1 year old,are newborns conscious
1014,parenting,health,1014,are 3 year olds still teething,2,2,ddg_ac:1; google_ac:1,en:2,yes,3 year old,do 3 year olds teeth
1015,parenting,feeding,1015,baby feed sufficient or not,2,2,parentune:1; google_ac:1,en:2,yes,1 year old,am i feeding my 1 year old enough
1016,parenting,health,1016,baby vomiting after feeding what to do,2,2,mylo:1; google_ac:1,en:2,yes,newborn,should i feed newborn after vomiting
1017,parenting,general,1017,can 1 year old drink pediasure,2,2,ddg_ac:1; google_ac:1,en:2,yes,1 year old,can i give 1 year old pediasure
1018,parenting,feeding,1018,can 4 month old baby eat banana,2,2,ddg_ac:1; google_ac:1,en:2,yes,3 month old baby; 6 month old baby,can 5 month old babies eat bananas
1019,parenting,general,1019,can a 3 month old baby go to the beach,2,2,ddg_ac:1; google_ac:1,en:2,yes,3 month old baby,can 3 month old baby go in pool
1020,parenting,general,1020,can a 6 month old baby get flu shot,2,2,ddg_ac:1; google_ac:1,en:2,yes,6 month old baby,should 6 month old baby get flu shot
1021,parenting,feeding,1021,can breastfeeding cause iron deficiency,2,2,ddg_ac:1; google_ac:1,en:2,yes,breastfeeding,do breastfeeding moms need iron supplements
1022,parenting,general,1022,can i give pomegranate to my 6 month old baby,2,2,parentune:1; google_ac:1,en:2,yes,6 month old baby,can 6 month old baby drink pomegranate juice
1023,parenting,potty,1023,can i potty train at 14 months,2,2,parentune:1; google_ac:1,en:2,yes,potty training,how to potty train my 14 month son
1024,parenting,sleep,1024,can toddlers sleep in cribs sims 4,2,2,ddg_ac:1; google_ac:1,en:2,yes,toddler sleep,where do toddlers sleep sims 4
1025,parenting,general,1025,can two year olds run,2,2,ddg_ac:1; google_ac:1,en:2,yes,3 year old; 2 year old behaviour,can 3 year olds run
1026,parenting,health,1026,do 3 year olds get vaccines,2,2,ddg_ac:1; google_ac:1,en:2,yes,3 year old,where do 3 year olds get shots
1027,parenting,general,1027,do 3 year olds use pacifiers,2,2,ddg_ac:1; google_ac:1,en:2,yes,1 year old; 3 year old,do 1 year olds use pacifiers
1028,parenting,first-40-days,1028,does perinatal include postpartum,2,2,ddg_ac:1; google_ac:1,en:2,yes,postpartum,is postpartum after birth
1029,parenting,general,1029,help for 9 mth old child,2,2,parentune:1; google_ac:1,en:2,yes,baby milestones,what are baby milestones at 9 months
1030,parenting,sleep,1030,how long 1 year old wake window,2,2,ddg_ac:1; google_ac:1,en:2,yes,3 year old; 1 year old,how long is a 3 year olds wake window
1031,parenting,feeding,1031,how many feedings in a can of formula,2,2,ddg_ac:1; google_ac:1,en:2,yes,formula feeding,formula feeding how many bottles do i need
1032,parenting,health,1032,how to brush 1 year old teeth,2,2,parentune:1; google_ac:1,en:2,yes,1 year old,how to clean teeth
1033,parenting,sleep,1033,i m worried about my daughter sleep,2,2,babychakra:1; parentune:1,en:2,yes,,i m worried about my baby s sleeping habits she sleep only for a few hours in the day for rest of th
1034,parenting,feeding,1034,is it safe to give cerelac everyday to babies,2,2,babychakra:1; parentune:1,en:2,yes,,hello dr plz let me know is it cerelac is good for babies i m giving 8months cerelac to my 8 month b
1035,parenting,general,1035,isnt one kid not enough,2,2,parentune:1; ddg_ac:1,en:2,yes,toddler not,don't have more than 2 children
1036,parenting,general,1036,mere 2 saal ke bete ko hair me dandruff ho rahi hai me kya karu,2,2,babychakra:1; parentune:1,hinglish:2,yes,,by 2 years 8month old baby having dry scalp and hairfall dandruff bahut hai what should i do bald ka
1037,parenting,sleep,1037,my baby dont sleep at night what wil i do,2,2,parentune:1; google_ac:1,en:2,yes,newborn,newborn baby not sleeping at night what to do
1038,parenting,behaviour,1038,should a 5 year old have a phone,2,2,ddg_ac:1; google_ac:1,en:2,yes,5 year old,is 5 year old phone old
1039,parenting,first-40-days,1039,should i buy newborn clothes or 0-3 months,2,2,ddg_ac:1; google_ac:1,en:2,yes,newborn,should i buy newborn clothes
1040,parenting,general,1040,what are 4 year olds like,2,2,ddg_ac:1; google_ac:1,en:2,yes,4 year old,what 4 year old girls like
1041,parenting,first-40-days,1041,what happens postpartum appointment,2,2,ddg_ac:1; google_ac:1,en:2,yes,postpartum,what happens at a postpartum appointment
1042,parenting,health,1042,what is baby fever men,2,2,ddg_ac:1; google_ac:1,en:2,yes,baby fever,is baby fever real in men
1043,parenting,potty,1043,what is potty training for kids,2,2,ddg_ac:1; google_ac:1,en:2,yes,potty training; child learning,what is child led potty training
1044,parenting,feeding,1044,what is the purpose of world breastfeeding week,2,2,ddg_ac:1; google_ac:1,en:2,yes,breastfeeding,what is world breastfeeding week
1045,parenting,potty,1045,what to do when 3 year old refuses to potty train,2,2,reddit:1; google_ac:1,en:2,yes,3 year old,3.5yo has been potty training for 2 months but refuses to poop sitting what finally worked for you? Pleasee helppp
1046,parenting,feeding,1046,what to do when baby refuses food,2,2,parentune:1; google_ac:1,en:2,yes,baby food,my baby is 1 year old he is not eating anything he refuses to eat i keep on trying multiple things entire day but he is not ready to eat anything how can i make him eat please help
1047,parenting,general,1047,what to expect 5 year old,2,2,ddg_ac:1; google_ac:1,en:2,yes,5 year old,what to expect from a 5 year old child
1048,parenting,first-40-days,1048,when does newborn head become stable,2,2,ddg_ac:1; google_ac:1,en:2,yes,newborn,when does newborn head take shape
1049,parenting,development,1049,when does newborn start sitting,2,2,parentune:1; google_ac:1,en:2,yes,newborn,when baby will start sitting by their own
1050,parenting,general,1050,when should newborns start tummy time,2,2,ddg_ac:1; google_ac:1,en:2,yes,newborn,how to newborn tummy time
1051,parenting,potty,1051,where do newborn kittens poop,2,2,ddg_ac:1; google_ac:1,en:2,yes,baby poop; newborn,when do baby kittens start pooping
1052,parenting,feeding,1052,where is baby food manufactured,2,2,ddg_ac:1; google_ac:1,en:2,yes,baby food,where baby formula made
1053,parenting,first-40-days,1053,who postpartum topic,2,2,ddg_ac:1; google_ac:1,en:2,yes,postpartum,who postpartum period
1054,parenting,feeding,1054,why does breastfeeding make you thirsty,2,2,ddg_ac:1; google_ac:1,en:2,yes,breastfeeding,does breastfeeding make you thirsty
1055,parenting,general,1055,why does my 1 year old have bad breath,2,2,ddg_ac:1; google_ac:1,en:2,yes,1 year old; 5 year old,why does 5 year old have bad breath
1056,parenting,general,1056,why does my 3 year old hate me,2,2,ddg_ac:1; google_ac:1,en:2,yes,3 year old; 5 year old,when 5 year old says i hate you
1057,parenting,first-40-days,1057,why does newborn keep sticking tongue out,2,2,ddg_ac:1; google_ac:1,en:2,yes,newborn; 3 month old baby,is it normal for 3 month old baby to stick out tongue
1058,parenting,feeding,1058,10 month old prefers water/solids over breastfeeding?? — Am I supposed to do something about it?,2,2,reddit:2,en:2,yes,,10 month old prefers solids over breastmilk?? — is there something I’m supposed to do or watch out for?
1059,parenting,feeding,1059,15 months baby dont wants to eat,2,2,parentune:2,en:2,yes,,fifteen month baby boy not eating textured or lumpy foods
1060,parenting,general,1060,21mo old son cries hysterically at custody exchanges after starting pre-school - what’s going on?,2,2,reddit:2,en:2,yes,,21-month-old suddenly cries hysterically at custody exchanges after starting preschool — what’s going on?
1061,parenting,sleep,1061,4 month old “bedtime”?,2,2,reddit:2,en:2,yes,,4.5mo treats bedtime like a nap?
1062,parenting,feeding,1062,6 5 month baby not consuming adequate milk,2,2,parentune:2,en:2,yes,,6 months girl baby is not eating solids except mothers milk
1063,parenting,general,1063,Anyone raising bilingual kids? Any advice?,2,2,reddit:2,en:2,yes,,What do I need to know about raising a bilingual child?
1064,parenting,feeding,1064,Anyone successfully recovered their milk supply around 4 months postpartum?,2,2,reddit:2,en:2,yes,,Increasing supply 4 months pp?
1065,parenting,potty,1065,Do some parents genuinely not know they’re supposed to potty train their kids?,2,2,reddit:2,en:2,yes,,Why are parents not potty training their kids ?
1066,parenting,general,1066,How long does it take your preschooler to fall asleep?,2,2,reddit:2,en:2,yes,,How long should it take baby to fall asleep
1067,parenting,feeding,1067,Huge over supply at 7 days PP? Help!,2,2,reddit:2,en:2,yes,,Huge over supply at 7 days PO? Help
1068,parenting,feeding,1068,Starting night weaning tonight. Tips?,2,2,reddit:2,en:2,yes,,"Night weaning, when did you do it? How to know when to start?"
1069,parenting,sleep,1069,Transition to one nap ideas?,2,2,reddit:2,en:2,yes,,Should I switch to one nap already?
1070,parenting,general,1070,What I Woke Up To,2,2,reddit:2,en:2,yes,,How my morning went
1071,parenting,behaviour,1071,When does the screaming stop?,2,2,reddit:2,en:2,yes,,When will my baby stop screaming?
1072,parenting,early-learning,1072,Will this get better? Daycare/nursery,2,2,reddit:2,en:2,yes,,Will this get better?? Nursery/daycare
1073,parenting,development,1073,[UPDATE] my sister hasn’t spoken a word since losing her baby? How do I support?,2,2,reddit:2,en:2,yes,,My sister hasn’t spoken a word after losing her baby. How do I support her?
1074,parenting,general,1074,am i born to die to lay this body down,2,2,ddg_ac:2,en:2,yes,newborn,am i born to die
1075,parenting,potty,1075,am i potty trained quiz,2,2,google_ac:2,en:2,yes,potty training,am i ready for potty training quiz
1076,parenting,feeding,1076,are breastfeeding cravings a thing,2,2,google_ac:2,en:2,yes,breastfeeding; postpartum,are postpartum cravings a thing
1077,parenting,first-40-days,1077,are newborn snakes venomous,2,2,google_ac:2,en:2,yes,newborn,are newborn cobras venomous
1078,parenting,first-40-days,1078,are postpartum infections dangerous,2,2,google_ac:2,en:2,yes,postpartum,is postpartum bad
1079,parenting,first-40-days,1079,are postpartum periods irregular,2,2,google_ac:2,en:2,yes,postpartum,is it normal for postpartum periods to be irregular
1080,parenting,health,1080,baby fever kaise thik kare,2,2,google_ac:2,en:2,yes,baby fever,baby fever kaise check kare
1081,parenting,general,1081,baby gettin fussy n angry very soon,2,2,parentune:2,en:2,yes,,baby has recently become very irritable
1082,parenting,health,1082,baby massage kaise kare,2,2,google_ac:2,en:2,yes,baby massage,baby massage kaise karte hain
1083,parenting,potty,1083,baby ne potty nahi ki kya kare,2,2,mylo:2,hinglish:2,yes,,baby potty na kare to kya kare
1084,parenting,feeding,1084,baby not gaining weight should i switch to formula,2,2,google_ac:2,en:2,yes,baby not gaining weight,why is my baby not gaining weight on formula
1085,parenting,feeding,1085,baby not satisfied after feed,2,2,parentune:2,en:2,yes,,my baby not satisfied with breastmilk
1086,parenting,feeding,1086,baby refuses breast for milk,2,2,parentune:2,en:2,yes,,baby refuses milkneed to force feed then
1087,parenting,health,1087,baby vaccination kya hota hai,2,2,google_ac:2,en:2,yes,baby vaccination,baby vaccination ke baad kya kare
1088,parenting,general,1088,best baby product brand,2,2,parentune:2,en:2,yes,,which baby products
1089,parenting,general,1089,best baby soap bodywash,2,2,parentune:2,en:2,yes,,which shampoo and soap for my baby
1090,parenting,feeding,1090,breastfeeding kaise band kare,2,2,google_ac:2,en:2,yes,breastfeeding,breastfeeding kaise band kare medicine
1091,parenting,feeding,1091,breastfeeding kya hota hai,2,2,google_ac:2,en:2,yes,breastfeeding,breastfeeding k liye kya khaye
1092,parenting,general,1092,can 1 year old have honey cheerios,2,2,google_ac:2,en:2,yes,1 year old,can 1 year old have honey nut cheerios
1093,parenting,development,1093,can 3 year olds walk up stairs,2,2,google_ac:2,en:2,yes,3 year old,can 3 year olds walk backwards
1094,parenting,general,1094,can 5 year old dogs get pregnant,2,2,google_ac:2,en:2,yes,5 year old,can 5 year old cats get pregnant
1095,parenting,feeding,1095,can 5 year olds eat chia seeds,2,2,google_ac:2,en:2,yes,4 year old; 5 year old,can 4 year old eat chia seeds
1096,parenting,feeding,1096,can 6 month old baby eat mango,2,2,google_ac:2,en:2,yes,6 month old baby; 1 year old,can 1 year old baby eat mango
1097,parenting,development,1097,can 6 month old baby sit,2,2,google_ac:2,en:2,yes,6 month old baby,can 6 month old baby sit without support
1098,parenting,general,1098,can a baby survive at 6 months,2,2,ddg_ac:2,en:2,yes,6 month old baby,can a 6 month old baby survive
1099,parenting,feeding,1099,can a breastfeeding mother take diflucan,2,2,ddg_ac:2,en:2,yes,breastfeeding,can a breastfeeding mother take diclofenac
1100,parenting,sleep,1100,can a person with fever sleep in ac room,2,2,google_ac:2,en:2,yes,baby fever,can baby sleep in ac during fever
1101,parenting,potty,1101,can baby poop be acidic,2,2,google_ac:2,en:2,yes,baby poop,is baby poop acidic
1102,parenting,feeding,1102,can breastfeeding mom get varicella vaccine,2,2,ddg_ac:2,en:2,yes,breastfeeding,can breastfeeding moms get mmr vaccine
1103,parenting,health,1103,can constipation cause tiredness in toddlers,2,2,google_ac:2,en:2,yes,potty training; toddler not eating,can constipation cause loss of appetite in toddlers
1104,parenting,first-40-days,1104,can i drive postpartum,2,2,google_ac:2,en:2,yes,postpartum,is it safe to drive postpartum
1105,parenting,potty,1105,can i potty train a duck,2,2,google_ac:2,en:2,yes,potty training,can i potty train a chicken
1106,parenting,potty,1106,can i potty train at 15 months,2,2,google_ac:2,en:2,yes,potty training,can i potty train at 16 months
1107,parenting,first-40-days,1107,can i sauna postpartum,2,2,google_ac:2,en:2,yes,postpartum,is it safe to sauna postpartum
1108,parenting,first-40-days,1108,can i swim postpartum,2,2,google_ac:2,en:2,yes,postpartum,can i bath postpartum
1109,parenting,first-40-days,1109,can postpartum mom eat ice cream,2,2,google_ac:2,en:2,yes,postpartum,can postpartum mom eat potato
1110,parenting,sleep,1110,can toddler sleep with stuffed animal,2,2,google_ac:2,en:2,yes,toddler sleep,when can toddler sleep with stuffed animal
1111,parenting,feeding,1111,do 3 year olds breastfeed,2,2,google_ac:2,en:2,yes,3 year old; 4 year old,do 4 year olds breastfeed
1112,parenting,general,1112,do 3 year olds get headaches,2,2,google_ac:2,en:2,yes,3 year old; 5 year old,do 5 year olds get headaches
1113,parenting,health,1113,do 4 year olds have permanent teeth,2,2,google_ac:2,en:2,yes,4 year old,do 4 year olds get new teeth
1114,parenting,health,1114,do baby food allergies go away,2,2,google_ac:2,en:2,yes,baby food; postpartum,do postpartum allergies go away
1115,parenting,health,1115,do baby teeth grow back,2,2,ddg_ac:2,en:2,yes,baby teething,do baby teeth grow
1116,parenting,health,1116,do baby teeth have nerves,2,2,ddg_ac:2,en:2,yes,baby teething,do baby teeth have roots nerves
1117,parenting,health,1117,do baby teeth have roots,2,2,ddg_ac:2,en:2,yes,baby teething,do baby teeth have roots when they fall out
1118,parenting,feeding,1118,do breastfeeding mothers need to eat more,2,2,google_ac:2,en:2,yes,breastfeeding,should breastfeeding mothers eat more
1119,parenting,first-40-days,1119,do postpartum stitches itch when healing,2,2,google_ac:2,en:2,yes,postpartum,is it normal for postpartum stitches to itch
1120,parenting,general,1120,does 1 year old need dental insurance,2,2,ddg_ac:2,en:2,yes,1 year old,does 1 year old need vision insurance
1121,parenting,general,1121,does 4 year old need tetanus shot,2,2,google_ac:2,en:2,yes,4 year old; 5 year old,do 5 year olds get tetanus shots
1122,parenting,general,1122,does 6 month old baby need burping,2,2,google_ac:2,en:2,yes,6 month old baby,should i burp my 6 month old baby
1123,parenting,sleep,1123,does 6 month old baby need night feed,2,2,google_ac:2,en:2,yes,6 month old baby,can i give my 6 month old water at night
1124,parenting,feeding,1124,does baby food contain sugar,2,2,google_ac:2,en:2,yes,baby food,why does baby food have so much sugar
1125,parenting,feeding,1125,does baby food have preservatives,2,2,google_ac:2,en:2,yes,baby food,do baby food pouches have preservatives
1126,parenting,potty,1126,does baby poop smell like buttered popcorn,2,2,google_ac:2,en:2,yes,baby poop,does baby poop smell like popcorn
1127,parenting,sleep,1127,does baby sleeping on side help with reflux,2,2,google_ac:2,en:2,yes,newborn sleep,does baby sleeping on side help with gas
1128,parenting,feeding,1128,does breastfeeding increase breast size,2,2,google_ac:2,en:2,yes,breastfeeding,will breastfeeding increase breast size
1129,parenting,health,1129,does colic affect baby weight,2,2,google_ac:2,en:2,yes,baby colic,does colic affect baby breathing
1130,parenting,feeding,1130,does gerber baby food need to be refrigerated,2,2,google_ac:2,en:2,yes,baby food,does gerber baby food need to be refrigerated after opening
1131,parenting,sleep,1131,does newborn sleep after every feed,2,2,google_ac:2,en:2,yes,newborn sleep,should newborn sleep after every feed
1132,parenting,sleep,1132,does sleep promote sleep in babies,2,2,google_ac:2,en:2,yes,newborn sleep,are baby sleep
1133,parenting,feeding,1133,eating problem with 7 months baby,2,2,parentune:2,en:2,yes,,eating problem of my child
1134,parenting,feeding,1134,formula feeding kya hai,2,2,google_ac:2,en:2,yes,formula feeding,formula milk kya hota hai
1135,parenting,feeding,1135,formula feeding what to do when milk comes in,2,2,google_ac:2,en:2,yes,formula feeding,can i formula feed until milk comes in
1136,parenting,feeding,1136,formula milk kaise banta hai,2,2,google_ac:2,en:2,yes,formula feeding,formula milk kaise banaye
1137,parenting,health,1137,hey my baby is one month old and she is suffering from cold from last 1 week pls suggest me home remedies,2,2,parentune:2,en:2,yes,,my baby is 1 year 5 month old she is suffering from cold from last 15days i gave her medicines drops regularly but cold is not gone please suggest
1138,parenting,feeding,1138,hi i am planning to take breast pump is that help to increase milk supply,2,2,parentune:2,en:2,yes,,does using breast pump reduce milk supply
1139,parenting,health,1139,hii everyone my10 month old baby has problem of rashes due to diaper pls suggest what to do during rash problem,2,2,parentune:2,en:2,yes,,my daughter has diaper rashes when i clean her with wipes she cries a lot the area is completely red pls suggest what best can be done
1140,parenting,feeding,1140,how baby poop changes when starting solids,2,2,google_ac:2,en:2,yes,baby poop,how baby poop changes
1141,parenting,health,1141,how did teething affect your baby reddit,2,2,google_ac:2,en:2,yes,baby teething,do babies get diarrhea when teething reddit
1142,parenting,general,1142,how do 3 year olds play,2,2,ddg_ac:2,en:2,yes,3 year old,how do 3 year olds act
1143,parenting,general,1143,how do 5 year olds act,2,2,ddg_ac:2,en:2,yes,1 year old; 5 year old,how do 1 year olds act
1144,parenting,general,1144,how do newborns get a ssn,2,2,ddg_ac:2,en:2,yes,newborn,how do newborns get a social security number
1145,parenting,development,1145,how does child development work,2,2,google_ac:2,en:2,yes,baby milestones,how does child development account work
1146,parenting,feeding,1146,how does cluster feeding work with formula,2,2,google_ac:2,en:2,yes,formula feeding,what is cluster feeding formula
1147,parenting,general,1147,how long 1 year old birthday party,2,2,google_ac:2,en:2,yes,1 year old; 5 year old,how long 5 year old birthday party
1148,parenting,first-40-days,1148,how long can newborn babies breathe underwater,2,2,google_ac:2,en:2,yes,newborn,how can newborn babies breathe underwater
1149,parenting,first-40-days,1149,how long can postpartum hemorrhage occur after delivery,2,2,google_ac:2,en:2,yes,postpartum,how long does it take to recover from postpartum hemorrhage
1150,parenting,first-40-days,1150,how long does postpartum last after miscarriage,2,2,google_ac:2,en:2,yes,postpartum,am i postpartum after a miscarriage
1151,parenting,general,1151,how long newborn baby exposed to sunlight,2,2,google_ac:2,en:2,yes,newborn,should newborns be exposed to sunlight
1152,parenting,potty,1152,how long newborn diapers can be used,2,2,google_ac:2,en:2,yes,newborn,how long newborn diapers last
1153,parenting,general,1153,how many 10 year olds are there in the world,2,2,ddg_ac:2,en:2,yes,1 year old,how many 10 year olds are there
1154,parenting,general,1154,how many 14 year olds vape,2,2,ddg_ac:2,en:2,yes,1 year old; 4 year old,how many 12 year olds vape
1155,parenting,early-learning,1155,how many 3 year olds can swim,2,2,google_ac:2,en:2,yes,3 year old,can 3 year old learn swimming
1156,parenting,general,1156,how many 3 year olds have cavities,2,2,google_ac:2,en:2,yes,3 year old; 4 year old,how many 4 year olds have cavities
1157,parenting,early-learning,1157,how many 3 year olds per teacher,2,2,google_ac:2,en:2,yes,3 year old; 4 year old,how many 4 year olds per teacher
1158,parenting,general,1158,how many 30 year old millionaires,2,2,ddg_ac:2,en:2,yes,3 year old; 5 year old,how many 50 year olds are millionaires
1159,parenting,feeding,1159,how many breastfeeding covers do i need,2,2,google_ac:2,en:2,yes,breastfeeding,how many breastfeeding bras do i need
1160,parenting,feeding,1160,how many breastfeeding positions are there,2,2,google_ac:2,en:2,yes,breastfeeding,who breastfeeding positions
1161,parenting,behaviour,1161,how many hours of screen time for a 9 year old,2,2,google_ac:2,en:2,yes,toddler screen time,what is the maximum screen time for a 10 year old
1162,parenting,general,1162,how many kids is too many,2,2,ddg_ac:2,en:2,yes,toddler not,how many children can you have
1163,parenting,general,1163,how many newborns in india per year,2,2,google_ac:2,en:2,yes,newborn,how many newborns in india per day
1164,parenting,general,1164,how many people are not having kids,2,2,ddg_ac:2,en:2,yes,toddler not,how many people never have children
1165,parenting,sleep,1165,how many toddlers sleep with parents,2,2,google_ac:2,en:2,yes,toddler sleep,how many toddlers sleep through the night
1166,parenting,sleep,1166,how much 12 year old should sleep,2,2,google_ac:2,en:2,yes,4 year old; toddler sleep,is it normal for toddler to sleep 12 hours
1167,parenting,general,1167,how much 12 year old should weigh,2,2,ddg_ac:2,en:2,yes,1 year old,how much 11 year old weigh
1168,parenting,health,1168,how much baby immunization at clicks,2,2,google_ac:2,en:2,yes,baby vaccination,how much baby immunisation at clicks
1169,parenting,feeding,1169,how much breastfeeding at 12 months,2,2,google_ac:2,en:2,yes,breastfeeding,can i stop breastfeeding at 12 months
1170,parenting,health,1170,how much is baby vaccination at unjani clinic,2,2,google_ac:2,en:2,yes,baby vaccination,how much baby immunization at unjani clinic
1171,parenting,general,1171,how old are toddlers,2,2,ddg_ac:2,en:2,yes,toddler not,how long are you a toddler
1172,parenting,general,1172,how old is 4 years old cat,2,2,google_ac:2,en:2,yes,4 year old,what is 4 years old in cat
1173,parenting,early-learning,1173,how should i play with 23month baby,2,2,parentune:2,en:2,yes,,how and what to play with my baby
1174,parenting,feeding,1174,how to baby led weaning banana,2,2,google_ac:2,en:2,yes,baby weaning,how to baby led weaning avocado
1175,parenting,development,1175,how to become child speech therapist,2,2,google_ac:2,en:2,yes,toddler speech,how to become pediatric speech therapist
1176,parenting,general,1176,how to bike with 5 year old,2,2,google_ac:2,en:2,yes,4 year old; 5 year old,how to bike with 4 year old
1177,parenting,feeding,1177,how to breastfeeding while lying down,2,2,google_ac:2,en:2,yes,breastfeeding,how to breastfeeding lying down
1178,parenting,development,1178,how to cheat infant milestones sims 4,2,2,google_ac:2,en:2,yes,baby milestones,how to infant milestones sims 4
1179,parenting,general,1179,how to dress 3 year old girl,2,2,google_ac:2,en:2,yes,3 year old; 5 year old,how to dress a 5 year old girl
1180,parenting,general,1180,how to hold 3 month old baby,2,2,google_ac:2,en:2,yes,3 month old baby,how to carry 3 month old baby
1181,parenting,general,1181,how to hold 6 month old baby,2,2,google_ac:2,en:2,yes,6 month old baby,how to play 6 month old baby
1182,parenting,health,1182,how to improve height for my baby 4 yrs old,2,2,parentune:2,en:2,yes,,how can i increase my babys height
1183,parenting,feeding,1183,how to make newborn baby gain weight fast while breastfeeding,2,2,google_ac:2,en:2,yes,newborn,how to increase newborn weight breastfeeding
1184,parenting,health,1184,how to postpartum massage,2,2,google_ac:2,en:2,yes,baby massage; postpartum,what to do after baby massage
1185,parenting,first-40-days,1185,how to postpartum weight loss,2,2,google_ac:2,en:2,yes,postpartum,how much postpartum weight loss is normal
1186,parenting,sleep,1186,how to put my child to sleep,2,2,parentune:2,en:2,yes,,what should i do to make my daughter sleep
1187,parenting,general,1187,how to set routine for a five month old baby,2,2,parentune:2,en:2,yes,,5 month old what solid to start n how
1188,parenting,behaviour,1188,how to stop baby hitting me,2,2,google_ac:2,en:2,yes,toddler hitting,how to stop baby hitting dog
1189,parenting,early-learning,1189,how to teach 5 year old read,2,2,google_ac:2,en:2,yes,3 year old; 5 year old,how to teach 3 year old read
1190,parenting,behaviour,1190,how to you keep your child away from the tv,2,2,parentune:2,en:2,yes,,how to stop my child from watching tv
1191,parenting,general,1191,is 1 year old free in airplane,2,2,google_ac:2,en:2,yes,1 year old,is it safe for 1 year old to fly
1192,parenting,behaviour,1192,is 2 hours of screen time bad for a 12 year old,2,2,google_ac:2,en:2,yes,toddler screen time,is 2 hours of screen time bad for a 13 year old
1193,parenting,general,1193,is 5 year old dog considered old,2,2,google_ac:2,en:2,yes,5 year old,what is 5 years old in dog age
1194,parenting,general,1194,is 5 year old laptop old,2,2,google_ac:2,en:2,yes,4 year old; 5 year old,is 4 year old laptop old
1195,parenting,feeding,1195,is advil safe breastfeeding,2,2,google_ac:2,en:2,yes,breastfeeding,is ibuprofen safe breastfeeding
1196,parenting,health,1196,is baby fever contagious,2,2,google_ac:2,en:2,yes,baby fever,are baby fevers contagious
1197,parenting,general,1197,is baby fussy when teething,2,2,google_ac:2,en:2,yes,baby teething; baby colic,how long is baby fussy before tooth
1198,parenting,potty,1198,is baby poop toxic,2,2,google_ac:2,en:2,yes,baby poop,is baby poop clean
1199,parenting,sleep,1199,is baby sleeping too long at night,2,2,google_ac:2,en:2,yes,newborn sleep,is baby sleeping too long
1200,parenting,feeding,1200,is breastfeeding pump safe,2,2,google_ac:2,en:2,yes,breastfeeding,which breastfeeding pump is best
1201,parenting,feeding,1201,is creatine safe breastfeeding,2,2,google_ac:2,en:2,yes,breastfeeding; postpartum,should postpartum women take creatine
1202,parenting,feeding,1202,is formula feeding really that bad reddit,2,2,google_ac:2,en:2,yes,formula feeding,is formula feeding bad reddit
1203,parenting,health,1203,is it normal for baby to feed less after vaccination,2,2,google_ac:2,en:2,yes,baby vaccination,should i feed baby before vaccination
1204,parenting,feeding,1204,is it normal for breastfeeding baby not to poop,2,2,google_ac:2,en:2,yes,breastfeeding; baby poop,can breastfed baby poop too much
1205,parenting,feeding,1205,is it okay for a toddler not to eat rice,2,2,google_ac:2,en:2,yes,toddler not; toddler not eating,why is my toddler not eating rice
1206,parenting,behaviour,1206,is it okay to give baby screen time,2,2,google_ac:2,en:2,yes,toddler screen time,how to reduce baby screen time
1207,parenting,first-40-days,1207,is it safe to move newborn kittens,2,2,ddg_ac:2,en:2,yes,newborn,is it safe to touch newborn kittens
1208,parenting,potty,1208,is it safe to potty train a newborn,2,2,google_ac:2,en:2,yes,potty training,should i potty train before new baby
1209,parenting,first-40-days,1209,is it safe to shave postpartum,2,2,google_ac:2,en:2,yes,postpartum,can i shave postpartum
1210,parenting,health,1210,is it safe to take baby out before vaccinations,2,2,google_ac:2,en:2,yes,baby vaccination,is it safe to travel with a baby before vaccinations
1211,parenting,development,1211,is it safe to walk postpartum,2,2,google_ac:2,en:2,yes,postpartum,can i walk postpartum
1212,parenting,health,1212,is miralax safe for 4 year old,2,2,ddg_ac:2,en:2,yes,4 year old; 5 year old,is miralax safe for a 5 year old
1213,parenting,first-40-days,1213,is newborn baby can hear,2,2,google_ac:2,en:2,yes,newborn,can newborns hear
1214,parenting,first-40-days,1214,is newborn covered under mom's insurance,2,2,ddg_ac:2,en:2,yes,newborn,are newborns covered under mom's insurance
1215,parenting,potty,1215,is potty training harder with autism,2,2,google_ac:2,en:2,yes,potty training,is potty training harder with adhd
1216,parenting,sleep,1216,is toddler not sleeping a sign of autism,2,2,google_ac:2,en:2,yes,toddler not; toddler not eating,is a toddler not eating a sign of autism
1217,parenting,feeding,1217,kid not eating food since 18 days,2,2,parentune:2,en:2,yes,,18 month old not eating
1218,parenting,behaviour,1218,mera baby bahut rota h har time pata nhi ku,2,2,parentune:2,hinglish:2,yes,,my 2 12 year baby is so fussy n just cry all day long jab woh kisi cheez se lagta hai yaxwese hi lag jaye bs rota hai or jab tak uz saii pyar na karo woh chup nhn hota agar ghanta bhi hath na lagao wo
1219,parenting,health,1219,mera wife ko 2 din baad 8th month chalu ho raha hai usko kamar dard bahut ho raha hai please solutio,2,2,babychakra:2,hinglish:2,yes,,meri patni ko 8 mahina 23 din hua he aaj sham se dard hone laga he kya o ab bachcha peda karane wali
1220,parenting,feeding,1220,meri beti 4 year ki h khana nhi khati tkh s m isko esa kiya khilaon k kha ley khush ho kr,2,2,parentune:2,hinglish:2,yes,,meri beti 1 year ki hy or wo mother feed k ilawa dodh ni peeti or na hi dodh sy bni koi cheez khati hy
1221,parenting,general,1221,meri beti 7 mahine ki poori ho gyi or 8va mahina lga gya hai vo abhi tkk turne nhi lgi baithi v bhut kam hai kya kru or vo koi or khana v nhi kha ti kya kru mai,2,2,parentune:2,hinglish:2,yes,,meri beti 7month ki ho gyi hai use 12jan ko thika lga tha vo abi thak thik nhi huya hai vo thik a bhut he suja huaa hai or gilti be bani hue hai jis karn meri beti bhut kamjor ho gyi hai btao mai kya
1222,parenting,traditions,1222,my baby skin has become tan please suggest some home remedies,2,2,parentune:2,en:2,yes,,remedy for tanned skin
1223,parenting,general,1223,my child is becoming aggressive please help,2,2,parentune:2,en:2,yes,,my daughter is 6 years old and very aggressive
1224,parenting,feeding,1224,my daughter is 7 months old i started solid foods to her but i dont know how many times i should feed her the solids and should i give her milk inbetween,2,2,parentune:2,en:2,yes,,my baby is 7 months n i hv started semi solids how many meals in a days is advisable from fifth month i m giving her top feed also coz i dont hv enof milk
1225,parenting,general,1225,my daughter is very stubborn what to do,2,2,parentune:2,en:2,yes,,my 9 yr old daughter is very stubborn
1226,parenting,development,1226,my son is not talking,2,2,parentune:2,en:2,yes,,son not starting talking
1227,parenting,feeding,1227,my son is under weight he s not eating anything wat to do,2,2,parentune:2,en:2,yes,,son doesnt eat anything
1228,parenting,feeding,1228,my toddler not eating well at all but is ok with milk,2,2,parentune:2,en:2,yes,,my baby is not taking interest in eating and drinking milk she is losing weight too
1229,parenting,general,1229,need ur suggestions for my baby,2,2,parentune:2,en:2,yes,,need suggestion for 4 month old baby
1230,parenting,feeding,1230,not drinking formula milk,2,2,parentune:2,en:2,yes,,not taking milk bottel
1231,parenting,feeding,1231,not getting sufficient milk to feed my kid,2,2,parentune:2,en:2,yes,,hii my baby is 1 month old nd m not able to produce sufficient milk for her so wat can i do pls suggest me
1232,parenting,feeding,1232,please suggest to make my 8 month old baby boy interested in food,2,2,parentune:2,en:2,yes,,hi my baby is complete 1year 8month bt he nt interest in any food he want only my milk please suggest what i do
1233,parenting,potty,1233,potty training kab se shuru karen,2,2,google_ac:2,en:2,yes,potty training,potty training kab karna chahiye
1234,parenting,potty,1234,potty training kaise de,2,2,google_ac:2,en:2,yes,potty training,potty training kaise kare
1235,parenting,feeding,1235,refuses to take breastfeed,2,2,parentune:2,en:2,yes,,refusing breastfeed when awake
1236,parenting,general,1236,should 1 year old get flu shot,2,2,google_ac:2,en:2,yes,1 year old; 4 year old,should 4 year old get flu shot
1237,parenting,general,1237,should 12 year olds have phones,2,2,ddg_ac:2,en:2,yes,1 year old,how many 12 year olds have phones
1238,parenting,health,1238,should baby have vaccinations if unwell,2,2,google_ac:2,en:2,yes,baby vaccination,is it safe for baby to get vaccinations with cold
1239,parenting,feeding,1239,should breastfeeding mom wear bra,2,2,google_ac:2,en:2,yes,breastfeeding,should breastfeeding mother wear bra
1240,parenting,general,1240,should children not take aspirin,2,2,google_ac:2,en:2,yes,toddler not,when should children not have ibuprofen
1241,parenting,feeding,1241,should formula milk be warm,2,2,google_ac:2,en:2,yes,formula feeding,what happens if formula milk is too hot
1242,parenting,behaviour,1242,should i punish my toddler for not eating,2,2,google_ac:2,en:2,yes,toddler not eating,should you punish a toddler for not eating
1243,parenting,health,1243,should i take my baby to the doctor for colic,2,2,google_ac:2,en:2,yes,baby colic,should i take my baby to the hospital for colic
1244,parenting,development,1244,stubborn child to normal child,2,2,parentune:2,en:2,yes,,how to handle stubborn child
1245,parenting,general,1245,too much worried for son,2,2,parentune:2,en:2,yes,,worried for my son
1246,parenting,feeding,1246,two year old not bitingchewing his food,2,2,parentune:2,en:2,yes,,4 yr old toddler not chewing food at all
1247,parenting,behaviour,1247,what age does toddler behavior improve,2,2,google_ac:2,en:2,yes,2 year old behaviour; 3 year old,when does 3 year old behavior get better
1248,parenting,health,1248,what are baby fever symptoms,2,2,google_ac:2,en:2,yes,baby fever,what does baby fever feel like
1249,parenting,sleep,1249,what are newborn sleep cues,2,2,google_ac:2,en:2,yes,newborn sleep,what are newborn sleepers
1250,parenting,feeding,1250,what breastfeeding does to your body,2,2,google_ac:2,en:2,yes,breastfeeding,what breastfeeding does to your breasts
1251,parenting,feeding,1251,what does breastfeeding feel like when baby is teething,2,2,google_ac:2,en:2,yes,breastfeeding; baby teething,do babies cry when they start teething
1252,parenting,health,1252,what happens at baby massage,2,2,google_ac:2,en:2,yes,baby massage,what happens at baby massage class
1253,parenting,first-40-days,1253,what happens if a newborn has low blood sugar,2,2,ddg_ac:2,en:2,yes,newborn,why newborn baby has low blood sugar
1254,parenting,behaviour,1254,what happens if a toddler has too much screen time,2,2,google_ac:2,en:2,yes,toddler screen time,does screen time affect toddler behavior
1255,parenting,health,1255,what happens if baby is not vaccinated,2,2,google_ac:2,en:2,yes,baby vaccination,what if baby missed vaccination
1256,parenting,feeding,1256,what happens if formula milk goes in baby's eyes,2,2,google_ac:2,en:2,yes,formula feeding,what happens if formula milk goes in baby's ear
1257,parenting,behaviour,1257,what happens if toddler hits vape,2,2,google_ac:2,en:2,yes,toddler hitting,what if toddler hits vape
1258,parenting,first-40-days,1258,what happens when a newborn ingests meconium,2,2,ddg_ac:2,en:2,yes,newborn,what happens when a newborn swallows meconium
1259,parenting,sleep,1259,what happens when we sleep for kids,2,2,ddg_ac:2,en:2,yes,toddler sleep,how does sleep affect children
1260,parenting,health,1260,what if baby temperature is 38 after vaccination,2,2,google_ac:2,en:2,yes,baby vaccination,what if baby temperature is 39 after vaccination
1261,parenting,first-40-days,1261,what if newborn baby tsh level is high,2,2,google_ac:2,en:2,yes,newborn,what if newborn has thyroid
1262,parenting,sleep,1262,what if newborn sleeps 5 hours,2,2,google_ac:2,en:2,yes,newborn sleep,what if newborn sleeps all day
1263,parenting,general,1263,what is 4 year old shoe size,2,2,google_ac:2,en:2,yes,4 year old,is a 4 year old a toddler shoe size
1264,parenting,health,1264,what is newborn immunization,2,2,ddg_ac:2,en:2,yes,newborn,why is newborn immunization important
1265,parenting,sleep,1265,what is toddler sleep inertia,2,2,google_ac:2,en:2,yes,toddler sleep,what is toddler sleep apnea
1266,parenting,sleep,1266,what is toddler sleep training,2,2,google_ac:2,en:2,yes,toddler sleep,how long does toddler sleep training take
1267,parenting,health,1267,what makes babies lose weight,2,2,google_ac:2,en:2,yes,baby not gaining weight,why is my baby losing weight in the womb
1268,parenting,health,1268,what month does colic start,2,2,google_ac:2,en:2,yes,baby colic,what week does colic start
1269,parenting,general,1269,what to buy a 3 month old baby for xmas,2,2,google_ac:2,en:2,yes,3 month old baby; 6 month old baby,what to buy a 6 month old baby for xmas
1270,parenting,health,1270,what to do 5 year old fever,2,2,google_ac:2,en:2,yes,5 year old,when to worry 5 year old fever
1271,parenting,health,1271,what to do if baby cries during massage,2,2,google_ac:2,en:2,yes,baby massage,why do baby cry during massage
1272,parenting,first-40-days,1272,what to do if postpartum stitches tear,2,2,google_ac:2,en:2,yes,postpartum,when should postpartum stitches dissolve
1273,parenting,first-40-days,1273,what to do newborn congested,2,2,google_ac:2,en:2,yes,newborn; 3 month old baby,what to do when 3 month old baby is congested
1274,parenting,sleep,1274,what to do toddler night terrors,2,2,google_ac:2,en:2,yes,5 year old; toddler sleep,how to stop 5 year old night terrors
1275,parenting,health,1275,what to expect after baby vaccinations,2,2,ddg_ac:2,en:2,yes,baby vaccination,what happens after infant immunizations
1276,parenting,general,1276,what year was i born if i am 1 year old,2,2,ddg_ac:2,en:2,yes,1 year old,what year was i born if i am 1 year old today
1277,parenting,general,1277,when 3 year old won t go to bed,2,2,google_ac:2,en:2,yes,3 year old,what to do when 3 year old won't stay in bed
1278,parenting,potty,1278,when a child poop is black,2,2,google_ac:2,en:2,yes,baby poop,when a child poop is dark green
1279,parenting,development,1279,when are baby development checks,2,2,google_ac:2,en:2,yes,baby milestones,when is baby development complete
1280,parenting,potty,1280,when baby poop is hard,2,2,google_ac:2,en:2,yes,baby poop,why baby poop is hard
1281,parenting,development,1281,when do babies develop startle reflex,2,2,google_ac:2,en:2,yes,baby milestones,when do babies develop startle reflex in womb
1282,parenting,first-40-days,1282,when do newborn puppies open their eyes,2,2,ddg_ac:2,en:2,yes,newborn,when do newborn kittens open their eyes
1283,parenting,feeding,1283,when does breastfeeding hunger stop reddit,2,2,google_ac:2,en:2,yes,breastfeeding,when stop breastfeeding reddit
1284,parenting,potty,1284,when potty training becomes a power struggle,2,2,google_ac:2,en:2,yes,potty training,what to do when potty training becomes a power struggle
1285,parenting,health,1285,when puppies lose their baby teeth does it hurt,2,2,google_ac:2,en:2,yes,baby teething,which baby teeth do dogs lose
1286,parenting,first-40-days,1286,when should postpartum swelling go down,2,2,google_ac:2,en:2,yes,postpartum,how much postpartum swelling is normal
1287,parenting,first-40-days,1287,when to check tsh postpartum,2,2,ddg_ac:2,en:2,yes,postpartum,when to recheck tsh postpartum
1288,parenting,you-maa,1288,where 14 year olds can work,2,2,ddg_ac:2,en:2,yes,4 year old; 5 year old,where 15 year olds can work
1289,parenting,sleep,1289,where do babies sleep in the womb,2,2,google_ac:2,en:2,yes,newborn sleep,do babies sleep in the womb
1290,parenting,feeding,1290,where is baby food in walmart,2,2,google_ac:2,en:2,yes,baby food,where is baby food in target
1291,parenting,feeding,1291,where is gerber baby food from,2,2,google_ac:2,en:2,yes,baby food,when did gerber baby food start
1292,parenting,first-40-days,1292,where is newborn,2,2,ddg_ac:2,en:2,yes,newborn,what is newborn
1293,parenting,feeding,1293,where to donate tube feeding formula,2,2,ddg_ac:2,en:2,yes,formula feeding,where can i donate tube feeding formula
1294,parenting,first-40-days,1294,where to get help for postpartum depression,2,2,ddg_ac:2,en:2,yes,postpartum,who to see for postpartum depression
1295,parenting,feeding,1295,which baby food is good for weight gain,2,2,google_ac:2,en:2,yes,baby food,which baby food is best for weight gain
1296,parenting,feeding,1296,which brand of baby formula is best for colic,2,2,ddg_ac:2,en:2,yes,baby colic,what are anti colic baby bottles
1297,parenting,feeding,1297,which breastfeeding pillow is best,2,2,google_ac:2,en:2,yes,breastfeeding,are breastfeeding pillows necessary
1298,parenting,feeding,1298,which breastfeeding session to drop first,2,2,google_ac:2,en:2,yes,breastfeeding,which breastfeeding session to drop last
1299,parenting,feeding,1299,which breastfeeding supplement is best,2,2,google_ac:2,en:2,yes,breastfeeding,are breastfeeding supplements safe
1300,parenting,feeding,1300,which formula is best,2,2,parentune:2,en:2,yes,,which formula is better
1301,parenting,general,1301,which pedialyte for 1 year old,2,2,google_ac:2,en:2,yes,1 year old,can i give 1 year old pedialyte
1302,parenting,first-40-days,1302,which postpartum belly wrap is best,2,2,google_ac:2,en:2,yes,postpartum,are postpartum belly wraps recommended
1303,parenting,general,1303,which scooter for 4 year old,2,2,google_ac:2,en:2,yes,3 year old; 4 year old,which scooter for 3 year old
1304,parenting,general,1304,which toothpaste for 1 year old,2,2,google_ac:2,en:2,yes,1 year old; 3 year old,which toothpaste for 3 year old
1305,parenting,development,1305,who baby development chart,2,2,google_ac:2,en:2,yes,baby milestones,who baby development
1306,parenting,feeding,1306,who baby formula temperature,2,2,google_ac:2,en:2,yes,baby food,should baby formula be warm or cold
1307,parenting,feeding,1307,who baby led weaning,2,2,google_ac:2,en:2,yes,baby weaning,when did baby led weaning start
1308,parenting,general,1308,who was the 5 year old ice,2,2,google_ac:2,en:2,yes,5 year old,what happened 5 year old ice
1309,parenting,health,1309,why 1 year old has fever,2,2,google_ac:2,en:2,yes,1 year old,when 1 year old has fever
1310,parenting,sleep,1310,why 3 year old not sleeping,2,2,google_ac:2,en:2,yes,3 year old,why does 3 year old fight sleep
1311,parenting,general,1311,why 5 year old,2,2,google_ac:2,en:2,yes,5 year old,why my 5 year old
1312,parenting,health,1312,why baby fever not going down,2,2,google_ac:2,en:2,yes,baby fever,why baby fever is not going down
1313,parenting,potty,1313,why baby poop is red,2,2,google_ac:2,en:2,yes,baby poop,why is baby poop red mucus type
1314,parenting,first-40-days,1314,why do i keep bleeding after having a baby,2,2,google_ac:2,en:2,yes,postpartum,what can cause bleeding after childbirth
1315,parenting,behaviour,1315,why do kids have meltdowns after school,2,2,google_ac:2,en:2,yes,toddler tantrums,why do kids have meltdowns
1316,parenting,behaviour,1316,why do toddlers not listen to their parents,2,2,google_ac:2,en:2,yes,toddler not,why do toddlers not listen to their mothers
1317,parenting,development,1317,why do toddlers regress in speech,2,2,google_ac:2,en:2,yes,toddler speech,do toddlers regress
1318,parenting,sleep,1318,why do toddlers sleep horizontally,2,2,google_ac:2,en:2,yes,toddler sleep,why do toddlers sleep sideways
1319,parenting,behaviour,1319,why does 1 year old bite me,2,2,google_ac:2,en:2,yes,1 year old,why is 1 year old biting
1320,parenting,general,1320,why does 3 month old baby putting hands in mouth,2,2,google_ac:2,en:2,yes,3 month old baby,why do 3 month old babies eat their hands
1321,parenting,development,1321,why does 5 year old walk on toes,2,2,google_ac:2,en:2,yes,3 year old; 5 year old,why does 3 year old walk on tip toes
1322,parenting,health,1322,why does baby fever happen in women,2,2,google_ac:2,en:2,yes,baby fever,what is baby fever in a woman
1323,parenting,feeding,1323,why does breastfeeding reduce sids,2,2,google_ac:2,en:2,yes,breastfeeding,why does breastfeeding reduce risk of sids
1324,parenting,general,1324,why does my 3 month old baby spit up so much,2,2,google_ac:2,en:2,yes,3 month old baby,why is my 3 month old baby spitting saliva
1325,parenting,development,1325,why does toddler talk so much,2,2,google_ac:2,en:2,yes,toddler speech,why does toddler talk so loud
1326,parenting,you-maa,1326,why is 3 year old so attached to mom,2,2,google_ac:2,en:2,yes,3 month old baby; 3 year old,can a 3 month old be attached to mom
1327,parenting,behaviour,1327,why is 5 year old hitting,2,2,google_ac:2,en:2,yes,5 year old; toddler hitting,why do kids start hitting
1328,parenting,feeding,1328,why is baby food so gross,2,2,google_ac:2,en:2,yes,baby food,why is baby food so bland
1329,parenting,first-40-days,1329,why is baby fussy at night,2,2,google_ac:2,en:2,yes,newborn; baby colic,why newborn fussy at night
1330,parenting,feeding,1330,why is baby led weaning better than puree,2,2,google_ac:2,en:2,yes,baby weaning,can i do baby led weaning and purees
1331,parenting,sleep,1331,why is breastfeeding important for safe sleep 7,2,2,google_ac:2,en:2,yes,breastfeeding,why is breastfeeding important for cosleeping
1332,parenting,feeding,1332,why is breastfeeding so hard,2,2,google_ac:2,en:2,yes,breastfeeding,why is breastfeeding difficult
1333,parenting,feeding,1333,why is breastfeeding so tiring,2,2,google_ac:2,en:2,yes,breastfeeding,is breastfeeding tiring
1334,parenting,general,1334,why is my 3 year old always hungry,2,2,ddg_ac:2,en:2,yes,3 year old; 4 year old,why is my 4 year old always hungry
1335,parenting,feeding,1335,why is my baby parrot not eating food,2,2,google_ac:2,en:2,yes,toddler not eating,why is my baby turtle not eating food
1336,parenting,feeding,1336,why is my toddler not eating meat,2,2,google_ac:2,en:2,yes,toddler not eating,why does my toddler not want to eat meat
1337,parenting,first-40-days,1337,why is newborn poop foamy,2,2,google_ac:2,en:2,yes,newborn; baby poop,why is baby poop foamy
1338,parenting,sleep,1338,why is newborn sleep so noisy,2,2,google_ac:2,en:2,yes,newborn sleep,when does newborn sleep get quieter
1339,parenting,first-40-days,1339,why is postpartum psychosis not in the dsm,2,2,google_ac:2,en:2,yes,postpartum,why is postpartum depression not in the dsm
1340,parenting,potty,1340,why is toddler not pooping,2,2,google_ac:2,en:2,yes,toddler not,why do toddlers not want to poop in the potty
1341,parenting,general,1341,will 3 year old weed get you high,2,2,google_ac:2,en:2,yes,1 year old; 3 year old,will 1 year old weed get you high
1342,parenting,general,1342,worried about my baby,2,2,parentune:2,en:2,yes,,my baby is not well
1343,parenting,general,1343,when do you deliver a baby,1,18,ddg_ac:1,en:1,yes,first 40 days after delivery,
1344,parenting,first-40-days,1344,what is the time after delivery called,1,14,ddg_ac:1,en:1,yes,first 40 days after delivery,
1345,parenting,health,1345,is baby fever biological,1,7,google_ac:1,en:1,yes,baby fever,
1346,parenting,first-40-days,1346,what to do in 40 days after delivery,1,5,google_ac:1,en:1,yes,first 40 days after delivery,
1347,parenting,general,1347,how many 2 year olds in nyc,1,4,ddg_ac:1,en:1,yes,5 year old,
1348,parenting,general,1348,what is 6 month old baby shoe size,1,4,google_ac:1,en:1,yes,6 month old baby,
1349,parenting,general,1349,when will my delivery arrive,1,4,ddg_ac:1,en:1,yes,first 40 days after delivery,
1350,parenting,first-40-days,1350,where should the fundus be 24 hr postpartum,1,4,ddg_ac:1,en:1,yes,postpartum,
1351,parenting,feeding,1351,why do breastfeeding women need more protein,1,4,ddg_ac:1,en:1,yes,breastfeeding,
1352,parenting,behaviour,1352,does baby hitting cervix help dilate,1,3,google_ac:1,en:1,yes,toddler hitting,
1353,parenting,general,1353,how many 4 year olds can fit in 10 year old,1,3,ddg_ac:1,en:1,yes,5 year old,
1354,parenting,development,1354,how many days is standard delivery,1,3,ddg_ac:1,en:1,yes,first 40 days after delivery,
1355,parenting,general,1355,should a 5 year old be in arms reach poodle,1,3,ddg_ac:1,en:1,yes,5 year old,
1356,parenting,feeding,1356,should i get flu shot if breastfeeding,1,3,ddg_ac:1,en:1,yes,breastfeeding,
1357,parenting,potty,1357,what is a baby's first poop made of,1,3,google_ac:1,en:1,yes,baby poop,
1358,parenting,feeding,1358,what is breastfeeding definition,1,3,ddg_ac:1,en:1,yes,breastfeeding,
1359,parenting,early-learning,1359,who is 3 year old chess player,1,3,google_ac:1,en:1,yes,3 year old,
1360,parenting,feeding,1360,why do breastfeeding babies need vitamin d,1,3,ddg_ac:1,en:1,yes,breastfeeding,
1361,parenting,feeding,1361,why do cats like baby food,1,3,ddg_ac:1,en:1,yes,baby food,
1362,parenting,feeding,1362,why does my teen like baby food so much,1,3,ddg_ac:1,en:1,yes,baby food,
1363,parenting,potty,1363,why is my puppy not potty training,1,3,ddg_ac:1,en:1,yes,potty training,
1364,parenting,feeding,1364,why is oatmeal good for breastfeeding,1,3,ddg_ac:1,en:1,yes,breastfeeding,
1365,parenting,potty,1365,are 5 year olds potty trained,1,2,ddg_ac:1; google_ac:1,en:2,yes,5 year old,
1366,parenting,feeding,1366,does breastfeeding cause hair loss,1,2,ddg_ac:1; google_ac:1,en:2,yes,breastfeeding,
1367,parenting,first-40-days,1367,which newborn is most at risk for hypothermia,1,2,ddg_ac:1; google_ac:1,en:2,yes,newborn,
1368,parenting,general,1368,Advice on increasing ounces,1,2,reddit:1,en:1,yes,,
1369,parenting,early-learning,1369,How much crying is too much when it comes to daycare,1,2,reddit:1,en:1,yes,,
1370,parenting,sleep,1370,Stomach contact naps post c section?,1,2,reddit:1,en:1,yes,,
1371,parenting,general,1371,What should I do?,1,2,reddit:1,en:1,yes,,
1372,parenting,health,1372,Why am I getting sick less often now than when my kid started daycare?,1,2,reddit:1,en:1,yes,,
1373,parenting,general,1373,Why do people think it’s funny to scare children?,1,2,reddit:1,en:1,yes,,
1374,parenting,sleep,1374,can 5 year old sleep on top bunk,1,2,google_ac:1,en:1,yes,5 year old,
1375,parenting,general,1375,can a 1 year old feel love,1,2,google_ac:1,en:1,yes,1 year old,
1376,parenting,general,1376,can babies have higher fevers than adults,1,2,google_ac:1,en:1,yes,baby fever,
1377,parenting,health,1377,can baby massage cause diarrhea,1,2,google_ac:1,en:1,yes,baby massage,
1378,parenting,health,1378,can baby poop make you sick,1,2,google_ac:1,en:1,yes,baby poop,
1379,parenting,health,1379,can colic baby use pacifier,1,2,google_ac:1,en:1,yes,baby colic,
1380,parenting,feeding,1380,can i 1 year old eat tuna,1,2,google_ac:1,en:1,yes,1 year old,
1381,parenting,general,1381,can i use 5 year old foundation,1,2,google_ac:1,en:1,yes,5 year old,
1382,parenting,potty,1382,can i watch baby dash poop,1,2,ddg_ac:1,en:1,yes,baby poop,
1383,parenting,general,1383,do 3 month old baby laugh,1,2,google_ac:1,en:1,yes,3 month old baby,
1384,parenting,general,1384,do 6 month old baby recognize parents,1,2,google_ac:1,en:1,yes,6 month old baby,
1385,parenting,health,1385,do baby teething toys go in freezer,1,2,google_ac:1,en:1,yes,baby teething,
1386,parenting,feeding,1386,do kids not eat during ramadan,1,2,google_ac:1,en:1,yes,toddler not eating,
1387,parenting,general,1387,does 4 year old need shinkansen ticket,1,2,ddg_ac:1,en:1,yes,5 year old,
1388,parenting,general,1388,does 6 month old baby need flight ticket indigo,1,2,google_ac:1,en:1,yes,6 month old baby,
1389,parenting,potty,1389,does potty training make toddlers emotional,1,2,google_ac:1,en:1,yes,potty training,
1390,parenting,sleep,1390,does sleeping help newborns grow,1,2,google_ac:1,en:1,yes,newborn sleep,
1391,parenting,feeding,1391,facing problem of breastfeeding,1,2,parentune:1,en:1,yes,,
1392,parenting,health,1392,hi from yesterday i have viral fever and the problem is my 1 yr old daughter is still on breast feed,1,2,babychakra:1,en:1,yes,,
1393,parenting,general,1393,how many 9 year olds on earth,1,2,ddg_ac:1,en:1,yes,5 year old,
1394,parenting,general,1394,how to baby wear a 6 month old,1,2,google_ac:1,en:1,yes,6 month old baby,
1395,parenting,feeding,1395,how to calculate feeding tube rate,1,2,google_ac:1,en:1,yes,formula feeding,
1396,parenting,feeding,1396,how to lose weight while breastfeeding fast,1,2,ddg_ac:1,en:1,yes,breastfeeding,
1397,parenting,feeding,1397,how to remove breastfeeding status from epic,1,2,ddg_ac:1,en:1,yes,breastfeeding,
1398,parenting,health,1398,is baby fever hormonal,1,2,google_ac:1,en:1,yes,baby fever,
1399,parenting,feeding,1399,is baby food gluten free,1,2,google_ac:1,en:1,yes,baby weaning,
1400,parenting,health,1400,is baby vaccination covered under cghs,1,2,google_ac:1,en:1,yes,baby vaccination,
1401,parenting,health,1401,is baby vaccination free in dubai,1,2,google_ac:1,en:1,yes,baby vaccination,
1402,parenting,feeding,1402,is baby weaning porridge good for babies,1,2,google_ac:1,en:1,yes,baby weaning,
1403,parenting,sleep,1403,is it ok baby sleep in bouncer,1,2,google_ac:1,en:1,yes,toddler sleep,
1404,parenting,feeding,1404,should 4 year old drink milk,1,2,ddg_ac:1,en:1,yes,4 year old,
1405,parenting,general,1405,should 4 year old have chores,1,2,ddg_ac:1,en:1,yes,4 year old,
1406,parenting,early-learning,1406,should 4 year old share toys,1,2,ddg_ac:1,en:1,yes,4 year old,
1407,parenting,early-learning,1407,should 4 year olds play video games,1,2,ddg_ac:1,en:1,yes,4 year old,
1408,parenting,health,1408,should i massage baby kale,1,2,google_ac:1,en:1,yes,baby massage,
1409,parenting,sleep,1409,should newborn sleep with head straight,1,2,google_ac:1,en:1,yes,newborn,
1410,parenting,sleep,1410,should newborn twins sleep in the same crib,1,2,ddg_ac:1,en:1,yes,newborn sleep,
1411,parenting,development,1411,what are baby milestones at 8 months,1,2,google_ac:1,en:1,yes,baby milestones,
1412,parenting,health,1412,what happens if we don't massage baby,1,2,google_ac:1,en:1,yes,baby massage,
1413,parenting,general,1413,what is wrong with my 1 year old,1,2,google_ac:1,en:1,yes,1 year old,
1414,parenting,health,1414,what to do if child is not eating in fever,1,2,google_ac:1,en:1,yes,toddler not eating,
1415,parenting,development,1415,when did child development started in india,1,2,google_ac:1,en:1,yes,baby milestones,
1416,parenting,feeding,1416,when is baby food festival,1,2,google_ac:1,en:1,yes,baby food,
1417,parenting,health,1417,when is baby massage day,1,2,google_ac:1,en:1,yes,baby massage,
1418,parenting,feeding,1418,when should you start weaning a baby goat,1,2,ddg_ac:1,en:1,yes,baby weaning,
1419,parenting,general,1419,which 13 year old child bank account is best,1,2,ddg_ac:1,en:1,yes,3 year old,
1420,parenting,general,1420,which 15 year old beats magnus,1,2,ddg_ac:1,en:1,yes,5 year old,
1421,parenting,potty,1421,who invented potty training,1,2,google_ac:1,en:1,yes,potty training,
1422,parenting,health,1422,why 6 month old baby vomit,1,2,google_ac:1,en:1,yes,6 month old baby,
1423,parenting,feeding,1423,why baby led weaning reddit,1,2,google_ac:1,en:1,yes,baby weaning,
1424,parenting,behaviour,1424,why do kids have tantrums before bed,1,2,google_ac:1,en:1,yes,toddler tantrums,
1425,parenting,feeding,1425,why does baby pull away from breastfeeding,1,2,ddg_ac:1,en:1,yes,breastfeeding,
1426,parenting,sleep,1426,why does my toddler sweat while sleeping,1,2,ddg_ac:1,en:1,yes,toddler sleep,
1427,parenting,general,1427,why is my 1 year old mean,1,2,google_ac:1,en:1,yes,1 year old,
1428,parenting,general,1428,why is my 1 year old so fussy,1,2,ddg_ac:1,en:1,yes,1 year old,
1429,parenting,general,1429,why is my 3 month old baby stomach making noises,1,2,google_ac:1,en:1,yes,3 month old baby,
1430,parenting,potty,1430,why is my 5 year old still having accidents,1,2,ddg_ac:1,en:1,yes,5 year old,
1431,parenting,development,1431,why is my toddler not walking,1,2,ddg_ac:1,en:1,yes,toddler not,
1432,parenting,health,1432,"""Did your Mommy do your hair today?"" Hell no. Dads can do hair too!",1,1,reddit:1,en:1,yes,,
1433,parenting,feeding,1433,"""Pain"" after pacifier weaning... ?",1,1,reddit:1,en:1,yes,,
1434,parenting,health,1434,0mam mere ko 7 month start hona hai 17 june ok vo six month complete ho jana hai lekin mam vo pehle bahut e gora tha aur healty tha lekin abhi 89 din ho ge suki skin dark ho gai face aur body kari pat,1,1,parentune:1,hinglish:1,yes,,
1435,parenting,feeding,1435,1 year 11 month old baby girl not eating weight remains same from her age 1 pls help,1,1,parentune:1,en:1,yes,,
1436,parenting,health,1436,1 year k baby girl weight 10400kg diet main kya kya dena chaiye please help,1,1,babychakra:1,hinglish:1,yes,,
1437,parenting,general,1437,10 year old gets over emotional and cries over small things. Don't know what to do.,1,1,reddit:1,en:1,yes,,
1438,parenting,health,1438,10mo won’t let me do her hair at all- any advice?,1,1,reddit:1,en:1,yes,,
1439,parenting,feeding,1439,11 month old will not take mothers feed,1,1,parentune:1,en:1,yes,,
1440,parenting,sleep,1440,13 month old keeps on waking up at night?,1,1,reddit:1,en:1,yes,,
1441,parenting,you-maa,1441,14-year-old keeps gaming while doing homework — what worked for you?,1,1,reddit:1,en:1,yes,,
1442,parenting,development,1442,15 months and no walking,1,1,parentune:1,en:1,yes,,
1443,parenting,early-learning,1443,16mo with strong attachment and chronic illnesses - struggling to integrate into daycare. Should we keep trying?,1,1,reddit:1,en:1,yes,shy,
1444,parenting,early-learning,1444,"18 month old suddenly crying nonstop at daycare, advice?",1,1,reddit:1,en:1,yes,,
1445,parenting,general,1445,2 6 year baby is not chewing,1,1,parentune:1,en:1,yes,,
1446,parenting,development,1446,2 month milestones what to expect,1,1,google_ac:1,en:1,yes,baby milestones,
1447,parenting,feeding,1447,2 year old moms: do you still safely cut your toddler’s fruit/food in general?,1,1,reddit:1,en:1,yes,,
1448,parenting,development,1448,2 year old not speaking in play school,1,1,parentune:1,en:1,yes,,
1449,parenting,feeding,1449,2 year old still on bottles and formula please help What are the best cups for babies who won’t give up the bottle,1,1,reddit:1,en:1,yes,,
1450,parenting,feeding,1450,2 yrs old but still breastfeeding,1,1,parentune:1,en:1,yes,,
1451,parenting,potty,1451,"21 month-old potty training - it’s working, but is it worth it?",1,1,reddit:1,en:1,yes,confidence,
1452,parenting,sleep,1452,22 weeks old twins wake up at 5am every morning - Regression?,1,1,reddit:1,en:1,yes,,
1453,parenting,first-40-days,1453,26days old daughter not feeding properly,1,1,parentune:1,en:1,yes,,
1454,parenting,general,1454,3 month old fall please help,1,1,reddit:1,en:1,yes,,
1455,parenting,early-learning,1455,3 year old is starting preschool: is it better for her to be the oldest in her class or the youngest?,1,1,reddit:1,en:1,yes,confidence,
1456,parenting,potty,1456,3 years k baby ki potty training kaise kerwau btata ni h abhi tak,1,1,parentune:1,hinglish:1,yes,,
1457,parenting,potty,1457,3.5 yo wets herself after being potty trained for >18 months - help?,1,1,reddit:1,en:1,yes,confidence,
1458,parenting,feeding,1458,36 weeks pregnant and overwhelmed (FTM) - What do I actually need for exclusive formula feeding?,1,1,reddit:1,en:1,yes,,
1459,parenting,general,1459,"3rd trimester, buying a sofabed - what's most important?",1,1,reddit:1,en:1,yes,,
1460,parenting,sleep,1460,4 Month Regression: Do we still cap daytime naps?,1,1,reddit:1,en:1,yes,,
1461,parenting,general,1461,4 month nursing association- fix before ST?,1,1,reddit:1,en:1,yes,,
1462,parenting,general,1462,4 month old will NOT swallow medication?,1,1,reddit:1,en:1,yes,,
1463,parenting,feeding,1463,4 months baby is not taking breast feed,1,1,parentune:1,en:1,yes,,
1464,parenting,sleep,1464,4 week old. Can I get away with one 4 hour sleep session at night?,1,1,reddit:1,en:1,yes,,
1465,parenting,general,1465,4 y/o: Where did the milkies go?,1,1,reddit:1,en:1,yes,,
1466,parenting,you-maa,1466,4 year old daughter doesnt want to go to school n does not tell me anything want her to be open n discuss everything with her mom,1,1,parentune:1,en:1,yes,,
1467,parenting,general,1467,4 year old's friend just died - how do I handle this?,1,1,reddit:1,en:1,yes,,
1468,parenting,development,1468,4.5 year old - autism assessment?,1,1,reddit:1,en:1,yes,learn to read,
1469,parenting,feeding,1469,5 year old son looks very weak he is rarely interested in eating food his weight is 14 kg everyone keeps saying yeh toh bada chota lagta h please suggest,1,1,parentune:1,en:1,yes,,
1470,parenting,behaviour,1470,5-year-old started French school without speaking French — hitting/pushing at school and crying at home. Has anyone experienced this?,1,1,reddit:1,en:1,yes,,
1471,parenting,general,1471,5m old baby only drinks well when drowsy – what should I do? Help,1,1,reddit:1,en:1,yes,,
1472,parenting,first-40-days,1472,5w3d Postpartum - splash pad/pool time ok?,1,1,reddit:1,en:1,yes,,
1473,parenting,feeding,1473,6month complete hone k baad baby ko kya khilaye,1,1,babychakra:1,hinglish:1,yes,,
1474,parenting,general,1474,6month k baby ko kya kileye,1,1,parentune:1,hinglish:1,yes,,
1475,parenting,general,1475,7 month baby ko daliya dena chahiye,1,1,mylo:1,hinglish:1,yes,,
1476,parenting,development,1476,7th month bby not able to sit yet,1,1,parentune:1,en:1,yes,,
1477,parenting,general,1477,8 month baby not moving on her knees,1,1,parentune:1,en:1,yes,,
1478,parenting,development,1478,8 months old baby boy unable to sit,1,1,parentune:1,en:1,yes,,
1479,parenting,development,1479,9 month old cant sit on his own,1,1,parentune:1,en:1,yes,,
1480,parenting,feeding,1480,9months baby doesnot eat properly,1,1,parentune:1,en:1,yes,,
1481,parenting,behaviour,1481,"A question every parent needs answered ""When my child does something I don't like I am unable to stop myself from being angry, what should I do? “",1,1,reddit:1,en:1,yes,,
1482,parenting,health,1482,A rash free diaper brand for sensitive skin of my toddler ?,1,1,reddit:1,en:1,yes,,
1483,parenting,early-learning,1483,AITA for wanting to pull my son from preschool for too much screen time?,1,1,reddit:1,en:1,yes,screen time learning,
1484,parenting,general,1484,Actual evidence about c-section and infant gut bacteria?,1,1,reddit:1,en:1,yes,,
1485,parenting,general,1485,Actual facts about sand boxes?,1,1,reddit:1,en:1,yes,,
1486,parenting,sleep,1486,Adults like to sleep next to somebody. So why is there so much pressure for children to sleep alone?,1,1,reddit:1,en:1,yes,,
1487,parenting,general,1487,Advice on 4 year old’s friendships,1,1,reddit:1,en:1,yes,,
1488,parenting,general,1488,AirPods picking up Hello Baby audio?,1,1,reddit:1,en:1,yes,,
1489,parenting,early-learning,1489,Almost 4-year-old is very reserved socially. Would a longer preschool/daycare help?,1,1,reddit:1,en:1,yes,confidence,
1490,parenting,first-40-days,1490,Already caught thrush with my 1 week old. Any advice of success stories for beating it?,1,1,reddit:1,en:1,yes,,
1491,parenting,you-maa,1491,Am I a helicopter parent for not wanting to leave my 4 year old alone in a hotel room?,1,1,reddit:1,en:1,yes,,
1492,parenting,general,1492,Am I being too anal about cleaning baby bottles?,1,1,reddit:1,en:1,yes,,
1493,parenting,general,1493,Am I enough anymore?,1,1,reddit:1,en:1,yes,,
1494,parenting,behaviour,1494,Am I just spiraling for no reason?,1,1,reddit:1,en:1,yes,,
1495,parenting,you-maa,1495,Am I making things harder for myself?,1,1,reddit:1,en:1,yes,,
1496,parenting,you-maa,1496,Am I the only EFF parent who feels absolutely zero guilt?,1,1,reddit:1,en:1,yes,,
1497,parenting,general,1497,Am I the only one spiraling since the POTUS’s Truth post?,1,1,reddit:1,en:1,yes,,
1498,parenting,sleep,1498,Anti sleep training messaging?,1,1,reddit:1,en:1,yes,,
1499,parenting,you-maa,1499,Anxiety-triggering questions? Let's change the narrative!!,1,1,reddit:1,en:1,yes,,
1500,parenting,behaviour,1500,"Any Christmas toy recommendations that actually hold up? Two kids, no screens",1,1,reddit:1,en:1,yes,,
1501,parenting,you-maa,1501,Any advice for a FTM trying to put together a good routine for my 3 month old?,1,1,reddit:1,en:1,yes,,
1502,parenting,behaviour,1502,Any evidence for pros and cons of siblings?,1,1,reddit:1,en:1,yes,,
1503,parenting,you-maa,1503,Any nurse who’s also a mom ?,1,1,reddit:1,en:1,yes,,
1504,parenting,potty,1504,Any science-based help for toddler withholding pee / not wanting to potty train?,1,1,reddit:1,en:1,yes,,
1505,parenting,general,1505,Anybody else have the hardest baby who turned into the easiest/most fun toddler?,1,1,reddit:1,en:1,yes,,
1506,parenting,general,1506,Anyone dealt with an Isthmocele (c section scar defect)? Looking for experiences while waiting for my MFM appointment,1,1,reddit:1,en:1,yes,,
1507,parenting,general,1507,Anyone else became a huge carbonated drink fan?,1,1,reddit:1,en:1,yes,,
1508,parenting,behaviour,1508,Anyone else feel trapped with screen time as a parent,1,1,reddit:1,en:1,yes,,
1509,parenting,general,1509,Anyone else feeling really defeated and hopeless with the announcement about the possibility of AI wiping out humanity and trying to parent through it.,1,1,reddit:1,en:1,yes,,
1510,parenting,sleep,1510,Anyone else game early before the family wakes up?,1,1,reddit:1,en:1,yes,,
1511,parenting,general,1511,Anyone else here grieving their toddlers becoming pre-schoolers 🥲 (my 4 year old suddenly feels so big!!),1,1,reddit:1,en:1,yes,,
1512,parenting,general,1512,Anyone else impressed how many facts their children know about their fav game/show/fandom?,1,1,reddit:1,en:1,yes,,
1513,parenting,general,1513,Anyone else realizing some uncomfortable things about your own parents?,1,1,reddit:1,en:1,yes,,
1514,parenting,feeding,1514,Anyone else’s Bub showing signs of stress at meal time?,1,1,reddit:1,en:1,yes,,
1515,parenting,you-maa,1515,Anyone else’s first period after birth heavier and longer than usual?,1,1,reddit:1,en:1,yes,,
1516,parenting,health,1516,Anyone has a kid who suffered from nasal drip due to acid reflux?,1,1,reddit:1,en:1,yes,,
1517,parenting,early-learning,1517,Anyone have a kid who didn’t thrive in daycare? Wondering if anything changed when they started Pre-K,1,1,reddit:1,en:1,yes,shy,
1518,parenting,general,1518,Anyone have a “serious” toddler?,1,1,reddit:1,en:1,yes,,
1519,parenting,general,1519,Anyone have experience with adenoid examinations for your toddler?,1,1,reddit:1,en:1,yes,,
1520,parenting,health,1520,Anyone have experience with getting pregnant after rabies vaccine series?,1,1,reddit:1,en:1,yes,,
1521,parenting,general,1521,Anyone have the Guidecraft mud kitchen?,1,1,reddit:1,en:1,yes,,
1522,parenting,general,1522,Anyone that needed to do anticoagulation shots during pregnacy?,1,1,reddit:1,en:1,yes,,
1523,parenting,general,1523,App that lets your teen have Instagram without Reels or endless scrolling?,1,1,reddit:1,en:1,yes,,
1524,parenting,health,1524,Aptamil anti reflux - did it sort the problem for your baby?,1,1,reddit:1,en:1,yes,,
1525,parenting,general,1525,Are children music better for babies than “adult” music?,1,1,reddit:1,en:1,yes,,
1526,parenting,general,1526,Are people seriously out there having weekly family meetings?,1,1,reddit:1,en:1,yes,,
1527,parenting,feeding,1527,Are there studies that support a target of breastfeeding for two years?,1,1,reddit:1,en:1,yes,,
1528,parenting,general,1528,Are we all just rotting once they’re in bed?,1,1,reddit:1,en:1,yes,,
1529,parenting,general,1529,Are we doing something wrong?,1,1,reddit:1,en:1,yes,,
1530,parenting,sleep,1530,Are weekend naps doing our kindergartner a disservice?,1,1,reddit:1,en:1,yes,,
1531,parenting,general,1531,Are you doing it out of your lasagna?,1,1,reddit:1,en:1,yes,,
1532,parenting,general,1532,Are you friends with your kids' friends' parents?,1,1,reddit:1,en:1,yes,,
1533,parenting,general,1533,Are you having a Toddler Christmas?,1,1,reddit:1,en:1,yes,,
1534,parenting,behaviour,1534,Are you nursing around older siblings?,1,1,reddit:1,en:1,yes,,
1535,parenting,general,1535,Are you really happier after you had a baby?,1,1,reddit:1,en:1,yes,,
1536,parenting,general,1536,Aromatherapy/essential oils for 4 year old?,1,1,reddit:1,en:1,yes,,
1537,parenting,general,1537,"At this point, I'm reporting this. Does anyone know who to report this to?",1,1,reddit:1,en:1,yes,,
1538,parenting,feeding,1538,At what age does breastfeeding become...not ok?,1,1,reddit:1,en:1,yes,,
1539,parenting,general,1539,At what age should I tell my kids we have freeze pops?,1,1,reddit:1,en:1,yes,,
1540,parenting,general,1540,At what point did I legally become a mobile storage locker for toddler garbage?,1,1,reddit:1,en:1,yes,,
1541,parenting,sleep,1541,Bedtime pull-ups?,1,1,reddit:1,en:1,yes,,
1542,parenting,general,1542,"Being triggered by my 4yo's ""victim"" mindset and wondering how to tackle this",1,1,reddit:1,en:1,yes,,
1543,parenting,early-learning,1543,Benefits of reading to baby when they’re not paying attention?,1,1,reddit:1,en:1,yes,,
1544,parenting,general,1544,Best bra for volume loss?,1,1,reddit:1,en:1,yes,,
1545,parenting,general,1545,Best number of children to have? Scientifically?,1,1,reddit:1,en:1,yes,,
1546,parenting,early-learning,1546,Best texture books?,1,1,reddit:1,en:1,yes,,
1547,parenting,health,1547,Best vaccine information books?,1,1,reddit:1,en:1,yes,,
1548,parenting,general,1548,Big dog + baby seat how to configure in car?,1,1,reddit:1,en:1,yes,,
1549,parenting,feeding,1549,"Breastfeeding my 17 month old. Is it ""wrong"" ?",1,1,reddit:1,en:1,yes,focus,
1550,parenting,feeding,1550,Breastfeeding posture check: is anyone else slowly turning into a lil' shrimp? 🦐,1,1,reddit:1,en:1,yes,,
1551,parenting,general,1551,Can I Brag about my 17 yo for a moment ?,1,1,reddit:1,en:1,yes,,
1552,parenting,general,1552,Can I help my baby drink faster?,1,1,reddit:1,en:1,yes,,
1553,parenting,feeding,1553,Can I just quickly say that I love using formula.,1,1,reddit:1,en:1,yes,,
1554,parenting,health,1554,Can giving soy to baby/toddler increase their chances of developing an allergy?,1,1,reddit:1,en:1,yes,,
1555,parenting,feeding,1555,Can letting a toddler cry while weaning from breastfeeding cause long term trauma?,1,1,reddit:1,en:1,yes,confidence,
1556,parenting,behaviour,1556,Can someone please explain to me the science behind your toddler having a meltdown in a store and the boomers and up popping out of the woodwork to make a comment,1,1,reddit:1,en:1,yes,,
1557,parenting,feeding,1557,Can someone suggest the best brand for milk bottles?,1,1,reddit:1,en:1,yes,,
1558,parenting,general,1558,Can we please redesign cribs already?,1,1,reddit:1,en:1,yes,,
1559,parenting,general,1559,Can we stop downvoting OP,1,1,reddit:1,en:1,yes,,
1560,parenting,general,1560,Can we stop making oversupply seem like it’s the best thing ever and everyone else is a failure?,1,1,reddit:1,en:1,yes,,
1561,parenting,first-40-days,1561,Can we stop saying everything is ppd?,1,1,reddit:1,en:1,yes,,
1562,parenting,general,1562,Can you die from parenting a 4yo?,1,1,reddit:1,en:1,yes,,
1563,parenting,general,1563,Can you put a hot pitcher in the fridge?,1,1,reddit:1,en:1,yes,,
1564,parenting,feeding,1564,Can/should I breastfeed my BILs baby?,1,1,reddit:1,en:1,yes,focus,
1565,parenting,feeding,1565,Cezanne Keratin hair treatment… is it safe while breastfeeding?,1,1,reddit:1,en:1,yes,,
1566,parenting,behaviour,1566,Clingy toddler tips?,1,1,reddit:1,en:1,yes,,
1567,parenting,general,1567,Clock with schedule - anyone tried this?,1,1,reddit:1,en:1,yes,,
1568,parenting,early-learning,1568,Coloring book recommendations for an animal-obsessed 2 year old?,1,1,reddit:1,en:1,yes,,
1569,parenting,general,1569,Confronting a friend about their parenting?,1,1,reddit:1,en:1,yes,,
1570,parenting,general,1570,Confused on what to do next,1,1,reddit:1,en:1,yes,,
1571,parenting,sleep,1571,Cosleeping set up when your toddler is Tarzan …?,1,1,reddit:1,en:1,yes,,
1572,parenting,behaviour,1572,Could use age appropriate advice for dealing with hitting and biting (18mo),1,1,reddit:1,en:1,yes,,
1573,parenting,general,1573,Could you already see your child's personality when they were a baby?,1,1,reddit:1,en:1,yes,,
1574,parenting,general,1574,Credit card access for teens?,1,1,reddit:1,en:1,yes,,
1575,parenting,health,1575,Curly hair toddler rats nest - is there any way to prevent this?,1,1,reddit:1,en:1,yes,,
1576,parenting,development,1576,"Current consensus on daycare, frequent illnesses, and potential growth delays in under-2s?",1,1,reddit:1,en:1,yes,,
1577,parenting,development,1577,Dads is this normal for toddlers?,1,1,reddit:1,en:1,yes,,
1578,parenting,development,1578,Dads of autistic children - what do you wish you knew/asked on your first appointment?,1,1,reddit:1,en:1,yes,,
1579,parenting,early-learning,1579,Daughter lost a toy she just bought with her own money. Do you replace or not?,1,1,reddit:1,en:1,yes,,
1580,parenting,potty,1580,Diapers for tall kiddo?,1,1,reddit:1,en:1,yes,,
1581,parenting,general,1581,Did I do something wrong?,1,1,reddit:1,en:1,yes,,
1582,parenting,general,1582,Did I do the right thing?,1,1,reddit:1,en:1,yes,,
1583,parenting,general,1583,Did I put 5 or 6 scoops?,1,1,reddit:1,en:1,yes,,
1584,parenting,development,1584,"Did anyone else have a child who had no direct imitation at 14 months, only delayed imitation?",1,1,reddit:1,en:1,yes,,
1585,parenting,general,1585,"Did anyone else who has a super easy baby, feel not qualified to give parenting advice?",1,1,reddit:1,en:1,yes,,
1586,parenting,feeding,1586,Did anyone have to keep using formula after 12 months?,1,1,reddit:1,en:1,yes,,
1587,parenting,general,1587,Did not know a feeling like this existed. Proud doesn't even begin to cover it.,1,1,reddit:1,en:1,yes,,
1588,parenting,sleep,1588,Did we accidentally sleep train our 6-month-old?,1,1,reddit:1,en:1,yes,,
1589,parenting,sleep,1589,Did we drop a nap too early?,1,1,reddit:1,en:1,yes,,
1590,parenting,general,1590,Did you know the US bombed a school today?,1,1,reddit:1,en:1,yes,,
1591,parenting,feeding,1591,Did you pump at all with your second baby?,1,1,reddit:1,en:1,yes,,
1592,parenting,sleep,1592,Didn’t realize how much indoor lighting was influencing bedtime,1,1,reddit:1,en:1,yes,,
1593,parenting,general,1593,Difference between the Similac 360 Total care sensitive formulas and just the regular Similac Sensitive?,1,1,reddit:1,en:1,yes,,
1594,parenting,general,1594,Do I go for one more?!?,1,1,reddit:1,en:1,yes,,
1595,parenting,feeding,1595,Do I need to pump while away for 3 days at 13 months?,1,1,reddit:1,en:1,yes,,
1596,parenting,behaviour,1596,Do babies feel if their mother is crying and sad?,1,1,reddit:1,en:1,yes,,
1597,parenting,general,1597,Do yOu eVeR wASh tHe FLooRs,1,1,reddit:1,en:1,yes,,
1598,parenting,feeding,1598,Do you add more to the bottle when using the pitcher method?,1,1,reddit:1,en:1,yes,,
1599,parenting,general,1599,Do you have an ongoing gift registry list?,1,1,reddit:1,en:1,yes,,
1600,parenting,general,1600,Do you have same setup with your kids?,1,1,reddit:1,en:1,yes,,
1601,parenting,early-learning,1601,Do you let your sons play with dolls?,1,1,reddit:1,en:1,yes,,
1602,parenting,general,1602,Do you stay in your kid’s room until they fall asleep?,1,1,reddit:1,en:1,yes,,
1603,parenting,early-learning,1603,Do your kids have a designated playroom?,1,1,reddit:1,en:1,yes,,
1604,parenting,general,1604,Do your kids spend way more time with you than you ever did with your own parents as kids?,1,1,reddit:1,en:1,yes,,
1605,parenting,general,1605,Does Anyone Else Feel Like Moms Aren’t Allowed to Be Honest Anymore?,1,1,reddit:1,en:1,yes,,
1606,parenting,early-learning,1606,"Does anyone else deal with ""preschool denier"" relatives?",1,1,reddit:1,en:1,yes,,
1607,parenting,general,1607,Does anyone else find it funny when your baby sees your boobs?,1,1,reddit:1,en:1,yes,,
1608,parenting,feeding,1608,"Does anyone else have ""Meal Decision Fatigue""? I feel like I'm just rotating the same 3 beige foods. 🫠",1,1,reddit:1,en:1,yes,,
1609,parenting,behaviour,1609,Does anyone else have a clingy baby who doesn’t like to be touched?,1,1,reddit:1,en:1,yes,,
1610,parenting,general,1610,Does anyone else keep checking on their baby even when they're asleep?,1,1,reddit:1,en:1,yes,,
1611,parenting,feeding,1611,Does anyone know breastfeeding safe supplements for insomnia?,1,1,reddit:1,en:1,yes,,
1612,parenting,early-learning,1612,Does anyone read the whole page before turning to the next one,1,1,reddit:1,en:1,yes,,
1613,parenting,sleep,1613,Does everyone’s kids sleep 11-12 hours at night??!?!,1,1,reddit:1,en:1,yes,,
1614,parenting,development,1614,Does extercising newborn develops brsin better?,1,1,reddit:1,en:1,yes,,
1615,parenting,general,1615,Does grey matter grow back after pregnancy?,1,1,reddit:1,en:1,yes,,
1616,parenting,general,1616,Does it ever get better?!,1,1,reddit:1,en:1,yes,,
1617,parenting,feeding,1617,Does microwaving COW'S milk decrease nutrients?,1,1,reddit:1,en:1,yes,,
1618,parenting,general,1618,Does pet resentment eventually go away?,1,1,reddit:1,en:1,yes,,
1619,parenting,you-maa,1619,Does telling your kids “good job!” really create adults reliant on external validation or is that pop psychology and vibes?,1,1,reddit:1,en:1,yes,,
1620,parenting,first-40-days,1620,Does your experience raising a newborn also make you confused about how humans survived as a species before modern conveniences,1,1,reddit:1,en:1,yes,,
1621,parenting,you-maa,1621,"Don't mind me, just blacklisting shows on Netflix so my husband stops putting them on for our young kids",1,1,reddit:1,en:1,yes,,
1622,parenting,general,1622,Don't raise your kids like this.,1,1,reddit:1,en:1,yes,,
1623,parenting,development,1623,Doula didn't contact us for 2 weeks after birth - normal?,1,1,reddit:1,en:1,yes,,
1624,parenting,feeding,1624,EBF - what bottle?,1,1,reddit:1,en:1,yes,,
1625,parenting,sleep,1625,Early morning wakes (5-6am) after feed — normal? What helped you?,1,1,reddit:1,en:1,yes,,
1626,parenting,feeding,1626,Embarrassing question… but how DO I properly prepare formula?,1,1,reddit:1,en:1,yes,,
1627,parenting,general,1627,Ever made your kid smile?,1,1,reddit:1,en:1,yes,,
1628,parenting,general,1628,Evidence-based thirdhand smoke risk to my baby?,1,1,reddit:1,en:1,yes,,
1629,parenting,early-learning,1629,Favorite car toys?,1,1,reddit:1,en:1,yes,,
1630,parenting,general,1630,Favorite movies/shows with brother+sister main characters?,1,1,reddit:1,en:1,yes,,
1631,parenting,general,1631,Fear phase or something more?,1,1,reddit:1,en:1,yes,,
1632,parenting,first-40-days,1632,Feeding every 2 hours during day and every 4 during night for an 8 day old??,1,1,reddit:1,en:1,yes,,
1633,parenting,development,1633,First Day fail at In-Home Sitter? Help,1,1,reddit:1,en:1,yes,,
1634,parenting,general,1634,"For flights that are longer than the max recommended time for infants to be in car seats, is it safer for the infant to be in a bassinet provided by the airline or to be in a car seat?",1,1,reddit:1,en:1,yes,,
1635,parenting,general,1635,"For the love of god, can we stop with the plastic junk party favors at birthday parties?",1,1,reddit:1,en:1,yes,,
1636,parenting,sleep,1636,"For those rocking their 21-year-old to sleep, how is it going?",1,1,reddit:1,en:1,yes,,
1637,parenting,general,1637,Foreskin on uncircumcised penis care?,1,1,reddit:1,en:1,yes,,
1638,parenting,feeding,1638,Formula intolerance symptoms?,1,1,reddit:1,en:1,yes,,
1639,parenting,general,1639,Found out my son's infant room is over ratio. Torn about what to do.,1,1,reddit:1,en:1,yes,,
1640,parenting,general,1640,"Four months into having two kids, this is how I feel about ‘Hand Wash Only’ labels on dishes (as I’m throwing them in the dishwasher). Who’s with me?",1,1,reddit:1,en:1,yes,,
1641,parenting,sleep,1641,Frequent and wakes after successful Ferber. What are your five month old schedules,1,1,reddit:1,en:1,yes,,
1642,parenting,sleep,1642,"From Sunday Poojas to Bedtime Stories, Some Rituals Stay Forever!! What Is It That Your Kids Look Forward To?",1,1,reddit:1,en:1,yes,,
1643,parenting,feeding,1643,Fussiness at breast in the evening - low supply or just a thing ??,1,1,reddit:1,en:1,yes,,
1644,parenting,feeding,1644,Gentle formula recommendations?,1,1,reddit:1,en:1,yes,,
1645,parenting,general,1645,Going out everyday with toddler?,1,1,reddit:1,en:1,yes,,
1646,parenting,early-learning,1646,Gym daycare or no?,1,1,reddit:1,en:1,yes,,
1647,parenting,general,1647,HOW TO RAISE AN INDEPENDENT CHILD!!,1,1,reddit:1,en:1,yes,,
1648,parenting,general,1648,Halloween costumes (boo?),1,1,reddit:1,en:1,yes,,
1649,parenting,general,1649,Has anyone been their baby’s least favourite person in the house?,1,1,reddit:1,en:1,yes,,
1650,parenting,general,1650,Has anyone else become a secret garbage tosser?,1,1,reddit:1,en:1,yes,,
1651,parenting,feeding,1651,Has anyone here done an egg retrieval while breastfeeding?,1,1,reddit:1,en:1,yes,,
1652,parenting,general,1652,Has anyone tried the BioGaia probiotic drops for their little one? 🤍I’d love to hear your experiences and thoughts! Did you notice any difference after using them?,1,1,reddit:1,en:1,yes,,
1653,parenting,general,1653,Has anyone’s 3 or 4 year suddenly shifted major favoritism to one parent?,1,1,reddit:1,en:1,yes,,
1654,parenting,general,1654,"Have had it with 'parent life' in affluent town. Help, please!",1,1,reddit:1,en:1,yes,,
1655,parenting,general,1655,Have there been any studies on exposing children to so-called propaganda media (such as Paw Patrol),1,1,reddit:1,en:1,yes,,
1656,parenting,sleep,1656,Have we made getting to sleep too easy/difficult?,1,1,reddit:1,en:1,yes,,
1657,parenting,general,1657,Have you heard of belled anklets for babies ? If not you're missing out,1,1,reddit:1,en:1,yes,,
1658,parenting,general,1658,Heeft iemand ervaring met de soothing ladder voor 5 maanden oude baby?,1,1,reddit:1,en:1,yes,,
1659,parenting,feeding,1659,Help With Meals for Caregivers,1,1,reddit:1,en:1,yes,,
1660,parenting,general,1660,Help me figure out what my toddler is saying?,1,1,reddit:1,en:1,yes,,
1661,parenting,sleep,1661,Help me get my 8 month old to sleep through the night again!,1,1,reddit:1,en:1,yes,,
1662,parenting,early-learning,1662,Help me stop my kindergarten teacher from showing AI slop to the children,1,1,reddit:1,en:1,yes,,
1663,parenting,behaviour,1663,Help with 4yo hitting,1,1,reddit:1,en:1,yes,,
1664,parenting,sleep,1664,Help with transitioning sleep training gains to naps,1,1,reddit:1,en:1,yes,,
1665,parenting,general,1665,Help- how do you know when you're done having babies?,1,1,reddit:1,en:1,yes,,
1666,parenting,general,1666,Here's how to build a strong bond with your little ones!,1,1,reddit:1,en:1,yes,,
1667,parenting,general,1667,High back booster or Ride Safer vest for travel?,1,1,reddit:1,en:1,yes,,
1668,parenting,potty,1668,"How I accidentally, and partially, potty trained my 7.5 month old",1,1,reddit:1,en:1,yes,learn to read,
1669,parenting,general,1669,How I wish this innocence would last.,1,1,reddit:1,en:1,yes,,
1670,parenting,development,1670,How are more people not talking about this training method???,1,1,reddit:1,en:1,yes,,
1671,parenting,general,1671,How are some parents so incredibly organised?,1,1,reddit:1,en:1,yes,,
1672,parenting,general,1672,How are we ACTUALLY cutting toddler nails,1,1,reddit:1,en:1,yes,,
1673,parenting,feeding,1673,How are you all night weaning?,1,1,reddit:1,en:1,yes,,
1674,parenting,early-learning,1674,How badly did I mess up my kid by sending to daycare?,1,1,reddit:1,en:1,yes,screen time learning,
1675,parenting,general,1675,How becoming a dad changes men’s brains,1,1,reddit:1,en:1,yes,,
1676,parenting,general,1676,How behind is my 15 month old?,1,1,reddit:1,en:1,yes,,
1677,parenting,you-maa,1677,How can I politely tell my MIL that you can't spoil a newborn?,1,1,reddit:1,en:1,yes,shy,
1678,parenting,general,1678,How can I toddler proof the bottom of this table?,1,1,reddit:1,en:1,yes,,
1679,parenting,general,1679,How can i help my dad?,1,1,reddit:1,en:1,yes,,
1680,parenting,general,1680,How can we just go about life right now?,1,1,reddit:1,en:1,yes,,
1681,parenting,general,1681,How did you get your toddlers excited for the holidays?,1,1,reddit:1,en:1,yes,,
1682,parenting,general,1682,How did you offend your toddler today?,1,1,reddit:1,en:1,yes,,
1683,parenting,general,1683,"How did your kids actually keep all three languages, and which one slipped?",1,1,reddit:1,en:1,yes,,
1684,parenting,general,1684,How do I get my son to stop picking his nose and wiping it on the walls??,1,1,reddit:1,en:1,yes,,
1685,parenting,you-maa,1685,How do you communicate with husband about expectations productively? Trying not to gate keep but care about safety.,1,1,reddit:1,en:1,yes,,
1686,parenting,early-learning,1686,How do you deal with a 4 year that doesn’t do well at daycare?,1,1,reddit:1,en:1,yes,,
1687,parenting,sleep,1687,How do you deal with husband’s snoring when you’re up with a baby all night?,1,1,reddit:1,en:1,yes,,
1688,parenting,health,1688,How do you get back to school peacefully after sick days ?,1,1,reddit:1,en:1,yes,,
1689,parenting,general,1689,How do you ground yourself when overstimulated??,1,1,reddit:1,en:1,yes,,
1690,parenting,behaviour,1690,"How do you handle bratty, ungrateful behavior towards gifts?",1,1,reddit:1,en:1,yes,,
1691,parenting,behaviour,1691,"How do you interpret two very different behavioral ""phenotypes"" of the same 2-year-old across settings?",1,1,reddit:1,en:1,yes,,
1692,parenting,general,1692,How do you manage to keep everything organized when divide and conquer is your game?,1,1,reddit:1,en:1,yes,,
1693,parenting,sleep,1693,"How do you manage trips, nights out, having a few drinks with an infant?",1,1,reddit:1,en:1,yes,,
1694,parenting,health,1694,How do you parent when sick?! I’m barely surviving today,1,1,reddit:1,en:1,yes,,
1695,parenting,early-learning,1695,How do you teach letter sounds without making preschool feel like school?,1,1,reddit:1,en:1,yes,,
1696,parenting,general,1696,How do you travel and have fun after having a baby?,1,1,reddit:1,en:1,yes,,
1697,parenting,general,1697,How do you travel with toddler?!!!!???,1,1,reddit:1,en:1,yes,,
1698,parenting,feeding,1698,How do you you EBF working moms do it?,1,1,reddit:1,en:1,yes,,
1699,parenting,potty,1699,How does SIDS differ from accidental suffocation and are most preventative measures to avoid suffocation or SIDS,1,1,reddit:1,en:1,yes,,
1700,parenting,sleep,1700,How does anyone love cosleeping? I can’t stand it,1,1,reddit:1,en:1,yes,,
1701,parenting,sleep,1701,How does sleep training work so quickly?,1,1,reddit:1,en:1,yes,,
1702,parenting,early-learning,1702,How early are we letting our kids out back to play?,1,1,reddit:1,en:1,yes,,
1703,parenting,development,1703,How have you lowered your standards since having a baby?,1,1,reddit:1,en:1,yes,,
1704,parenting,general,1704,How long did you wait after having a C-section?,1,1,reddit:1,en:1,yes,,
1705,parenting,general,1705,How long does extinction burst last?,1,1,reddit:1,en:1,yes,,
1706,parenting,early-learning,1706,How long does it take to train a toddler to learn that near the road they have to hold my hand?,1,1,reddit:1,en:1,yes,,
1707,parenting,general,1707,How many bites are too many?,1,1,reddit:1,en:1,yes,,
1708,parenting,feeding,1708,How modern Moms can Get their child to feeding Aversion Easily ??,1,1,reddit:1,en:1,yes,,
1709,parenting,development,1709,How much are you supposed to be holding and talking to your baby?,1,1,reddit:1,en:1,yes,,
1710,parenting,general,1710,How often do your elementary-aged kids see their friends outside school?,1,1,reddit:1,en:1,yes,,
1711,parenting,general,1711,How she runs around comfortably with this much stuff in her shoes is beyond me,1,1,reddit:1,en:1,yes,,
1712,parenting,feeding,1712,How should I pack formula for on the go?,1,1,reddit:1,en:1,yes,,
1713,parenting,general,1713,How strict are nutritional requirements/recommendations?,1,1,reddit:1,en:1,yes,,
1714,parenting,general,1714,How the heck are we all ok with this scam??,1,1,reddit:1,en:1,yes,,
1715,parenting,general,1715,How to Make Your Child a Positive Person!!,1,1,reddit:1,en:1,yes,,
1716,parenting,general,1716,How to build kids’ ‘cognitive endurance’ in an age of distraction,1,1,reddit:1,en:1,yes,,
1717,parenting,general,1717,How to deal with a 4th grade “bully” who takes things from my son but doesn’t say much?,1,1,reddit:1,en:1,yes,,
1718,parenting,sleep,1718,How to get LO to sleep through the night without swaddle?,1,1,reddit:1,en:1,yes,,
1719,parenting,general,1719,How to get a four-year old to independently dress self,1,1,reddit:1,en:1,yes,,
1720,parenting,sleep,1720,How to handle naps on the go?,1,1,reddit:1,en:1,yes,,
1721,parenting,general,1721,How to improve bed time experience,1,1,reddit:1,en:1,yes,,
1722,parenting,general,1722,How to introduce bath?,1,1,reddit:1,en:1,yes,,
1723,parenting,sleep,1723,How to sleep train *myself*? 😅,1,1,reddit:1,en:1,yes,,
1724,parenting,feeding,1724,How to start pumping?,1,1,reddit:1,en:1,yes,,
1725,parenting,early-learning,1725,How to talk to 4yo about incident with teacher at preschool?,1,1,reddit:1,en:1,yes,focus,
1726,parenting,general,1726,How to tell people I’m at capacity?,1,1,reddit:1,en:1,yes,,
1727,parenting,sleep,1727,How to track night sleep with wakings where we don’t intervene?,1,1,reddit:1,en:1,yes,,
1728,parenting,feeding,1728,How to transition toddler from baby bottle to straw cup?,1,1,reddit:1,en:1,yes,,
1729,parenting,early-learning,1729,How traumatic is it for my 4 year old to stay at her in-home preschool when all her friends are leaving?,1,1,reddit:1,en:1,yes,confidence,
1730,parenting,development,1730,How worried should I be about my 10 month old not crawling?,1,1,reddit:1,en:1,yes,confidence,
1731,parenting,general,1731,How would frequent loud and sudden scary noises affect an infant?,1,1,reddit:1,en:1,yes,,
1732,parenting,behaviour,1732,Husband concerned about cell phone near baby. Found this article. Thoughts on how concerned to be with EMS?,1,1,reddit:1,en:1,yes,,
1733,parenting,you-maa,1733,Husband is stuck on Babywise and I don’t know how to disprove him,1,1,reddit:1,en:1,yes,,
1734,parenting,first-40-days,1734,Husband passed away when baby was three weeks old. How do single parents do anything.,1,1,reddit:1,en:1,yes,,
1735,parenting,you-maa,1735,"Husband thinks spanking is ok as long as its done the ""right way."" Is there research that can disprove this?",1,1,reddit:1,en:1,yes,,
1736,parenting,health,1736,"Husband wants to do a detox bath post vaccines for our baby, please help!",1,1,reddit:1,en:1,yes,,
1737,parenting,sleep,1737,I am BAFFLED by how much of my day is spent getting an CLEARLY tired baby to sleep,1,1,reddit:1,en:1,yes,,
1738,parenting,general,1738,"I broke my hand, how to manage with a baby?",1,1,reddit:1,en:1,yes,,
1739,parenting,you-maa,1739,I feel like a bad mother when I don't know what to do anymore,1,1,reddit:1,en:1,yes,,
1740,parenting,general,1740,I never realized how much efforts it takes to raise a child until I have one,1,1,reddit:1,en:1,yes,,
1741,parenting,you-maa,1741,"I was just told by my work that I don't qualify for family leave, my first son is due in less than a month and I don't know what to do",1,1,reddit:1,en:1,yes,,
1742,parenting,general,1742,I was told I’m perpetuating racism in my toddler daughter… Opinions?,1,1,reddit:1,en:1,yes,confidence,
1743,parenting,general,1743,I'm 17 and just found out I have a 1-year-old baby brother. I want to be a good big brother (and sort of father figure) I can be for him. Where do I even start?,1,1,reddit:1,en:1,yes,,
1744,parenting,general,1744,"I'm bored. Can we go watch ""Is It Cake"" in the car?",1,1,reddit:1,en:1,yes,,
1745,parenting,early-learning,1745,"I'm not the only one who hates this toy, right?",1,1,reddit:1,en:1,yes,,
1746,parenting,general,1746,I've completely forgotten what to do with a 2 month old...,1,1,reddit:1,en:1,yes,,
1747,parenting,early-learning,1747,"ICE showed up at child's daycare, is this safe to report to media for the professionals and children. Does administration wish for similar incidents to be reported?",1,1,reddit:1,en:1,yes,,
1748,parenting,general,1748,Ideas for birthday party goodie bags that aren’t junk?,1,1,reddit:1,en:1,yes,,
1749,parenting,early-learning,1749,"If baby cries for longer at daycare, will it negatively affect secure attachment formation?",1,1,reddit:1,en:1,yes,,
1750,parenting,general,1750,"If u had a vaginal birth w/ epidural, how long did it take for you to push baby out?",1,1,reddit:1,en:1,yes,,
1751,parenting,general,1751,"If you could attend a facilitated mental health group session for dads, what would you want to discuss?",1,1,reddit:1,en:1,yes,,
1752,parenting,behaviour,1752,"Infant crying, evolutionary disadvantage?",1,1,reddit:1,en:1,yes,,
1753,parenting,general,1753,Insanely Smelly Farts???,1,1,reddit:1,en:1,yes,,
1754,parenting,first-40-days,1754,Intense cramping 19 months pp after intercourse?,1,1,reddit:1,en:1,yes,,
1755,parenting,general,1755,Introducing a dummy?,1,1,reddit:1,en:1,yes,,
1756,parenting,general,1756,Is 4 old enough to consent to this?,1,1,reddit:1,en:1,yes,,
1757,parenting,general,1757,Is 9 the best age ever????,1,1,reddit:1,en:1,yes,,
1758,parenting,general,1758,"Is It Really Necessary to Say ""I Love You"" in Indian Households?",1,1,reddit:1,en:1,yes,,
1759,parenting,general,1759,Is Modern Parenting Better Than Old School Parenting?,1,1,reddit:1,en:1,yes,,
1760,parenting,health,1760,Is a Horizontal IKEA Kallax Safe for a Nursery?,1,1,reddit:1,en:1,yes,,
1761,parenting,behaviour,1761,Is a LITTLE amount of TV once a week impactful for 4.5 month old?,1,1,reddit:1,en:1,yes,,
1762,parenting,general,1762,Is a fart costume for Halloween inappropriate?,1,1,reddit:1,en:1,yes,,
1763,parenting,development,1763,Is a messy chaotic home the new normal after having a kid?,1,1,reddit:1,en:1,yes,,
1764,parenting,early-learning,1764,Is a talladega nights shirt appropriate for daycare for a 2 yr old?,1,1,reddit:1,en:1,yes,,
1765,parenting,general,1765,Is anyone else burnt the fuck out?,1,1,reddit:1,en:1,yes,,
1766,parenting,general,1766,Is anyone else concerned about AI?,1,1,reddit:1,en:1,yes,,
1767,parenting,general,1767,Is anyone else stunned at the level of ugly they are willing to go out in public now?,1,1,reddit:1,en:1,yes,,
1768,parenting,general,1768,Is anyone else’s baby just…insane?,1,1,reddit:1,en:1,yes,,
1769,parenting,feeding,1769,Is breast milk really better?,1,1,reddit:1,en:1,yes,focus,
1770,parenting,general,1770,Is bringing a two year old along to Victorias Secret weird?,1,1,reddit:1,en:1,yes,,
1771,parenting,general,1771,Is healthy to lie to children about Santa Claus?,1,1,reddit:1,en:1,yes,,
1772,parenting,sleep,1772,Is it ever appropriate to put a 3mo old baby down in their crib while they’re still alert and active?,1,1,reddit:1,en:1,yes,shy,
1773,parenting,health,1773,Is it normal for a nearly 3-year-old to love the cold?,1,1,reddit:1,en:1,yes,,
1774,parenting,development,1774,Is it normal to get extremely irritated about everything when you’re about to give birth?,1,1,reddit:1,en:1,yes,,
1775,parenting,general,1775,Is it ok to give saffron and dry fruit (crushed into fine powder) to 6 mo,1,1,reddit:1,en:1,yes,,
1776,parenting,behaviour,1776,Is it okay for other children to repeatedly scare a toddler after he says no?,1,1,reddit:1,en:1,yes,,
1777,parenting,potty,1777,Is it regular baby fussiness and poop or should we switch formulas?,1,1,reddit:1,en:1,yes,,
1778,parenting,sleep,1778,Is it safe to get a crib from the thrift store?,1,1,reddit:1,en:1,yes,,
1779,parenting,general,1779,Is it selfish that I want to go out on Halloween for a concert?,1,1,reddit:1,en:1,yes,,
1780,parenting,general,1780,Is it time to switch the car seat to front facing?,1,1,reddit:1,en:1,yes,,
1781,parenting,traditions,1781,Is kajal harmful for children?,1,1,reddit:1,en:1,yes,,
1782,parenting,general,1782,Is my 6.5 m old overtired?,1,1,reddit:1,en:1,yes,,
1783,parenting,potty,1783,Is potty training regression a common thing? My toddler started having accidents when school started.,1,1,reddit:1,en:1,yes,,
1784,parenting,early-learning,1784,Is the first year of preschool really this brutal?,1,1,reddit:1,en:1,yes,,
1785,parenting,development,1785,Is there a science based reason why baby prefers when you stand holding them vs sitting?,1,1,reddit:1,en:1,yes,,
1786,parenting,health,1786,"Is there actual science behind infant massage/movement classes, or is it just fun bonding?",1,1,reddit:1,en:1,yes,,
1787,parenting,sleep,1787,Is there any evidence that Cry It Out and other sleep training methods cause harm later in life?,1,1,reddit:1,en:1,yes,,
1788,parenting,sleep,1788,Is there any evidence that rocking a toddler to sleep is bad? At any age?,1,1,reddit:1,en:1,yes,,
1789,parenting,behaviour,1789,Is there any research on how promote healthy and close sibling relationships that last into adulthood?,1,1,reddit:1,en:1,yes,,
1790,parenting,general,1790,Is there anything sweeter?,1,1,reddit:1,en:1,yes,,
1791,parenting,potty,1791,Is there data that early potty training has negative impacts?,1,1,reddit:1,en:1,yes,,
1792,parenting,general,1792,Is there scientific based proof ?,1,1,reddit:1,en:1,yes,,
1793,parenting,development,1793,Is this normal ?,1,1,reddit:1,en:1,yes,,
1794,parenting,behaviour,1794,Is this normal: Older Sibling Edition,1,1,reddit:1,en:1,yes,,
1795,parenting,development,1795,Is this normal?? Baby never seems full,1,1,reddit:1,en:1,yes,,
1796,parenting,general,1796,Is this typical? NYC 3k,1,1,reddit:1,en:1,yes,,
1797,parenting,general,1797,"It does get easier, right? Please!?",1,1,reddit:1,en:1,yes,,
1798,parenting,general,1798,Jacque Fresco on HOW TO RAISE CHILDREN PROPERLY.,1,1,reddit:1,en:1,yes,,
1799,parenting,general,1799,Kids in cities - what makes a neighborhood great?,1,1,reddit:1,en:1,yes,,
1800,parenting,general,1800,Kids using retinol?,1,1,reddit:1,en:1,yes,,
1801,parenting,early-learning,1801,Kindergarten with 4 different teachers a day ?,1,1,reddit:1,en:1,yes,,
1802,parenting,behaviour,1802,Lack of exposure or possible developmental behaviour problem?,1,1,reddit:1,en:1,yes,,
1803,parenting,feeding,1803,Lactation consultant set her own pump up and started a session in my hospital room…?,1,1,reddit:1,en:1,yes,,
1804,parenting,general,1804,Leaving 9 month old overnight and how to stop comfort nursing,1,1,reddit:1,en:1,yes,,
1805,parenting,health,1805,Legendary Teething Drops - Yay or Nay?,1,1,reddit:1,en:1,yes,,
1806,parenting,behaviour,1806,Listening skills redirection?,1,1,reddit:1,en:1,yes,,
1807,parenting,general,1807,"Long flight, jet kids?",1,1,reddit:1,en:1,yes,,
1808,parenting,general,1808,"Low supplier, is there hope?",1,1,reddit:1,en:1,yes,,
1809,parenting,general,1809,Lump in my 12mo armpit - has anyone experienced something similar?,1,1,reddit:1,en:1,yes,,
1810,parenting,you-maa,1810,MIL wants my 5 month old sleep trained but I don’t think it’s advisable?,1,1,reddit:1,en:1,yes,confidence,
1811,parenting,general,1811,MMR dose one at 7months?,1,1,reddit:1,en:1,yes,,
1812,parenting,health,1812,Meningococcal vaccine for a 2-year-old in the US?,1,1,reddit:1,en:1,yes,,
1813,parenting,general,1813,Mockingbird stroller failure even with the frame reinforcement kit???,1,1,reddit:1,en:1,yes,,
1814,parenting,first-40-days,1814,Mom left 3 days postpartum. What did I do wrong?,1,1,reddit:1,en:1,yes,,
1815,parenting,general,1815,Momcozy KleanPal - mold?,1,1,reddit:1,en:1,yes,,
1816,parenting,early-learning,1816,Moms of highly sensitive kiddos - when were you ready for another?,1,1,reddit:1,en:1,yes,,
1817,parenting,general,1817,Moms who have completed multiple stages of child-raising… what mistakes did you make that you now know how to do better?,1,1,reddit:1,en:1,yes,,
1818,parenting,general,1818,Moms who only have two kids- are you happy?,1,1,reddit:1,en:1,yes,,
1819,parenting,you-maa,1819,Mother of my 4.5mo son passed away. What extra precautions should I take raising him?,1,1,reddit:1,en:1,yes,coding,
1820,parenting,early-learning,1820,My baby girl cries when anyone reads a book to her,1,1,reddit:1,en:1,yes,,
1821,parenting,general,1821,My baby is 2 months old Can I have buffalo colostrum junnu in common language,1,1,mylo:1,en:1,yes,,
1822,parenting,behaviour,1822,My bay babbles whe he crys is this included as hitting the milestone?,1,1,reddit:1,en:1,yes,,
1823,parenting,sleep,1823,"My brothers 7 months baby used to sleep peacefully at night, but from past one week he is restless and seems like he have headaches. What can be the possible reasons ??",1,1,reddit:1,en:1,yes,,
1824,parenting,behaviour,1824,My cat takes part in parenting. My son seems to listen. Do I need to worry?,1,1,reddit:1,en:1,yes,,
1825,parenting,behaviour,1825,My child is 8 and doesn't have a phone. School isn't prepared for that?,1,1,reddit:1,en:1,yes,,
1826,parenting,general,1826,My nipple stink??!,1,1,reddit:1,en:1,yes,,
1827,parenting,sleep,1827,"My sister child is not Burping for long and Crying all night, can anyone help me in Handling this Situation..??",1,1,reddit:1,en:1,yes,,
1828,parenting,general,1828,My son is my rock.,1,1,reddit:1,en:1,yes,,
1829,parenting,development,1829,"My wife and I have developed a sort of code using synonyms to talk about things without tipping our toddler off, what are some of your best/funniest “codes” you use?",1,1,reddit:1,en:1,yes,,
1830,parenting,first-40-days,1830,"My wife and newborn daughter are both in the ICU after a 1-in-50,000 birth complication. I feel alone in this, I'm a wreck and I don't know what to do.",1,1,reddit:1,en:1,yes,reading,
1831,parenting,sleep,1831,Naps past age 2 - a cultural thing?,1,1,reddit:1,en:1,yes,,
1832,parenting,feeding,1832,Need advice on different feeding positions,1,1,reddit:1,en:1,yes,,
1833,parenting,general,1833,Neurodivergent kids parents. Does your kid showed it more to one parent than the other?,1,1,reddit:1,en:1,yes,,
1834,parenting,general,1834,New dad feeling like my old life has disappeared — does this get easier?,1,1,reddit:1,en:1,yes,,
1835,parenting,health,1835,Newborn vaccines/treatments: why such different approaches by country?,1,1,reddit:1,en:1,yes,,
1836,parenting,sleep,1836,Night nurse/doula told me I should wake her up for feeds?,1,1,reddit:1,en:1,yes,,
1837,parenting,feeding,1837,Night wean or schedule change?,1,1,reddit:1,en:1,yes,,
1838,parenting,feeding,1838,Nighttime breastfeeding thoughts: How diet affects breast milk?,1,1,reddit:1,en:1,yes,shy,
1839,parenting,feeding,1839,Nipple tenderness while breastfeeding through pregnancy—does it get better?,1,1,reddit:1,en:1,yes,,
1840,parenting,sleep,1840,No sleep at Daycare?,1,1,reddit:1,en:1,yes,,
1841,parenting,development,1841,Normal not to leak?,1,1,reddit:1,en:1,yes,,
1842,parenting,general,1842,Not even pregnant and my fiancé is already discouraging Tylenol what do I do,1,1,reddit:1,en:1,yes,,
1843,parenting,general,1843,Not wanting to tell anyone about labor,1,1,reddit:1,en:1,yes,,
1844,parenting,general,1844,"Nursing past 2, do people in general think its weird?",1,1,reddit:1,en:1,yes,,
1845,parenting,general,1845,Nutramigen Prep - am I over complicating it?,1,1,reddit:1,en:1,yes,,
1846,parenting,general,1846,Nutramigen baby brezza setting?!,1,1,reddit:1,en:1,yes,,
1847,parenting,general,1847,Ok....but like......why do these kids need dinner every freaking day?,1,1,reddit:1,en:1,yes,,
1848,parenting,general,1848,Overnight school trip at 3 and 5 years old?,1,1,reddit:1,en:1,yes,,
1849,parenting,general,1849,Parenting a 4 year old and every single day is hell. I don’t know what to do.,1,1,reddit:1,en:1,yes,,
1850,parenting,behaviour,1850,Parenting after separation. When does it get better?,1,1,reddit:1,en:1,yes,,
1851,parenting,general,1851,Parents : Why do you use baby carriers & what problems have you faced?( design assignment),1,1,reddit:1,en:1,yes,,
1852,parenting,general,1852,Parents of College Kids- what would you differently in high school?,1,1,reddit:1,en:1,yes,,
1853,parenting,general,1853,Parents of cavity prone kids how do you actually deal with this?,1,1,reddit:1,en:1,yes,,
1854,parenting,sleep,1854,"Parents of toddlers, when and how did you know to drop the final nap?",1,1,reddit:1,en:1,yes,,
1855,parenting,behaviour,1855,"Parents of very shy/slow to warm kids, how did preschool separation go? I’m worried about my 4 yr old",1,1,reddit:1,en:1,yes,,
1856,parenting,general,1856,"Parents of young adults, how much do you help?",1,1,reddit:1,en:1,yes,,
1857,parenting,general,1857,"Parents who feel like they never have time for themselves, what actually helped?",1,1,reddit:1,en:1,yes,,
1858,parenting,sleep,1858,Parents with 2yo’s what time is their bedtime?,1,1,reddit:1,en:1,yes,,
1859,parenting,behaviour,1859,"Parents, what is the most ridiculous thing your kid has had a tantrum about?",1,1,reddit:1,en:1,yes,,
1860,parenting,you-maa,1860,"Partner explodes all the time on toddler (2.5yo). Tried giving them space, taking over, but all I achieve with that is I get exploded on as well. What to do?",1,1,reddit:1,en:1,yes,learn to read,
1861,parenting,feeding,1861,Pediatrician suggested cereal in bottle at 4 months. Opinions?,1,1,reddit:1,en:1,yes,,
1862,parenting,feeding,1862,People don’t know how much effort breastfeeding is,1,1,reddit:1,en:1,yes,,
1863,parenting,general,1863,Philips Avent too fast?? Help!!,1,1,reddit:1,en:1,yes,,
1864,parenting,general,1864,Philips Avent… WHY did you “fix” the one thing that wasn’t broken? 😂,1,1,reddit:1,en:1,yes,,
1865,parenting,early-learning,1865,Playtex disposable liner? Dr. Brown?,1,1,reddit:1,en:1,yes,,
1866,parenting,general,1866,Please help me decide how to give birth the 2nd time!,1,1,reddit:1,en:1,yes,,
1867,parenting,sleep,1867,"Please help, r/Mommit! My 6-month-old has up to 24 night awakenings and will only sleep in her stroller, and I am desperate for solutions and sleep!",1,1,reddit:1,en:1,yes,shy,
1868,parenting,general,1868,Please tell me I am not the only parent doing this right now..,1,1,reddit:1,en:1,yes,,
1869,parenting,general,1869,Please tell me i don't need to be worried,1,1,reddit:1,en:1,yes,,
1870,parenting,general,1870,Please tell me it gets better,1,1,reddit:1,en:1,yes,,
1871,parenting,first-40-days,1871,Postpartum hives/urticaria that started during pregnancy. has anyone experienced this?,1,1,reddit:1,en:1,yes,,
1872,parenting,potty,1872,Potty Training House Arrest?,1,1,reddit:1,en:1,yes,confidence,
1873,parenting,potty,1873,Potty Training: Is it terrible to use a diaper for the car ride?,1,1,reddit:1,en:1,yes,,
1874,parenting,potty,1874,Potty training advice for a 30 month old boy please! Do I abandon this attempt?,1,1,reddit:1,en:1,yes,,
1875,parenting,sleep,1875,Pre-term baby isn’t feeding well at night?,1,1,reddit:1,en:1,yes,,
1876,parenting,general,1876,"Pregnant and considering abortion, please help",1,1,reddit:1,en:1,yes,,
1877,parenting,health,1877,Pregnant: Absolutely no reason to delay Covid vaccine right?,1,1,reddit:1,en:1,yes,,
1878,parenting,behaviour,1878,Preschooler only hits women??,1,1,reddit:1,en:1,yes,,
1879,parenting,early-learning,1879,"Pretend-play kitchen for imaginary play, or Lovevery kitchen for independent tasks? For a family who cooks a lot",1,1,reddit:1,en:1,yes,,
1880,parenting,health,1880,Pull-ups during sick spells?,1,1,reddit:1,en:1,yes,,
1881,parenting,feeding,1881,Pumping moms: how do you keep your bra/pump setup from showing through your clothes when you're out?,1,1,reddit:1,en:1,yes,,
1882,parenting,you-maa,1882,Push present ideas for FTM???,1,1,reddit:1,en:1,yes,,
1883,parenting,sleep,1883,Put newborn down for nap vs contact nap while watching TV?,1,1,reddit:1,en:1,yes,screen time learning,
1884,parenting,early-learning,1884,Putting a 12 month old into daycare- ease in or drop her off and go?,1,1,reddit:1,en:1,yes,,
1885,parenting,sleep,1885,Putting babies to sleep on their tummies?,1,1,reddit:1,en:1,yes,,
1886,parenting,sleep,1886,Question for early childhood educators: Is it reasonable to ask preschool to limit my 4-year-old’s nap?,1,1,reddit:1,en:1,yes,,
1887,parenting,general,1887,Question for other US moms ... how the f*** are we affording anything right now???,1,1,reddit:1,en:1,yes,,
1888,parenting,health,1888,RSV vaccine for me (pregnant) or antibody shot for baby?,1,1,reddit:1,en:1,yes,learn to read,
1889,parenting,general,1889,RTF from fridge?,1,1,reddit:1,en:1,yes,,
1890,parenting,feeding,1890,Raw milk for an infant?,1,1,reddit:1,en:1,yes,,
1891,parenting,health,1891,Rebound reflux - how long did it last,1,1,reddit:1,en:1,yes,,
1892,parenting,general,1892,Recommendations for baby proofing fridge?,1,1,reddit:1,en:1,yes,,
1893,parenting,general,1893,Recommendations for frequent nosebleeds??,1,1,reddit:1,en:1,yes,,
1894,parenting,behaviour,1894,Research based discipline?,1,1,reddit:1,en:1,yes,,
1895,parenting,you-maa,1895,SAHM’s — how can you afford to stay home?,1,1,reddit:1,en:1,yes,,
1896,parenting,you-maa,1896,SOS am i doing this to myself?,1,1,reddit:1,en:1,yes,,
1897,parenting,behaviour,1897,Screams Blue Murder … But I’m Just Getting Her Dressed?,1,1,reddit:1,en:1,yes,,
1898,parenting,general,1898,Second time is prenatal LC helpful?,1,1,reddit:1,en:1,yes,,
1899,parenting,feeding,1899,Seen mostly when the baby doesn't eat food then parents get them something to watch and Get them Engaging in Eating. Is this right to do this..,1,1,reddit:1,en:1,yes,,
1900,parenting,feeding,1900,Sex drive while breastfeeding?,1,1,reddit:1,en:1,yes,,
1901,parenting,general,1901,Shit. How do I break it to my daughter that she has to end a friendship?,1,1,reddit:1,en:1,yes,,
1902,parenting,general,1902,Should I let my 3 year old push her stroller inside a grocery store?,1,1,reddit:1,en:1,yes,confidence,
1903,parenting,general,1903,Should I switch formulas?,1,1,reddit:1,en:1,yes,,
1904,parenting,general,1904,Should I try again at 7 weeks?,1,1,reddit:1,en:1,yes,,
1905,parenting,general,1905,Should I wait or make a schedule adjustment?,1,1,reddit:1,en:1,yes,,
1906,parenting,health,1906,Should I worry about jolts of pain during an ear infection? (Already have meds from Dr.),1,1,reddit:1,en:1,yes,,
1907,parenting,feeding,1907,Should kids eat enough at lunch to get full?,1,1,reddit:1,en:1,yes,,
1908,parenting,sleep,1908,Sleep training with pacifier?,1,1,reddit:1,en:1,yes,,
1909,parenting,sleep,1909,Sleeping Change With Introducing purées?,1,1,reddit:1,en:1,yes,,
1910,parenting,feeding,1910,Small amount of alcohol in breast milk causing sleep disturbances?,1,1,reddit:1,en:1,yes,,
1911,parenting,early-learning,1911,So did we as a country just decide to let this whole pedophile/cannibal thing slide?,1,1,reddit:1,en:1,yes,,
1912,parenting,sleep,1912,So much anti sleep training propaganda?,1,1,reddit:1,en:1,yes,,
1913,parenting,general,1913,Sober curious moms?,1,1,reddit:1,en:1,yes,,
1914,parenting,general,1914,"Some kids invited to birthday, some not. Now it’s awkward?",1,1,reddit:1,en:1,yes,,
1915,parenting,general,1915,Son’s first date - what’s our collective advice for my boy?,1,1,reddit:1,en:1,yes,,
1916,parenting,sleep,1916,Sooo ... When can sleeping kids be left alone?,1,1,reddit:1,en:1,yes,,
1917,parenting,feeding,1917,Spring bottled water okay?,1,1,reddit:1,en:1,yes,,
1918,parenting,general,1918,Starting a business + second kid + moving. How do you balance it all?,1,1,reddit:1,en:1,yes,,
1919,parenting,health,1919,Starting catch up vaccines at 2?,1,1,reddit:1,en:1,yes,,
1920,parenting,feeding,1920,Starting solids… too successfully? (Baby self weaning really fast.),1,1,reddit:1,en:1,yes,,
1921,parenting,potty,1921,Struggling with potty training with your baby boy?,1,1,reddit:1,en:1,yes,,
1922,parenting,feeding,1922,Sudden drop in supply/can’t pump as much! Please help I’m panicking,1,1,reddit:1,en:1,yes,,
1923,parenting,general,1923,Sunday Birthday Party?,1,1,reddit:1,en:1,yes,,
1924,parenting,general,1924,Switching brands help - how long will this last,1,1,reddit:1,en:1,yes,,
1925,parenting,general,1925,Switching from Enfamil NeuroPro Gentlease back to regular NeuroPro?,1,1,reddit:1,en:1,yes,,
1926,parenting,early-learning,1926,TIL Nordic countries have abandoned forceps — should we refuse them next time?,1,1,reddit:1,en:1,yes,,
1927,parenting,health,1927,Terrible parenting to bring back diapers when the entire household is sick...?,1,1,reddit:1,en:1,yes,,
1928,parenting,behaviour,1928,Terrible two’s? NO. Terrific twos!!,1,1,reddit:1,en:1,yes,,
1929,parenting,traditions,1929,"The ""name the feeling out loud"" thing, does it actually calm your kid down, or am I just narrating a hurricane?",1,1,reddit:1,en:1,yes,,
1930,parenting,general,1930,The antivax community is getting to me. Help?,1,1,reddit:1,en:1,yes,,
1931,parenting,development,1931,The boob is our answer to everything. Is this normal?!,1,1,reddit:1,en:1,yes,,
1932,parenting,sleep,1932,The longest bedtime book ever? I’ll go first:,1,1,reddit:1,en:1,yes,,
1933,parenting,general,1933,The only “support” anyone offers is permission to quit!!,1,1,reddit:1,en:1,yes,,
1934,parenting,general,1934,There's toddler music concerts - then there's nothing until kids reach their teens. Where's the 3rd grader's genuine live music opportunity? Can't find it.,1,1,reddit:1,en:1,yes,,
1935,parenting,general,1935,They've Had Enough!! Can We Please Stop Teasing Kids About These Things Already?,1,1,reddit:1,en:1,yes,,
1936,parenting,general,1936,This is my love letter to the bathroom lounges in outdated malls and department stores.,1,1,reddit:1,en:1,yes,,
1937,parenting,feeding,1937,Thoughts on Horizon Organic Growing Years Milk vs regular store brand milks?,1,1,reddit:1,en:1,yes,,
1938,parenting,behaviour,1938,Thoughts on discipline for a 1 year old? Are they too young to understand it?,1,1,reddit:1,en:1,yes,,
1939,parenting,early-learning,1939,Thoughts on preschool scenario from this week?,1,1,reddit:1,en:1,yes,,
1940,parenting,general,1940,Tips for Halloween,1,1,reddit:1,en:1,yes,,
1941,parenting,you-maa,1941,Tips for encouraging an anxious early reader?,1,1,reddit:1,en:1,yes,,
1942,parenting,development,1942,Tips for helping my son learn to wait his turn when talking?,1,1,reddit:1,en:1,yes,,
1943,parenting,general,1943,Tips on breaking toddler out of loop,1,1,reddit:1,en:1,yes,,
1944,parenting,early-learning,1944,To anyone thinking about sending their kid to daycare,1,1,reddit:1,en:1,yes,,
1945,parenting,general,1945,Today is my son's 18th birthday,1,1,reddit:1,en:1,yes,,
1946,parenting,feeding,1946,Toddler water safety. Am I overreacting?,1,1,reddit:1,en:1,yes,,
1947,parenting,you-maa,1947,Unpopular opinion (maybe?): I'm enjoying being a mum a lot more now that my kids are not babies and toddlers anymore,1,1,reddit:1,en:1,yes,,
1948,parenting,general,1948,Use a Stroller with Rat Droppings?,1,1,reddit:1,en:1,yes,,
1949,parenting,general,1949,"Used but clean pull-ups the whole day, re-use the next day or get a new one?",1,1,reddit:1,en:1,yes,,
1950,parenting,first-40-days,1950,Visitors for newborn by plane?,1,1,reddit:1,en:1,yes,,
1951,parenting,early-learning,1951,WHY don't more playgrounds have shade??,1,1,reddit:1,en:1,yes,,
1952,parenting,general,1952,Wait… sh*t… was this scoop number 2 or 3??,1,1,reddit:1,en:1,yes,,
1953,parenting,development,1953,Waking up at 2am just to peacefully practice her words?,1,1,reddit:1,en:1,yes,,
1954,parenting,feeding,1954,"Weaning, breasts hard?",1,1,reddit:1,en:1,yes,,
1955,parenting,early-learning,1955,We’re drowning in daycare costs. How do people afford this?,1,1,reddit:1,en:1,yes,,
1956,parenting,general,1956,What age can run around house in am,1,1,reddit:1,en:1,yes,,
1957,parenting,behaviour,1957,What an angry child needs to hear!!,1,1,reddit:1,en:1,yes,,
1958,parenting,potty,1958,What are non American cultures' ideas on potty training?,1,1,reddit:1,en:1,yes,learn to read,
1959,parenting,general,1959,What are the things you feel about motherhood that you’re “not supposed to say”?,1,1,reddit:1,en:1,yes,,
1960,parenting,early-learning,1960,What are typical preschool grades for the 1st and 2nd half of preschool or trimester,1,1,reddit:1,en:1,yes,,
1961,parenting,sleep,1961,"What are we doing wrong? Independent sleep achieved, still 3-4 wakes a night.",1,1,reddit:1,en:1,yes,,
1962,parenting,general,1962,What are you doing all day with an 8 month old?,1,1,reddit:1,en:1,yes,,
1963,parenting,behaviour,1963,What are your thoughts on parents still slapping their children in the name of discipline and casually mentioning it to other parents as if it's a normal usual occurrence?,1,1,reddit:1,en:1,yes,,
1964,parenting,general,1964,What baby clichés or advice turned out to be 100% true (or totally false) for you?,1,1,reddit:1,en:1,yes,,
1965,parenting,general,1965,What babyproofing hazards did you overlook at first?,1,1,reddit:1,en:1,yes,,
1966,parenting,health,1966,What container is safe for my five month old?,1,1,reddit:1,en:1,yes,,
1967,parenting,general,1967,What do you mean this isn’t forever?,1,1,reddit:1,en:1,yes,,
1968,parenting,sleep,1968,What do y’all do while nap trapped?,1,1,reddit:1,en:1,yes,,
1969,parenting,health,1969,What fun gifts are we eyeing for our preschoolers this December?,1,1,reddit:1,en:1,yes,,
1970,parenting,feeding,1970,What gear do I to switch to formula?,1,1,reddit:1,en:1,yes,,
1971,parenting,general,1971,What happened to them?,1,1,reddit:1,en:1,yes,,
1972,parenting,feeding,1972,What has changed in birth/newborn care/breastfeeding recommendations in the last 4 years?,1,1,reddit:1,en:1,yes,learn to read,
1973,parenting,general,1973,What if all of us parents trying to do everything perfectly for our kids is actually causing a greater issue?,1,1,reddit:1,en:1,yes,,
1974,parenting,general,1974,What is going on with our 15 month old?,1,1,reddit:1,en:1,yes,,
1975,parenting,development,1975,What is the impact of daytime nursing on childcare and developmental practice?,1,1,reddit:1,en:1,yes,,
1976,parenting,early-learning,1976,What is the optimal age to start teaching children about disappointment?,1,1,reddit:1,en:1,yes,,
1977,parenting,general,1977,What is this “do what I want” phase?!,1,1,reddit:1,en:1,yes,,
1978,parenting,general,1978,What kind of small bike are we doing?,1,1,reddit:1,en:1,yes,,
1979,parenting,feeding,1979,What liberties can I take once supply regulates?,1,1,reddit:1,en:1,yes,,
1980,parenting,general,1980,What lunchboxes are easiest for babies/toddlers to handle?,1,1,reddit:1,en:1,yes,,
1981,parenting,health,1981,What my mom did at the hospital post partum broke me,1,1,reddit:1,en:1,yes,,
1982,parenting,general,1982,What parenting style is this? What does the evidence say?,1,1,reddit:1,en:1,yes,,
1983,parenting,general,1983,What routine are you so mad you started?,1,1,reddit:1,en:1,yes,,
1984,parenting,health,1984,What shall I do? My child attends a private nursery and told me today a kid pointed at her skin and told her it’s poopo. Shall I speak with the nursery to keep an eye on their interactions or leave it?,1,1,reddit:1,en:1,yes,,
1985,parenting,early-learning,1985,What specifically about reading books is beneficial for babies/ toddlers?,1,1,reddit:1,en:1,yes,,
1986,parenting,sleep,1986,What strategies did you use to wean your toddler from nursing to sleep at naptime?,1,1,reddit:1,en:1,yes,,
1987,parenting,development,1987,What studies are causing the concern around acetaminophen and autism in children?,1,1,reddit:1,en:1,yes,,
1988,parenting,general,1988,What to do with my 15 year old daughter,1,1,reddit:1,en:1,yes,,
1989,parenting,general,1989,What to respond to my kid when he shares about other kids telling him things that make him feel bad,1,1,reddit:1,en:1,yes,,
1990,parenting,general,1990,What was a delusional parenting thought you had before you had your baby?,1,1,reddit:1,en:1,yes,,
1991,parenting,development,1991,What would you have done in this situation?,1,1,reddit:1,en:1,yes,,
1992,parenting,general,1992,What you think about this...?,1,1,reddit:1,en:1,yes,,
1993,parenting,general,1993,What's something other parents you know stress about that you don't give a second thought too?,1,1,reddit:1,en:1,yes,,
1994,parenting,feeding,1994,What's something really lovely about breastfeeding that you don't heat people talk about a lot?,1,1,reddit:1,en:1,yes,,
1995,parenting,general,1995,"What's something that triggers you as a new parent, that you didn't expect?",1,1,reddit:1,en:1,yes,,
1996,parenting,general,1996,What's the most embarrassing thing your LO has said/done in public?,1,1,reddit:1,en:1,yes,,
1997,parenting,general,1997,What's wrong in America that preschools don't do transition perdiod with parents?,1,1,reddit:1,en:1,yes,,
1998,parenting,general,1998,What’s something you did once and now your toddler will not let you forget it?,1,1,reddit:1,en:1,yes,,
1999,parenting,general,1999,What’s your young children’s routine after school?,1,1,reddit:1,en:1,yes,,
2000,parenting,early-learning,2000,When a 33-year-old dad spends a day inside an indoor playground,1,1,reddit:1,en:1,yes,,
2001,parenting,general,2001,When and how did they gain the ability to make jokes?????,1,1,reddit:1,en:1,yes,,
2002,parenting,general,2002,"When asking a kid ""why?"" do you give them multiple choices, or empty air to let them answer themselves?",1,1,reddit:1,en:1,yes,,
2003,parenting,feeding,2003,When did 6 months become the expiry date for breastfeeding?,1,1,reddit:1,en:1,yes,,
2004,parenting,general,2004,When did the spit up stop?,1,1,reddit:1,en:1,yes,,
2005,parenting,sleep,2005,When did you drop to 3 naps? How did you know that your baby needs only 3 naps from now on?,1,1,reddit:1,en:1,yes,,
2006,parenting,general,2006,When did you get your “pink” back?,1,1,reddit:1,en:1,yes,,
2007,parenting,general,2007,When did you stop using white noise?,1,1,reddit:1,en:1,yes,,
2008,parenting,general,2008,When did your toddler use a spoon independently 🥄?,1,1,reddit:1,en:1,yes,,
2009,parenting,you-maa,2009,When do I get any me time again?,1,1,reddit:1,en:1,yes,,
2010,parenting,general,2010,When do kids actually clean up their rooms?,1,1,reddit:1,en:1,yes,,
2011,parenting,early-learning,2011,When does associative play start?,1,1,reddit:1,en:1,yes,,
2012,parenting,general,2012,When does having 2 kids get easier?,1,1,reddit:1,en:1,yes,,
2013,parenting,general,2013,When is it acceptable to leave a child in the car while you run in the shop?,1,1,reddit:1,en:1,yes,,
2014,parenting,general,2014,When people gift you the next size up...,1,1,reddit:1,en:1,yes,,
2015,parenting,early-learning,2015,When should toddler go to preschool according to evidence,1,1,reddit:1,en:1,yes,screen time learning,
2016,parenting,general,2016,When to announce a vacation,1,1,reddit:1,en:1,yes,,
2017,parenting,sleep,2017,When to let baby sleep longer? Morning?,1,1,reddit:1,en:1,yes,,
2018,parenting,sleep,2018,When will my baby stop fighting sleep?..,1,1,reddit:1,en:1,yes,,
2019,parenting,general,2019,When will my baby wanna just rot in bed with me all day and binge watch shows?,1,1,reddit:1,en:1,yes,,
2020,parenting,general,2020,When will the obsession end?!,1,1,reddit:1,en:1,yes,,
2021,parenting,general,2021,When you hear heart melting phrases for the first time!,1,1,reddit:1,en:1,yes,,
2022,parenting,general,2022,"When your kid’s losing it, try saying these phrases !!",1,1,reddit:1,en:1,yes,,
2023,parenting,feeding,2023,When/how did you stop weaning?,1,1,reddit:1,en:1,yes,,
2024,parenting,general,2024,Where did your toddler hide your keys?,1,1,reddit:1,en:1,yes,,
2025,parenting,general,2025,Where to start?! 😵‍💫,1,1,reddit:1,en:1,yes,,
2026,parenting,general,2026,Which is the best vaporizer for baby of 6 months??,1,1,reddit:1,en:1,yes,,
2027,parenting,early-learning,2027,Which toys go in the toddler's room vs playroom?,1,1,reddit:1,en:1,yes,,
2028,parenting,first-40-days,2028,Who else hated having a newborn but loved having a toddler?,1,1,reddit:1,en:1,yes,confidence,
2029,parenting,general,2029,Who ever said you couldn't overfeed a breastfed baby...,1,1,reddit:1,en:1,yes,,
2030,parenting,feeding,2030,Why Cow's Milk After Weaning?,1,1,reddit:1,en:1,yes,shy,
2031,parenting,general,2031,Why Must We Pay Extra for Changing Schools? A Call for Fairer School Fees,1,1,reddit:1,en:1,yes,,
2032,parenting,early-learning,2032,"Why Parents Aren’t Reading to Kids, and What It Means for Young Students",1,1,reddit:1,en:1,yes,,
2033,parenting,feeding,2033,Why are European countries not worried about iron rich foods?,1,1,reddit:1,en:1,yes,,
2034,parenting,general,2034,Why are circumcision guidelines different in the United States compared to the rest of the world?,1,1,reddit:1,en:1,yes,,
2035,parenting,feeding,2035,Why are formula moms upset by the breastfeeding week?,1,1,reddit:1,en:1,yes,,
2036,parenting,general,2036,Why are men like this?,1,1,reddit:1,en:1,yes,,
2037,parenting,general,2037,Why are nursing-friendly clothes either ugly or so obvious?,1,1,reddit:1,en:1,yes,,
2038,parenting,sleep,2038,Why are people so obsessed with baby sleeping through the night!?,1,1,reddit:1,en:1,yes,,
2039,parenting,general,2039,Why are similac and Enfamil not “good enough”?,1,1,reddit:1,en:1,yes,,
2040,parenting,general,2040,Why are some people furious with Byju's WhiteHat Jr?,1,1,reddit:1,en:1,yes,,
2041,parenting,general,2041,Why aren’t more people honest about the first year?,1,1,reddit:1,en:1,yes,,
2042,parenting,first-40-days,2042,Why aren’t ultrasounds a standard part of postpartum checkups?,1,1,reddit:1,en:1,yes,,
2043,parenting,you-maa,2043,Why do people have a second kid when their marriage is barely surviving the first,1,1,reddit:1,en:1,yes,,
2044,parenting,general,2044,Why do we only care about the first year of life?,1,1,reddit:1,en:1,yes,,
2045,parenting,general,2045,Why does everyone hate kids now?,1,1,reddit:1,en:1,yes,,
2046,parenting,you-maa,2046,Why does everyone in the Facebook mom groups I’m in seem to think their kids have parasites?,1,1,reddit:1,en:1,yes,,
2047,parenting,health,2047,Why doesn’t the MMR shot cause full blown disease since it’s a live vaccine?,1,1,reddit:1,en:1,yes,,
2048,parenting,feeding,2048,Why is breast feeding so romanticized?,1,1,reddit:1,en:1,yes,,
2049,parenting,general,2049,"Why is everything that gives us a break ""bad for baby""?? 😭",1,1,reddit:1,en:1,yes,,
2050,parenting,feeding,2050,Why is formula locked up?,1,1,reddit:1,en:1,yes,,
2051,parenting,sleep,2051,Why is infant sleep so variable from night to night?,1,1,reddit:1,en:1,yes,,
2052,parenting,feeding,2052,Why is it that babies can’t have a bottle after 1 year but breastfeeding is ok?,1,1,reddit:1,en:1,yes,screen time learning,
2053,parenting,feeding,2053,Why is the breastfeeding community so….insane?,1,1,reddit:1,en:1,yes,,
2054,parenting,health,2054,Why is there no medical treatment to ease infant diarrhea?,1,1,reddit:1,en:1,yes,,
2055,parenting,general,2055,Why is there so much pressure to entertain our kids?,1,1,reddit:1,en:1,yes,,
2056,parenting,general,2056,Why is this so hard,1,1,reddit:1,en:1,yes,,
2057,parenting,feeding,2057,Why put yourself through this?! Formula is a godsend not the devil incarnate,1,1,reddit:1,en:1,yes,,
2058,parenting,sleep,2058,Why won’t this damn kid nap????,1,1,reddit:1,en:1,yes,,
2059,parenting,behaviour,2059,"Wife claims TV and tablet screen time should be evaluated differently, any truth to this?",1,1,reddit:1,en:1,yes,,
2060,parenting,health,2060,Will 3-5 year olds I’m watching not recognize me if I change my hair?,1,1,reddit:1,en:1,yes,,
2061,parenting,you-maa,2061,Will I ever have “me time” again?,1,1,reddit:1,en:1,yes,,
2062,parenting,general,2062,Will I spend my life missing my baby being this small?,1,1,reddit:1,en:1,yes,,
2063,parenting,general,2063,Will it get bad?,1,1,reddit:1,en:1,yes,,
2064,parenting,feeding,2064,Will my 6wo grow out of the clicking while feeding?,1,1,reddit:1,en:1,yes,,
2065,parenting,sleep,2065,Will some babies just never sleep 12 hours a night?,1,1,reddit:1,en:1,yes,,
2066,parenting,you-maa,2066,Working Parents with a Toddler- morning and afternoon routine?,1,1,reddit:1,en:1,yes,,
2067,parenting,health,2067,Would i be the worst mum ever if I went out with a sick baby?,1,1,reddit:1,en:1,yes,,
2068,parenting,sleep,2068,Would it be crazy to wake up 16m old earlier to go to bed earlier?,1,1,reddit:1,en:1,yes,,
2069,parenting,you-maa,2069,Would it be weird to text this to my ex-husband's girlfriend?,1,1,reddit:1,en:1,yes,,
2070,parenting,sleep,2070,Would you cap naps?,1,1,reddit:1,en:1,yes,,
2071,parenting,general,2071,Would you fly with a 4-month-old for one evening? Sister’s wedding dinner dilemma,1,1,reddit:1,en:1,yes,,
2072,parenting,development,2072,Would you get a nanny in our situation?,1,1,reddit:1,en:1,yes,,
2073,parenting,general,2073,Would you ignore a call from school if you were in a zoom meeting?,1,1,reddit:1,en:1,yes,,
2074,parenting,general,2074,Would you let your child have a day?,1,1,reddit:1,en:1,yes,,
2075,parenting,early-learning,2075,Would you report your kid’s preschool for not having the legally required aid in class?,1,1,reddit:1,en:1,yes,,
2076,parenting,general,2076,Would you start your child in primary school at 4 years and 5 months or 5 years and 5 months?,1,1,reddit:1,en:1,yes,,
2077,parenting,development,2077,Would your first thought be vision or adhd?,1,1,reddit:1,en:1,yes,,
2078,parenting,general,2078,"Wtf is ""intensive parenting""?",1,1,reddit:1,en:1,yes,,
2079,parenting,general,2079,Yeast ? Eczema? Both?,1,1,reddit:1,en:1,yes,,
2080,parenting,general,2080,about travelling problem committing for my daughter,1,1,parentune:1,en:1,yes,,
2081,parenting,health,2081,ac is safe for small babies or not,1,1,parentune:1,en:1,yes,,
2082,parenting,general,2082,advice on winter clothes,1,1,reddit:1,en:1,yes,,
2083,parenting,health,2083,after delivery for 4 months from now am i eligible for covid vaccination first dose and is that safe,1,1,babychakra:1,en:1,yes,,
2084,parenting,you-maa,2084,after preganancy i have too much hair fall any suggestions,1,1,parentune:1,en:1,yes,,
2085,parenting,feeding,2085,after when u need to change to new milk bottle n nipple,1,1,parentune:1,en:1,yes,,
2086,parenting,general,2086,aggression why it happens and what to do about it,1,1,parentune:1,en:1,yes,,
2087,parenting,general,2087,ajkal ke baby bhot hi week ho rhe he nahi sahi se khate he nahi pite he ye ak problem he,1,1,parentune:1,hinglish:1,yes,,
2088,parenting,general,2088,am i born again,1,1,ddg_ac:1,en:1,yes,newborn,
2089,parenting,general,2089,am i born in the year 1000,1,1,ddg_ac:1,en:1,yes,newborn,
2090,parenting,general,2090,am i born to die billy strings,1,1,ddg_ac:1,en:1,yes,newborn,
2091,parenting,general,2091,am i born with my eggs,1,1,ddg_ac:1,en:1,yes,newborn,
2092,parenting,first-40-days,2092,am i more fertile postpartum,1,1,google_ac:1,en:1,yes,postpartum,
2093,parenting,sleep,2093,am i squishing baby sleeping on side,1,1,google_ac:1,en:1,yes,newborn sleep,
2094,parenting,behaviour,2094,angry baby and always ready to eat sweets things,1,1,parentune:1,en:1,yes,,
2095,parenting,feeding,2095,anyone please tell me about 6 to 8 months daily routine mealssemi solids,1,1,parentune:1,en:1,yes,,
2096,parenting,health,2096,anyone used enterogermina for 1 6months baby for loose motions,1,1,parentune:1,en:1,yes,,
2097,parenting,general,2097,anyone who sent their 6 month old to day care,1,1,parentune:1,en:1,yes,,
2098,parenting,general,2098,are 1 year old cats fully grown,1,1,ddg_ac:1,en:1,yes,1 year old,
2099,parenting,general,2099,are 1 year olds free on carnival,1,1,ddg_ac:1,en:1,yes,1 year old,
2100,parenting,development,2100,are 3 months old baby talkative,1,1,ddg_ac:1,en:1,yes,3 month old baby,
2101,parenting,general,2101,are 3 year old horses the fastest,1,1,ddg_ac:1,en:1,yes,3 year old,
2102,parenting,general,2102,are 3 year olds entitled to 15 hours,1,1,ddg_ac:1,en:1,yes,3 year old,
2103,parenting,general,2103,are 3 year olds free at dollywood,1,1,google_ac:1,en:1,yes,3 year old,
2104,parenting,general,2104,are 3 year olds free at movies,1,1,google_ac:1,en:1,yes,3 year old,
2105,parenting,health,2105,are 4 year old horses safe for beginners,1,1,ddg_ac:1,en:1,yes,4 year old,
2106,parenting,general,2106,are 4 year olds in pre k,1,1,ddg_ac:1,en:1,yes,4 year old,
2107,parenting,general,2107,are all 2 year olds difficult,1,1,google_ac:1,en:1,yes,toddler not,
2108,parenting,health,2108,are babies vaccines live,1,1,google_ac:1,en:1,yes,baby vaccination,
2109,parenting,feeding,2109,are baby food pouches recyclable,1,1,google_ac:1,en:1,yes,baby food,
2110,parenting,potty,2110,are baby poops always runny,1,1,google_ac:1,en:1,yes,baby poop,
2111,parenting,health,2111,are baby teething wafers safe,1,1,google_ac:1,en:1,yes,baby teething,
2112,parenting,feeding,2112,are breastfeeding babies more clingy,1,1,google_ac:1,en:1,yes,breastfeeding,
2113,parenting,feeding,2113,are breastfeeding blisters normal,1,1,google_ac:1,en:1,yes,breastfeeding,
2114,parenting,feeding,2114,are breastfeeding breaks paid,1,1,google_ac:1,en:1,yes,breastfeeding,
2115,parenting,feeding,2115,are breastfeeding covers safe,1,1,google_ac:1,en:1,yes,breastfeeding,
2116,parenting,feeding,2116,are breastfeeding supplies hsa eligible,1,1,google_ac:1,en:1,yes,breastfeeding,
2117,parenting,feeding,2117,are cashews good for breastfeeding,1,1,ddg_ac:1,en:1,yes,breastfeeding,
2118,parenting,feeding,2118,are chia seeds good for breastfeeding,1,1,ddg_ac:1,en:1,yes,breastfeeding,
2119,parenting,health,2119,are colic babies more likely to be autistic,1,1,google_ac:1,en:1,yes,baby colic,
2120,parenting,potty,2120,are diapers good or not,1,1,parentune:1,en:1,yes,,
2121,parenting,feeding,2121,are eggs good for breastfeeding,1,1,ddg_ac:1,en:1,yes,breastfeeding,
2122,parenting,behaviour,2122,are kids hitting puberty earlier,1,1,google_ac:1,en:1,yes,toddler hitting,
2123,parenting,first-40-days,2123,are newborn kittens blind,1,1,google_ac:1,en:1,yes,newborn,
2124,parenting,first-40-days,2124,are newborn legs curved,1,1,google_ac:1,en:1,yes,newborn,
2125,parenting,first-40-days,2125,are newborn neurons glycolytic,1,1,ddg_ac:1,en:1,yes,newborn,
2126,parenting,sleep,2126,are newborn sleep sacks safe,1,1,google_ac:1,en:1,yes,newborn sleep,
2127,parenting,health,2127,are newborns born with teeth,1,1,ddg_ac:1,en:1,yes,newborn,
2128,parenting,general,2128,are newborns double jointed,1,1,ddg_ac:1,en:1,yes,newborn,
2129,parenting,general,2129,are newborns sensitive to light,1,1,ddg_ac:1,en:1,yes,newborn,
2130,parenting,feeding,2130,are nuts good for breastfeeding,1,1,ddg_ac:1,en:1,yes,breastfeeding,
2131,parenting,first-40-days,2131,are postpartum doulas covered by insurance,1,1,ddg_ac:1,en:1,yes,postpartum,
2132,parenting,behaviour,2132,are toddler tantrums a sign of intelligence,1,1,google_ac:1,en:1,yes,toddler tantrums,
2133,parenting,development,2133,are walkers good for babies,1,1,parentune:1,en:1,yes,,
2134,parenting,health,2134,as there is a shortage of polio vaccine in india only one polio vaccine is done for my baby till now she has completed 8 months all vaccines are mandatory,1,1,parentune:1,en:1,yes,,
2135,parenting,general,2135,baby 5month ki ho gyi helekin wo jyada khelti nahiroya karti he sirf thodi der hi khelti he wese use kuch problem b nhi he jiddi he esa kya kare jo baby ka mood hummesa khus rahe or khele plz koi bata,1,1,parentune:1,hinglish:1,yes,,
2136,parenting,general,2136,baby always wants to be in godi,1,1,parentune:1,en:1,yes,,
2137,parenting,general,2137,baby bahut weak hai,1,1,parentune:1,hinglish:1,yes,,
2138,parenting,feeding,2138,baby breastfeed nahi kar raha,1,1,mylo:1,hinglish:1,yes,,
2139,parenting,feeding,2139,baby doesnt drink water at all,1,1,parentune:1,en:1,yes,,
2140,parenting,development,2140,baby dont like to sit at one place,1,1,parentune:1,en:1,yes,,
2141,parenting,health,2141,baby fever kitna hona chahiye,1,1,google_ac:1,en:1,yes,baby fever,
2142,parenting,feeding,2142,baby food kaise banaen,1,1,google_ac:1,en:1,yes,baby food,
2143,parenting,general,2143,baby is not responding for sounds,1,1,parentune:1,en:1,yes,,
2144,parenting,general,2144,baby ke muh me sabun gaya kya kare,1,1,mylo:1,hinglish:1,yes,,
2145,parenting,potty,2145,baby ki hari potty normal hai ya nahi,1,1,mylo:1,hinglish:1,yes,,
2146,parenting,general,2146,baby ko healthy kese banaye uska wath bahoot kam hy,1,1,parentune:1,en:1,yes,,
2147,parenting,health,2147,baby ko ichki bahot ati he or akbar dudh ki ulti ho gai kya problam hoga,1,1,babychakra:1,hinglish:1,yes,,
2148,parenting,general,2148,baby ko kaise sulaye,1,1,mylo:1,hinglish:1,yes,,
2149,parenting,health,2149,baby ko sardi hone par kya kare,1,1,mylo:1,hinglish:1,yes,,
2150,parenting,health,2150,baby ko tikakaran ke dard se bachane k liye koi tube aati hai use par lagane ki to please bataye,1,1,parentune:1,hinglish:1,yes,,
2151,parenting,general,2151,baby not urinating much,1,1,parentune:1,en:1,yes,,
2152,parenting,feeding,2152,baby preferring only bottle to feed,1,1,parentune:1,en:1,yes,,
2153,parenting,feeding,2153,baby still on powder milk,1,1,parentune:1,en:1,yes,,
2154,parenting,health,2154,baby teeth kab aate hai,1,1,google_ac:1,en:1,yes,baby teething,
2155,parenting,feeding,2155,baby weaning how much to give,1,1,google_ac:1,en:1,yes,baby weaning,
2156,parenting,feeding,2156,baby weaning when to introduce second meal,1,1,google_ac:1,en:1,yes,baby weaning,
2157,parenting,general,2157,bacche ka dood kaise chdbaoon please kuch help kijiye mam,1,1,parentune:1,hinglish:1,yes,,
2158,parenting,feeding,2158,bache ko khane ke liye kese refy kare,1,1,parentune:1,hinglish:1,yes,,
2159,parenting,general,2159,bahut rota h mera baby or 2 month 3 din ka h,1,1,parentune:1,hinglish:1,yes,,
2160,parenting,behaviour,2160,behaviour issues with daughter,1,1,parentune:1,en:1,yes,,
2161,parenting,general,2161,best board for child,1,1,parentune:1,en:1,yes,,
2162,parenting,health,2162,best lotion for dry skin,1,1,parentune:1,en:1,yes,,
2163,parenting,general,2163,best lotion or cream for babies in winters,1,1,parentune:1,en:1,yes,,
2164,parenting,general,2164,boy baby good starting with le li ch a,1,1,parentune:1,en:1,yes,,
2165,parenting,general,2165,can 1 year old drink orange juice,1,1,ddg_ac:1,en:1,yes,1 year old,
2166,parenting,feeding,2166,can 1 year old eat chocolate,1,1,google_ac:1,en:1,yes,1 year old,
2167,parenting,feeding,2167,can 1 year old eat peanut butter,1,1,ddg_ac:1,en:1,yes,1 year old,
2168,parenting,feeding,2168,can 1 year old eat pomegranate,1,1,google_ac:1,en:1,yes,1 year old,
2169,parenting,general,2169,can 1 year old have honey graham crackers,1,1,google_ac:1,en:1,yes,1 year old,
2170,parenting,sleep,2170,can 1 year old sleep with muslin blanket,1,1,google_ac:1,en:1,yes,1 year old,
2171,parenting,general,2171,can 3 month old baby travel by car,1,1,google_ac:1,en:1,yes,3 month old baby,
2172,parenting,general,2172,can 3 year old drink glucon d,1,1,google_ac:1,en:1,yes,3 year old,
2173,parenting,general,2173,can 3 year old get dengue,1,1,google_ac:1,en:1,yes,3 year old,
2174,parenting,general,2174,can 4 year old drink ors,1,1,google_ac:1,en:1,yes,4 year old,
2175,parenting,feeding,2175,can 4 year old eat 2 eggs a day,1,1,google_ac:1,en:1,yes,4 year old,
2176,parenting,feeding,2176,can 4 year old eat pumpkin seeds,1,1,google_ac:1,en:1,yes,4 year old,
2177,parenting,feeding,2177,can 4 year old eat strepsils,1,1,google_ac:1,en:1,yes,4 year old,
2178,parenting,development,2178,can 4 year olds walk,1,1,ddg_ac:1,en:1,yes,4 year old,
2179,parenting,general,2179,can 5 year old do scuba diving,1,1,google_ac:1,en:1,yes,5 year old,
2180,parenting,general,2180,can 5 year old go to kedarnath,1,1,google_ac:1,en:1,yes,5 year old,
2181,parenting,general,2181,can 5 year old have whey protein,1,1,ddg_ac:1,en:1,yes,5 year old,
2182,parenting,general,2182,can 5 year old take tablets,1,1,google_ac:1,en:1,yes,5 year old,
2183,parenting,general,2183,can 5 year old use adult toothpaste,1,1,google_ac:1,en:1,yes,5 year old,
2184,parenting,general,2184,can 5 year old watch 3d movies,1,1,google_ac:1,en:1,yes,5 year old,
2185,parenting,early-learning,2185,can 5 year olds count,1,1,ddg_ac:1,en:1,yes,5 year old,
2186,parenting,feeding,2186,can 6 month old baby eat jaggery,1,1,google_ac:1,en:1,yes,6 month old baby,
2187,parenting,feeding,2187,can 6 month old baby eat salt,1,1,google_ac:1,en:1,yes,6 month old baby,
2188,parenting,feeding,2188,can 6 month old baby eat zucchini,1,1,google_ac:1,en:1,yes,6 month old baby,
2189,parenting,general,2189,can 6 month old baby have zyrtec,1,1,google_ac:1,en:1,yes,6 month old baby,
2190,parenting,feeding,2190,can 7 month old baby eat puffed rice,1,1,ddg_ac:1,en:1,yes,6 month old baby,
2191,parenting,general,2191,can a 1 year old have asthma,1,1,ddg_ac:1,en:1,yes,1 year old,
2192,parenting,general,2192,can a 1 year old have pizza,1,1,ddg_ac:1,en:1,yes,1 year old,
2193,parenting,sleep,2193,can a 2 year old sleep on an air mattress,1,1,google_ac:1,en:1,yes,toddler sleep,
2194,parenting,general,2194,can a 3 month old baby drink pedialyte,1,1,ddg_ac:1,en:1,yes,3 month old baby,
2195,parenting,general,2195,can a 3 month old baby go to the zoo,1,1,google_ac:1,en:1,yes,3 month old baby,
2196,parenting,general,2196,can a 3 year old get appendicitis,1,1,ddg_ac:1,en:1,yes,3 year old,
2197,parenting,general,2197,can a 3 year old get mono,1,1,ddg_ac:1,en:1,yes,3 year old,
2198,parenting,feeding,2198,can a 3 year old watch foodfight dvd,1,1,ddg_ac:1,en:1,yes,3 year old,
2199,parenting,early-learning,2199,can a 4 year old play chess,1,1,ddg_ac:1,en:1,yes,4 year old,
2200,parenting,general,2200,can a 4 year old watch coco melon,1,1,ddg_ac:1,en:1,yes,4 year old,
2201,parenting,feeding,2201,can a 5 year old eat shart,1,1,ddg_ac:1,en:1,yes,5 year old,
2202,parenting,general,2202,can a 5 year old ski,1,1,ddg_ac:1,en:1,yes,5 year old,
2203,parenting,general,2203,can a 5 year old use an ipad,1,1,ddg_ac:1,en:1,yes,5 year old,
2204,parenting,general,2204,can a 5 year old vote,1,1,ddg_ac:1,en:1,yes,5 year old,
2205,parenting,feeding,2205,can a 6 month old baby eat strawberries,1,1,ddg_ac:1,en:1,yes,6 month old baby,
2206,parenting,health,2206,can a baby get fever after a fall,1,1,google_ac:1,en:1,yes,toddler hitting,
2207,parenting,first-40-days,2207,can a baby survive at 20 weeks old,1,1,google_ac:1,en:1,yes,pregnancy 20 weeks,
2208,parenting,feeding,2208,can a breastfeeding mom eat sushi,1,1,ddg_ac:1,en:1,yes,breastfeeding,
2209,parenting,feeding,2209,can a breastfeeding mother take azithromycin,1,1,ddg_ac:1,en:1,yes,breastfeeding,
2210,parenting,feeding,2210,can a breastfeeding mother take bactrim,1,1,ddg_ac:1,en:1,yes,breastfeeding,
2211,parenting,first-40-days,2211,can a newborn get hand foot and mouth,1,1,ddg_ac:1,en:1,yes,newborn,
2212,parenting,health,2212,can a toddler not pooping cause a fever,1,1,google_ac:1,en:1,yes,toddler not,
2213,parenting,you-maa,2213,can any body reply or should i leave because two tym i had sen d msg that my daughter is 1 5 yrs old nd she is not having anything she is only 9 5 kg,1,1,parentune:1,en:1,yes,,
2214,parenting,general,2214,can anyone pls suggest good menus for 7 and half month babies apart from khichdi apple puree banana ragi rava and sabu,1,1,parentune:1,en:1,yes,,
2215,parenting,development,2215,can babies get delayed concussion,1,1,google_ac:1,en:1,yes,toddler hitting,
2216,parenting,sleep,2216,can babies sleep on their side if they roll over,1,1,google_ac:1,en:1,yes,newborn sleep,
2217,parenting,development,2217,can baby falling cause autism,1,1,google_ac:1,en:1,yes,toddler hitting,
2218,parenting,health,2218,can baby immunisations make them sick,1,1,google_ac:1,en:1,yes,baby vaccination,
2219,parenting,general,2219,can baby lice lay eggs,1,1,ddg_ac:1,en:1,yes,baby colic,
2220,parenting,general,2220,can baby not getting full on breastmilk,1,1,google_ac:1,en:1,yes,toddler not,
2221,parenting,feeding,2221,can baby not like breast milk,1,1,google_ac:1,en:1,yes,toddler not,
2222,parenting,feeding,2222,can baby not like taste of formula,1,1,google_ac:1,en:1,yes,toddler not,
2223,parenting,general,2223,can baby not move some days,1,1,google_ac:1,en:1,yes,toddler not,
2224,parenting,health,2224,can baby poop burn skin,1,1,google_ac:1,en:1,yes,baby poop,
2225,parenting,health,2225,can baby teething cause rash,1,1,google_ac:1,en:1,yes,baby teething,
2226,parenting,potty,2226,can blueberries make baby poop black,1,1,ddg_ac:1,en:1,yes,baby poop,
2227,parenting,health,2227,can bottle feeding cause ear infection,1,1,google_ac:1,en:1,yes,formula feeding,
2228,parenting,feeding,2228,can breastfeeding mom drink matcha,1,1,ddg_ac:1,en:1,yes,breastfeeding,
2229,parenting,feeding,2229,can breastfeeding moms eat shrimp,1,1,ddg_ac:1,en:1,yes,breastfeeding,
2230,parenting,feeding,2230,can breastfeeding moms take zyrtec,1,1,ddg_ac:1,en:1,yes,breastfeeding,
2231,parenting,feeding,2231,can breastfeeding mother eat maggi,1,1,google_ac:1,en:1,yes,breastfeeding,
2232,parenting,feeding,2232,can breastfeeding mother eat pizza,1,1,google_ac:1,en:1,yes,breastfeeding,
2233,parenting,feeding,2233,can breastfeeding mother take dolo 650,1,1,google_ac:1,en:1,yes,breastfeeding,
2234,parenting,feeding,2234,can breastfeeding mother take paracetamol,1,1,google_ac:1,en:1,yes,breastfeeding,
2235,parenting,general,2235,can carrying a toddler cause miscarriage,1,1,google_ac:1,en:1,yes,toddler hitting,
2236,parenting,health,2236,can colic babies go to daycare,1,1,google_ac:1,en:1,yes,baby colic,
2237,parenting,health,2237,can colic baby be cured,1,1,google_ac:1,en:1,yes,baby colic,
2238,parenting,feeding,2238,can formula feeding cause gas,1,1,google_ac:1,en:1,yes,formula feeding,
2239,parenting,development,2239,can hepatitis b prevent a child from walking,1,1,parentune:1,en:1,yes,,
2240,parenting,general,2240,can i bath my 2months baby twice a day during summer,1,1,parentune:1,en:1,yes,,
2241,parenting,feeding,2241,can i bring baby food on a disney cruise,1,1,ddg_ac:1,en:1,yes,baby food,
2242,parenting,feeding,2242,can i eat 3 year old chocolate,1,1,google_ac:1,en:1,yes,3 year old,
2243,parenting,feeding,2243,can i formula feed every 2 hours,1,1,google_ac:1,en:1,yes,formula feeding,
2244,parenting,general,2244,can i give 4 year old 6 plus calpol,1,1,google_ac:1,en:1,yes,4 year old,
2245,parenting,general,2245,can i give my eight months old baby boiled eggs,1,1,parentune:1,en:1,yes,,
2246,parenting,feeding,2246,can i microwave gerber baby food,1,1,google_ac:1,en:1,yes,baby food,
2247,parenting,potty,2247,can i potty train a 1 year old,1,1,google_ac:1,en:1,yes,potty training,
2248,parenting,potty,2248,can i potty train a goat,1,1,google_ac:1,en:1,yes,potty training,
2249,parenting,potty,2249,can i potty train a rabbit,1,1,google_ac:1,en:1,yes,potty training,
2250,parenting,health,2250,can i refuse baby vaccines,1,1,google_ac:1,en:1,yes,baby vaccination,
2251,parenting,health,2251,can i use baby rub for my 2 5 month old baby for cold because i e triedeach n every remedy and doctor medicine for him,1,1,parentune:1,en:1,yes,,
2252,parenting,general,2252,can i use cetaphil lotion for my baby in form of moisturizer or else,1,1,parentune:1,en:1,yes,,
2253,parenting,sleep,2253,can newborn sleep unswaddled,1,1,google_ac:1,en:1,yes,newborn sleep,
2254,parenting,general,2254,can newborns swim,1,1,ddg_ac:1,en:1,yes,newborn,
2255,parenting,first-40-days,2255,can postpartum happen after a year,1,1,google_ac:1,en:1,yes,postpartum,
2256,parenting,first-40-days,2256,can postpartum mom eat eggs,1,1,google_ac:1,en:1,yes,postpartum,
2257,parenting,first-40-days,2257,can postpartum mom eat jackfruit,1,1,google_ac:1,en:1,yes,postpartum,
2258,parenting,first-40-days,2258,can postpartum mom eat mushroom,1,1,google_ac:1,en:1,yes,postpartum,
2259,parenting,potty,2259,can potty training cause behavior problems,1,1,google_ac:1,en:1,yes,potty training,
2260,parenting,potty,2260,can potty training cause fever,1,1,google_ac:1,en:1,yes,potty training,
2261,parenting,general,2261,can to havesingle child is good option,1,1,parentune:1,en:1,yes,,
2262,parenting,general,2262,can toddler jumping on belly hurt baby,1,1,google_ac:1,en:1,yes,toddler hitting,
2263,parenting,sleep,2263,can toddler sleep immediately after eating,1,1,google_ac:1,en:1,yes,toddler sleep,
2264,parenting,sleep,2264,can toddler sleep in car seat,1,1,google_ac:1,en:1,yes,toddler sleep,
2265,parenting,development,2265,can tongue tie affect toddler speech,1,1,google_ac:1,en:1,yes,toddler speech,
2266,parenting,development,2266,can tonsils affect toddler speech,1,1,google_ac:1,en:1,yes,toddler speech,
2267,parenting,feeding,2267,can you breastfeed anywhere,1,1,google_ac:1,en:1,yes,breastfeeding,
2268,parenting,feeding,2268,can you test positive while breastfeeding,1,1,google_ac:1,en:1,yes,breastfeeding,
2269,parenting,you-maa,2269,challenges in having second baby when you are working,1,1,parentune:1,en:1,yes,,
2270,parenting,behaviour,2270,child behaviour when any gust come,1,1,parentune:1,en:1,yes,,
2271,parenting,general,2271,child doesnt want to defeat,1,1,parentune:1,en:1,yes,,
2272,parenting,general,2272,child glued to i pad please help,1,1,parentune:1,en:1,yes,,
2273,parenting,health,2273,child is not keeping eye contact and not responding,1,1,parentune:1,en:1,yes,,
2274,parenting,general,2274,child too much clinged on to you tube videos,1,1,parentune:1,en:1,yes,,
2275,parenting,general,2275,child very fond of dressing up,1,1,parentune:1,en:1,yes,,
2276,parenting,health,2276,clogged duct but no pain?,1,1,reddit:1,en:1,yes,,
2277,parenting,potty,2277,cloth diaper to buy or not,1,1,parentune:1,en:1,yes,,
2278,parenting,health,2278,cold problem for 1 yr old baby,1,1,parentune:1,en:1,yes,,
2279,parenting,development,2279,concern about baby sitting,1,1,parentune:1,en:1,yes,,
2280,parenting,feeding,2280,concern with my childs drinking milk,1,1,parentune:1,en:1,yes,,
2281,parenting,feeding,2281,concerns wheather breastfeeding enough,1,1,parentune:1,en:1,yes,,
2282,parenting,health,2282,constipation my son is 10 months old he did not pass stools for the past 7 days can anyone plz tell me remedy,1,1,parentune:1,en:1,yes,,
2283,parenting,development,2283,correct treatment for mild autism what is occupational therapy actually,1,1,parentune:1,en:1,yes,,
2284,parenting,health,2284,cough not stopping winter,1,1,parentune:1,en:1,yes,,
2285,parenting,feeding,2285,cow milk gud or bad for 26 days baby,1,1,parentune:1,en:1,yes,,
2286,parenting,behaviour,2286,cranky and angry child when things are not his way,1,1,parentune:1,en:1,yes,,
2287,parenting,feeding,2287,cranky and not eating,1,1,parentune:1,en:1,yes,,
2288,parenting,health,2288,dabur real juice is it safe for 1 year old babies,1,1,parentune:1,en:1,yes,,
2289,parenting,development,2289,daughter almost 3 not talking much,1,1,parentune:1,en:1,yes,,
2290,parenting,sleep,2290,daytime nap under tiredness but still seems sleepy?,1,1,reddit:1,en:1,yes,,
2291,parenting,development,2291,delayed speech not able to speak in flow,1,1,parentune:1,en:1,yes,,
2292,parenting,health,2292,diaper rash please tell me a solution for immediate cure,1,1,parentune:1,en:1,yes,,
2293,parenting,general,2293,did i miss something for my first baby,1,1,parentune:1,en:1,yes,,
2294,parenting,sleep,2294,do 3 year olds still wear nappies,1,1,google_ac:1,en:1,yes,3 year old,
2295,parenting,general,2295,do 4 year old remember things,1,1,google_ac:1,en:1,yes,4 year old,
2296,parenting,general,2296,do 4 year olds understand consequences,1,1,ddg_ac:1,en:1,yes,4 year old,
2297,parenting,development,2297,do babies reach milestones on their own,1,1,google_ac:1,en:1,yes,baby milestones,
2298,parenting,feeding,2298,do baby food pouches have microplastics,1,1,google_ac:1,en:1,yes,baby food,
2299,parenting,health,2299,do baby teeth have stem cells,1,1,ddg_ac:1,en:1,yes,baby teething,
2300,parenting,feeding,2300,do breastfeeding moms sweat more,1,1,google_ac:1,en:1,yes,breastfeeding,
2301,parenting,health,2301,do i have baby fever quiz,1,1,google_ac:1,en:1,yes,baby fever,
2302,parenting,general,2302,do newborns fart a lot,1,1,google_ac:1,en:1,yes,newborn,
2303,parenting,general,2303,do newborns have tears,1,1,google_ac:1,en:1,yes,newborn,
2304,parenting,general,2304,do newborns need bibs,1,1,ddg_ac:1,en:1,yes,newborn,
2305,parenting,first-40-days,2305,do postpartum belly binders work,1,1,google_ac:1,en:1,yes,postpartum,
2306,parenting,first-40-days,2306,do postpartum ice packs expire,1,1,google_ac:1,en:1,yes,postpartum,
2307,parenting,first-40-days,2307,do postpartum waist trainers work,1,1,google_ac:1,en:1,yes,postpartum,
2308,parenting,potty,2308,do potty training pants hold pee,1,1,google_ac:1,en:1,yes,potty training,
2309,parenting,health,2309,do we need to avoid yogurt totally when suffering from cough and cold,1,1,parentune:1,en:1,yes,,
2310,parenting,you-maa,2310,doctor meri last lmp 10 december thi but mujhe pcod ki vjh se periods regular nhi h to meri last son,1,1,babychakra:1,hinglish:1,yes,,
2311,parenting,development,2311,does 1 year old crawl,1,1,ddg_ac:1,en:1,yes,1 year old,
2312,parenting,general,2312,does 3 month old baby gets dandruff,1,1,google_ac:1,en:1,yes,3 month old baby,
2313,parenting,general,2313,does 5 year old understand time concept,1,1,ddg_ac:1,en:1,yes,5 year old,
2314,parenting,health,2314,does 6 month old baby have teeth,1,1,google_ac:1,en:1,yes,6 month old baby,
2315,parenting,general,2315,does 6 month old baby need pillow,1,1,google_ac:1,en:1,yes,6 month old baby,
2316,parenting,general,2316,does 6 year old get shots,1,1,ddg_ac:1,en:1,yes,5 year old,
2317,parenting,general,2317,does 6 year old need car seat,1,1,ddg_ac:1,en:1,yes,5 year old,
2318,parenting,general,2318,does 8 year old need booster seat,1,1,ddg_ac:1,en:1,yes,5 year old,
2319,parenting,feeding,2319,does a 1 year old know when to stop eating,1,1,google_ac:1,en:1,yes,1 year old,
2320,parenting,general,2320,does anybodys child have childhood asthma,1,1,parentune:1,en:1,yes,,
2321,parenting,feeding,2321,does baby food have vat,1,1,ddg_ac:1,en:1,yes,baby food,
2322,parenting,feeding,2322,does baby formula expire if unopened reddit,1,1,google_ac:1,en:1,yes,baby food,
2323,parenting,potty,2323,does baby poop have bacteria,1,1,google_ac:1,en:1,yes,baby poop,
2324,parenting,potty,2324,does baby poop smell like vinegar,1,1,google_ac:1,en:1,yes,baby poop,
2325,parenting,sleep,2325,does baby sleeping on side increase sids,1,1,google_ac:1,en:1,yes,newborn sleep,
2326,parenting,early-learning,2326,does baby wearing count as tummy time,1,1,ddg_ac:1,en:1,yes,baby weaning,
2327,parenting,development,2327,does baby weight affect milestones,1,1,google_ac:1,en:1,yes,baby milestones,
2328,parenting,feeding,2328,does being overweight affect breastfeeding,1,1,google_ac:1,en:1,yes,formula feeding,
2329,parenting,feeding,2329,does bottle feeding cause constipation,1,1,google_ac:1,en:1,yes,formula feeding,
2330,parenting,feeding,2330,does breastfeeding break wudu,1,1,google_ac:1,en:1,yes,breastfeeding,
2331,parenting,feeding,2331,does breastfeeding cause constipation in mother,1,1,google_ac:1,en:1,yes,breastfeeding,
2332,parenting,feeding,2332,does breastfeeding lower immune system,1,1,ddg_ac:1,en:1,yes,breastfeeding,
2333,parenting,general,2333,does cash for clothes take baby clothes,1,1,google_ac:1,en:1,yes,newborn,
2334,parenting,health,2334,does fever transfer from mother to baby,1,1,google_ac:1,en:1,yes,baby fever,
2335,parenting,feeding,2335,does lactomama increase breast milk supply,1,1,mylo:1,en:1,yes,,
2336,parenting,first-40-days,2336,does medicaid cover postpartum care,1,1,ddg_ac:1,en:1,yes,postpartum,
2337,parenting,you-maa,2337,does my 3 month old know i'm his mom,1,1,google_ac:1,en:1,yes,3 month old baby,
2338,parenting,early-learning,2338,does my all time availability making my kid dependent on me does she needs a daycare for being independent,1,1,parentune:1,en:1,yes,,
2339,parenting,first-40-days,2339,does my newborn know who i am,1,1,google_ac:1,en:1,yes,newborn,
2340,parenting,first-40-days,2340,does newborn kittens have rabies,1,1,ddg_ac:1,en:1,yes,newborn,
2341,parenting,first-40-days,2341,does newborn screen test for g6pd,1,1,ddg_ac:1,en:1,yes,newborn,
2342,parenting,first-40-days,2342,does newborn screen test for sickle cell,1,1,ddg_ac:1,en:1,yes,newborn,
2343,parenting,development,2343,does not crawl,1,1,parentune:1,en:1,yes,,
2344,parenting,potty,2344,does number of pee decrease when baby grow my baby is 4 month old and his tendency of doing pee decr,1,1,babychakra:1,en:1,yes,,
2345,parenting,first-40-days,2345,does postpartum cause memory loss,1,1,google_ac:1,en:1,yes,postpartum,
2346,parenting,feeding,2346,does serenity baby food need to be refrigerated,1,1,google_ac:1,en:1,yes,baby food,
2347,parenting,behaviour,2347,does sugar cause toddler tantrums,1,1,google_ac:1,en:1,yes,toddler tantrums,
2348,parenting,general,2348,does your child remain irritable know some effective tips,1,1,parentune:1,en:1,yes,,
2349,parenting,general,2349,does your child require glasses,1,1,parentune:1,en:1,yes,,
2350,parenting,feeding,2350,dont drink milk,1,1,parentune:1,en:1,yes,,
2351,parenting,potty,2351,dont want to use diaper in summer,1,1,parentune:1,en:1,yes,,
2352,parenting,behaviour,2352,during this period unplanned holidays my daughter started watching tv phone and ipad alot and being busy wholeday i could not control and because of that she became very agressive and loud she does no,1,1,parentune:1,en:1,yes,,
2353,parenting,feeding,2353,eating is troublesome drinking only milk,1,1,parentune:1,en:1,yes,,
2354,parenting,general,2354,fan or ac which is better for babies,1,1,parentune:1,en:1,yes,,
2355,parenting,health,2355,feverless vaccinations vs vaccination which gives fever,1,1,parentune:1,en:1,yes,,
2356,parenting,feeding,2356,food hi mommies my baby girl is 6 month old i wanna to give her something else like cerelac rice dal roti dal etc but she is never eat anything without,1,1,parentune:1,en:1,yes,,
2357,parenting,feeding,2357,formula feeding how to dry up milk,1,1,google_ac:1,en:1,yes,formula feeding,
2358,parenting,feeding,2358,formula milk is best for baby r cow milk my baby is 6 month old,1,1,parentune:1,en:1,yes,,
2359,parenting,feeding,2359,formula or toned milk which is best,1,1,parentune:1,en:1,yes,,
2360,parenting,general,2360,gastric problem in 1 year old,1,1,parentune:1,en:1,yes,,
2361,parenting,health,2361,give some tips to increase weight for a child as my son is,1,1,parentune:1,en:1,yes,,
2362,parenting,early-learning,2362,good games and books for toddlers age 2 4 years,1,1,parentune:1,en:1,yes,,
2363,parenting,general,2363,good stroller for my baby,1,1,parentune:1,en:1,yes,,
2364,parenting,feeding,2364,hai my daughter 4 months old she is very thin which food you can prefer to give her,1,1,parentune:1,en:1,yes,,
2365,parenting,health,2365,hair growth and thick hair advice,1,1,parentune:1,en:1,yes,,
2366,parenting,health,2366,hair problem 5 months baby girl,1,1,parentune:1,en:1,yes,,
2367,parenting,health,2367,hanging 10 months old only holding head,1,1,parentune:1,en:1,yes,,
2368,parenting,potty,2368,has anyone used cloth diapers with microfiber inserts,1,1,parentune:1,en:1,yes,,
2369,parenting,feeding,2369,hate breastfeeding and I’m at my breaking point—but baby refuses formula. Am I selfish,1,1,reddit:1,en:1,yes,,
2370,parenting,behaviour,2370,he is hitting himself when we scold him,1,1,parentune:1,en:1,yes,,
2371,parenting,health,2371,head n feet of my one year old son are usualy warm we are worried like its fever plz suggest,1,1,babychakra:1,en:1,yes,,
2372,parenting,feeding,2372,health ke liye baby ko kya khilaye,1,1,parentune:1,hinglish:1,yes,,
2373,parenting,general,2373,hello baby chakra thairoide mariz k liye fayde aur kya nuksandayak h bataye,1,1,babychakra:1,hinglish:1,yes,,
2374,parenting,general,2374,hello friend mera beta 5 mahine or 12 din ka hai bo 3 5 din se green poti kr raha hai din mein 4 5 baar kya karo mein bhut jada paresaan hu aisa kyo ho raha hai please reply,1,1,parentune:1,hinglish:1,yes,,
2375,parenting,health,2375,hello frndsstill no paindoctor said head fix nhi hua haibt vagina me pain,1,1,mylo:1,en:1,yes,,
2376,parenting,health,2376,hello frndz my 6 mnth bany has so many rashes what should i do for him he cried so much i put a diaper cream also but nthing change,1,1,parentune:1,en:1,yes,,
2377,parenting,health,2377,hello guy s i have a baby boy he is 10 months old but still his hair isn t thick i used john son bra,1,1,babychakra:1,en:1,yes,,
2378,parenting,health,2378,hello im 3 month old mom after my delivery i have constipation than after this i get little tear in anus fissure is occurr what can i do to cure this,1,1,parentune:1,en:1,yes,,
2379,parenting,general,2379,hello mairi beti 4 month 17 din ki hai usko 1 week se green poty aa rhi hai fatigue fati c aisa q ho rha hai plz help,1,1,parentune:1,hinglish:1,yes,,
2380,parenting,health,2380,hello mam mjhe 6 month ka baby hai c section ko 6 month hogya hai but meri full body me pain bahut jyada hai or stomach me nhi pain rahta hai or kuch chubta bhi hai stomach me,1,1,parentune:1,hinglish:1,yes,,
2381,parenting,early-learning,2381,hello mam today my child was playing with his friend and suddenly he touched some girls private part i asked him why he started lieing why did he do so w,1,1,parentune:1,en:1,yes,,
2382,parenting,general,2382,hello mera baby 23 days ka h bohot kamzor h uska waight birth ke time 2 kg tha waight badhane ke liye kya kare,1,1,parentune:1,hinglish:1,yes,,
2383,parenting,general,2383,hello meri beti 2 years ki ho gayi hai aur use hairfall ho rha h bhut kya k,1,1,babychakra:1,hinglish:1,yes,,
2384,parenting,feeding,2384,hello meta baby 3month ka hai mai feed kraiti hu bt an jyada milk nhi bn pata kya kru baby ko feed krane k liye doc mana krte hai koi air milk dene k like plz,1,1,parentune:1,hinglish:1,yes,,
2385,parenting,feeding,2385,hello momsmy 8 month old baby is refusing her food for past 3 days she is losing her wait can any one suggest me why suddenly she is not eating,1,1,parentune:1,en:1,yes,,
2386,parenting,potty,2386,hello moommies please suggest good quality brand diaper with wetness quality for 6 month old baby bo,1,1,babychakra:1,en:1,yes,,
2387,parenting,feeding,2387,hello my baby is 11 months old now and as always he is still a fussy baby when feeding most of the time he pushes away food from his tongue and burps these days does that mean he is full with only eat,1,1,parentune:1,en:1,yes,,
2388,parenting,general,2388,hello my baby is 14 month old dry fruits r good for her,1,1,parentune:1,en:1,yes,,
2389,parenting,sleep,2389,hello my baby is 2 month old she has silent reflux and doesnt let her sleep sound please suggest any trick or tip that work for her,1,1,parentune:1,en:1,yes,,
2390,parenting,development,2390,hello my son having problem while speaking or stutters is it normal in his age or i have to see doctor,1,1,parentune:1,en:1,yes,,
2391,parenting,feeding,2391,hello my son is of 2yr complete bt his diet is nil he doesnt lyk nythg to eat m very worried aabt him his weight is also nt gaining pls help me,1,1,parentune:1,en:1,yes,,
2392,parenting,you-maa,2392,hello want to ask about how to deal with pushy and dominating mother in law,1,1,babychakra:1,en:1,yes,,
2393,parenting,feeding,2393,hello what to provide to 3 5 months baby from home if from breastfeeding her hunger doesnt go n feel hungry,1,1,parentune:1,en:1,yes,,
2394,parenting,general,2394,hellomy daughter is 34monthsnearly 3 years she is very friendly and caring and i dont like it at times the problem with her is that whoever visits our housebe it a maid servant or anyone she asks them,1,1,parentune:1,en:1,yes,,
2395,parenting,feeding,2395,helloo my baby is of one month and when he urinate he want milk and my body is not producing enough,1,1,babychakra:1,en:1,yes,,
2396,parenting,health,2396,heloo doc meri beti ki skin black hoti ja rhi h uski skin etni bright thi a,1,1,babychakra:1,hinglish:1,yes,,
2397,parenting,general,2397,hey i am expecting my second baby this is my 15 weeks right abodemen i feel,1,1,babychakra:1,en:1,yes,,
2398,parenting,health,2398,hey mommieswhat do you all do to keep your babys skin soft and mosturised all day long i use johnsons baby lotion for my daughter and its very effective sometimes i go for basic oil to nourish the ski,1,1,parentune:1,en:1,yes,,
2399,parenting,feeding,2399,hey mre beti 8 month ki hy brest feeding py hy lkn extra kuch ni khati na he feeder leti mre feed km ho re hy kya khelau usko ya dhudh chang karu,1,1,parentune:1,hinglish:1,yes,,
2400,parenting,sleep,2400,hey my bby is 5 months old she slept no more than half an hour or 45 mins and cries alot wake up what may be d reason,1,1,parentune:1,en:1,yes,,
2401,parenting,feeding,2401,heyy my baby is 8 month old and he refuses to take formula milk and my breast milk quantity is also decreasing what to do to meet his calcium level help me,1,1,parentune:1,en:1,yes,,
2402,parenting,feeding,2402,hi all im giving my baby only home made foods need to travel and stay out for 2 days what kind of food can be given pls help,1,1,parentune:1,en:1,yes,,
2403,parenting,feeding,2403,hi all please recommend a good child health drink now she is having plain milk only want to introduc,1,1,babychakra:1,en:1,yes,,
2404,parenting,general,2404,hi am father of 6 year s baby girl please help me how to keep my daughter calm,1,1,parentune:1,en:1,yes,,
2405,parenting,you-maa,2405,hi am preeti yadav and i wanted to talk about my 3 year son actually meri mother in law bhut hi galat word use krti h or m bhi or mere husband bhi bhut khte hai but bilkul nhi manti or mera beta bhi u,1,1,parentune:1,hinglish:1,yes,,
2406,parenting,general,2406,hi can anyone help me with diet chart for 1 3 yrs old todler i need it fir my dd,1,1,parentune:1,en:1,yes,,
2407,parenting,feeding,2407,hi can i give cows milk to my 6 months baby,1,1,parentune:1,en:1,yes,,
2408,parenting,feeding,2408,hi child didnot eat any vegetables vat can i do pls pls,1,1,parentune:1,hinglish:1,yes,,
2409,parenting,feeding,2409,hi everyone my daughter is 2years 3 months she still does potty almost 2 or 3 times a day with or without eating food,1,1,parentune:1,en:1,yes,,
2410,parenting,feeding,2410,hi everyone my son is born before six days and he suffered from joindis what can i do pls suggest me what food i take,1,1,parentune:1,en:1,yes,,
2411,parenting,development,2411,hi everyone my son not rolling he s in 5 th month i am worried,1,1,parentune:1,en:1,yes,,
2412,parenting,health,2412,hi expert moms in need of an advice my lo is three months and has got a imovax polio vaccine she was,1,1,babychakra:1,en:1,yes,,
2413,parenting,development,2413,hi friends my son is very active and he need people surounding him but we live in nuclear family so he become very attached with me so how handle the situation,1,1,parentune:1,en:1,yes,,
2414,parenting,sleep,2414,hi frnds delivered 6th march baby boy thru csec new mum need every single suggestions how to sleep with babyshld diapers be used etc etc,1,1,parentune:1,en:1,yes,,
2415,parenting,general,2415,hi guys my baby is 2 months old nowand on fm as mera lactation issues ke ka,1,1,mylo:1,hinglish:1,yes,,
2416,parenting,general,2416,hi hope you are all doing great i need your suggestions regarding tips for babys first flight travel any advice is appreciated,1,1,parentune:1,en:1,yes,,
2417,parenting,you-maa,2417,hi i am just 4 month pregnent and i am a working women so is any problem with my baby if i continue working,1,1,parentune:1,en:1,yes,,
2418,parenting,health,2418,hi i am new mom my baby is 2 5 months old and i am first time mom i dont know why i am being worried all the time about baby her birth weight is 2 96 and current weight is 5 75 and baby is doing well,1,1,parentune:1,en:1,yes,,
2419,parenting,development,2419,hi i have son 3 2yrs old he cant speak properly my concern is his safety the problems are 1 he speaks few words only 2 hes very friendly he can go to any stranger and if he ask him for godi he goes ea,1,1,parentune:1,en:1,yes,,
2420,parenting,feeding,2420,hi i hv inwards nipple so my son cant latch properly bcuz of dis milk got reduced whether electric breast pump will induce milk supply i tried all other opt,1,1,parentune:1,en:1,yes,,
2421,parenting,general,2421,hi i m mehr mri baby ko gas problm thk nh horha gass ps krne k bd bhi thk nh horha kuch btain plz tips mjhe,1,1,parentune:1,hinglish:1,yes,,
2422,parenting,feeding,2422,hi i m pooja shanus mom she is 1 5yr old she is not eating well kuch bhi khane ko do chew krke spit kr deti h only liquid peena jyada pasad krti,1,1,parentune:1,en:1,yes,,
2423,parenting,early-learning,2423,hi i recently came across your website and am impressed with the various articles on parenting with appropriate content mmy concern is my daughter who is 23 mo old she goes to home daycare with middle,1,1,parentune:1,en:1,yes,,
2424,parenting,feeding,2424,hi i wanna know onething i used to feed my 2 months old baby with bottle is it oky or nt fr my child,1,1,babychakra:1,en:1,yes,,
2425,parenting,sleep,2425,hi iam mother of two elder daughter is 8 yr and younger is 5 yr both are naughty and scared to go rooms after it become dark in evening and night when the light of rooms are off we spent most of the t,1,1,parentune:1,en:1,yes,,
2426,parenting,health,2426,hi m pooja m 14 week pregnant but my persenta is low and i have pain in my stomach is there any risk its my first baby after three years pls suggest me m very scared,1,1,parentune:1,en:1,yes,,
2427,parenting,general,2427,hi mam i m sapna mam mai 2nd baby cansiv krna chahti hu nahi ho raha h,1,1,parentune:1,hinglish:1,yes,,
2428,parenting,health,2428,hi mam mera baby 7 month running hai vo sweet potato khata hai usko cold hai kya cold main sweet ptatato de sakti hu,1,1,parentune:1,hinglish:1,yes,,
2429,parenting,health,2429,hi mera baby 2 yr 4 mnths ka h uski skin dry h kafi lotion try kiye bt nt wrking plz suggest me what to do,1,1,parentune:1,hinglish:1,yes,,
2430,parenting,general,2430,hi mera beta 23 months old hai abhi kuch ni bolta kabhi kabhi koi aawaz nikalta hai baat krne par attention nhi deta,1,1,parentune:1,hinglish:1,yes,,
2431,parenting,health,2431,hi mere beti ko bhut jayada sardi ho rhe h dr ko b dikhaya aaram ni h kuch ghar ka bataie m kya karu or kaf or khasi b ho rhe h,1,1,parentune:1,hinglish:1,yes,,
2432,parenting,general,2432,hi moms my baby is 18months should i give egg on daily bases without yolk,1,1,parentune:1,en:1,yes,,
2433,parenting,health,2433,hi my 10mnth daughter is having frequent diaper rash we consulted paediatric n followed mdcns accordingly bt i guess the infection is still there plz help,1,1,parentune:1,en:1,yes,,
2434,parenting,health,2434,hi my 2 month son has not passed stool since 3 days how long should i wait b4 taking him to the doc,1,1,babychakra:1,en:1,yes,,
2435,parenting,health,2435,hi my 2 yrs old baby has been detected nephrotic syndrome does anyone knows a good pediatric nephrologist in gurgaondelhi any experiences please share,1,1,parentune:1,en:1,yes,,
2436,parenting,behaviour,2436,hi my 3 yr old daughter is still sucking her right thumb a lot can anything be done to get rid of this habit of hers,1,1,parentune:1,en:1,yes,,
2437,parenting,sleep,2437,hi my 3months old son is very cranky he always cries alot almost everyday between 10 to 12p m he cries then goes to sleep any remedy for his crankines,1,1,parentune:1,en:1,yes,,
2438,parenting,development,2438,hi my 5 years old son could not speak clearly,1,1,parentune:1,en:1,yes,,
2439,parenting,feeding,2439,hi my baby boy is one month old and still im unable to feed him directly so im using nipple shield is there any problem using that,1,1,parentune:1,en:1,yes,,
2440,parenting,sleep,2440,hi my baby is 10 days old she keeps sleeping for hours with empty stomach is it normal or should i wake her up she doesnt get up,1,1,parentune:1,en:1,yes,,
2441,parenting,general,2441,hi my baby is 18months old and he has only 2teeth innlower jaw and 6theeth in upper jaw he has multiple problems,1,1,parentune:1,en:1,yes,,
2442,parenting,feeding,2442,hi my baby is 2 5 month old he does not unlatch by himself and if i wait for him to unlatch after feeding he spit up too much milk back how can i know his tummy is full and for how many min i should b,1,1,parentune:1,en:1,yes,,
2443,parenting,feeding,2443,hi my baby is 2 months old now and on a powder feed as her mother is unable to get give her good breastfeed my question is do we have to also feed her with plain water after few powder feeds as she ha,1,1,parentune:1,en:1,yes,,
2444,parenting,feeding,2444,hi my baby is 2 n a half months had a normal delivry but i hav low breast milk unable to fill my babys stomach giving him formula milk wat to do,1,1,parentune:1,en:1,yes,,
2445,parenting,general,2445,hi my baby is 4 months old can i start him with almond and honey,1,1,parentune:1,en:1,yes,,
2446,parenting,feeding,2446,hi my baby is three and half months old and i have to join office but she is not ready for bottle fe,1,1,babychakra:1,en:1,yes,,
2447,parenting,sleep,2447,hi my baby is three months old i feed her in two hours but at night she sleeps and i donor feed her in 2 hrs is it okay should i awake and feed her,1,1,parentune:1,en:1,yes,,
2448,parenting,general,2448,hi my baby suffrenig from consipation last few days and her age is 1 4 years please suggest what to do,1,1,parentune:1,en:1,yes,,
2449,parenting,general,2449,hi my child is 5 years he is the only kid at thr home at present fully pampered by grand parents,1,1,parentune:1,en:1,yes,,
2450,parenting,general,2450,hi my child maximum time dreaming in class i am not able to understand whats going on his mind what to do,1,1,parentune:1,en:1,yes,,
2451,parenting,first-40-days,2451,hi my daughter is 12 years of age she is matured 2 months back and she is having regular menses since 2 months but bleeding is for 7 days im worried regarding her health,1,1,parentune:1,en:1,yes,,
2452,parenting,behaviour,2452,hi my daughter is 2 4 months old and she does not talk to any relative or friend who comes home rather she behaves very badly and starts beating them,1,1,parentune:1,en:1,yes,,
2453,parenting,potty,2453,hi my daughter is 2 7 year old she is completely diaper free during the day how to stop her night time diaper thanks aditi,1,1,parentune:1,en:1,yes,,
2454,parenting,first-40-days,2454,hi my daughter is 25 days old i was use 3differnt oil for massag but no one is suite for her face her face become reddish pls give me some solution which oil,1,1,parentune:1,en:1,yes,,
2455,parenting,behaviour,2455,hi my daughter is 7 years old she is very emotional cries on small things and sometimes gets very aggressive and stars screaming,1,1,parentune:1,en:1,yes,,
2456,parenting,feeding,2456,hi my daughter is just completed 4 months with 5 kgs weight and not taking external milk properly and not getting normal weight this month please advise,1,1,parentune:1,en:1,yes,,
2457,parenting,feeding,2457,hi my daughter is on formula milk bcz she dint tale my feed is it good for her and can i stop coming my milk through medicine bcz its paining a lot to me,1,1,parentune:1,en:1,yes,,
2458,parenting,health,2458,hi my doctor said fluid is more is it danger what will happen to baby when the fluid is more what ca,1,1,babychakra:1,en:1,yes,,
2459,parenting,feeding,2459,hi my niece is 1yr 8 months old she never eats well she is so stubborn in eating we cant control her she can just be controlled by baby tvcan anyone help,1,1,parentune:1,en:1,yes,,
2460,parenting,feeding,2460,hi my son darshil is one n half years old but he doesnt like eat meal properly so please tell me how can i cook testy food for him,1,1,parentune:1,en:1,yes,,
2461,parenting,health,2461,hi my son is 10months old n is suffering from gastro esophagus reflux and cow milk protein allergy want to know how long will it take to recover,1,1,parentune:1,en:1,yes,,
2462,parenting,feeding,2462,hi my son is 16 months old and hates rice he just refuses to eat it unless i add milk to it he also does not eat fruit kindly help with any ideas,1,1,parentune:1,en:1,yes,,
2463,parenting,development,2463,hi my son is 2 5 years he is active but always he says i cant able to walk take me my legs r paining doing any activity ask me to do that hands r paining,1,1,parentune:1,en:1,yes,,
2464,parenting,behaviour,2464,hi my son is 3yrs 7 months old i dont know how to handle him as i get angry n i dont want to get angry on my son he is not listening to me at all pls help,1,1,parentune:1,en:1,yes,,
2465,parenting,sleep,2465,hi my son is 4 months 1 week he is very sleep diprived he doesnt sleep well during the day we have to keep swinging him continuously from him to sleep for about half a hour if we stop swinging he wake,1,1,parentune:1,en:1,yes,,
2466,parenting,health,2466,hi my son is 5 yrs old he sufferig from reflux problem for past 2 years seen many trea5ment but still he daily suffering from vomiting nausea pls help me,1,1,parentune:1,en:1,yes,,
2467,parenting,feeding,2467,hi my son is going to step in 6th month is it right time to give him ragi milk still now he is breastfeed kindly advice,1,1,parentune:1,en:1,yes,,
2468,parenting,health,2468,hi my son is having chest congestion from 4 days no effect of nebulizer having cough too what to do to cure this giving antibiotics too,1,1,parentune:1,en:1,yes,,
2469,parenting,health,2469,hi my son is one year old and during feeding if he gets cough then he vomits what ever he has eaten any idea how to over come this and does anyone facing some issue,1,1,parentune:1,en:1,yes,,
2470,parenting,feeding,2470,hi my three years old baby dont eat anything always i forced her to take milk and food but she refused all the time i m so worried she dont eat by her own,1,1,parentune:1,en:1,yes,,
2471,parenting,general,2471,hi parents i have register my kid with mothers pride and they have told me about an education scheme in which we have to give a security of rs 2 lac for 1 yr which will be wholesomely returned to us a,1,1,parentune:1,en:1,yes,,
2472,parenting,feeding,2472,hii all my son is 14 month old he is not eating anything except breastmilk i tried everything but he remove from his mouth pls suggest any good suggestions,1,1,parentune:1,en:1,yes,,
2473,parenting,you-maa,2473,hii frds meri beti abhi 4month ki hui h aur meri sasu ma usse abhi se batha deti h aur mai mna bhi nhi kr pati isse meri beti ko koi dikkat to nhi hogi plz frds suggest me fast,1,1,parentune:1,hinglish:1,yes,,
2474,parenting,general,2474,hii gave my daughter paracetamol and albendazole togethershould i be worrie,1,1,babychakra:1,en:1,yes,,
2475,parenting,general,2475,hii iam 3week pregnant i have thyroid problem so what kind of precautions to my baby,1,1,parentune:1,en:1,yes,,
2476,parenting,general,2476,hii meri beti ded shal ki ho gai or abi tk per nhi chali me kya karu,1,1,parentune:1,hinglish:1,yes,,
2477,parenting,sleep,2477,hii mummies mera baby 5mnth k hogya h 3mnth usne bahut tang kiya rat m ni sota tha pr ab wo 12bje sota ar3bje uthta h pr wo kuch din s tng krra h ni sora h,1,1,parentune:1,hinglish:1,yes,,
2478,parenting,health,2478,hii my baby face is fair but body is dark will they regain their color as her face her skin is so dry is it due to this the body is dark,1,1,parentune:1,en:1,yes,,
2479,parenting,feeding,2479,hii my baby is 2month old hes stomach is not full from my milk i want give formula feel but what time,1,1,parentune:1,en:1,yes,,
2480,parenting,sleep,2480,hii my baby who is 28days makes whistel sound when sleeping some 5 6 times in 24hrs it seems some ti,1,1,babychakra:1,en:1,yes,,
2481,parenting,early-learning,2481,hiii pls tell me d activities for my baby she is 2n half years old,1,1,parentune:1,en:1,yes,,
2482,parenting,general,2482,himy son is 6 months old as now a days to seek admission in desired school is quite difficult i have heard that now a days we can register our new born child in advance can u pls guide me on this,1,1,parentune:1,en:1,yes,,
2483,parenting,health,2483,hlo dctr mujhe 7th month ki pregnancy hai or jis din mujhe 7va mhina lga hai us din se mujhe khansi ho rahi hai mdcn laine ke baad v puri trah se thik nhi ho rahi aa or sath me kabhi kabhi fever v ho,1,1,parentune:1,hinglish:1,yes,,
2484,parenting,health,2484,hlo g mere bete ki sehat nhi bn rhi ha thoda din tikh rehta h fr bimar ho jata h kbi poty to kbi fever kuj na kuj lga hi rehta h mera beta 1saal 4mhine ka,1,1,parentune:1,hinglish:1,yes,,
2485,parenting,health,2485,hloooo my baby is one month old he is sufring form cold uska nose close he sas lene me problm hoti he nose clean karne ke liye kya kre,1,1,parentune:1,hinglish:1,yes,,
2486,parenting,traditions,2486,home remedies for dry skin,1,1,parentune:1,en:1,yes,,
2487,parenting,traditions,2487,home remedies for healthy hair,1,1,parentune:1,en:1,yes,,
2488,parenting,health,2488,home remedy for cold for 4 months baby,1,1,parentune:1,en:1,yes,,
2489,parenting,health,2489,home remedy for colic pain,1,1,parentune:1,en:1,yes,,
2490,parenting,general,2490,how 1 year old baby look like,1,1,google_ac:1,en:1,yes,1 year old,
2491,parenting,feeding,2491,how breastfeeding works aba,1,1,google_ac:1,en:1,yes,breastfeeding,
2492,parenting,feeding,2492,how breastfeeding works booklet,1,1,google_ac:1,en:1,yes,breastfeeding,
2493,parenting,feeding,2493,how can a BF baby ‘never be overfed’?,1,1,reddit:1,en:1,yes,,
2494,parenting,feeding,2494,how can i get my son to give up the bottle,1,1,parentune:1,en:1,yes,,
2495,parenting,feeding,2495,how can i help to my child healthy eating habit,1,1,parentune:1,en:1,yes,,
2496,parenting,general,2496,how can i increase speed of my daughter,1,1,parentune:1,en:1,yes,,
2497,parenting,health,2497,how can i loose my weight after pregnancy while my son is 10 month old,1,1,parentune:1,en:1,yes,,
2498,parenting,behaviour,2498,how can i understand my son natureas i notice boys dont share lot how can i make him to share all his pblm with me,1,1,parentune:1,en:1,yes,,
2499,parenting,health,2499,how child is safe outside the house,1,1,parentune:1,en:1,yes,,
2500,parenting,general,2500,how could i know what baby is in my womb,1,1,parentune:1,en:1,yes,,
2501,parenting,behaviour,2501,how could i stop my baby to suck his thumb,1,1,parentune:1,en:1,yes,,
2502,parenting,general,2502,how do 2 year olds interact with each other,1,1,google_ac:1,en:1,yes,2 year old behaviour,
2503,parenting,early-learning,2503,how do 4 year olds play,1,1,ddg_ac:1,en:1,yes,4 year old,
2504,parenting,health,2504,how do i help my child get back her skin as its drying up,1,1,parentune:1,en:1,yes,,
2505,parenting,first-40-days,2505,how do i know if my newborn is okay,1,1,google_ac:1,en:1,yes,newborn,
2506,parenting,general,2506,how do i know if my toddler is full,1,1,google_ac:1,en:1,yes,toddler not,
2507,parenting,first-40-days,2507,how do i know my newborn jaundice is getting better,1,1,google_ac:1,en:1,yes,newborn,
2508,parenting,first-40-days,2508,how do newborn puppies find their mother,1,1,ddg_ac:1,en:1,yes,newborn,
2509,parenting,general,2509,how do newborns communicate,1,1,ddg_ac:1,en:1,yes,newborn,
2510,parenting,general,2510,how do newborns get cmv,1,1,ddg_ac:1,en:1,yes,newborn,
2511,parenting,general,2511,how do newborns get meningitis,1,1,ddg_ac:1,en:1,yes,newborn,
2512,parenting,health,2512,how do we make infant baby head shape round babys head is not in shape baby is 5 months,1,1,parentune:1,en:1,yes,,
2513,parenting,you-maa,2513,how does a woman's body change after pregnancy,1,1,google_ac:1,en:1,yes,postpartum,
2514,parenting,development,2514,how does autism affect babies,1,1,google_ac:1,en:1,yes,toddler screen time,
2515,parenting,feeding,2515,how does formula milk work,1,1,google_ac:1,en:1,yes,formula feeding,
2516,parenting,feeding,2516,how does paced bottle feeding work,1,1,google_ac:1,en:1,yes,formula feeding,
2517,parenting,feeding,2517,how does supplementing with formula work,1,1,google_ac:1,en:1,yes,formula feeding,
2518,parenting,general,2518,how far can babies see chart,1,1,google_ac:1,en:1,yes,baby milestones,
2519,parenting,general,2519,how far should a 5 year old be able to see,1,1,google_ac:1,en:1,yes,5 year old,
2520,parenting,behaviour,2520,how kids earn screen time,1,1,google_ac:1,en:1,yes,toddler screen time,
2521,parenting,feeding,2521,how long breastfeeding jaundice last,1,1,google_ac:1,en:1,yes,breastfeeding,
2522,parenting,potty,2522,how long can a 1 year old dog hold pee,1,1,ddg_ac:1,en:1,yes,1 year old,
2523,parenting,health,2523,how long can baby teeth last in adults,1,1,google_ac:1,en:1,yes,baby teething,
2524,parenting,health,2524,how long do teething symptoms last before tooth appears,1,1,google_ac:1,en:1,yes,baby teething,
2525,parenting,behaviour,2525,how long does biting phase last in toddlers,1,1,google_ac:1,en:1,yes,toddler hitting,
2526,parenting,development,2526,how long does it take for a woman hormones to go back to normal after pregnancy,1,1,google_ac:1,en:1,yes,postpartum,
2527,parenting,health,2527,how long does pregnancy massage last,1,1,google_ac:1,en:1,yes,baby massage,
2528,parenting,health,2528,how long for teeth whitening last,1,1,google_ac:1,en:1,yes,baby teething,
2529,parenting,first-40-days,2529,how long newborn hiccups last,1,1,google_ac:1,en:1,yes,newborn,
2530,parenting,feeding,2530,how long to deprive a baby of food,1,1,ddg_ac:1,en:1,yes,baby food,
2531,parenting,general,2531,how many 1 year olds can a childminder look after,1,1,google_ac:1,en:1,yes,1 year old,
2532,parenting,general,2532,how many 3 year olds have won the king george,1,1,google_ac:1,en:1,yes,3 year old,
2533,parenting,general,2533,how many 30 year olds live in the us,1,1,ddg_ac:1,en:1,yes,3 year old,
2534,parenting,potty,2534,how many 4 year olds are not potty trained,1,1,google_ac:1,en:1,yes,4 year old,
2535,parenting,early-learning,2535,how many 4 year olds can count to 100,1,1,google_ac:1,en:1,yes,4 year old,
2536,parenting,general,2536,how many 50 year olds have a nintendo switch,1,1,ddg_ac:1,en:1,yes,5 year old,
2537,parenting,development,2537,how many child development theories are there,1,1,google_ac:1,en:1,yes,baby milestones,
2538,parenting,health,2538,how many child vaccines in 1970,1,1,google_ac:1,en:1,yes,baby vaccination,
2539,parenting,general,2539,how many hours does it take for pregnancy to occur,1,1,google_ac:1,en:1,yes,first 40 days after delivery,
2540,parenting,behaviour,2540,how many kids hit the transfer portal,1,1,google_ac:1,en:1,yes,toddler hitting,
2541,parenting,health,2541,how many newborns get jaundice,1,1,google_ac:1,en:1,yes,newborn,
2542,parenting,potty,2542,how many times 6 month old baby pee,1,1,google_ac:1,en:1,yes,6 month old baby,
2543,parenting,general,2543,how much 14 year old get paid,1,1,ddg_ac:1,en:1,yes,4 year old,
2544,parenting,general,2544,how much 15 year old should weigh,1,1,google_ac:1,en:1,yes,4 year old,
2545,parenting,sleep,2545,how much 16 year old should sleep,1,1,google_ac:1,en:1,yes,4 year old,
2546,parenting,development,2546,how much 34month toddler have to speak how to know my baby speaking is good or not,1,1,parentune:1,en:1,yes,,
2547,parenting,general,2547,how much a 14 year old boy should weigh,1,1,google_ac:1,en:1,yes,4 year old,
2548,parenting,health,2548,how much are baby vaccinations in the philippines,1,1,google_ac:1,en:1,yes,baby vaccination,
2549,parenting,feeding,2549,how much baby food does wic give at 6 months,1,1,google_ac:1,en:1,yes,baby weaning,
2550,parenting,feeding,2550,how much coffee breastfeeding,1,1,ddg_ac:1,en:1,yes,breastfeeding,
2551,parenting,health,2551,how much do infant massage therapist make,1,1,google_ac:1,en:1,yes,baby massage,
2552,parenting,general,2552,how much does a child cost 0-18,1,1,ddg_ac:1,en:1,yes,toddler not,
2553,parenting,feeding,2553,how much does breastfeeding cost,1,1,ddg_ac:1,en:1,yes,breastfeeding,
2554,parenting,health,2554,how much fever is normal for 7 month old baby,1,1,google_ac:1,en:1,yes,baby fever,
2555,parenting,feeding,2555,how much formula by month chart,1,1,google_ac:1,en:1,yes,formula feeding,
2556,parenting,general,2556,how much is enough for my 6 months old baby boy,1,1,parentune:1,en:1,yes,,
2557,parenting,first-40-days,2557,how much postpartum breast lift,1,1,google_ac:1,en:1,yes,postpartum,
2558,parenting,feeding,2558,how much protein for breastfeeding,1,1,ddg_ac:1,en:1,yes,breastfeeding,
2559,parenting,sleep,2559,how much should 1 year old cat sleep,1,1,google_ac:1,en:1,yes,1 year old,
2560,parenting,general,2560,how much should 4 year old cat weigh,1,1,google_ac:1,en:1,yes,4 year old,
2561,parenting,sleep,2561,how new is sleep token,1,1,google_ac:1,en:1,yes,newborn,
2562,parenting,development,2562,how newborns develop motor skills,1,1,ddg_ac:1,en:1,yes,newborn,
2563,parenting,first-40-days,2563,how old should your newborn be before taking them out,1,1,google_ac:1,en:1,yes,newborn,
2564,parenting,health,2564,how on earth did you deal with teething,1,1,reddit:1,en:1,yes,,
2565,parenting,first-40-days,2565,how postpartum was jen on dwts,1,1,google_ac:1,en:1,yes,postpartum,
2566,parenting,you-maa,2566,how pregnancy works timeline,1,1,google_ac:1,en:1,yes,first 40 days after delivery,
2567,parenting,general,2567,how to adjust to the changes happening toward teenage in child,1,1,parentune:1,en:1,yes,,
2568,parenting,potty,2568,how to avoid baby poop in womb,1,1,google_ac:1,en:1,yes,baby poop,
2569,parenting,general,2569,how to babyfever,1,1,google_ac:1,en:1,yes,baby fever,
2570,parenting,general,2570,how to balance moms time between the older child and the new born baby,1,1,parentune:1,en:1,yes,,
2571,parenting,first-40-days,2571,how to become a postpartum nurse,1,1,ddg_ac:1,en:1,yes,postpartum,
2572,parenting,general,2572,how to become friend with our child,1,1,parentune:1,en:1,yes,,
2573,parenting,health,2573,how to book appointment for baby vaccination,1,1,google_ac:1,en:1,yes,baby vaccination,
2574,parenting,feeding,2574,how to breastfeeding after c section,1,1,google_ac:1,en:1,yes,breastfeeding,
2575,parenting,feeding,2575,how to breastfeeding distracted baby,1,1,google_ac:1,en:1,yes,breastfeeding,
2576,parenting,feeding,2576,how to breastfeeding flat nipples,1,1,google_ac:1,en:1,yes,breastfeeding,
2577,parenting,general,2577,how to burp 3 month old baby,1,1,google_ac:1,en:1,yes,3 month old baby,
2578,parenting,general,2578,how to care my baby inside,1,1,parentune:1,en:1,yes,,
2579,parenting,feeding,2579,how to change my son from feeding bottle to sipperglass drinking,1,1,parentune:1,en:1,yes,,
2580,parenting,general,2580,how to cheat top notch toddler trait,1,1,google_ac:1,en:1,yes,toddler not,
2581,parenting,health,2581,how to check child vaccination records,1,1,google_ac:1,en:1,yes,baby vaccination,
2582,parenting,general,2582,how to clean 3 month old baby hands,1,1,google_ac:1,en:1,yes,3 month old baby,
2583,parenting,health,2583,how to cut 3 year old boy hair,1,1,google_ac:1,en:1,yes,3 year old,
2584,parenting,behaviour,2584,how to deal with my sons anger issues,1,1,parentune:1,en:1,yes,,
2585,parenting,behaviour,2585,how to deal with my sons tantrums for not going to school,1,1,parentune:1,en:1,yes,,
2586,parenting,feeding,2586,how to decide babys food quantity,1,1,parentune:1,en:1,yes,,
2587,parenting,feeding,2587,how to defrost baby weaning food,1,1,google_ac:1,en:1,yes,baby weaning,
2588,parenting,general,2588,how to draw a girl for 5 year olds,1,1,google_ac:1,en:1,yes,5 year old,
2589,parenting,general,2589,how to encourage child to greet anyone,1,1,parentune:1,en:1,yes,,
2590,parenting,development,2590,how to encourage my 2 yr 10 months son to speak in english,1,1,parentune:1,en:1,yes,,
2591,parenting,early-learning,2591,how to engage my 1yr 6 months old baby,1,1,parentune:1,en:1,yes,,
2592,parenting,general,2592,how to entertain 1 year old,1,1,google_ac:1,en:1,yes,1 year old,
2593,parenting,general,2593,how to explain the concept of god to a toddler,1,1,parentune:1,en:1,yes,,
2594,parenting,general,2594,how to explain to 5 year old about death,1,1,google_ac:1,en:1,yes,5 year old,
2595,parenting,feeding,2595,how to feed him milk,1,1,parentune:1,en:1,yes,,
2596,parenting,sleep,2596,how to get back on track after a bad night?,1,1,reddit:1,en:1,yes,,
2597,parenting,general,2597,how to get close to my kid,1,1,parentune:1,en:1,yes,,
2598,parenting,you-maa,2598,how to get rid from shoulder ache after c sec am a mom of 4 month old baby gal,1,1,parentune:1,en:1,yes,,
2599,parenting,general,2599,how to give 6 month old baby avocado,1,1,google_ac:1,en:1,yes,6 month old baby,
2600,parenting,general,2600,how to give a good influence to my child,1,1,parentune:1,en:1,yes,,
2601,parenting,development,2601,how to handle adhd kids,1,1,parentune:1,en:1,yes,,
2602,parenting,you-maa,2602,how to handle child with job,1,1,parentune:1,en:1,yes,,
2603,parenting,general,2603,how to handle more emotional child,1,1,parentune:1,en:1,yes,,
2604,parenting,health,2604,how to handle my toddlers vaccination fears,1,1,parentune:1,en:1,yes,,
2605,parenting,behaviour,2605,how to hold the anger burst by myself,1,1,parentune:1,en:1,yes,,
2606,parenting,general,2606,how to improve appetite in six months old baby,1,1,parentune:1,en:1,yes,,
2607,parenting,health,2607,how to improve the immunity of 3 months old baby,1,1,babychakra:1,en:1,yes,,
2608,parenting,general,2608,how to increase babys fairness,1,1,parentune:1,en:1,yes,,
2609,parenting,you-maa,2609,how to increase bond with a baby i am a mother of 9 month baby boy i donot know where i am lacking to increase bond with him,1,1,parentune:1,en:1,yes,,
2610,parenting,feeding,2610,how to increase brest feeding,1,1,parentune:1,en:1,yes,,
2611,parenting,feeding,2611,how to introduce self feeding among children,1,1,parentune:1,en:1,yes,,
2612,parenting,potty,2612,how to know if a baby pooped,1,1,google_ac:1,en:1,yes,baby poop,
2613,parenting,general,2613,how to know whether baby is a boy or girl,1,1,parentune:1,en:1,yes,,
2614,parenting,feeding,2614,how to make 9month old baby have milk in feeder,1,1,parentune:1,en:1,yes,,
2615,parenting,general,2615,how to make a child careful for his belongings,1,1,parentune:1,en:1,yes,,
2616,parenting,behaviour,2616,how to make child listen without yelling,1,1,parentune:1,en:1,yes,,
2617,parenting,general,2617,how to make child to go for swimming classes,1,1,parentune:1,en:1,yes,,
2618,parenting,general,2618,how to make my 6yrs daughter understand importance of time,1,1,parentune:1,en:1,yes,,
2619,parenting,sleep,2619,how to make my baby sleep early she is 13 months old rite from the birth she will sleep around 3 am how to change her pls suggest me few tips,1,1,parentune:1,en:1,yes,,
2620,parenting,general,2620,how to make my child deciplined in all manner,1,1,parentune:1,en:1,yes,,
2621,parenting,feeding,2621,how to make my kid leave drinking milk from bottle,1,1,parentune:1,en:1,yes,,
2622,parenting,feeding,2622,how to make my toddler eat with his hands,1,1,parentune:1,en:1,yes,,
2623,parenting,general,2623,how to make responsible child,1,1,parentune:1,en:1,yes,,
2624,parenting,general,2624,how to make wear my child footwear,1,1,parentune:1,en:1,yes,,
2625,parenting,general,2625,how to message new baby for gas relief,1,1,google_ac:1,en:1,yes,baby massage,
2626,parenting,you-maa,2626,how to mke my son undrstnd dt i cnt cm to my inlaws plce as im gonna get separated frm my husband,1,1,parentune:1,en:1,yes,,
2627,parenting,sleep,2627,how to newborn swaddle,1,1,google_ac:1,en:1,yes,newborn,
2628,parenting,health,2628,how to not increase baby weight during pregnancy,1,1,google_ac:1,en:1,yes,baby not gaining weight,
2629,parenting,general,2629,how to notice child abuse,1,1,google_ac:1,en:1,yes,toddler not,
2630,parenting,general,2630,how to overcome fear in a child,1,1,parentune:1,en:1,yes,,
2631,parenting,general,2631,how to pick up a 1 year old,1,1,google_ac:1,en:1,yes,1 year old,
2632,parenting,first-40-days,2632,how to postpartum sitz bath,1,1,google_ac:1,en:1,yes,postpartum,
2633,parenting,potty,2633,how to potty training a dinosaur,1,1,ddg_ac:1,en:1,yes,potty training,
2634,parenting,health,2634,how to protect baby skin from rashes in summer,1,1,parentune:1,en:1,yes,,
2635,parenting,first-40-days,2635,how to reduce caught to my 27 days old baby girl,1,1,parentune:1,en:1,yes,,
2636,parenting,development,2636,how to remember developmental milestones,1,1,google_ac:1,en:1,yes,baby milestones,
2637,parenting,potty,2637,how to select diapers,1,1,parentune:1,en:1,yes,,
2638,parenting,general,2638,how to serve 1 year old apple,1,1,google_ac:1,en:1,yes,1 year old,
2639,parenting,general,2639,how to size a bike for 4 year old,1,1,google_ac:1,en:1,yes,4 year old,
2640,parenting,general,2640,how to skateboard 5 year old,1,1,google_ac:1,en:1,yes,5 year old,
2641,parenting,feeding,2641,how to start bottle feed,1,1,parentune:1,en:1,yes,,
2642,parenting,potty,2642,how to stop diaper habit of baby,1,1,parentune:1,en:1,yes,,
2643,parenting,behaviour,2643,how to stop fake crying of a baby,1,1,parentune:1,en:1,yes,,
2644,parenting,you-maa,2644,how to stop hair fall,1,1,parentune:1,en:1,yes,,
2645,parenting,feeding,2645,how to stop midnight milk of my 1 11yrs daughter,1,1,parentune:1,en:1,yes,,
2646,parenting,early-learning,2646,how to stop my 5 3 year old son to stop playing game on my mobile,1,1,parentune:1,en:1,yes,,
2647,parenting,general,2647,how to stop other child bitting scratching your child,1,1,parentune:1,en:1,yes,,
2648,parenting,general,2648,how to support my toddler’s interest in art?,1,1,reddit:1,en:1,yes,,
2649,parenting,general,2649,how to take care of 2 months old,1,1,parentune:1,en:1,yes,,
2650,parenting,development,2650,how to talk to children in english,1,1,parentune:1,en:1,yes,,
2651,parenting,early-learning,2651,how to teach 4 year old kid,1,1,google_ac:1,en:1,yes,4 year old,
2652,parenting,general,2652,how to test 5 year old iq,1,1,google_ac:1,en:1,yes,5 year old,
2653,parenting,health,2653,how to use diaper rash cream,1,1,parentune:1,en:1,yes,,
2654,parenting,general,2654,how to wish 6 month old baby,1,1,google_ac:1,en:1,yes,6 month old baby,
2655,parenting,sleep,2655,how toddler sleep on plane,1,1,google_ac:1,en:1,yes,toddler sleep,
2656,parenting,you-maa,2656,how useful are mother toddler programmes,1,1,parentune:1,en:1,yes,,
2657,parenting,general,2657,how useful is the child security mobile apps for parents,1,1,parentune:1,en:1,yes,,
2658,parenting,general,2658,how we will come to know that babys tommy is full for 2 months old baby,1,1,parentune:1,en:1,yes,,
2659,parenting,feeding,2659,hv 2 month 10days old baby she s only on my feed i doubt whether my milk s enuf bcoz she s only 4kgs now but she pees around 10 times a day is it ok,1,1,parentune:1,en:1,yes,,
2660,parenting,feeding,2660,hy i am new mother of 4 months old boy he is not on breast milk since the day he was born i fed him my milk with the help of breast pump but now my milk has gone completely now my concern is though i,1,1,parentune:1,en:1,yes,,
2661,parenting,sleep,2661,hyy sar mera bcha 4 month ka he wo thik se ek baar me dhoodh nhi pita or thik se sota nhi he,1,1,parentune:1,hinglish:1,yes,,
2662,parenting,potty,2662,i am a baby poop where is my mama,1,1,google_ac:1,en:1,yes,baby poop,
2663,parenting,health,2663,i am a lactating mother my son is 48 days old i am suffering from cold from yesterday what to do to,1,1,babychakra:1,en:1,yes,,
2664,parenting,feeding,2664,i am a mother of one month old gal and she is not showing interest in breastfeeding since last two days and cries alot during breast feeding kindly suggest,1,1,parentune:1,en:1,yes,,
2665,parenting,sleep,2665,i am a working mother my baby is 4 months old she does not want to take bottle what should i do everytime i have to make her sleep for the bottle,1,1,parentune:1,en:1,yes,,
2666,parenting,sleep,2666,i am feeling sleepy when i start to tought my kid what to do,1,1,parentune:1,en:1,yes,,
2667,parenting,first-40-days,2667,i am giving nutricia dexolac to my 24 day old son since birth as my milk is not sufficient for him i,1,1,babychakra:1,en:1,yes,,
2668,parenting,feeding,2668,i am mother of 3 month old baby i am vegetarian so plz suggest me the food i need to eat for having enough milk,1,1,parentune:1,en:1,yes,,
2669,parenting,feeding,2669,i am two month breastfeeding mother can i eat raisins can it causes cough t,1,1,babychakra:1,en:1,yes,,
2670,parenting,feeding,2670,i am worried about my baby diet he normally drink less milk also do not drink formula milk when he is awake suggest something,1,1,parentune:1,en:1,yes,,
2671,parenting,feeding,2671,i clean my 1 month old sons face after evry breastfeeding his cheeks are becoming tight nd skin is being rough what should i do,1,1,parentune:1,en:1,yes,,
2672,parenting,feeding,2672,i had a prob f hyper lactation so i took tablet to get enough milk prdction prescribed by dr bt by jst 2 tablets its not comig enough babys tmy is nt full nw,1,1,parentune:1,en:1,yes,,
2673,parenting,feeding,2673,i had normal delivery in the month of may currently breastfeeding my baby can i eat mangoes,1,1,babychakra:1,en:1,yes,,
2674,parenting,general,2674,i have 3 year old baby he is very much attracted towards me can i leave him in day care centers as i,1,1,babychakra:1,en:1,yes,,
2675,parenting,early-learning,2675,i have a 7 year old son he is the only child he feels lonely at times and complains what he can do as he has no one to play with especially during such difficult times when he cant go out i feel guilt,1,1,parentune:1,en:1,yes,,
2676,parenting,feeding,2676,i have low breast milk production my baby is three months old pl suggest any way i am eating supplement to increase but not yet it increases pl suggest anyway,1,1,parentune:1,en:1,yes,,
2677,parenting,general,2677,i have one girl child but i need a boy child next soo im scared because if i get again girl child so can anyone give me tip to have boy child,1,1,parentune:1,en:1,yes,,
2678,parenting,health,2678,i heard about thriveco anti grey hair prime serum is it safe for excepting mother which they have gr,1,1,babychakra:1,en:1,yes,,
2679,parenting,behaviour,2679,i hve asked a question about my kid regrding his rude behaviour wat kind of experts u hav tat they need a week to answer the question if u dont wanna response,1,1,parentune:1,en:1,yes,,
2680,parenting,general,2680,i m planning for my second child and to complete my family i want a baby boy can you give some tips,1,1,babychakra:1,en:1,yes,,
2681,parenting,general,2681,i need the best toddler carriers for my baby,1,1,parentune:1,en:1,yes,,
2682,parenting,general,2682,i want to go on trip with my 3 5 year n 5 6mnth old children so can u suggest me place which is suitable for us in last week of august we r living in ahmedabad,1,1,parentune:1,en:1,yes,,
2683,parenting,health,2683,if 103 fever is there there after giving calpol syrup 3 5 ml can we give maftal syrup within gap of 2 hrs from the first dose,1,1,parentune:1,en:1,yes,,
2684,parenting,sleep,2684,if baby is sleeping through the night do i need to pump,1,1,google_ac:1,en:1,yes,newborn sleep,
2685,parenting,health,2685,im quite confused about the vaccination they are suggesting two types one which will affect a baby fever and the other one baby wont get fever,1,1,parentune:1,en:1,yes,,
2686,parenting,feeding,2686,inadequate breast milk milk coming from one hole only,1,1,parentune:1,en:1,yes,,
2687,parenting,early-learning,2687,"is ""bribing"" kids actually harmful or is this just outdated montessori dogma?",1,1,reddit:1,en:1,yes,,
2688,parenting,general,2688,is 1 year old grass seed still good,1,1,ddg_ac:1,en:1,yes,1 year old,
2689,parenting,general,2689,is 1 year old shih tzu an adult,1,1,google_ac:1,en:1,yes,1 year old,
2690,parenting,general,2690,is 3 year old wine still good,1,1,google_ac:1,en:1,yes,3 year old,
2691,parenting,general,2691,is 5 year old cat old,1,1,google_ac:1,en:1,yes,5 year old,
2692,parenting,feeding,2692,is 6 months old baby can eat orange,1,1,google_ac:1,en:1,yes,6 month old baby,
2693,parenting,general,2693,is a 4 month old a infant,1,1,google_ac:1,en:1,yes,4 year old,
2694,parenting,general,2694,is a baby who is delivered at 38th weeks is weak as compared to the one who delivered at 40 weeks my 2m10d old is 3 5kg otherwise active,1,1,parentune:1,en:1,yes,,
2695,parenting,general,2695,is a steamer and blender useful for the baby,1,1,parentune:1,en:1,yes,,
2696,parenting,feeding,2696,is amoxicillin safe breastfeeding,1,1,google_ac:1,en:1,yes,breastfeeding,
2697,parenting,feeding,2697,is ashwagandha safe breastfeeding,1,1,google_ac:1,en:1,yes,breastfeeding,
2698,parenting,health,2698,is baby aspirin safe for dogs with fever,1,1,ddg_ac:1,en:1,yes,baby fever,
2699,parenting,health,2699,is baby fever on netflix,1,1,google_ac:1,en:1,yes,baby fever,
2700,parenting,feeding,2700,is baby food allowed in akshardham temple,1,1,google_ac:1,en:1,yes,baby food,
2701,parenting,feeding,2701,is baby food allowed in pvr,1,1,google_ac:1,en:1,yes,baby food,
2702,parenting,feeding,2702,is baby food allowed in ramoji film city,1,1,google_ac:1,en:1,yes,baby food,
2703,parenting,feeding,2703,is baby food allowed in theatre,1,1,google_ac:1,en:1,yes,baby food,
2704,parenting,feeding,2704,is baby food allowed in tirupati,1,1,google_ac:1,en:1,yes,baby food,
2705,parenting,feeding,2705,is baby food free in hotels,1,1,google_ac:1,en:1,yes,baby food,
2706,parenting,feeding,2706,is baby food fsa eligible,1,1,ddg_ac:1,en:1,yes,baby food,
2707,parenting,feeding,2707,is baby food processed food,1,1,ddg_ac:1,en:1,yes,baby food,
2708,parenting,general,2708,is baby fussy after circumcision,1,1,google_ac:1,en:1,yes,baby colic,
2709,parenting,health,2709,is baby led weaning safe without teeth,1,1,google_ac:1,en:1,yes,baby weaning,
2710,parenting,feeding,2710,is benadryl safe breastfeeding,1,1,google_ac:1,en:1,yes,breastfeeding,
2711,parenting,feeding,2711,is breastfeeding active or passive immunity,1,1,ddg_ac:1,en:1,yes,breastfeeding,
2712,parenting,feeding,2712,is breastfeeding considered a disability,1,1,ddg_ac:1,en:1,yes,breastfeeding,
2713,parenting,feeding,2713,is cerelac gud for 2 yr above baby,1,1,parentune:1,en:1,yes,,
2714,parenting,health,2714,is child vaccination covered by star health insurance,1,1,google_ac:1,en:1,yes,baby vaccination,
2715,parenting,health,2715,is colic gas related,1,1,google_ac:1,en:1,yes,baby colic,
2716,parenting,feeding,2716,is cow milk safe,1,1,parentune:1,en:1,yes,,
2717,parenting,general,2717,is day care a good option for 4 5yr old,1,1,parentune:1,en:1,yes,,
2718,parenting,health,2718,is figaro baby massage oil good,1,1,google_ac:1,en:1,yes,baby massage,
2719,parenting,feeding,2719,is formula feeding good for two months baby milk supply is very low in my b,1,1,babychakra:1,en:1,yes,,
2720,parenting,feeding,2720,is giving top feed to infants is fine,1,1,parentune:1,en:1,yes,,
2721,parenting,behaviour,2721,is hitting a child illegal,1,1,ddg_ac:1,en:1,yes,toddler hitting,
2722,parenting,health,2722,is it better for babies to get teeth later,1,1,google_ac:1,en:1,yes,baby teething,
2723,parenting,general,2723,is it good to give coffee or tea for 2 year old baby,1,1,parentune:1,en:1,yes,,
2724,parenting,general,2724,is it good to give health mix to six month old,1,1,parentune:1,en:1,yes,,
2725,parenting,you-maa,2725,is it important for kids to see their parents / mom having hobbies?,1,1,reddit:1,en:1,yes,,
2726,parenting,health,2726,is it normal for 3 month old baby to lose weight,1,1,google_ac:1,en:1,yes,3 month old baby,
2727,parenting,development,2727,is it normal for 3 year old to touch their privates,1,1,google_ac:1,en:1,yes,3 year old,
2728,parenting,development,2728,is it normal for 5 year old boys to touch themselves,1,1,google_ac:1,en:1,yes,5 year old,
2729,parenting,development,2729,is it normal for 5 year old to write backwards,1,1,google_ac:1,en:1,yes,5 year old,
2730,parenting,development,2730,is it normal for 5 year olds to kiss each other,1,1,google_ac:1,en:1,yes,5 year old,
2731,parenting,development,2731,is it normal for 6 month old baby to lean back multiple times,1,1,google_ac:1,en:1,yes,6 month old baby,
2732,parenting,health,2732,is it normal for 6 month old baby to shake his head,1,1,google_ac:1,en:1,yes,6 month old baby,
2733,parenting,health,2733,is it normal for 7 year old to have pubic hair,1,1,google_ac:1,en:1,yes,4 year old,
2734,parenting,feeding,2734,is it normal for a 3 year old to not want to eat,1,1,google_ac:1,en:1,yes,toddler not eating,
2735,parenting,health,2735,is it normal for a baby to swell after vaccination,1,1,google_ac:1,en:1,yes,baby vaccination,
2736,parenting,development,2736,is it normal for a speech delayed toddler to babel by himself,1,1,google_ac:1,en:1,yes,toddler speech,
2737,parenting,feeding,2737,is it normal for baby food to separate,1,1,google_ac:1,en:1,yes,baby weaning,
2738,parenting,feeding,2738,is it normal for baby formula to be foamy,1,1,google_ac:1,en:1,yes,baby food,
2739,parenting,feeding,2739,is it normal for baby formula to smell like fish,1,1,google_ac:1,en:1,yes,baby food,
2740,parenting,feeding,2740,is it normal for baby to gag when weaning,1,1,google_ac:1,en:1,yes,baby weaning,
2741,parenting,health,2741,is it normal for baby to vomit after vaccination,1,1,google_ac:1,en:1,yes,baby vaccination,
2742,parenting,development,2742,is it normal for newborn eyes to roll back,1,1,ddg_ac:1,en:1,yes,newborn,
2743,parenting,first-40-days,2743,is it normal for newborn puppies to cry a lot,1,1,ddg_ac:1,en:1,yes,newborn,
2744,parenting,first-40-days,2744,is it normal for newborn skin to peel,1,1,ddg_ac:1,en:1,yes,newborn,
2745,parenting,development,2745,is it normal for one year old to flap hands,1,1,google_ac:1,en:1,yes,1 year old,
2746,parenting,feeding,2746,is it normal for one year old to poop after every meal,1,1,google_ac:1,en:1,yes,1 year old,
2747,parenting,behaviour,2747,is it normal for postpartum discharge to be yellow,1,1,google_ac:1,en:1,yes,postpartum,
2748,parenting,potty,2748,is it normal for toddler not to pee for 6 hours,1,1,google_ac:1,en:1,yes,toddler not,
2749,parenting,health,2749,is it normal newborn to vomit,1,1,google_ac:1,en:1,yes,newborn,
2750,parenting,development,2750,is it normal to bleed 2 months after giving birth,1,1,google_ac:1,en:1,yes,postpartum,
2751,parenting,feeding,2751,is it normal to hate breastfeeding,1,1,google_ac:1,en:1,yes,breastfeeding,
2752,parenting,development,2752,is it normal to not want kids,1,1,ddg_ac:1,en:1,yes,toddler not,
2753,parenting,feeding,2753,is it ok to give my 2 7 yr old baby cow milk at 11 30p m,1,1,parentune:1,en:1,yes,,
2754,parenting,sleep,2754,is it ok to let your toddler cry at bedtime,1,1,google_ac:1,en:1,yes,toddler sleep,
2755,parenting,potty,2755,is it ok to potty train gradually,1,1,google_ac:1,en:1,yes,potty training,
2756,parenting,potty,2756,is it ok to reward potty training,1,1,google_ac:1,en:1,yes,potty training,
2757,parenting,sleep,2757,is it safe for 1 year old to co sleep,1,1,google_ac:1,en:1,yes,1 year old,
2758,parenting,health,2758,is it safe for 2 year old to tumble,1,1,google_ac:1,en:1,yes,4 year old,
2759,parenting,health,2759,is it safe for 3 year old to drink gatorade,1,1,google_ac:1,en:1,yes,3 year old,
2760,parenting,health,2760,is it safe for 3 year old to have tonsils removed,1,1,google_ac:1,en:1,yes,3 year old,
2761,parenting,health,2761,is it safe for 3 year old to jump on trampoline,1,1,google_ac:1,en:1,yes,3 year old,
2762,parenting,health,2762,is it safe for 3 year old to wear necklace,1,1,google_ac:1,en:1,yes,3 year old,
2763,parenting,health,2763,is it safe for 5 year old to go in hot tub,1,1,google_ac:1,en:1,yes,5 year old,
2764,parenting,early-learning,2764,is it safe for 5 year old to go on playdates alone,1,1,google_ac:1,en:1,yes,5 year old,
2765,parenting,health,2765,is it safe for a 5 year old dog to have puppies,1,1,google_ac:1,en:1,yes,5 year old,
2766,parenting,health,2766,is it safe for a 5 year old to go under anesthesia,1,1,google_ac:1,en:1,yes,5 year old,
2767,parenting,health,2767,is it safe for a 5 year old to run a 5k,1,1,google_ac:1,en:1,yes,5 year old,
2768,parenting,health,2768,is it safe for a one year old dog to get pregnant,1,1,google_ac:1,en:1,yes,1 year old,
2769,parenting,health,2769,is it safe to bath the child during cough and cold,1,1,parentune:1,en:1,yes,,
2770,parenting,health,2770,is it safe to kiss a newborn on the head,1,1,ddg_ac:1,en:1,yes,newborn,
2771,parenting,health,2771,is it safe to swaddle a baby with a fever,1,1,google_ac:1,en:1,yes,baby fever,
2772,parenting,health,2772,is it safe to take 4 year old hydrocodone,1,1,ddg_ac:1,en:1,yes,4 year old,
2773,parenting,first-40-days,2773,is it safe to take a newborn out in public,1,1,ddg_ac:1,en:1,yes,newborn,
2774,parenting,feeding,2774,is it safe to take norco while breastfeeding,1,1,ddg_ac:1,en:1,yes,breastfeeding,
2775,parenting,potty,2775,is it safe to toilet train your cat,1,1,google_ac:1,en:1,yes,potty training,
2776,parenting,health,2776,is it safe to use castor oil on 3 month old baby hair,1,1,google_ac:1,en:1,yes,3 month old baby,
2777,parenting,health,2777,is it safe to use johnson or himalaya baby powder,1,1,parentune:1,en:1,yes,,
2778,parenting,health,2778,is kiddle safe for kids,1,1,ddg_ac:1,en:1,yes,toddler not,
2779,parenting,feeding,2779,is lactogen infant formula milk safe,1,1,parentune:1,en:1,yes,,
2780,parenting,early-learning,2780,is mother the more active parent on everything when it comes to a child or is there an area where fathers play a more active role,1,1,parentune:1,en:1,yes,,
2781,parenting,health,2781,is nebulizer safe for 3 month old baby,1,1,google_ac:1,en:1,yes,3 month old baby,
2782,parenting,general,2782,is nestl baby products are good,1,1,parentune:1,en:1,yes,,
2783,parenting,first-40-days,2783,is newborn baby urine najis,1,1,google_ac:1,en:1,yes,newborn,
2784,parenting,first-40-days,2784,is newborn hyphenated,1,1,ddg_ac:1,en:1,yes,newborn,
2785,parenting,development,2785,is newborn one word,1,1,ddg_ac:1,en:1,yes,newborn,
2786,parenting,first-40-days,2786,is newborn screen genetic testing,1,1,ddg_ac:1,en:1,yes,newborn,
2787,parenting,first-40-days,2787,is newborn the same as 0-3,1,1,ddg_ac:1,en:1,yes,newborn,
2788,parenting,first-40-days,2788,is newborn the same as neonate,1,1,ddg_ac:1,en:1,yes,newborn,
2789,parenting,health,2789,is orajel safe for 5 year old,1,1,ddg_ac:1,en:1,yes,5 year old,
2790,parenting,early-learning,2790,is play group is best for a 1 11 yrs baby,1,1,parentune:1,en:1,yes,,
2791,parenting,first-40-days,2791,is postpartum and postnatal the same thing,1,1,ddg_ac:1,en:1,yes,postpartum,
2792,parenting,first-40-days,2792,is postpartum depression capitalized,1,1,ddg_ac:1,en:1,yes,postpartum,
2793,parenting,first-40-days,2793,is postpartum depression curable,1,1,google_ac:1,en:1,yes,postpartum,
2794,parenting,first-40-days,2794,is postpartum depression hereditary,1,1,google_ac:1,en:1,yes,postpartum,
2795,parenting,first-40-days,2795,is postpartum depression real,1,1,google_ac:1,en:1,yes,postpartum,
2796,parenting,potty,2796,is potty training hyphenated,1,1,ddg_ac:1,en:1,yes,potty training,
2797,parenting,feeding,2797,is retinol safe breastfeeding,1,1,google_ac:1,en:1,yes,breastfeeding,
2798,parenting,development,2798,is shaking after birth normal,1,1,google_ac:1,en:1,yes,postpartum,
2799,parenting,health,2799,is shaving of head really good for hair growth,1,1,parentune:1,en:1,yes,,
2800,parenting,feeding,2800,is soya formula isomil gud for infants 3 4 months,1,1,babychakra:1,en:1,yes,,
2801,parenting,health,2801,is tamiflu safe for 3 year old,1,1,ddg_ac:1,en:1,yes,3 year old,
2802,parenting,general,2802,is there any harm if i force my daughter to have kanji in the morning,1,1,parentune:1,en:1,yes,,
2803,parenting,feeding,2803,is thin breast milk normal,1,1,mylo:1,en:1,yes,,
2804,parenting,health,2804,is toddler banging head normal,1,1,google_ac:1,en:1,yes,toddler hitting,
2805,parenting,sleep,2805,is toddler sleep apnea dangerous,1,1,google_ac:1,en:1,yes,toddler sleep,
2806,parenting,feeding,2806,is tylenol safe breastfeeding,1,1,google_ac:1,en:1,yes,breastfeeding,
2807,parenting,sleep,2807,it is important to feed in night as my baby was not waking for feed she was 7 months old,1,1,parentune:1,en:1,yes,,
2808,parenting,behaviour,2808,its very difficult to say no to my child,1,1,parentune:1,en:1,yes,,
2809,parenting,feeding,2809,ji bacchei ka khayaal kaise rkhe usko kaise khus kre uske sath kaise khele kya khilaye pilaye everything,1,1,parentune:1,hinglish:1,yes,,
2810,parenting,feeding,2810,kamjor bacche ko kya khilaye,1,1,mylo:1,hinglish:1,yes,,
2811,parenting,behaviour,2811,kid not reacting wen sum1 hits him,1,1,parentune:1,en:1,yes,,
2812,parenting,general,2812,left breast hardens fast baby taking only right,1,1,parentune:1,en:1,yes,,
2813,parenting,feeding,2813,m having a baby doll for 15 days she is not able to feed properly she is not able to press nipples or may b m not able to make her feed please suggest,1,1,parentune:1,en:1,yes,,
2814,parenting,general,2814,maim meri beti do saal ki hone wali h mujhe bahut weakness hots h hamesha thakan sa lagta rahta h or,1,1,babychakra:1,hinglish:1,yes,,
2815,parenting,general,2815,mam mari beti ko abhi 6 month suru huaa h or mam vo poti 4 to 5 days me 1 bar karti h or usme b use poti karne me bahut paresani hoti h or usme b vo shi se poti nhi kr paati h use poti bahut tight jai,1,1,parentune:1,hinglish:1,yes,,
2816,parenting,general,2816,mam mujhe 8 tarikh se 5 wa mahina lag gya hai lekin mera baby hilta hi nahi hai aisa kyu,1,1,parentune:1,hinglish:1,yes,,
2817,parenting,health,2817,massaging my baby please guide me whether to massage my baby before bathing or not,1,1,parentune:1,en:1,yes,,
2818,parenting,feeding,2818,maz bal three month che aahe formula milk pite tiche wt 5 4 aahe is this ok,1,1,parentune:1,en:1,yes,,
2819,parenting,general,2819,me beti 4 saal ki hai har baat par roti hai use kuch bhi chachiye rokar maangti hai usko pyar se or gusse se bhi samajya hai par nhi samjhti plss aap solution,1,1,parentune:1,hinglish:1,yes,,
2820,parenting,general,2820,mera 15 saal ke bacche ko kitna bhi samjha lo woh padhai ko bilkul bhi seriously nahi leta hai maine sabhi kuch karke dekh liya hai mere madad kijiye mai chahta hoon ki woh padh likhkar kuch ban jaye,1,1,parentune:1,hinglish:1,yes,,
2821,parenting,feeding,2821,mera 16 month ka ladka h vo mitha chhod k kuch nahi khata,1,1,parentune:1,hinglish:1,yes,,
2822,parenting,general,2822,mera 4 yrs ka beta akele khelta hai dusre bachon k sath mix up nahi hota,1,1,parentune:1,hinglish:1,yes,,
2823,parenting,general,2823,mera 7th month chal raha hai 3 saal ki beti hai humko hmesa godi lene ke liye jidd karti hai esse ko,1,1,babychakra:1,hinglish:1,yes,,
2824,parenting,feeding,2824,mera baby 16 months ka hai but wo khana sahi se nahi khata hai or na hi bottel se doodh peeta hai bus breast feeding hi karta hai aise me mai kya karun k wo ache se khaie,1,1,parentune:1,hinglish:1,yes,,
2825,parenting,general,2825,mera baby 20 days ka hai or use gas problem hai to mujhe kaise pata lagega or uske liye kya karna chaiye,1,1,parentune:1,hinglish:1,yes,,
2826,parenting,feeding,2826,mera baby 4month 11 days ka hai uski baki body normal but uska head hamesha garam kyu rahata hai feed ke bad thoda normal lagta hai,1,1,parentune:1,hinglish:1,yes,,
2827,parenting,general,2827,mera baby 9 month ka hain ghutny nai chalta kya karon plz answer me,1,1,parentune:1,hinglish:1,yes,,
2828,parenting,sleep,2828,mera baby bahut kam sota h bahut kosish karti hu sulane ki per 10 min me hi uth jata h m bahut pareshan hu kya karu,1,1,parentune:1,hinglish:1,yes,,
2829,parenting,potty,2829,mera baby feeding ke baar har time liquid be potty karta hai,1,1,parentune:1,hinglish:1,yes,,
2830,parenting,general,2830,mera baby ko khasi ho ghi h kya kru ki vo thik hojay,1,1,parentune:1,hinglish:1,yes,,
2831,parenting,general,2831,mera baccha 4 month ka h use jukham h to uske liye kya karen,1,1,parentune:1,hinglish:1,yes,,
2832,parenting,general,2832,mera beta 10 saal ka hai woh padhai ko bilkul bhi seriously nahi leh raha hai woh abhi 5th class mai hai aur woh sara din ipad ya phones par hi laga rehta hai mai usey kaise samjhaun ki yeh holidays n,1,1,parentune:1,hinglish:1,yes,,
2833,parenting,you-maa,2833,mera beta 13 years ka hai padhne me thik tha lekin aajkl padhne me dhyan nhi de rha hai aur bat baat par rone lagta hai apna home work v nhi karta mai bahut pareshan hun help me,1,1,parentune:1,hinglish:1,yes,,
2834,parenting,feeding,2834,mera beta 2 mahine ka ke mera dudhkam pad raha he dudh kese jyada bnega koi upay,1,1,parentune:1,hinglish:1,yes,,
2835,parenting,feeding,2835,mera beta 2 month k h wo powder milk pite h isse koi problem b h,1,1,parentune:1,hinglish:1,yes,,
2836,parenting,feeding,2836,mera beta 2 month ka hai or ese aapna feeding karti ho or ye jab tolate karta hai tab eski thodi si poti nikati hai gass pass karta hai tab thodi si poti nikalti hai mtlb din bahar kai aise karta hai,1,1,parentune:1,hinglish:1,yes,,
2837,parenting,feeding,2837,mera beta 2 sal hai wo kuch nhi khta bhut kam hi khata hai or din bhar brest feeding karta hai rat m,1,1,babychakra:1,hinglish:1,yes,,
2838,parenting,health,2838,mera beta 2 years ka hai but iska weight 7 8 kg hi hai me kya karu iska weight badane k liye,1,1,parentune:1,hinglish:1,yes,,
2839,parenting,sleep,2839,mera beta 3 5 mahine ka hai kal use 3 paikana ho gaya aur aaj bhi subah 1 bar aur raat me 1 bar hua hai koi paresani to nahi hai,1,1,parentune:1,hinglish:1,yes,,
2840,parenting,general,2840,mera beta 5 mhina ka h or o aagutha chusta h kaise chhuraye,1,1,parentune:1,hinglish:1,yes,,
2841,parenting,feeding,2841,mera beta 8th mnth complete kr chuka h m use cerelac k alwa or kya kya du khaane k liye,1,1,parentune:1,hinglish:1,yes,,
2842,parenting,feeding,2842,mera beta aaj 3 months ka ho gaya hai woh bottle ka dudh bilkul nahi pi raha hai or mera uske liye pura nahi ho pa raha hai main kya karun,1,1,parentune:1,hinglish:1,yes,,
2843,parenting,sleep,2843,mera beta abhi aaj din kaa hai aur abhi bahut rota hai maa ka dudh pita hai fir bhi raat mae bahut r,1,1,babychakra:1,hinglish:1,yes,,
2844,parenting,feeding,2844,mera beta avi 6 din ka hai or wah maa ka dudh asani se pi nhi raha hai isi wajah se uska waight kam ho raha hai muje bahut tensionho rahi hai or wah 3 din se laitring v nhi kr raha hai please muje bat,1,1,parentune:1,hinglish:1,yes,,
2845,parenting,feeding,2845,mera beta dubla payla hai use kya khane ko de,1,1,parentune:1,hinglish:1,yes,,
2846,parenting,general,2846,mera nephew 2 year ka hai uske sir ki bich ki khokhli haddi bahri ni hai toh kab tk bhar jayegi plz tell me sir,1,1,parentune:1,hinglish:1,yes,,
2847,parenting,health,2847,mera teesra saptah chal raha hai mujhe dast lag rahe hai kya karoon,1,1,babychakra:1,hinglish:1,yes,,
2848,parenting,early-learning,2848,mere baby girl ka color dark hota ja rha h kya kru at born time shes very fail and now shes shavli,1,1,parentune:1,hinglish:1,yes,,
2849,parenting,general,2849,mere baby ka muh pak gya hai kaise thik hoga 2 years ka hai koi upay bataye please,1,1,babychakra:1,hinglish:1,yes,,
2850,parenting,general,2850,mere baby ki deat ho gai h islye jldi ho gya pta hi nhi chla,1,1,babychakra:1,hinglish:1,yes,,
2851,parenting,general,2851,mere baby ko first injection lga h vah bahut jyada ro rha h,1,1,parentune:1,hinglish:1,yes,,
2852,parenting,health,2852,mere baby ko sardi or jukam bahut ho raha h kya karna chaye plz batye,1,1,parentune:1,hinglish:1,yes,,
2853,parenting,general,2853,mere baccha baat nai sunta or bahut ziddi karta he,1,1,parentune:1,hinglish:1,yes,,
2854,parenting,general,2854,mere bacche ko bar bar nimoniya hota,1,1,parentune:1,hinglish:1,yes,,
2855,parenting,health,2855,mere bacche ko rash ho gya h kaise thik hoga,1,1,parentune:1,hinglish:1,yes,,
2856,parenting,general,2856,mere bache abhi 3 din ka hai ma ka dut nahi pi raha hai aue pisaf karta hai ruta bhai hai,1,1,babychakra:1,hinglish:1,yes,,
2857,parenting,general,2857,mere bache k face per racesh h eska koi upay bataye,1,1,babychakra:1,hinglish:1,yes,,
2858,parenting,health,2858,mere bache ko bhuth tez fever hai koi garelu opaye bataye plz,1,1,babychakra:1,hinglish:1,yes,,
2859,parenting,general,2859,mere bachhe ko piliya huwa h piliya ka rate 18 89 h kya ye problem ki bat h sir,1,1,parentune:1,hinglish:1,yes,,
2860,parenting,general,2860,mere bete ko aajkal gussa bahut aata hai or uddas bhi rehta hai bacho ke saath bhi nahi khelta apni choti sister ko paresan karta hai datne marne or samghane s,1,1,parentune:1,hinglish:1,yes,,
2861,parenting,health,2861,mere gudiya 15 month ki h uski skin p buth hair h kya lagyu jisse chle jaye,1,1,parentune:1,hinglish:1,yes,,
2862,parenting,feeding,2862,mere twins baby girl and one boy hai mera dudh jyada nai aata muje formula milk suggest kiya hai mera dudh bdhane ke liye kya kr skte hai plz ans di jiyega,1,1,parentune:1,hinglish:1,yes,,
2863,parenting,feeding,2863,meri baby 3 months ki h main use powder milk deti hu pls mujhe btaye use aur kya dena chahiye woh bht weak h,1,1,parentune:1,hinglish:1,yes,,
2864,parenting,feeding,2864,meri baby 34 days ki ho gayi par uska weight 3 2kg se hygain nahi ho rahaaur woh breastfeeding nhi le rahi thoda infection ho gaya mujheformula milk le rahi hyweight kaise gain hoga uska,1,1,parentune:1,hinglish:1,yes,,
2865,parenting,you-maa,2865,meri baby 6 months ki h or mje hair fall bahut jyada hone lga h kya ye natural h or kab tak hair fall hoga,1,1,parentune:1,hinglish:1,yes,,
2866,parenting,health,2866,meri baby girl 7 years ki h uske hair bhaut halke h uske liye konsa oil aur shampoo aur serum use karne chaiye taki uske hair ki growth acchi ho please tell me,1,1,parentune:1,hinglish:1,yes,,
2867,parenting,health,2867,meri baby ka weight ni bdd rha 6 month running hai uska birth weight 3018 kg tha n abhi only 5 300 gm hai dubh b ache se pretty fm par hai weight kese,1,1,parentune:1,hinglish:1,yes,,
2868,parenting,health,2868,meri baby raat ko roti hai aur dhud dene pr vo ulti kr drti hai abi vo 2 months ki huyi hai,1,1,parentune:1,hinglish:1,yes,,
2869,parenting,potty,2869,meri beti 1 month 3 days ki hai usne parso din se potty nhi ki hai,1,1,parentune:1,hinglish:1,yes,,
2870,parenting,sleep,2870,meri beti 1 yr 9 month ki hai wo thik se soti nai na raat ko na din me kya karoo,1,1,parentune:1,hinglish:1,yes,,
2871,parenting,health,2871,meri beti 2 month ki h or use bhut sardi jukham ho rha h or pani jesi poti ho rhi h koi problem vali baat h kya,1,1,parentune:1,hinglish:1,yes,,
2872,parenting,health,2872,meri beti 2 month ki h or uski ek eye se aasu ata h koi problem vali baat h ya normal h,1,1,parentune:1,hinglish:1,yes,,
2873,parenting,potty,2873,meri beti 2 months ki h wo bar bar potty krti h din me kafi bar ho jata h uske lye kya kru,1,1,parentune:1,hinglish:1,yes,,
2874,parenting,general,2874,meri beti 3 year plus hai vo kisi ke sath mix nhi hoti,1,1,parentune:1,hinglish:1,yes,,
2875,parenting,feeding,2875,meri beti 7 saal ki hai woh sara din kuch tasty khana demand karti hai jyadatar maida se bani cheezin hi pasand karti hai woh khane main har samyein pasta pizza pancake noodles chipsbiscuits mangti ha,1,1,parentune:1,hinglish:1,yes,,
2876,parenting,behaviour,2876,meri beti bhut ajeeb behave karti hai mirror bhut dekhti hai romantic serials use bhut pasand hai bhut mature behave karti hai,1,1,parentune:1,hinglish:1,yes,,
2877,parenting,general,2877,meri beti but gusa karti he me kya karu chila kar baat karti he roti he plz hindi me anser de,1,1,parentune:1,hinglish:1,yes,,
2878,parenting,general,2878,meri beti dhoodh nhi piti,1,1,parentune:1,hinglish:1,yes,,
2879,parenting,general,2879,meri beti k private part m thoda red red resses ho rhe h kya kre,1,1,parentune:1,hinglish:1,yes,,
2880,parenting,feeding,2880,meri beti ka pet nahi bhar pata h kyuki prayapt matra me doodh nahi ban pata h dava bhi liye but koi,1,1,babychakra:1,hinglish:1,yes,,
2881,parenting,feeding,2881,meri beti ka poop color greenish to grey ara hai ye nan pro1 bottle milk phiti hai muje chinta hai ki poop color normal kyun nahi hai,1,1,parentune:1,hinglish:1,yes,,
2882,parenting,you-maa,2882,meri beti ki 7manth running bat wo avi tak upna sar sidha nahi kar pati he plz koie solltion batayea ki mee kea kru me bht tnsn me e huu,1,1,parentune:1,hinglish:1,yes,,
2883,parenting,feeding,2883,meri beti mere milk nhi peeti h wo 1 month 6 days ki ho gye h mere milk peene par roti h,1,1,parentune:1,hinglish:1,yes,,
2884,parenting,sleep,2884,meri daughter night me dar rhi aaj kl 4 days se nyt 1 o clock tk uth k rona start kr deti bht jyada roti rehti kitna b samjhao after 1 hrs normal hoti nd fir soti eyes open ni krti bss continues roti,1,1,parentune:1,hinglish:1,yes,,
2885,parenting,general,2885,meri wife ko 12 december se 4th month start ho gya h usko safed pani ki kabhi kabhi problem ho rhi h,1,1,babychakra:1,hinglish:1,yes,,
2886,parenting,health,2886,merit baby 5 an half month ki h uska weight gain nhi ho rha h plzzz sugest,1,1,parentune:1,hinglish:1,yes,,
2887,parenting,behaviour,2887,midnight tantrums anybody,1,1,parentune:1,en:1,yes,,
2888,parenting,feeding,2888,milk kam peena kam sona,1,1,parentune:1,en:1,yes,,
2889,parenting,general,2889,motion problem for my 9 months baby,1,1,parentune:1,en:1,yes,,
2890,parenting,health,2890,mri beti 5 5 month ki h pr vo bhut week h usko mota kse kru birth weight 3kg tha uska but infection ho gya tha to moti hi ni ho pi vsi hi h,1,1,parentune:1,hinglish:1,yes,,
2891,parenting,behaviour,2891,mu baby have hard tummy at nights and she cries i gave her gripe water nd massage than she stops crying is it sufficient coz she have no issue at day time,1,1,parentune:1,en:1,yes,,
2892,parenting,general,2892,mu daughter is very thin give me some tips,1,1,parentune:1,en:1,yes,,
2893,parenting,general,2893,mujhe apne bacche ki jankari chahiye roz mujhe 7th month laga huwa hai,1,1,babychakra:1,hinglish:1,yes,,
2894,parenting,feeding,2894,my 1 5 year old baby bow not takingeating food properly,1,1,parentune:1,en:1,yes,,
2895,parenting,feeding,2895,my 1 5 yrs old son not having proper food,1,1,parentune:1,en:1,yes,,
2896,parenting,health,2896,my 10 month old is frequently passing stools and vomiting he is teething too is there a connection w,1,1,babychakra:1,en:1,yes,,
2897,parenting,sleep,2897,my 11 months old baby is not sleeping whole night,1,1,parentune:1,en:1,yes,,
2898,parenting,development,2898,my 18 month old daughter hasnt yet started talking,1,1,parentune:1,en:1,yes,,
2899,parenting,health,2899,my 2 5 month old baby again n again keeping his hand in his mouth is it because of teething,1,1,parentune:1,en:1,yes,,
2900,parenting,development,2900,my 2 7 year boy is very lean he tired very easily moreover he is higly constipated a fussy eater love to sit all time dont want to walk or run also he speak woeds only i amtrying my hard for makingbhi,1,1,parentune:1,en:1,yes,,
2901,parenting,general,2901,my 2 year daughter is very stubborn now a days n in cas3,1,1,parentune:1,en:1,yes,,
2902,parenting,feeding,2902,my 2 years baby is not eating anything except plain parantha,1,1,parentune:1,en:1,yes,,
2903,parenting,health,2903,my 2 years daughter has too dry n scaley skin i tried aleovera baby lotionbaby add n lots of moisteriser but no improvement in wntr season it becomes wrost,1,1,parentune:1,en:1,yes,,
2904,parenting,early-learning,2904,my 3 5 yrs is stammeringstuttering while speakinghe is now started speaking but has problems of stammeringstutteringhow can it be made ok he is write now going to playschool from last 12 months,1,1,parentune:1,en:1,yes,,
2905,parenting,general,2905,my 3 5 yrs toddler doesnt want to write,1,1,parentune:1,en:1,yes,,
2906,parenting,sleep,2906,my 3year old son is complaining about his anal pain everytime during his poop session and he says that its paining more during the night bed time can someone please help me out to find the cause of th,1,1,parentune:1,en:1,yes,,
2907,parenting,health,2907,my 4 months old son is suffering from cold too worried,1,1,parentune:1,en:1,yes,,
2908,parenting,feeding,2908,my 4 year old girl doesnt eat any vegetables,1,1,parentune:1,en:1,yes,,
2909,parenting,health,2909,my 4 years boy tries to pass stool in standing always,1,1,parentune:1,en:1,yes,,
2910,parenting,sleep,2910,my 5 year old daughter is hyperactive havent been sound sleeping since birth imitates her teacher at school stubborn and has bad temper,1,1,parentune:1,en:1,yes,,
2911,parenting,health,2911,my 5 year old son and 4 year old daughter both skin is dry how i managed,1,1,parentune:1,en:1,yes,,
2912,parenting,behaviour,2912,my 5 year old sun sucks his thumb very much n my 1 year old doughter is also does the same plz tell,1,1,babychakra:1,en:1,yes,,
2913,parenting,sleep,2913,my 7 month old baby wakes up every hour at night he wants to be breast feed and sleep every time i am tired and my back aches he fights sleep all the time cries yawns rubs eyes but wont sleep we rock,1,1,parentune:1,en:1,yes,,
2914,parenting,general,2914,my 7 months old daughter puts everything into her mouth how,1,1,parentune:1,en:1,yes,,
2915,parenting,development,2915,my 8 month baby boy is stand with support to me when i m take him with me but he could not put his b,1,1,babychakra:1,en:1,yes,,
2916,parenting,health,2916,my 8 month old has lost quite a good amount of hair when she was born hair was lush and black now th,1,1,babychakra:1,en:1,yes,,
2917,parenting,behaviour,2917,my 8 month old shows temper tantrums very frequently cannot understand the reason behind this please help,1,1,parentune:1,en:1,yes,,
2918,parenting,early-learning,2918,my 8 year old daughter at times gets stubborn at times doesnt want to share with her friends who come over to play how do u tackle this,1,1,parentune:1,en:1,yes,,
2919,parenting,potty,2919,my 9 years son still wet the bed,1,1,parentune:1,en:1,yes,,
2920,parenting,sleep,2920,my another problem is my nipples are flat and during breast feeding my one and half month old baby takes milk for about 10 min and goes into sleep and when i put him to sleep on bed he wakes again imm,1,1,parentune:1,en:1,yes,,
2921,parenting,potty,2921,my baby 19 months old she is not able to tell about passing toilet what should i fo,1,1,parentune:1,en:1,yes,,
2922,parenting,feeding,2922,my baby 3 months old breast feeding is not enough shal i give extra milk,1,1,parentune:1,en:1,yes,,
2923,parenting,health,2923,my baby birth weight was 24kg now she is 2month old what should be expected,1,1,babychakra:1,en:1,yes,,
2924,parenting,general,2924,my baby boy is 5 months old n m with not at all lactation if i try laptaden tables are there any chances to lactac again,1,1,parentune:1,en:1,yes,,
2925,parenting,general,2925,my baby boy is very cranky,1,1,parentune:1,en:1,yes,,
2926,parenting,sleep,2926,my baby doesnot sleep at night he only takes a short nap for 10 15 mins and then again wakes up and cries kindly help,1,1,parentune:1,en:1,yes,,
2927,parenting,feeding,2927,my baby eats only soft foods,1,1,parentune:1,en:1,yes,,
2928,parenting,feeding,2928,my baby feeding food how i eat him,1,1,parentune:1,en:1,yes,,
2929,parenting,sleep,2929,my baby from the birth till now she is not sleeping at night andand always doing breast feeding,1,1,parentune:1,en:1,yes,,
2930,parenting,feeding,2930,my baby girl is 26 days young and i notice some small red boil type thing on her face what could it be formula milk or is she wrapped in extra layers of clothes as we are in the delhi winter,1,1,parentune:1,en:1,yes,,
2931,parenting,health,2931,my baby girl is 3 months old she vomits slot even after burp her weight gain is proper i m worried when this vomiting will stop any suggestions,1,1,parentune:1,en:1,yes,,
2932,parenting,development,2932,my baby girl is 8 months old now she does not crawl or stand she only moves in walker when does baby start crawling she does a lot of itching in her eyes,1,1,parentune:1,en:1,yes,,
2933,parenting,health,2933,my baby has cold nose is blocked alopathy chal rahi hai any home remedy,1,1,mylo:1,hinglish:1,yes,,
2934,parenting,health,2934,my baby have very less hair,1,1,parentune:1,en:1,yes,,
2935,parenting,feeding,2935,my baby is 1 year 2 months wat foods shall i give her she wont like sweet,1,1,parentune:1,en:1,yes,,
2936,parenting,development,2936,my baby is 17tn mths old she cant start walk independaly she cant talk also she specks sometime bamamwow i m very worried,1,1,parentune:1,en:1,yes,,
2937,parenting,first-40-days,2937,my baby is 23 days old she does not burp after feed what to do and pass lot of gas,1,1,babychakra:1,en:1,yes,,
2938,parenting,health,2938,my baby is 25 days old he cries the entire day and night even after feeding we give him colic medicine yet no improvement can someone suggest a way out,1,1,parentune:1,en:1,yes,,
2939,parenting,feeding,2939,my baby is 3 5 months old when we introducing infant formula powder nanpro product he is getting vom,1,1,babychakra:1,en:1,yes,,
2940,parenting,feeding,2940,my baby is 3 month now my milk supply is very very low and painful what to do plz plz suggest he looks very slim also,1,1,parentune:1,hinglish:1,yes,,
2941,parenting,early-learning,2941,my baby is 3mths old i used johnsons body wash n cetaphil soap n wd it my babies colour changed alot she ws fair whn she ws born pz suggest gud soap r wash,1,1,parentune:1,en:1,yes,,
2942,parenting,feeding,2942,my baby is 4 month old and having cow milk allergy suggest formula milk brand as mother s milk is in,1,1,babychakra:1,en:1,yes,,
2943,parenting,health,2943,my baby is 4 month old wanted suggestions on to have painless or regular vaccination which is better,1,1,babychakra:1,en:1,yes,,
2944,parenting,feeding,2944,my baby is 5 month old now she is not accepting formula milk at all nd she is want only breastfeed but my breast milk is not sufficient for her im trying everything what can i do,1,1,parentune:1,en:1,yes,,
2945,parenting,first-40-days,2945,my baby is 5 months old we preserved his umbilical cord last week we got mail frm company side tht mesenchymal cell shows no growth what shud we do now,1,1,parentune:1,en:1,yes,,
2946,parenting,behaviour,2946,my baby is 5 mths old when he wake up his eyes are sticky with yellow white dirt whats reason behind,1,1,babychakra:1,en:1,yes,,
2947,parenting,development,2947,my baby is 9 months and 21 days old but he is not crawling yet even his 4 teeths are painful,1,1,parentune:1,en:1,yes,,
2948,parenting,health,2948,my baby is catching cold and cough very soon now and then he falls sick i feel his immunity is very low what can be given to him to increase his immunity,1,1,parentune:1,en:1,yes,,
2949,parenting,general,2949,my baby is not saying sorry ti others,1,1,parentune:1,en:1,yes,,
2950,parenting,development,2950,my baby is not sitting up,1,1,parentune:1,en:1,yes,,
2951,parenting,health,2951,my baby is of 3month and 11 days he through lots of milk because of that there so many rashes in their neck what is the solution,1,1,parentune:1,en:1,yes,,
2952,parenting,feeding,2952,my baby is of 4 months should i gv her solid feed,1,1,parentune:1,en:1,yes,,
2953,parenting,feeding,2953,my baby is on breastfeeding but he is farting from last night his stomach is also become very hard what should i do,1,1,parentune:1,en:1,yes,,
2954,parenting,feeding,2954,my baby is one moth old my flow of milk suddenly stopped what should i feed her,1,1,parentune:1,en:1,yes,,
2955,parenting,behaviour,2955,my baby is very weak she is not eating well and irritating behaviour crying so much full day and night and her wait is over down on 9 2,1,1,parentune:1,en:1,yes,,
2956,parenting,behaviour,2956,my baby of 1 year 5 months has been coughing for almost two months it goes and come he has taken medical to no avail what should i do though we are in winter season,1,1,parentune:1,en:1,yes,,
2957,parenting,feeding,2957,my baby of five moths oldshe taking less feeding from last few days why it,1,1,babychakra:1,en:1,yes,,
2958,parenting,early-learning,2958,my babys colour is becoming dull what soap or other thing is best for her colour litening,1,1,parentune:1,en:1,yes,,
2959,parenting,development,2959,my boy baby is 8 months old still he havent put his knee to crawl and stand strong with support when he crawl and do the rest of the things,1,1,parentune:1,en:1,yes,,
2960,parenting,feeding,2960,my child 5 yrs takes too much time to eat,1,1,parentune:1,en:1,yes,,
2961,parenting,behaviour,2961,my child always using mobile phone how can i recover from tat when i pick the phone he will be argent how to get rid of mobile phone using,1,1,parentune:1,en:1,yes,,
2962,parenting,early-learning,2962,my child do not play alone how should i encourage him to play himself he is 4yr plus and have one 1yr old sibling too,1,1,parentune:1,en:1,yes,,
2963,parenting,feeding,2963,my child dont like food she vomit when we eats the food she likes only chocolates n chips she likes fruits only mango,1,1,parentune:1,en:1,yes,,
2964,parenting,general,2964,my child dont want to brush,1,1,parentune:1,en:1,yes,,
2965,parenting,you-maa,2965,my child has over come through his parents fighting period in very small age 2to5 and now he afraid to meet any guest or talk some body,1,1,parentune:1,en:1,yes,,
2966,parenting,general,2966,my child hesitate to perform assembly program in stage how should i improve,1,1,parentune:1,en:1,yes,,
2967,parenting,feeding,2967,my child is 11 months old he starts drinking powder milk from the 2nd month after his birth now i feel that his immune system is very poor so can anyone suggest something for my child which makes his,1,1,parentune:1,en:1,yes,,
2968,parenting,behaviour,2968,my child is 2yrs difficult to handle her how to make her listen n follow our instructions eg speak softly she gets too rigid and stubborn also,1,1,parentune:1,en:1,yes,,
2969,parenting,you-maa,2969,my child is 5year old male baby being a working women i have to stay away from him i am staying away from him how does it matter my child and how can i help,1,1,parentune:1,en:1,yes,,
2970,parenting,behaviour,2970,my child is always crying,1,1,babychakra:1,en:1,yes,,
2971,parenting,general,2971,my child is not able to hold pencil and not interested in studying what should i do,1,1,parentune:1,en:1,yes,,
2972,parenting,health,2972,my child is not growing height wise,1,1,parentune:1,en:1,yes,,
2973,parenting,feeding,2973,my child is over weight how to loss his weight by simple way he is so foody,1,1,parentune:1,en:1,yes,,
2974,parenting,general,2974,my child is underweight please help,1,1,parentune:1,en:1,yes,,
2975,parenting,general,2975,my child not enjoying nature,1,1,parentune:1,en:1,yes,,
2976,parenting,general,2976,my child watches wwe how to stop it,1,1,parentune:1,en:1,yes,,
2977,parenting,early-learning,2977,my child will cry and shout if i dont get toys or love cream,1,1,parentune:1,en:1,yes,,
2978,parenting,feeding,2978,my cousins 8 month old baby is not eating veggies and fruits how will he ge,1,1,babychakra:1,en:1,yes,,
2979,parenting,health,2979,my daughter age is 4 years old i need food chart so i can give proper food she is not healthy she have constipation problem,1,1,parentune:1,en:1,yes,,
2980,parenting,behaviour,2980,my daughter doesnt listen or act as per my order or whatever we say she seems like she isnt present in the roomseems always thinking about something pls help,1,1,parentune:1,en:1,yes,,
2981,parenting,feeding,2981,my daughter is 1 8year old but she is still breast feeding how to change her habit pls guide,1,1,parentune:1,en:1,yes,,
2982,parenting,general,2982,my daughter is 10 months old can i give her eggs,1,1,parentune:1,en:1,yes,,
2983,parenting,feeding,2983,my daughter is 15 month old whenever she is eating she will ask for milk is it true that brest feedi,1,1,babychakra:1,en:1,yes,,
2984,parenting,feeding,2984,my daughter is 3 and half yearsold she has problem in eating she neverfeels hungry,1,1,parentune:1,en:1,yes,,
2985,parenting,behaviour,2985,my daughter is 3 years old since few mobths there is lot of change in her ehaviour very stubborn she hits pinches throws thibgs she wants full attention,1,1,parentune:1,en:1,yes,,
2986,parenting,general,2986,my daughter is 4 3 year old nd my son 3 month old now a days my daughter is feeling neglected pls suggest what i do,1,1,parentune:1,en:1,yes,,
2987,parenting,feeding,2987,my daughter is 4 yrs old her immune system is very weak she doesnt take d food as we eat i had to stir it properly she is a bad eater plz suggest,1,1,parentune:1,en:1,yes,,
2988,parenting,health,2988,my daughter is 4 yrs old n she is having a hair loss and sometimes she is having leg pain too what should i do,1,1,parentune:1,en:1,yes,,
2989,parenting,feeding,2989,my daughter is 5 3 she is overweight n v foody how to stop her eating her physical activities r v less how to take care,1,1,parentune:1,en:1,yes,,
2990,parenting,behaviour,2990,my daughter is 6 year old she is very naughty she doesnt take us serious how we change her behaviour,1,1,parentune:1,en:1,yes,,
2991,parenting,health,2991,my daughter is 8 months i have been advised by paed to give iron syrup to her i checked with all my friends no one is giving is it really necessary,1,1,parentune:1,en:1,yes,,
2992,parenting,sleep,2992,my daughter is going to be 2 this april she takes breastfeed at the time of sleeping without breastfeed she doesnt sleep please suggest how can i stop breastfeeding,1,1,parentune:1,en:1,yes,,
2993,parenting,general,2993,my daughter is not affectionate towards me,1,1,parentune:1,en:1,yes,,
2994,parenting,early-learning,2994,my daughter is not at all interested in extra curricular activities,1,1,parentune:1,en:1,yes,,
2995,parenting,health,2995,my daughter is not taking diet properly n her height is not increaseing give suggestion,1,1,parentune:1,en:1,yes,,
2996,parenting,health,2996,my daughter is suffering from constipation from 15 days almost and its been six days she hasnt poop please help,1,1,parentune:1,en:1,yes,,
2997,parenting,general,2997,my daughter is very immature,1,1,parentune:1,en:1,yes,,
2998,parenting,general,2998,my daughter is very naughty and she is not studying at home and writing very stubben,1,1,parentune:1,en:1,yes,,
2999,parenting,health,2999,my daughter is5 years 11months weighing 17 5kgs only height 114cm what food to give her which will aid in increasing weight,1,1,parentune:1,en:1,yes,,
3000,parenting,development,3000,my daughter she is not walking till now what to give her,1,1,parentune:1,en:1,yes,,
3001,parenting,general,3001,my daughter shouts a lot when she goes to day care,1,1,parentune:1,en:1,yes,,
3002,parenting,general,3002,my daughter still pie in bed,1,1,parentune:1,en:1,yes,,
3003,parenting,feeding,3003,my daughter was born 2 4kg and now 2 3years old and only 10kg her height is 82cm she does not drink milk and was on bm until first 14months she eats well 3 meals 2 3 snacks veg and non veg both she lo,1,1,parentune:1,en:1,yes,,
3004,parenting,general,3004,my eldest daughter is in std4th she is asking for a mobile n explains that other friends also have n when i refuse she acts arrogantn annoyed,1,1,parentune:1,en:1,yes,,
3005,parenting,general,3005,my first son studying in class sixth he is not lestning become very stubborn,1,1,parentune:1,en:1,yes,,
3006,parenting,health,3006,my girl baby is 1 and half years her weight is low so what to do weight gaining tips plz,1,1,parentune:1,en:1,yes,,
3007,parenting,development,3007,my kid always talk in an irritated way,1,1,parentune:1,en:1,yes,,
3008,parenting,behaviour,3008,my kid does not listen to me at all when he is with grandma,1,1,parentune:1,en:1,yes,,
3009,parenting,behaviour,3009,my kid doesnt behave in gatherings,1,1,parentune:1,en:1,yes,,
3010,parenting,development,3010,my kid gets angry as he is hurt physically by his cousin or emotionally hurt by any adult and loose his temper and speak bad words,1,1,parentune:1,en:1,yes,,
3011,parenting,general,3011,my kid is of 5yrs n doesnt inform about urine in nyt,1,1,parentune:1,en:1,yes,,
3012,parenting,general,3012,my kid is very emotional and sensitive it sometimes affect her overall performance,1,1,parentune:1,en:1,yes,,
3013,parenting,behaviour,3013,my little girl is two now sometimes she tries to hit me and gets aggressive hitting habit is something i never want in my child currently she does this with me only but i am really scared if she devel,1,1,parentune:1,en:1,yes,,
3014,parenting,feeding,3014,my my boy doesn t drink with the bottle how to introduce a bottle bottle to him please please sugges,1,1,babychakra:1,en:1,yes,,
3015,parenting,health,3015,my niece is one month old she is always facing colic issue we give her gripe water and hing water is,1,1,babychakra:1,en:1,yes,,
3016,parenting,general,3016,my one month old daughter does not like to get down from lap,1,1,parentune:1,en:1,yes,,
3017,parenting,health,3017,my six years daughter have done with ear piercing today but i have noticed that the one ear piercing is not done appropriate should i remove stud immediately,1,1,parentune:1,en:1,yes,,
3018,parenting,general,3018,my son 2 8years and he usually pass stools very tight sometimes blood also comes due to tight loo,1,1,parentune:1,en:1,yes,,
3019,parenting,general,3019,my son always keep asking me to carry him in my arms,1,1,parentune:1,en:1,yes,,
3020,parenting,health,3020,my son arnab is did eye conrack plz help me,1,1,parentune:1,en:1,yes,,
3021,parenting,behaviour,3021,my son behaviour is not good from past one month he is 4 yr old he never listen to me nd never wishes any one hide his face whe some one came near him,1,1,parentune:1,en:1,yes,,
3022,parenting,feeding,3022,my son does not chew his food he l always have one bite of food and water how to make him to chew his food important he tries swallow the food as such,1,1,parentune:1,en:1,yes,,
3023,parenting,feeding,3023,my son doesnt want to eat by himself bt to feed by someone,1,1,parentune:1,en:1,yes,,
3024,parenting,early-learning,3024,my son doesnt want to go outside to play,1,1,parentune:1,en:1,yes,,
3025,parenting,feeding,3025,my son dont want to eat solid food like roti riceetc he take only semmi liquid food pls help me what can i do for pls saggest me,1,1,parentune:1,hinglish:1,yes,,
3026,parenting,general,3026,my son either not responding willingly or stubborn i am confused,1,1,parentune:1,en:1,yes,,
3027,parenting,behaviour,3027,my son has started replying us back he doesnt listen to us at all his sentence starts with no to everything we tell him to do and at times he us completely ignorant to what we tell him to do yes i did,1,1,parentune:1,en:1,yes,,
3028,parenting,health,3028,my son is 1 3 yrs old when can i start brushing his teeth he has 2 teeth on the lower gums and 4 upper n 2 are emerging at the back upper side,1,1,parentune:1,en:1,yes,,
3029,parenting,development,3029,my son is 18 months old he is very hyperactive and never sits idle this thing make me sometimes worried about him i dont know how to tackle him,1,1,parentune:1,en:1,yes,,
3030,parenting,feeding,3030,my son is 1yr 3rd month he is not eating food he spitting the food,1,1,parentune:1,en:1,yes,,
3031,parenting,development,3031,my son is 2 5 yrs old he is a vry bright child he seems to have a good grasping power he is vry talkative n loves to explore new things he loves to ask questions loves to see picture n story books in,1,1,parentune:1,en:1,yes,,
3032,parenting,general,3032,my son is 2 and half years old this june his schooling is going to start he is afraid of strangers new environments is very difficult for him i am very tensed that how i will make him adjust with scho,1,1,parentune:1,en:1,yes,,
3033,parenting,health,3033,my son is 3 2 yrs old he has constipation problem every time he face problem while passing his stool and start complaining pain ho raha hai i have tried medicine and honey as well but nthing worked ou,1,1,parentune:1,hinglish:1,yes,,
3034,parenting,health,3034,my son is 3 month old his ht is 2 2feet and his weight is 5 8kg with clothes is it ryt ht n wt plz tel,1,1,parentune:1,en:1,yes,,
3035,parenting,potty,3035,my son is 3 month old his poop is mustard in colour but it is foul smelling is it normal,1,1,babychakra:1,en:1,yes,,
3036,parenting,health,3036,my son is 3 months old his birth weight is 3 36 kg now he is 5 2kg is it normal,1,1,parentune:1,en:1,yes,,
3037,parenting,health,3037,my son is 3 yrs 4 months old what will be his ideal weight if he is over weight how can i manage it please suggest,1,1,parentune:1,en:1,yes,,
3038,parenting,feeding,3038,my son is 3yrs old still he wants breast feeding how can i stop him from breast feeding,1,1,parentune:1,en:1,yes,,
3039,parenting,behaviour,3039,my son is 4 5 years old he never listen and always try s to be very slow and he is not interested in studying how to i go about it,1,1,parentune:1,en:1,yes,,
3040,parenting,early-learning,3040,my son is 4yrs 7months old he always wants to play with phones and cries loud or shouts at us when we try to avoid him from doing so can anybody suggest me,1,1,parentune:1,en:1,yes,,
3041,parenting,behaviour,3041,my son is 5yrs 8 months old he becomes hyperactive infront of peopleknown as well unknownwhen we try to stop him he becomes aggressive he doesnt listen,1,1,parentune:1,en:1,yes,,
3042,parenting,feeding,3042,my son is 7 3years old he is happy to eat vegetables happily he weight is only 18 850gm i dont know what i do for him he is active but too slim,1,1,parentune:1,en:1,yes,,
3043,parenting,behaviour,3043,my son is aggressive and over weight dont want to listen any thing very disobedient for his demand he became violent some time,1,1,parentune:1,en:1,yes,,
3044,parenting,health,3044,my son is having sevier cold and cough pls suggest medicine,1,1,parentune:1,en:1,yes,,
3045,parenting,general,3045,my son is having ulcers in his mouth why in every mnth he is getting it he is having tonsils may b heredity bcz m having give me some sugstn big prblmu,1,1,parentune:1,en:1,yes,,
3046,parenting,feeding,3046,my son is nearly 2 yrs he is exactly 22months very thin nd low weight what should i do to gain his wieght he doesnt eat anything,1,1,parentune:1,en:1,yes,,
3047,parenting,early-learning,3047,my son is not happy going to his playschool and day boarding every day,1,1,parentune:1,en:1,yes,,
3048,parenting,development,3048,my son is not talking at 2 6 years is it normal he will play with us properly and understand our basic commands like come go and shoes and bat ball he will able to show his body parts only telling few,1,1,parentune:1,en:1,yes,,
3049,parenting,health,3049,my son is now one month and 15days running he is little bit thin so he want to increase his weight so anyone can give idea,1,1,parentune:1,en:1,yes,,
3050,parenting,general,3050,my son is very crazy bihavieor,1,1,parentune:1,en:1,yes,,
3051,parenting,feeding,3051,my son not eating raggi porridgewhat doraggi is weight gaining food,1,1,parentune:1,en:1,yes,,
3052,parenting,general,3052,my son survives only on fruits,1,1,parentune:1,en:1,yes,,
3053,parenting,traditions,3053,my son tells student name who is not there,1,1,parentune:1,en:1,yes,,
3054,parenting,behaviour,3054,my son who is 16 years old has a sedentary lifestyle he is spending 10 12 hours in front of screen never listens to me or his father we are trying not to be strict with him all our reminders and reque,1,1,parentune:1,en:1,yes,,
3055,parenting,feeding,3055,my toddler happy with only milk and dont want to eat food,1,1,parentune:1,en:1,yes,,
3056,parenting,health,3056,my toddler is not allowing to touch his head when bathing and making it to dry he is crying when we touch the head,1,1,parentune:1,en:1,yes,,
3057,parenting,general,3057,my wife is drowning and i don't know how to help us hold it together,1,1,reddit:1,en:1,yes,,
3058,parenting,behaviour,3058,need help about child anger,1,1,parentune:1,en:1,yes,,
3059,parenting,health,3059,need help for babys skin tone,1,1,parentune:1,en:1,yes,,
3060,parenting,general,3060,need help life lessons from my child,1,1,parentune:1,en:1,yes,,
3061,parenting,general,3061,need help n guidance add kid,1,1,parentune:1,en:1,yes,,
3062,parenting,health,3062,new born babies stool problem,1,1,parentune:1,en:1,yes,,
3063,parenting,first-40-days,3063,newborn baby has how many bones,1,1,ddg_ac:1,en:1,yes,newborn,
3064,parenting,feeding,3064,no food only bottle milk,1,1,parentune:1,en:1,yes,,
3065,parenting,health,3065,no hair growth for baby girl,1,1,parentune:1,en:1,yes,,
3066,parenting,behaviour,3066,no salt no sugar till baby turns 1yr,1,1,parentune:1,en:1,yes,,
3067,parenting,health,3067,normal body temperature and temperature range above which we considee 9 months infant baby having fever in fahrenheit,1,1,parentune:1,en:1,yes,,
3068,parenting,sleep,3068,not crawling and not sleeping well at night,1,1,parentune:1,en:1,yes,,
3069,parenting,development,3069,not crawling on his stomach nor on knees,1,1,parentune:1,en:1,yes,,
3070,parenting,potty,3070,not going potty since 5days,1,1,parentune:1,hinglish:1,yes,,
3071,parenting,potty,3071,not informing abt potty 6yrs child,1,1,parentune:1,hinglish:1,yes,,
3072,parenting,feeding,3072,not taking enough feed,1,1,parentune:1,en:1,yes,,
3073,parenting,sleep,3073,now a days my baby sleeps in my lap almost whole night whenevr i try to put him on bed he starts crying pls suggest something so that he sleeps on bed,1,1,parentune:1,en:1,yes,,
3074,parenting,sleep,3074,nowadays my 4 5 month old baby is not waking up for night time feedings i m feeding her at the inter,1,1,babychakra:1,en:1,yes,,
3075,parenting,feeding,3075,ooh my child refuses all food he may take only one small spoon and close the mouth i see that he started to loose weight,1,1,parentune:1,en:1,yes,,
3076,parenting,behaviour,3076,our children carry our smiles our anger and our bad words,1,1,parentune:1,en:1,yes,,
3077,parenting,feeding,3077,passing gas frequent feeding any problem,1,1,parentune:1,en:1,yes,,
3078,parenting,behaviour,3078,please help my child shouts and throws tantrums,1,1,parentune:1,en:1,yes,,
3079,parenting,general,3079,please suggest for health improvement product for my kid,1,1,parentune:1,en:1,yes,,
3080,parenting,general,3080,please suggest good lotion for new born baby thank you in advance,1,1,parentune:1,en:1,yes,,
3081,parenting,health,3081,please suggest good soap baby body massage oil and hair oil for 7 months baby with dry skin,1,1,parentune:1,en:1,yes,,
3082,parenting,general,3082,please suggest me best moisturising cream for my kid,1,1,parentune:1,en:1,yes,,
3083,parenting,health,3083,please suggest the best skin whitening tips for baby girl,1,1,parentune:1,en:1,yes,,
3084,parenting,feeding,3084,please suggest which formula milk is better dexolac or similac,1,1,babychakra:1,en:1,yes,,
3085,parenting,health,3085,please sujjest good baby product as johnson is making my daughters skin dry,1,1,parentune:1,en:1,yes,,
3086,parenting,general,3086,please tell me sme recipes for 6 mnths plus baby,1,1,parentune:1,en:1,yes,,
3087,parenting,behaviour,3087,please what did you use to clear off eczema i have been giving my baby nyastatine syrup and applying miconazole cream but no improvement,1,1,parentune:1,en:1,yes,,
3088,parenting,health,3088,please when is the right time to brush a childs teeth using tooth paste and tooth brush,1,1,parentune:1,en:1,yes,,
3089,parenting,feeding,3089,pls give 6montg baby diet chart nd time also which time can i give food,1,1,parentune:1,en:1,yes,,
3090,parenting,health,3090,pls help me my son is 8 year s old he is over weight 42 kg how to control this he wants sweets n namkeens bahut mushkil se vegetables n fruits khilati kya,1,1,parentune:1,hinglish:1,yes,,
3091,parenting,behaviour,3091,pls pls pls help to control my strange behaving son,1,1,parentune:1,hinglish:1,yes,,
3092,parenting,feeding,3092,plz help my baby is crying a lot continues ly i have feeded him full he is passing urine very half n,1,1,babychakra:1,en:1,yes,,
3093,parenting,feeding,3093,plz suggest feeding bottle nd sterilizing machines,1,1,parentune:1,en:1,yes,,
3094,parenting,general,3094,poo issues of 45 days pls baby boy,1,1,parentune:1,en:1,yes,,
3095,parenting,general,3095,positive stories of 3u3 ?!?,1,1,reddit:1,en:1,yes,,
3096,parenting,first-40-days,3096,postpartum yoga when to start,1,1,google_ac:1,en:1,yes,postpartum,
3097,parenting,first-40-days,3097,premature baby 34weeks gestational age 2weeks old unable to suck the milk from breast,1,1,parentune:1,en:1,yes,,
3098,parenting,early-learning,3098,preschool teachers scolding can hurt more than help,1,1,parentune:1,en:1,yes,,
3099,parenting,health,3099,problem in passing stool,1,1,parentune:1,en:1,yes,,
3100,parenting,first-40-days,3100,problem with my baby boy cry 7 weeks old baby,1,1,parentune:1,en:1,yes,,
3101,parenting,potty,3101,refusing to sit on potty seat,1,1,parentune:1,hinglish:1,yes,,
3102,parenting,health,3102,regarding cold and problem in oxygen 5 months baby boy,1,1,parentune:1,en:1,yes,,
3103,parenting,feeding,3103,she is feeding formula milk so how to gain weight,1,1,parentune:1,en:1,yes,,
3104,parenting,general,3104,should 1 year old wear shoes,1,1,google_ac:1,en:1,yes,1 year old,
3105,parenting,behaviour,3105,should 1 year olds watch tv,1,1,google_ac:1,en:1,yes,1 year old,
3106,parenting,general,3106,should 2 year olds take vitamins,1,1,ddg_ac:1,en:1,yes,1 year old,
3107,parenting,behaviour,3107,should 3 year olds have phone screen time,1,1,ddg_ac:1,en:1,yes,3 year old,
3108,parenting,general,3108,should 4 year old use tablet,1,1,ddg_ac:1,en:1,yes,4 year old,
3109,parenting,general,3109,should 5 year olds use mouthwash,1,1,ddg_ac:1,en:1,yes,5 year old,
3110,parenting,general,3110,should a 4 year old tell stories,1,1,ddg_ac:1,en:1,yes,4 year old,
3111,parenting,general,3111,should a 4 year old use pronouns,1,1,ddg_ac:1,en:1,yes,4 year old,
3112,parenting,first-40-days,3112,should a newborn have pink tinged urine,1,1,ddg_ac:1,en:1,yes,newborn,
3113,parenting,sleep,3113,should a newborn sleep in a cot or moses basket,1,1,google_ac:1,en:1,yes,newborn sleep,
3114,parenting,potty,3114,should baby poop have bits in it,1,1,google_ac:1,en:1,yes,baby poop,
3115,parenting,feeding,3115,should breastfeeding hurt with a nipple shield,1,1,google_ac:1,en:1,yes,breastfeeding,
3116,parenting,general,3116,should children not lift weights,1,1,google_ac:1,en:1,yes,toddler not,
3117,parenting,general,3117,should children not wear school uniform,1,1,google_ac:1,en:1,yes,toddler not,
3118,parenting,general,3118,should i be giving an antibiotic to my baby,1,1,parentune:1,en:1,yes,,
3119,parenting,health,3119,should i brush 1 year old teeth,1,1,google_ac:1,en:1,yes,1 year old,
3120,parenting,general,3120,should i clean my 3 month old baby's tongue,1,1,google_ac:1,en:1,yes,3 month old baby,
3121,parenting,feeding,3121,should i eat while breastfeeding,1,1,google_ac:1,en:1,yes,breastfeeding,
3122,parenting,feeding,3122,should i feel guilty for formula feeding,1,1,google_ac:1,en:1,yes,formula feeding,
3123,parenting,health,3123,should i give baby calpol before vaccinations,1,1,google_ac:1,en:1,yes,baby vaccination,
3124,parenting,health,3124,should i give child fever reducer,1,1,google_ac:1,en:1,yes,baby fever,
3125,parenting,behaviour,3125,should i habituate my kid to watch tv atlest for sometime,1,1,parentune:1,en:1,yes,,
3126,parenting,first-40-days,3126,should i kill newborn mindflayer,1,1,google_ac:1,en:1,yes,newborn,
3127,parenting,sleep,3127,should i let my newborn cry it out for naps,1,1,ddg_ac:1,en:1,yes,newborn,
3128,parenting,feeding,3128,should i make baby food or buy it,1,1,google_ac:1,en:1,yes,baby food,
3129,parenting,general,3129,should i replace 5 year old car battery,1,1,google_ac:1,en:1,yes,5 year old,
3130,parenting,potty,3130,should i set a timer when potty training,1,1,google_ac:1,en:1,yes,potty training,
3131,parenting,sleep,3131,should i swaddle my 6 month old baby,1,1,google_ac:1,en:1,yes,6 month old baby,
3132,parenting,sleep,3132,should i swaddle my baby after vaccination,1,1,google_ac:1,en:1,yes,baby vaccination,
3133,parenting,feeding,3133,should i take baby aspirin with food,1,1,ddg_ac:1,en:1,yes,baby food,
3134,parenting,first-40-days,3134,should i take choline postpartum,1,1,google_ac:1,en:1,yes,postpartum,
3135,parenting,first-40-days,3135,should i take iron postpartum,1,1,google_ac:1,en:1,yes,postpartum,
3136,parenting,feeding,3136,should i take prenatals while breastfeeding,1,1,google_ac:1,en:1,yes,breastfeeding,
3137,parenting,sleep,3137,should i wake my 6 month old baby up in the morning,1,1,google_ac:1,en:1,yes,6 month old baby,
3138,parenting,sleep,3138,should newborn be swaddled all day,1,1,google_ac:1,en:1,yes,newborn,
3139,parenting,sleep,3139,should toddler sleep in complete darkness,1,1,google_ac:1,en:1,yes,toddler sleep,
3140,parenting,sleep,3140,should toddler sleep with hair up,1,1,google_ac:1,en:1,yes,toddler sleep,
3141,parenting,feeding,3141,signs that mother feed is not enough,1,1,parentune:1,en:1,yes,,
3142,parenting,feeding,3142,since only 2 weeks left to join my office and also my baby will turn 6 months after two weeks kindly advise me what should i feed him as i will be 8 hours away from him also its been 15 days almost i,1,1,parentune:1,en:1,yes,,
3143,parenting,development,3143,speach hi mommies my little baby boy age is 2 yrs 6 months running he can only speak fewwords like amma aunty ammammathataatha byeevvu etc,1,1,parentune:1,en:1,yes,,
3144,parenting,development,3144,speach problem my kid is 3 10 month old suddenly from past 20 days he is not able to speak properly like he has started stammering say if he want to say papa i want water he was say pa pa pa pa pa pap,1,1,parentune:1,en:1,yes,,
3145,parenting,feeding,3145,started banana but not eating,1,1,parentune:1,en:1,yes,,
3146,parenting,health,3146,suggest shampoo and hair oil,1,1,parentune:1,en:1,yes,,
3147,parenting,feeding,3147,suggestion for milk powder,1,1,parentune:1,en:1,yes,,
3148,parenting,feeding,3148,taking aspirin tablet is it safe during breastfeeding,1,1,babychakra:1,en:1,yes,,
3149,parenting,health,3149,teeth come on 20 days born baby is it safe,1,1,parentune:1,en:1,yes,,
3150,parenting,health,3150,teeth problem my daughter,1,1,parentune:1,en:1,yes,,
3151,parenting,general,3151,tips required to manage a naughty child,1,1,parentune:1,en:1,yes,,
3152,parenting,general,3152,tips to engaged 2 year child,1,1,parentune:1,en:1,yes,,
3153,parenting,health,3153,to know more about eye problem of 3 year baby boy and to increase weight,1,1,parentune:1,en:1,yes,,
3154,parenting,feeding,3154,today my daughter is of 1 month but still not taking feed from right breast as a result lumps have occured what to do,1,1,parentune:1,en:1,yes,,
3155,parenting,behaviour,3155,toddlers uses threatening sentences when she feels bad about anything or when she is angry,1,1,parentune:1,en:1,yes,,
3156,parenting,health,3156,too much hair on her body,1,1,parentune:1,en:1,yes,,
3157,parenting,feeding,3157,too much of milk,1,1,parentune:1,en:1,yes,,
3158,parenting,feeding,3158,travelling with 11 months old kid alone for first time please suggest the food to be taken tips etc,1,1,parentune:1,en:1,yes,,
3159,parenting,sleep,3159,trouble in sleeping with cough,1,1,parentune:1,en:1,yes,,
3160,parenting,behaviour,3160,twin 1 biting and thinking other has always better,1,1,parentune:1,en:1,yes,,
3161,parenting,development,3161,unable to walk or crawl or sit for long,1,1,parentune:1,en:1,yes,,
3162,parenting,general,3162,urgent help for five month baby,1,1,parentune:1,en:1,yes,,
3163,parenting,health,3163,very hard stool 6 month,1,1,parentune:1,en:1,yes,,
3164,parenting,behaviour,3164,webinar on how to say no to a child and deal with aggression,1,1,parentune:1,en:1,yes,,
3165,parenting,early-learning,3165,were born ready,1,1,ddg_ac:1,en:1,yes,newborn,
3166,parenting,general,3166,what 8 year old girls want for birthdays,1,1,ddg_ac:1,en:1,yes,5 year old,
3167,parenting,general,3167,what 8 year olds want for christmas,1,1,ddg_ac:1,en:1,yes,5 year old,
3168,parenting,general,3168,what age are you not a toddler,1,1,ddg_ac:1,en:1,yes,toddler not,
3169,parenting,potty,3169,what age did you potty train,1,1,google_ac:1,en:1,yes,potty training,
3170,parenting,feeding,3170,what age should children not eat honey,1,1,google_ac:1,en:1,yes,toddler not eating,
3171,parenting,development,3171,what are baby milestones at 7 months,1,1,google_ac:1,en:1,yes,baby milestones,
3172,parenting,first-40-days,3172,what are good postpartum gifts,1,1,ddg_ac:1,en:1,yes,postpartum,
3173,parenting,feeding,3173,what are you not allowed when breastfeeding,1,1,google_ac:1,en:1,yes,breastfeeding,
3174,parenting,feeding,3174,what baby foods are high in fiber,1,1,google_ac:1,en:1,yes,baby food,
3175,parenting,feeding,3175,what breastfeeding nipples look like,1,1,google_ac:1,en:1,yes,breastfeeding,
3176,parenting,development,3176,what can affect a child's speech,1,1,google_ac:1,en:1,yes,toddler speech,
3177,parenting,feeding,3177,what can we add in cow milk for 2 years baby,1,1,parentune:1,en:1,yes,,
3178,parenting,general,3178,what category is a 4 year old,1,1,google_ac:1,en:1,yes,4 year old,
3179,parenting,health,3179,what causes low baby weight during pregnancy,1,1,google_ac:1,en:1,yes,baby not gaining weight,
3180,parenting,general,3180,what do 5 year old girls want for christmas,1,1,google_ac:1,en:1,yes,5 year old,
3181,parenting,general,3181,what do 5 year olds call their dad,1,1,google_ac:1,en:1,yes,5 year old,
3182,parenting,sleep,3182,what do 6 month old babies have nightmares about,1,1,google_ac:1,en:1,yes,6 month old baby,
3183,parenting,feeding,3183,what do i feed,1,1,parentune:1,en:1,yes,,
3184,parenting,health,3184,what do i give food to my 1 and half years old son when hes having cold and chest congestion,1,1,parentune:1,en:1,yes,,
3185,parenting,first-40-days,3185,what does 20 week old baby look like,1,1,google_ac:1,en:1,yes,pregnancy 20 weeks,
3186,parenting,health,3186,what does a baby food allergy rash look like,1,1,google_ac:1,en:1,yes,pregnancy diet,
3187,parenting,general,3187,what does i kid you not mean,1,1,ddg_ac:1,en:1,yes,toddler not,
3188,parenting,potty,3188,what does it mean when a baby poops grey,1,1,ddg_ac:1,en:1,yes,baby poop,
3189,parenting,feeding,3189,what enzyme is used in baby food and why,1,1,ddg_ac:1,en:1,yes,baby food,
3190,parenting,general,3190,what happened to 4 year old gus,1,1,google_ac:1,en:1,yes,4 year old,
3191,parenting,feeding,3191,what happened to gerber baby food,1,1,google_ac:1,en:1,yes,baby food,
3192,parenting,feeding,3192,what happened to milupa baby food,1,1,google_ac:1,en:1,yes,baby food,
3193,parenting,feeding,3193,what happened to yumi baby food,1,1,google_ac:1,en:1,yes,baby food,
3194,parenting,general,3194,what happens after a baby is delivered,1,1,ddg_ac:1,en:1,yes,first 40 days after delivery,
3195,parenting,feeding,3195,what happens if 3 year old eats tums,1,1,google_ac:1,en:1,yes,3 year old,
3196,parenting,feeding,3196,what happens if a 4 year old eats an edible,1,1,google_ac:1,en:1,yes,4 year old,
3197,parenting,feeding,3197,what happens if baby gets food poisoning,1,1,google_ac:1,en:1,yes,baby food,
3198,parenting,general,3198,what happens if child not in car seat,1,1,google_ac:1,en:1,yes,toddler not,
3199,parenting,first-40-days,3199,what happens if newborn babies drink vinegar,1,1,ddg_ac:1,en:1,yes,newborn,
3200,parenting,first-40-days,3200,what happens if postpartum goes untreated,1,1,google_ac:1,en:1,yes,postpartum,
3201,parenting,general,3201,what happens if you don't have kids,1,1,ddg_ac:1,en:1,yes,toddler not,
3202,parenting,general,3202,what happens in the first days of pregnancy,1,1,google_ac:1,en:1,yes,first 40 days after delivery,
3203,parenting,general,3203,what have you done to secure your babys future,1,1,parentune:1,en:1,yes,,
3204,parenting,feeding,3204,what hormone does breastfeeding release,1,1,ddg_ac:1,en:1,yes,breastfeeding,
3205,parenting,general,3205,what if a 3 month old baby gets covid,1,1,google_ac:1,en:1,yes,3 month old baby,
3206,parenting,feeding,3206,what if breastfeeding mom doesn't eat,1,1,google_ac:1,en:1,yes,breastfeeding,
3207,parenting,feeding,3207,what if breastfeeding mom gets diarrhea,1,1,google_ac:1,en:1,yes,breastfeeding,
3208,parenting,feeding,3208,what if breastfeeding mom has diabetes,1,1,google_ac:1,en:1,yes,breastfeeding,
3209,parenting,feeding,3209,what if breastfeeding mother smokes,1,1,google_ac:1,en:1,yes,breastfeeding,
3210,parenting,first-40-days,3210,what if newborn swallowed hair,1,1,google_ac:1,en:1,yes,newborn,
3211,parenting,first-40-days,3211,what if postpartum depression is not treated,1,1,google_ac:1,en:1,yes,postpartum,
3212,parenting,sleep,3212,what if toddler vomit while sleeping,1,1,google_ac:1,en:1,yes,toddler sleep,
3213,parenting,general,3213,what if your child is a victim of moral policing,1,1,parentune:1,en:1,yes,,
3214,parenting,general,3214,what is 1 year old in dog years,1,1,ddg_ac:1,en:1,yes,1 year old,
3215,parenting,development,3215,what is 4 year old development,1,1,google_ac:1,en:1,yes,4 year old,
3216,parenting,feeding,3216,what is good to to give baby cow milk or powder milk,1,1,parentune:1,en:1,yes,,
3217,parenting,first-40-days,3217,what is newborn respiratory rate,1,1,ddg_ac:1,en:1,yes,newborn,
3218,parenting,behaviour,3218,what is normal terrible twos behavior,1,1,google_ac:1,en:1,yes,2 year old behaviour,
3219,parenting,development,3219,what is pediatric speech pathology,1,1,google_ac:1,en:1,yes,toddler speech,
3220,parenting,feeding,3220,what is sign of food is going well with baby,1,1,parentune:1,en:1,yes,,
3221,parenting,feeding,3221,what is stage 4 in baby food,1,1,google_ac:1,en:1,yes,baby food,
3222,parenting,general,3222,what is the best detergent for my baby laundry,1,1,parentune:1,en:1,yes,,
3223,parenting,early-learning,3223,what is the difference between family daycare and child care,1,1,google_ac:1,en:1,yes,child learning,
3224,parenting,health,3224,what is the first baby vaccination,1,1,google_ac:1,en:1,yes,baby vaccination,
3225,parenting,health,3225,what is the normal weight gain for 3 months old baby boy per day,1,1,babychakra:1,en:1,yes,,
3226,parenting,feeding,3226,what is the process of weaning,1,1,ddg_ac:1,en:1,yes,baby weaning,
3227,parenting,first-40-days,3227,what makes a 2weeks old baby puke a lot,1,1,parentune:1,en:1,yes,,
3228,parenting,health,3228,what mom do when a child is s fussy eaiter and under weight,1,1,parentune:1,en:1,yes,,
3229,parenting,first-40-days,3229,what newborn babies need,1,1,ddg_ac:1,en:1,yes,newborn,
3230,parenting,first-40-days,3230,what newborn baby think,1,1,google_ac:1,en:1,yes,newborn,
3231,parenting,first-40-days,3231,what newborn birds eat,1,1,google_ac:1,en:1,yes,newborn,
3232,parenting,first-40-days,3232,what newborn kittens eat,1,1,google_ac:1,en:1,yes,newborn,
3233,parenting,feeding,3233,what nutrients do breastfeeding mothers need,1,1,ddg_ac:1,en:1,yes,breastfeeding,
3234,parenting,first-40-days,3234,what postpartum looks like,1,1,google_ac:1,en:1,yes,postpartum,
3235,parenting,general,3235,what preparations should i do to make my babies comfortable in mothers absence,1,1,parentune:1,en:1,yes,,
3236,parenting,feeding,3236,what should i eat to increase milk plz help m nt able to produce s ufficient milk for my 2 month old baby only at night i use to feed my milk to her,1,1,parentune:1,en:1,yes,,
3237,parenting,general,3237,what stage is a 4 year old,1,1,google_ac:1,en:1,yes,4 year old,
3238,parenting,feeding,3238,what time should 1 year old eat dinner,1,1,google_ac:1,en:1,yes,1 year old,
3239,parenting,general,3239,what to buy before baby is born,1,1,parentune:1,en:1,yes,,
3240,parenting,general,3240,what to do 5 year old london,1,1,google_ac:1,en:1,yes,5 year old,
3241,parenting,general,3241,what to do 5 year old uti,1,1,google_ac:1,en:1,yes,5 year old,
3242,parenting,behaviour,3242,what to do baby hit head,1,1,google_ac:1,en:1,yes,toddler hitting,
3243,parenting,health,3243,what to do for teething cats,1,1,google_ac:1,en:1,yes,baby teething,
3244,parenting,potty,3244,what to do if baby poops after suppository,1,1,google_ac:1,en:1,yes,baby poop,
3245,parenting,health,3245,what to do newborn cold,1,1,google_ac:1,en:1,yes,newborn,
3246,parenting,first-40-days,3246,what to do newborn kittens,1,1,google_ac:1,en:1,yes,newborn,
3247,parenting,first-40-days,3247,what to do newborn wake windows,1,1,google_ac:1,en:1,yes,newborn,
3248,parenting,general,3248,what to do when 6 month old baby falls off bed,1,1,google_ac:1,en:1,yes,6 month old baby,
3249,parenting,health,3249,what to do when 6 month old baby is constipated,1,1,google_ac:1,en:1,yes,6 month old baby,
3250,parenting,general,3250,what to do when 6 month old has blocked nose,1,1,google_ac:1,en:1,yes,6 month old baby,
3251,parenting,potty,3251,what to do when potty training goes backwards,1,1,google_ac:1,en:1,yes,potty training,
3252,parenting,general,3252,what to do with a 3 month old baby when awake,1,1,google_ac:1,en:1,yes,3 month old baby,
3253,parenting,general,3253,what to do with baby's old clothes,1,1,google_ac:1,en:1,yes,newborn,
3254,parenting,feeding,3254,what to eat when breastfeeding newborn,1,1,ddg_ac:1,en:1,yes,breastfeeding,
3255,parenting,development,3255,what to expect baby development,1,1,google_ac:1,en:1,yes,baby milestones,
3256,parenting,feeding,3256,what to feed my 1 year old daughter apart from dal rice khicdi,1,1,parentune:1,en:1,yes,,
3257,parenting,early-learning,3257,what to teach a toddler,1,1,parentune:1,en:1,yes,,
3258,parenting,general,3258,what to watch with 4 year old,1,1,google_ac:1,en:1,yes,4 year old,
3259,parenting,you-maa,3259,what to work on with a 6 month old,1,1,google_ac:1,en:1,yes,6 month old baby,
3260,parenting,potty,3260,what type of skill is potty training,1,1,ddg_ac:1,en:1,yes,potty training,
3261,parenting,health,3261,what vaccines are safe while breastfeeding,1,1,ddg_ac:1,en:1,yes,breastfeeding,
3262,parenting,general,3262,what year of independence is it for india,1,1,ddg_ac:1,en:1,yes,4 year old,
3263,parenting,feeding,3263,when and how to start top feed for my 4 months old,1,1,parentune:1,en:1,yes,,
3264,parenting,development,3264,when are baby development leaps,1,1,google_ac:1,en:1,yes,baby milestones,
3265,parenting,general,3265,when baby not kicking as much,1,1,google_ac:1,en:1,yes,toddler not,
3266,parenting,first-40-days,3266,when baby not newborn,1,1,google_ac:1,en:1,yes,toddler not,
3267,parenting,feeding,3267,when can baby chickens eat normal food,1,1,ddg_ac:1,en:1,yes,baby food,
3268,parenting,feeding,3268,when can i add tomatoes in my babys food,1,1,parentune:1,en:1,yes,,
3269,parenting,general,3269,when can i start giving bournvita lil champs my son is 2 7 months old,1,1,parentune:1,en:1,yes,,
3270,parenting,development,3270,when child will start rollover,1,1,parentune:1,en:1,yes,,
3271,parenting,general,3271,when do 3 year olds get easier,1,1,google_ac:1,en:1,yes,3 year old,
3272,parenting,development,3272,when do babies hit motor milestones,1,1,google_ac:1,en:1,yes,baby milestones,
3273,parenting,potty,3273,when do babies learn how to poop,1,1,ddg_ac:1,en:1,yes,baby poop,
3274,parenting,development,3274,when do baies start walking,1,1,parentune:1,en:1,yes,,
3275,parenting,feeding,3275,when do i start giving anything other than bm or formula milk my baby completed 5 months,1,1,parentune:1,en:1,yes,,
3276,parenting,first-40-days,3276,when do postpartum night sweats stop,1,1,google_ac:1,en:1,yes,postpartum,
3277,parenting,behaviour,3277,when do toddlers hit 40 lbs,1,1,google_ac:1,en:1,yes,toddler hitting,
3278,parenting,general,3278,when do toddlers not need a pram,1,1,google_ac:1,en:1,yes,toddler not,
3279,parenting,general,3279,when does 3 year old kindy start in south australia,1,1,google_ac:1,en:1,yes,3 year old,
3280,parenting,development,3280,when does baby development slow down,1,1,google_ac:1,en:1,yes,baby milestones,
3281,parenting,health,3281,when does baby hold head mine s 2 5 months old and she doesnt hold her head while tummy time,1,1,parentune:1,en:1,yes,,
3282,parenting,feeding,3282,when does baby not eat every 3 hours,1,1,google_ac:1,en:1,yes,toddler not eating,
3283,parenting,potty,3283,when does baby poop stop being seedy,1,1,google_ac:1,en:1,yes,baby poop,
3284,parenting,sleep,3284,when does baby sleep become more predictable,1,1,google_ac:1,en:1,yes,newborn sleep,
3285,parenting,sleep,3285,when does newborn sleepiness wear off,1,1,google_ac:1,en:1,yes,newborn sleep,
3286,parenting,first-40-days,3286,when does postpartum endometritis occur,1,1,google_ac:1,en:1,yes,postpartum,
3287,parenting,first-40-days,3287,when does postpartum lochia stop,1,1,google_ac:1,en:1,yes,postpartum,
3288,parenting,general,3288,when does puerperium end,1,1,google_ac:1,en:1,yes,postpartum,
3289,parenting,behaviour,3289,when does toddler hitting peak,1,1,google_ac:1,en:1,yes,toddler hitting,
3290,parenting,behaviour,3290,when is the toddler hitting stage,1,1,google_ac:1,en:1,yes,toddler hitting,
3291,parenting,general,3291,when my 5 year old,1,1,google_ac:1,en:1,yes,5 year old,
3292,parenting,development,3292,when my two year old walks i notice that his feet are not straight they are a little cross someone p,1,1,babychakra:1,en:1,yes,,
3293,parenting,general,3293,when new bonds form energy is what,1,1,ddg_ac:1,en:1,yes,newborn,
3294,parenting,potty,3294,when potty training what to do for naps,1,1,google_ac:1,en:1,yes,potty training,
3295,parenting,health,3295,when should baby triple weight,1,1,google_ac:1,en:1,yes,baby milestones,
3296,parenting,feeding,3296,when should breastfeeding moms start pumping,1,1,google_ac:1,en:1,yes,breastfeeding,
3297,parenting,general,3297,when should children not have a dummy,1,1,google_ac:1,en:1,yes,toddler not,
3298,parenting,first-40-days,3298,when should newborn puppies get shots,1,1,ddg_ac:1,en:1,yes,newborn,
3299,parenting,first-40-days,3299,when should newborn see pediatrician,1,1,ddg_ac:1,en:1,yes,newborn,
3300,parenting,first-40-days,3300,when should postpartum bleeding turn brown,1,1,google_ac:1,en:1,yes,postpartum,
3301,parenting,first-40-days,3301,when to do 2 hour gtt postpartum,1,1,ddg_ac:1,en:1,yes,postpartum,
3302,parenting,health,3302,when to give baby probiotics for colic,1,1,ddg_ac:1,en:1,yes,baby colic,
3303,parenting,health,3303,when to introduce teething toy my baby is 4 month old months he is drooling alot and eating his hand,1,1,babychakra:1,en:1,yes,,
3304,parenting,first-40-days,3304,when to start patch postpartum,1,1,ddg_ac:1,en:1,yes,postpartum,
3305,parenting,potty,3305,when to start using diaper pants,1,1,parentune:1,en:1,yes,,
3306,parenting,feeding,3306,when to start weaning baby off pacifier,1,1,ddg_ac:1,en:1,yes,baby weaning,
3307,parenting,first-40-days,3307,when to take newborn insert out of car seat,1,1,ddg_ac:1,en:1,yes,newborn,
3308,parenting,feeding,3308,when you feed me formula,1,1,ddg_ac:1,en:1,yes,formula feeding,
3309,parenting,general,3309,where 30 year olds live in virginia,1,1,ddg_ac:1,en:1,yes,3 year old,
3310,parenting,development,3310,where baby development,1,1,google_ac:1,en:1,yes,baby milestones,
3311,parenting,general,3311,where born jesus,1,1,ddg_ac:1,en:1,yes,newborn,
3312,parenting,general,3312,where borneo kauri can be found in malaysia,1,1,ddg_ac:1,en:1,yes,newborn,
3313,parenting,sleep,3313,where children sleep james mollison,1,1,google_ac:1,en:1,yes,toddler sleep,
3314,parenting,sleep,3314,where do toddlers sleep inzoi,1,1,google_ac:1,en:1,yes,toddler sleep,
3315,parenting,sleep,3315,where do toddlers sleep paralysis,1,1,google_ac:1,en:1,yes,toddler sleep,
3316,parenting,first-40-days,3316,where does postpartum come from,1,1,google_ac:1,en:1,yes,postpartum,
3317,parenting,general,3317,where is 4 year old missing,1,1,google_ac:1,en:1,yes,4 year old,
3318,parenting,feeding,3318,where is baby food in costco,1,1,google_ac:1,en:1,yes,baby food,
3319,parenting,feeding,3319,where is baby food in tesco,1,1,google_ac:1,en:1,yes,baby food,
3320,parenting,feeding,3320,where is baby food in toca boca,1,1,ddg_ac:1,en:1,yes,baby food,
3321,parenting,general,3321,where is borneo,1,1,ddg_ac:1,en:1,yes,newborn,
3322,parenting,feeding,3322,where is hipp baby food from,1,1,google_ac:1,en:1,yes,baby food,
3323,parenting,potty,3323,where is ms rachel potty training video,1,1,google_ac:1,en:1,yes,potty training,
3324,parenting,general,3324,where is new bern nc,1,1,ddg_ac:1,en:1,yes,newborn,
3325,parenting,first-40-days,3325,where is newborn soft spot,1,1,google_ac:1,en:1,yes,newborn,
3326,parenting,feeding,3326,where is organix baby food from,1,1,google_ac:1,en:1,yes,baby food,
3327,parenting,first-40-days,3327,where is postpartum preeclampsia headache,1,1,google_ac:1,en:1,yes,postpartum,
3328,parenting,general,3328,where is the 5 year old drummer from agt,1,1,google_ac:1,en:1,yes,5 year old,
3329,parenting,general,3329,where is the 5 year old from minnesota,1,1,google_ac:1,en:1,yes,5 year old,
3330,parenting,first-40-days,3330,where to buy girdles for postpartum,1,1,ddg_ac:1,en:1,yes,postpartum,
3331,parenting,feeding,3331,where to donate breastfeeding supplies,1,1,ddg_ac:1,en:1,yes,breastfeeding,
3332,parenting,feeding,3332,which baby food is best in india,1,1,google_ac:1,en:1,yes,baby food,
3333,parenting,feeding,3333,which baby food maker is best,1,1,google_ac:1,en:1,yes,baby weaning,
3334,parenting,health,3334,which baby powder product is best for babys skin,1,1,parentune:1,en:1,yes,,
3335,parenting,sleep,3335,which baby sleep bags,1,1,google_ac:1,en:1,yes,newborn sleep,
3336,parenting,health,3336,which baby teeth are molars,1,1,google_ac:1,en:1,yes,baby teething,
3337,parenting,health,3337,which baby teether is best,1,1,google_ac:1,en:1,yes,baby teething,
3338,parenting,health,3338,which baby vaccinations are the worst,1,1,google_ac:1,en:1,yes,baby vaccination,
3339,parenting,feeding,3339,which cerelac is best in taste for a 8 month old baby,1,1,parentune:1,en:1,yes,,
3340,parenting,general,3340,which cheese for 1 year old,1,1,google_ac:1,en:1,yes,1 year old,
3341,parenting,health,3341,which is the best baby lotion for dry skin now using sebamed but stil dry dr prescribed lipobase but not getting it is sebamed cause darkening of skini felt it,1,1,parentune:1,en:1,yes,,
3342,parenting,general,3342,which is the best jogging stroller,1,1,parentune:1,en:1,yes,,
3343,parenting,feeding,3343,which is the best milk powder market is fulled with varieties baby growth and health is main concern,1,1,parentune:1,en:1,yes,,
3344,parenting,general,3344,which lego for 3 year old,1,1,google_ac:1,en:1,yes,3 year old,
3345,parenting,development,3345,which month baby can sit easily with her own support,1,1,parentune:1,en:1,yes,,
3346,parenting,general,3346,which motrin for 1 year old,1,1,google_ac:1,en:1,yes,1 year old,
3347,parenting,general,3347,which oats for 6 month old baby,1,1,google_ac:1,en:1,yes,6 month old baby,
3348,parenting,feeding,3348,which oil is good for massage and for fair colour and measurement for formula milk,1,1,parentune:1,en:1,yes,,
3349,parenting,health,3349,which postpartum infection is the most common,1,1,google_ac:1,en:1,yes,postpartum,
3350,parenting,first-40-days,3350,which postpartum kit is best,1,1,google_ac:1,en:1,yes,postpartum,
3351,parenting,general,3351,which school for 3 year old,1,1,google_ac:1,en:1,yes,3 year old,
3352,parenting,general,3352,which tonies for 1 year old,1,1,google_ac:1,en:1,yes,1 year old,
3353,parenting,early-learning,3353,which toys for 1 year old,1,1,google_ac:1,en:1,yes,1 year old,
3354,parenting,first-40-days,3354,which witch hazel is best for postpartum,1,1,ddg_ac:1,en:1,yes,postpartum,
3355,parenting,health,3355,who 3 year old growth chart,1,1,google_ac:1,en:1,yes,3 year old,
3356,parenting,feeding,3356,who breastfeeding and cannabis,1,1,ddg_ac:1,en:1,yes,breastfeeding,
3357,parenting,feeding,3357,who breastfeeding growth chart,1,1,ddg_ac:1,en:1,yes,breastfeeding,
3358,parenting,feeding,3358,who breastfeeding logo,1,1,google_ac:1,en:1,yes,breastfeeding,
3359,parenting,feeding,3359,who breastfeeding video,1,1,google_ac:1,en:1,yes,breastfeeding,
3360,parenting,health,3360,who is colic baby,1,1,google_ac:1,en:1,yes,baby colic,
3361,parenting,general,3361,who is the tallest 5 year old in the world,1,1,ddg_ac:1,en:1,yes,5 year old,
3362,parenting,general,3362,who married a 3 year old in the bible,1,1,ddg_ac:1,en:1,yes,3 year old,
3363,parenting,first-40-days,3363,who newborn growth,1,1,ddg_ac:1,en:1,yes,newborn,
3364,parenting,first-40-days,3364,who postpartum family planning,1,1,google_ac:1,en:1,yes,postpartum,
3365,parenting,first-40-days,3365,who postpartum hemorrhage 2025,1,1,google_ac:1,en:1,yes,postpartum,
3366,parenting,feeding,3366,who regulates baby food,1,1,ddg_ac:1,en:1,yes,baby food,
3367,parenting,feeding,3367,why 1 year old refuses food,1,1,google_ac:1,en:1,yes,1 year old,
3368,parenting,health,3368,why 3 month old baby vomiting,1,1,google_ac:1,en:1,yes,3 month old baby,
3369,parenting,development,3369,why are child development theories important,1,1,google_ac:1,en:1,yes,baby milestones,
3370,parenting,feeding,3370,why baby formula shortage,1,1,google_ac:1,en:1,yes,baby food,
3371,parenting,behaviour,3371,why baby hitting breast while feeding,1,1,google_ac:1,en:1,yes,toddler hitting,
3372,parenting,general,3372,why baby is not active daily,1,1,parentune:1,en:1,yes,,
3373,parenting,sleep,3373,why baby temperature high at night,1,1,google_ac:1,en:1,yes,baby fever,
3374,parenting,health,3374,why baby weight not increase during pregnancy third tri,1,1,google_ac:1,en:1,yes,baby not gaining weight,
3375,parenting,general,3375,why breast is important,1,1,google_ac:1,en:1,yes,breastfeeding,
3376,parenting,early-learning,3376,why daycare is bad for your child,1,1,google_ac:1,en:1,yes,child learning,
3377,parenting,development,3377,why do autistic kids need speech therapy,1,1,google_ac:1,en:1,yes,toddler speech,
3378,parenting,health,3378,why do babies cry after vaccination,1,1,google_ac:1,en:1,yes,baby vaccination,
3379,parenting,feeding,3379,why do baby food pouches have ages,1,1,google_ac:1,en:1,yes,baby food,
3380,parenting,feeding,3380,why do kids not eat sometimes,1,1,google_ac:1,en:1,yes,toddler not eating,
3381,parenting,development,3381,why do some kids have speech problems,1,1,ddg_ac:1,en:1,yes,toddler speech,
3382,parenting,health,3382,why do teething babies get red cheeks,1,1,google_ac:1,en:1,yes,baby teething,
3383,parenting,feeding,3383,why do toddlers not chew their food,1,1,google_ac:1,en:1,yes,toddler not,
3384,parenting,sleep,3384,why do toddlers sleep with their arms up,1,1,google_ac:1,en:1,yes,toddler sleep,
3385,parenting,health,3385,why does 1 year old baby banging head in the wall,1,1,google_ac:1,en:1,yes,1 year old,
3386,parenting,health,3386,why does 3 year old only cough at night,1,1,google_ac:1,en:1,yes,3 year old,
3387,parenting,behaviour,3387,why does 3 year old whine so much,1,1,google_ac:1,en:1,yes,3 year old,
3388,parenting,general,3388,why does 4 year old chew on shirt,1,1,google_ac:1,en:1,yes,4 year old,
3389,parenting,general,3389,why does 4 year old keep getting uti,1,1,google_ac:1,en:1,yes,4 year old,
3390,parenting,feeding,3390,why does baby food have lemon juice concentrate,1,1,google_ac:1,en:1,yes,baby food,
3391,parenting,feeding,3391,why does baby food stain clothes,1,1,google_ac:1,en:1,yes,baby food,
3392,parenting,general,3392,why does baby never act happy to see me,1,1,ddg_ac:1,en:1,yes,baby fever,
3393,parenting,you-maa,3393,why does breast cancer cause weight loss,1,1,google_ac:1,en:1,yes,breastfeeding,
3394,parenting,feeding,3394,why does breastfeeding cause cracked nipples,1,1,google_ac:1,en:1,yes,breastfeeding,
3395,parenting,feeding,3395,why does breastfeeding prevent ear infections,1,1,ddg_ac:1,en:1,yes,breastfeeding,
3396,parenting,general,3396,why does my 3 month old baby farts smell so bad,1,1,google_ac:1,en:1,yes,3 month old baby,
3397,parenting,you-maa,3397,why does my 5 year old have body odor,1,1,ddg_ac:1,en:1,yes,5 year old,
3398,parenting,potty,3398,why does my 6 month old baby pee smells strong,1,1,google_ac:1,en:1,yes,6 month old baby,
3399,parenting,sleep,3399,why does my 6 year old son cry and crib on anything and everything what to do,1,1,parentune:1,en:1,yes,,
3400,parenting,feeding,3400,why does my baby choke while breastfeeding,1,1,ddg_ac:1,en:1,yes,breastfeeding,
3401,parenting,first-40-days,3401,why does my newborn baby lip quiver,1,1,ddg_ac:1,en:1,yes,newborn,
3402,parenting,first-40-days,3402,why does my newborn leg shake,1,1,ddg_ac:1,en:1,yes,newborn,
3403,parenting,health,3403,why does my toddler not make eye contact,1,1,ddg_ac:1,en:1,yes,toddler not,
3404,parenting,first-40-days,3404,why does newborn spit out milk,1,1,google_ac:1,en:1,yes,newborn,
3405,parenting,first-40-days,3405,why does newborn stretch so much,1,1,google_ac:1,en:1,yes,newborn,
3406,parenting,first-40-days,3406,why does postpartum weight gain happen,1,1,google_ac:1,en:1,yes,postpartum,
3407,parenting,potty,3407,why does toddler not want to change diaper,1,1,google_ac:1,en:1,yes,toddler not,
3408,parenting,feeding,3408,why is 1 year old spitting out food,1,1,google_ac:1,en:1,yes,1 year old,
3409,parenting,health,3409,why is 10 year old cat losing weight,1,1,ddg_ac:1,en:1,yes,1 year old,
3410,parenting,sleep,3410,why is 4 year old not sleeping,1,1,google_ac:1,en:1,yes,4 year old,
3411,parenting,behaviour,3411,why is 4 year old so defiant,1,1,google_ac:1,en:1,yes,4 year old,
3412,parenting,behaviour,3412,why is 5 year old so clingy,1,1,google_ac:1,en:1,yes,5 year old,
3413,parenting,health,3413,why is baby fever so strong,1,1,google_ac:1,en:1,yes,baby fever,
3414,parenting,feeding,3414,why is baby food called pap,1,1,google_ac:1,en:1,yes,baby food,
3415,parenting,feeding,3415,why is baby food locked up,1,1,google_ac:1,en:1,yes,baby food,
3416,parenting,potty,3416,why is baby poop sticky,1,1,google_ac:1,en:1,yes,baby poop,
3417,parenting,feeding,3417,why is breast milk good for baby baths,1,1,google_ac:1,en:1,yes,breastfeeding,
3418,parenting,feeding,3418,why is breastfeeding contraindicated in galactosemia,1,1,google_ac:1,en:1,yes,breastfeeding,
3419,parenting,feeding,3419,why is breastfeeding important at night,1,1,google_ac:1,en:1,yes,breastfeeding,
3420,parenting,feeding,3420,why is breastfeeding painful on one side,1,1,google_ac:1,en:1,yes,breastfeeding,
3421,parenting,feeding,3421,why is formula only good for an hour,1,1,google_ac:1,en:1,yes,formula feeding,
3422,parenting,health,3422,why is my 1 year old constipated,1,1,ddg_ac:1,en:1,yes,1 year old,
3423,parenting,general,3423,why is my 1 year old female kitty 6 pounds,1,1,ddg_ac:1,en:1,yes,1 year old,
3424,parenting,health,3424,why is my 3 month old baby eye watering,1,1,google_ac:1,en:1,yes,3 month old baby,
3425,parenting,general,3425,why is my 4 year old laptop so slow,1,1,ddg_ac:1,en:1,yes,4 year old,
3426,parenting,general,3426,why is my 5 year old so bad,1,1,google_ac:1,en:1,yes,5 year old,
3427,parenting,potty,3427,why is my baby's poop pink,1,1,google_ac:1,en:1,yes,baby poop,
3428,parenting,behaviour,3428,why is newborn biting nipple,1,1,google_ac:1,en:1,yes,newborn,
3429,parenting,sleep,3429,why is newborn grunting in sleep,1,1,google_ac:1,en:1,yes,newborn,
3430,parenting,first-40-days,3430,why is newborn metabolic screening performed,1,1,ddg_ac:1,en:1,yes,newborn,
3431,parenting,first-40-days,3431,why is newborn poop orange,1,1,ddg_ac:1,en:1,yes,newborn,
3432,parenting,first-40-days,3432,why is newborn screening done after 24 hours,1,1,ddg_ac:1,en:1,yes,newborn,
3433,parenting,first-40-days,3433,why is newborn umbilical cord bleeding,1,1,google_ac:1,en:1,yes,newborn,
3434,parenting,first-40-days,3434,why is postpartum so hard,1,1,google_ac:1,en:1,yes,postpartum,
3435,parenting,feeding,3435,why is toddler not drinking water,1,1,google_ac:1,en:1,yes,toddler not,
3436,parenting,general,3436,why my 10 months baby so scared,1,1,parentune:1,en:1,yes,,
3437,parenting,behaviour,3437,why my 4 years daughter behaving like a matured person,1,1,parentune:1,en:1,yes,,
3438,parenting,behaviour,3438,why newborn babies turn yellow,1,1,ddg_ac:1,en:1,yes,newborn,
3439,parenting,first-40-days,3439,why newborn baby lips turning black,1,1,ddg_ac:1,en:1,yes,newborn,
3440,parenting,sleep,3440,why newborn sleep with hands up,1,1,google_ac:1,en:1,yes,newborn sleep,
3441,parenting,general,3441,why newborns need vitamin k,1,1,ddg_ac:1,en:1,yes,newborn,
3442,parenting,general,3442,why phase toddler,1,1,google_ac:1,en:1,yes,toddler hitting,
3443,parenting,health,3443,why post pregnancy hair loss,1,1,google_ac:1,en:1,yes,postpartum,
3444,parenting,general,3444,why postmortem is hard,1,1,google_ac:1,en:1,yes,postpartum,
3445,parenting,health,3445,why should babies not get vaccines,1,1,google_ac:1,en:1,yes,baby vaccination,
3446,parenting,sleep,3446,why toddler sleep late at night,1,1,google_ac:1,en:1,yes,toddler sleep,
3447,parenting,early-learning,3447,why won't my 2 year old play independently,1,1,google_ac:1,en:1,yes,toddler not,
3448,parenting,general,3448,why won't my toddler give me kisses,1,1,google_ac:1,en:1,yes,toddler not,
3449,parenting,general,3449,why won't my toddler look at the camera,1,1,google_ac:1,en:1,yes,toddler not,
3450,parenting,feeding,3450,why won't my toddler swallow his food,1,1,google_ac:1,en:1,yes,toddler not eating,
3451,parenting,general,3451,why you should not have children,1,1,ddg_ac:1,en:1,yes,toddler not,
3452,parenting,behaviour,3452,will 1 year old cry if too hot,1,1,google_ac:1,en:1,yes,1 year old,
3453,parenting,health,3453,will 1 year old wake up if cold,1,1,google_ac:1,en:1,yes,1 year old,
3454,parenting,you-maa,3454,will 5 year old ativan still work,1,1,google_ac:1,en:1,yes,5 year old,
3455,parenting,general,3455,will bornstein attorney,1,1,ddg_ac:1,en:1,yes,newborn,
3456,parenting,feeding,3456,will breastfeeding cause miscarriage,1,1,google_ac:1,en:1,yes,breastfeeding,
3457,parenting,health,3457,will i am baby teeth,1,1,google_ac:1,en:1,yes,baby teething,
3458,parenting,first-40-days,3458,will newborn belly button go in,1,1,google_ac:1,en:1,yes,newborn,
3459,parenting,health,3459,will newborn get fever,1,1,google_ac:1,en:1,yes,newborn,
3460,parenting,sleep,3460,will newborn sleep better when milk comes in,1,1,google_ac:1,en:1,yes,newborn sleep,
3461,parenting,first-40-days,3461,will postpartum anxiety go away,1,1,google_ac:1,en:1,yes,postpartum,
3462,parenting,first-40-days,3462,will postpartum prolapse go away,1,1,google_ac:1,en:1,yes,postpartum,
3463,parenting,feeding,3463,worried about food for my 3 yr son,1,1,parentune:1,en:1,yes,,
3464,parenting,potty,3464,would diaper usage for 4 month baby not suffocate the baby during night timei am worried as i am using it for the first time suggestions please,1,1,parentune:1,en:1,yes,,
3465,parenting,general,3465,writting problem of kid,1,1,parentune:1,en:1,yes,,
3466,parenting,general,3466,¿Será demasiado estresante para mi hijo?,1,1,reddit:1,en:1,yes,,
3467,parenting,health,3467,“Always ask a pediatrician first” how? What am I missing?,1,1,reddit:1,en:1,yes,,
3468,parenting,general,3468,“Are you sure you want a bath that long?”,1,1,reddit:1,en:1,yes,,
3469,parenting,early-learning,3469,“Bright/saturated colors in toys and clothes are essential for infant and child development” - is this proven?,1,1,reddit:1,en:1,yes,learn to read,
