rank,stage,topic,cluster_id,canonical_question,cluster_size,total_hits,source_spread,languages,new_this_run,top_stems,sample_phrasings
1,pregnancy,belly-skin,1,does pregnancy back pain,221,410,google_ac:221,en:221,yes,pregnancy back pain; first trimester; pregnancy cramps,does pregnancy back pain go away after birth | when does pregnancy back pain start | does pregnancy back pain feel like | does pregnancy back pain go away
2,pregnancy,weeks-and-symptoms,2,when is second trimester,163,308,google_ac:136; ddg_ac:39,en:175,yes,second trimester; pregnancy 20 weeks; first trimester,when is 2nd trimester | what is second trimester | when does second trimester start in preg | does second trimester start at 13 weeks | does second trimester start at 14 weeks | how many weeks second trimester starts
3,pregnancy,belly-skin,3,do pregnancy exercise,149,272,google_ac:145; ddg_ac:6,en:151,yes,pregnancy exercise,what should exercise during pregnancy include | why is exercise important during pregnancy | can you exercise as normal when pregnant | can i exercise during pregnancy | can you do workouts while pregnant | can pregnant women exercise
4,pregnancy,complications,4,what pregnancy cramps are normal,139,217,google_ac:139,en:139,yes,pregnancy cramps; pregnancy 8 weeks; pregnancy 12 weeks,is there a such thing as pregnancy cramps | do pregnancy cramps come and go | do pregnancy cramps stop | why do pregnancy cramps come and go
5,pregnancy,general,5,is pregnancy 36 weeks,138,407,google_ac:120; ddg_ac:22,en:142,yes,pregnancy 36 weeks; normal delivery,what trimester is 36 weeks | how much is 36 weeks in pregnancy | what is 36 weeks in pregnancy | how old is 36 weeks | what is 36 weeks from today | can pregnant woman give birth 36 weeks
6,pregnancy,weeks-and-symptoms,6,when is third trimester,136,258,google_ac:111; ddg_ac:40,en:151,yes,third trimester; pregnancy 32 weeks; second trimester,when does third trimester start | what is third trimester | does third trimester start at 27 weeks | when does third trimester start uk | how many weeks third trimester | does third trimester start at 28 weeks
7,pregnancy,weeks-and-symptoms,7,how pregnant is 20 weeks,135,329,google_ac:112; ddg_ac:26,en:138,yes,pregnancy 20 weeks,is 20 weeks safe when pregnant | what trimester is 20 weeks | what day is it in 20 weeks | what date is it in 20 weeks | what are the signs of 20 weeks pregnancy | is pregnancy safe after 20 weeks
8,pregnancy,complications,8,what is discharge like when pregnant,121,166,google_ac:121,en:121,yes,pregnancy discharge; first trimester; second trimester,what discharge should i expect if pregnant | why does pregnancy discharge look like | is pregnancy discharge normal | can pregnancy discharge be clear
9,pregnancy,scans,9,when to get nt scan done,119,184,google_ac:113; ddg_ac:10,en:123,yes,nt scan,is nt scan necessary | is nt scan mandatory | what is nt scan | what is done in nt scan | why nt scan is necessary | does nt scan take time
10,pregnancy,nutrition,10,which foods not to eat in pregnancy,113,259,google_ac:113,en:113,yes,foods to avoid in pregnancy; can i eat during pregnancy; pregnancy diet,what can you and can you not eat when pregnant | what foods to avoid in pregnancy nhs | what foods to avoid in pregnancy first trimester | what i can and cannot eat when pregnant
11,pregnancy,scans,11,when can anomaly scan be done,112,227,google_ac:107; ddg_ac:6,en:113,yes,anomaly scan,what is anomaly scan | is it necessary to have anomaly scan | can anomaly scan be wrong | is anomaly scan compulsory | when anomaly scan is done | when is anomaly scan done
12,pregnancy,nutrition,12,how many weeks morning sickness start,109,150,google_ac:95; ddg_ac:24,en:119,yes,morning sickness,when should morning sickness start | when should i expect morning sickness | how soon morning sickness after conception | can morning sickness start at 3 weeks 5 days | how long morning sickness | how soon morning sickness
13,pregnancy,weeks-and-symptoms,13,how long is the first trimester,108,182,google_ac:83; ddg_ac:35,en:118,yes,first trimester; third trimester,when does first trimester end | what is first trimester | when does first trimester start | how long does first trimester last | how many weeks first trimester | do first trimester
14,pregnancy,general,14,how pregnant is 32 weeks,103,250,google_ac:88; ddg_ac:16,en:104,yes,pregnancy 32 weeks; pregnancy 36 weeks,what trimester is 32 weeks | what is 32 weeks pregnant | what day is it in 32 weeks | how old is 32 weeks | how is 32 weeks pregnancy | what to expect when you're 32 weeks pregnant
15,pregnancy,general,15,how many months pregnant 12 weeks,80,210,google_ac:62; ddg_ac:21,en:83,yes,pregnancy 12 weeks,when is 12 weeks | why is 12 weeks important in pregnancy | how many weeks are in 12 weeks | how do you calculate 12 weeks pregnant | what day is it in 12 weeks | what is 12 weeks pregnant
16,pregnancy,nutrition,16,how long morning sickness last,79,119,google_ac:73; ddg_ac:17,en:90,yes,morning sickness; first trimester,can morning sickness last all day | does morning sickness last all day | can morning sickness come and go | when should morning sickness stop | should morning sickness last all day | how long morning sickness last during pregnancy
17,pregnancy,complications,17,do pregnancy cramps feel like period,78,125,google_ac:78,en:78,yes,pregnancy cramps,why do pregnancy cramps feel like a period | do pregnancy cramps feel the same as period | why do pregnancy cramps feel like | when do pregnancy cramps feel like
18,pregnancy,general,18,what 8 weeks pregnant looks like,67,118,google_ac:65; ddg_ac:1; reddit:1,en:67,yes,pregnancy 8 weeks,what to expect at 8 weeks | how big is a baby when you're 8 weeks pregnant | pregnancy 8 weeks what to expect | what happens 8 weeks into pregnancy | 8 weeks cautiously pregnant: how we doing?
19,pregnancy,nutrition,19,what foods to eat in pregnancy,67,108,google_ac:60; ddg_ac:6; mylo:1,en:67,yes,foods to avoid in pregnancy; pregnancy diet; can i eat during pregnancy,what can pregnant women eat for lunch | which foods to eat in pregnancy | what can i eat during pregnancy | what should i be eating in my first trimester | which food to eat in early pregnancy | what should i eat in first trimester
20,pregnancy,mind-mood,20,does pregnancy cause sleeping,66,121,google_ac:66; ddg_ac:1,en:67,yes,pregnancy sleep,why is sleep important during pregnancy | is sleeping common in pregnancy | can pregnancy cause sleeping problems | does sleep affect pregnancy
21,pregnancy,complications,21,does high risk pregnancy mean,63,158,google_ac:64,en:64,yes,high risk pregnancy,is high risk pregnancy bad | what happens if i have a high risk pregnancy | what does it mean when your pregnancy is high risk | does high risk pregnancy mean c section
22,pregnancy,mind-mood,22,when can i travel when pregnant,63,137,google_ac:61; ddg_ac:3,en:64,yes,pregnancy travel; is it safe during pregnancy,is it safe to travel during pregnancy | how far into pregnancy can you travel | can pregnant women travel | can you travel.while pregnant | what is the travel limit for pregnancy
23,pregnancy,general,23,how many months pregnant 8 weeks,61,161,google_ac:43; ddg_ac:21,en:64,yes,pregnancy 8 weeks,what trimester is 8 weeks of pregnancy | is 8 weeks safe for pregnancy | what week of pregnancy starts month 8 | when is 8 weeks | how pregnant is 8 weeks | how many months pregnant is 8 weeks 5 days
24,pregnancy,complications,24,can i feel baby movement at 13 weeks,61,72,google_ac:62,en:62,yes,baby movement; pregnancy 12 weeks,can i feel baby movement at 14 weeks | can i feel baby movement at 12 weeks | can i feel baby movement at 15 weeks | can i feel baby movement at 16 weeks
25,pregnancy,nutrition,25,when can i eat pineapple during pregnancy,60,99,google_ac:60; ddg_ac:1,en:61,yes,can i eat during pregnancy; is it safe during pregnancy; second trimester,how much pineapple can i eat during pregnancy | can third trimester eat pineapple | can first trimester eat pineapple | how much pineapple is safe during pregnancy | can you eat pineapple first trimester
26,pregnancy,complications,26,when baby movement start in pregnancy,59,118,google_ac:53; ddg_ac:9,en:62,yes,baby movement,when does baby movement start | which month baby movement start | when baby movement start in first pregnancy | when baby movement start in second pregnancy | when do baby movements start | when does baby movement start in pregnancy
27,pregnancy,labour,27,when does labour pain start in pregnancy,55,77,google_ac:55,en:55,yes,labour pain,can labour pain start at 36 weeks | can labour pain start at 37 weeks | can labour pain start at 35 weeks | why labour pain starts
28,pregnancy,complications,28,does pregnancy discharge smell,52,89,google_ac:52,en:52,yes,pregnancy discharge,why is pregnancy discharge smelly | does pregnancy discharge smell like sperm | why does pregnancy discharge smell | is pregnancy discharge smelly
29,pregnancy,scans,29,can nt scan be done at 14 weeks,45,80,google_ac:50,en:50,yes,nt scan; pregnancy scan,can nt scan be done at 11 weeks | is nt scan necessary during pregnancy | can nt scan be done at 11 weeks 6 days | can nt scan be done at 15 weeks
30,pregnancy,mind-mood,30,can first trimester travel,44,58,google_ac:33; ddg_ac:13,en:46,yes,first trimester; pregnancy travel; second trimester,is second trimester safe to travel | should you fly in your first trimester | can we travel during 1st trimester | can pregnant travel first trimester | is it safe to fly during first trimester | should i travel first trimester
31,pregnancy,labour,31,what is normal delivery,43,67,google_ac:43,en:43,yes,normal delivery,what is normal delivery in pregnancy | what is normal delivery week | when is normal delivery week | what is normal delivery time
32,pregnancy,labour,32,are labour pains painful,43,61,google_ac:43,en:43,yes,labour pain,is labour painful | is labour painful for the baby | is labour really that painful | is labour pain unbearable
33,pregnancy,scans,33,how many weeks am i pregnant from my due date,42,60,google_ac:33; ddg_ac:10,en:43,yes,due date; am i pregnant,when is my due date | when due date pregnancy | what due date pregnancy | due date march 10 how many weeks am i | due date how many weeks am i | how many weeks am i pregnant based on due date
34,pregnancy,complications,34,when baby movement start feeling,41,52,google_ac:35; ddg_ac:6,en:41,yes,baby movement,when does baby movement start to feel | when can you feel the movement of the baby | when to worry about baby movement | when should you consistently feel baby move | when should i start feeling my baby move | how baby movements feel like
35,pregnancy,mind-mood,35,can pregnant sleep on right side,41,52,google_ac:41,en:41,yes,pregnancy sleep; third trimester,why pregnancy sleep on left side | why pregnant sleep on side | what side pregnancy sleep | should pregnant sleep on left side
36,pregnancy,labour,36,labour pain kaisa hota hai,41,47,google_ac:41,en:41,yes,labour pain,labour pain kaise shuru hota hai | labour pain kaise hota hai | how labour pain starts in hindi | what is labour pain in hindi
37,pregnancy,nutrition,37,why does morning sickness happen,39,65,google_ac:28; ddg_ac:15,en:43,yes,morning sickness,why is morning sickness in the morning | what is morning sickness | why is it called morning sickness | why is morning sickness a thing | who morning sickness | who causes morning sickness
38,pregnancy,general,38,how far into pregnancy can you fly,36,41,google_ac:36; ddg_ac:1,en:37,yes,pregnancy travel; pregnancy scan,how many weeks pregnant can you fly long haul | what is the maximum pregnancy to fly | can you fly long distance when pregnant | how far into.pregnancy can you fly | how pregnant can you be to fly
39,pregnancy,general,39,how many pregnancy scans nhs,35,48,google_ac:34; ddg_ac:1,en:35,yes,pregnancy scan,how many pregnancy scans do you have | what pregnancy scans nhs | how many pregnancy scans do you get on the nhs | how many baby scans do you get
40,pregnancy,complications,40,how long pregnancy cramps last,34,61,google_ac:32; ddg_ac:2,en:34,yes,pregnancy cramps; first trimester,does pregnancy cramps last long | pregnancy cramps last for how many days | how long should pregnancy cramps last | do pregnancy cramps last all day | how long do cramps usually last | how long do stomach cramps last
41,pregnancy,labour,41,how much time labour pain lasts,34,51,google_ac:34,en:34,yes,labour pain,does labour pain come and go | can labour pains come and go | how long does labour pains take before giving birth | how many hours labour pain last
42,pregnancy,scans,42,when do pregnancy scans happen,33,45,google_ac:28; ddg_ac:5,en:33,yes,pregnancy scan; first trimester,what weeks do you have baby scans | first baby scan how many weeks | when should pregnancy scan be done | when should first pregnancy scan be done | when to do pregnancy scan | how many weeks is your first scan
43,pregnancy,weeks-and-symptoms,43,pregnancy 12 weeks what to expect,31,43,google_ac:31,en:31,yes,pregnancy 12 weeks,can you be 12 weeks pregnant and not know | what does pregnancy at 12 weeks look like | should i feel pregnant at 12 weeks | what pregnancy symptoms at 12 weeks
44,pregnancy,weeks-and-symptoms,44,what are first trimester symptoms,31,43,google_ac:32,en:32,yes,first trimester; morning sickness,what are 1st trimester symptoms | do first trimester symptoms come and go | do first trimester symptoms decrease | do first trimester symptoms fluctuate
45,pregnancy,labour,45,how c section scar look like,30,45,google_ac:27; ddg_ac:6,en:33,yes,c section,can c section scar be removed | does c section leave a scar | does c section scar go away | do c section scars go away | how c section stitches look like | can c section scar go away
46,pregnancy,labour,46,does labour pain feel like period cramps,30,43,google_ac:30,en:30,yes,labour pain,does labour pain start like period cramps | is labour pain like period cramps | do labour pains start like period pains | can labour pains feel like period pains
47,pregnancy,nutrition,47,can i do diet during pregnancy,29,72,google_ac:29,en:29,yes,pregnancy diet; can i eat during pregnancy,what diet is safe for pregnancy | what is a good healthy diet for pregnancy | what is pregnancy diet plan | what diet should a pregnant woman eat
48,pregnancy,scans,48,which scan is important in pregnancy,29,59,google_ac:29,en:29,yes,pregnancy scan,do pregnancy scan | why scanning is done during pregnancy | which is the most important scan during pregnancy | what are the scans required during pregnancy
49,pregnancy,weeks-and-symptoms,49,does third trimester make you sleepy,29,50,google_ac:30; ddg_ac:1,en:31,yes,third trimester; pregnancy sleep,why am i so tired third trimester | when does third trimester fatigue start | why third trimester insomnia | why third trimester fatigue
50,pregnancy,labour,50,does normal delivery have stitches,29,49,google_ac:29,en:29,yes,normal delivery,does normal delivery need stitches | does normal delivery requires stitches | does normal delivery stitches pain | will normal delivery have stitches
51,pregnancy,scans,51,is due date accurate,29,42,google_ac:27; ddg_ac:4,en:31,yes,due date,can due dates be wrong | why due dates are estimated | can they get due date wrong | are due dates accurate | which due date is more accurate | why due dates are inaccurate
52,pregnancy,complications,52,are baby movements consistent at 24 weeks,29,29,google_ac:29,en:29,yes,baby movement,should baby movements be regular at 24 weeks | should baby movements be regular at 23 weeks | should baby movements be regular at 26 weeks | should baby movements be regular at 22 weeks
53,pregnancy,complications,53,can gestational diabetes affect the baby,28,43,google_ac:28,en:28,yes,gestational diabetes,can gestational diabetes hurt the baby | will gestational diabetes affect the baby | when does gestational diabetes affect baby | can gestational diabetes affect the baby after birth
54,pregnancy,nutrition,54,does morning sickness happen every day,28,38,google_ac:21; ddg_ac:8,en:29,yes,morning sickness,is morning sickness only in the morning | does morning sickness only happen in morning | can you wake up with morning sickness | is morning sickness just in the morning | is morning sickness only for pregnant women | does morning sickness only happen in the morning
55,pregnancy,weeks-and-symptoms,55,why nausea third trimester,28,38,google_ac:28,en:28,yes,third trimester; morning sickness,can third trimester make you sick | does morning sickness come back in third trimester | why does third trimester start | is third trimester nausea normal
56,pregnancy,mind-mood,56,can pregnant sleep on back,27,33,google_ac:27,en:27,yes,pregnancy sleep; second trimester; third trimester,can second trimester sleep on the back | how long can pregnant sleep on back | second trimester can i sleep on my back | can pregnant sleep on the back
57,pregnancy,complications,57,is pregnancy discharge thick,26,34,google_ac:26,en:26,yes,pregnancy discharge,can pregnancy discharge be thick | is pregnancy discharge stretchy | is pregnancy discharge watery or thick | does pregnancy discharge stretch
58,pregnancy,weeks-and-symptoms,58,is 12 weeks first trimester,25,67,google_ac:24; ddg_ac:5,en:29,yes,second trimester; first trimester; pregnancy 12 weeks,what trimester is 12 weeks | does second trimester start at 12 weeks | does first trimester end at 12 weeks | is second trimester 12 weeks | does first trimester end at 12 or 13 weeks | is first trimester 12 or 13 weeks
59,pregnancy,complications,59,is pregnancy discharge watery,25,41,google_ac:25,en:25,yes,pregnancy discharge,why is pregnancy discharge watery | can pregnancy discharge be watery | can pregnancy discharge be clear and watery | is pregnancy discharge watery or sticky
60,pregnancy,scans,60,is anomaly scan necessary in pregnancy,25,35,google_ac:24; ddg_ac:1,en:25,yes,anomaly scan,can anomaly scan detect birth defects | why anomaly scan is done in pregnancy | when anomaly scan done in pregnancy | is anomaly scan safe for baby | when to do congenital anomaly scan
61,pregnancy,complications,61,how much carbs gestational diabetes,25,32,google_ac:21; ddg_ac:4,en:25,yes,gestational diabetes,how much is gestational diabetes test | how much insulin gestational diabetes | how much is gestational diabetes | how many carbs gestational diabetes per meal | how many carbs per day gestational diabetes | gestational diabetes how many carbs per meal
62,pregnancy,scans,62,how to use pregnancy test kit in hindi,24,42,google_ac:24,en:24,yes,pregnancy in hindi,how to test pregnancy in hindi | how to use pregnancy kit in hindi | how to use clear kit for pregnancy in hindi | how use pregnancy test kit in hindi
63,pregnancy,scans,63,can anomaly scan detect gender,24,39,google_ac:24,en:24,yes,anomaly scan; pregnancy scan,does anomaly scan report show gender | can anomaly scan be wrong about gender | does anomaly scan tell gender | does anomaly scan show gender
64,pregnancy,labour,64,how c section happens,24,32,google_ac:18; ddg_ac:7,en:25,yes,c section,why c section delivery happens | why c section happens | how do c sections work | how c section works | how c section is done | what happens during a c section
65,pregnancy,complications,65,is baby movement painful,24,29,google_ac:24,en:24,yes,baby movement,should baby movements hurt | should baby movements hurt at 33 weeks | is baby movement in the womb painful | can baby movement cause pain
66,pregnancy,weeks-and-symptoms,66,do third trimester abortions happen,24,28,google_ac:24,en:24,yes,third trimester,how are third trimester abortions | is third trimester abortion legal | where are third trimester abortions | are third trimester abortions legal
67,pregnancy,complications,67,when does gestational diabetes test happen,24,27,google_ac:24,en:24,yes,gestational diabetes,when does gestational diabetes start | when does gestational diabetes peak | when gestational diabetes test | when gestational diabetes starts
68,pregnancy,weeks-and-symptoms,68,does first trimester make you tired,23,50,google_ac:21; ddg_ac:3,en:24,yes,first trimester,does first trimester make you sleepy | why am i so tired first trimester | why am i so tired in my first trimester | when does first trimester fatigue peak | does first trimester fatigue go away | does first trimester fatigue end
69,pregnancy,complications,69,what age is high risk pregnancy,23,35,google_ac:23,en:23,yes,high risk pregnancy,when does high risk pregnancy start | when does high risk pregnancy age start | when is high risk pregnancy age | when is high risk pregnancy for women
70,pregnancy,complications,70,tylenol is it safe during pregnancy,23,33,google_ac:23,en:23,yes,is it safe during pregnancy; third trimester; pregnancy 8 weeks,why is tylenol safe during pregnancy | how is tylenol safe during pregnancy | what tylenol is safe during pregnancy | how much tylenol is safe during pregnancy
71,pregnancy,nutrition,71,does morning sickness mean boy or girl,23,29,google_ac:21; ddg_ac:3,en:24,yes,morning sickness,when does morning sickness start with a girl | when does morning sickness start with a girl vs boy | is morning sickness worse with girls or boys | does morning sickness mean a girl | is morning sickness a sign of a girl
72,pregnancy,complications,72,who does gestational diabetes test,23,29,google_ac:23,en:23,yes,gestational diabetes,who gestational diabetes diagnosis | who gestational diabetes screening | how gestational diabetes is diagnosed | how gestational diabetes test is done
73,pregnancy,complications,73,can gestational diabetes go away,23,28,google_ac:23,en:23,yes,gestational diabetes,when does gestational diabetes go away | when gestational diabetes will go away | when gestational diabetes goes away | does gestational diabetes go away
74,pregnancy,scans,74,can anomaly scan be done at 23 weeks,22,61,google_ac:21; babychakra:1,en:22,yes,anomaly scan,can anomaly scan be done at 24 weeks | can anomaly scan be done at 18 weeks | can anomaly scan be done at 25 weeks | can anomaly scan be done at 17 weeks | hello i am 25 weeks pregnant now i had anomaly scan at around 20 21 weeks the baby is normal everyth
75,pregnancy,weeks-and-symptoms,75,is second trimester better than first,22,57,google_ac:23,en:23,yes,second trimester,does second trimester get better | is second trimester better | can second trimester be worse than first | is second trimester easier than first
76,pregnancy,weeks-and-symptoms,76,what not to do during pregnancy 1st trimester,22,50,google_ac:21; ddg_ac:1,en:22,yes,foods to avoid in pregnancy; first trimester,what things to avoid in pregnancy | which things to avoid in early pregnancy | what are things to avoid in pregnancy | which things to avoid in pregnancy | what should i be doing in my first trimester
77,pregnancy,nutrition,77,when can i eat fish during pregnancy,22,33,google_ac:21; parentune:1,en:22,yes,can i eat during pregnancy,how much fish can i eat during pregnancy | can i eat dry fish during pregnancy | is consuming fish good during pregnancy | which fish can i eat during pregnancy
78,pregnancy,labour,78,is normal delivery painful,22,30,google_ac:22,en:22,yes,normal delivery; labour pain,can normal delivery be painless | does normal delivery hurt | how much normal delivery is painful | why is normal delivery painful
79,pregnancy,general,79,how many c sections can you have,22,26,google_ac:18; ddg_ac:6,en:24,yes,c section,how many c sections are safe | how many c sections can a person have | how many c sections can you have uk | how many c sections are allowed | how much c section can a woman have | how much c section is safe
80,pregnancy,labour,80,can labor start at 36 weeks,22,25,google_ac:22,en:22,yes,labour pain; pregnancy 36 weeks,can prodromal labor start at 36 weeks | is 36 weeks too early to induce labor | can early labor start at 36 weeks | can natural labor start at 36 weeks
81,pregnancy,complications,81,why gestational diabetes occurs,22,24,google_ac:22,en:22,yes,gestational diabetes,can i cause gestational diabetes | when does gestational diabetes occur | why gestational diabetes | why gestational diabetes occur in pregnancy
82,pregnancy,complications,82,do baby movements hurt in third trimester,22,23,google_ac:22,en:22,yes,baby movement; third trimester,is it normal for baby movement to decrease in third trimester | should baby kicks hurt third trimester | what if baby movements are more third trimester | does baby movement increase in third trimester
83,pregnancy,scans,83,what happens if nt scan is not normal,21,45,google_ac:20; mylo:1,en:21,yes,nt scan,what to do if nt scan is not normal | what if nt scan is normal | what if nt scan is not done | what if nt scan is not normal | missed nt scan what to do
84,pregnancy,scans,84,how accurate is pregnancy scan,21,44,google_ac:21,en:21,yes,pregnancy scan,can pregnancy scan be wrong | is pregnancy scan always accurate | is pregnancy scan accurate | can pregnancy scan dates be wrong
85,pregnancy,scans,85,what does due date mean,21,33,google_ac:16; ddg_ac:6,en:22,yes,due date,do date or due date | what is due date | when due date | does due date mean on or before | which due date | what due date means
86,pregnancy,complications,86,how much caffeine is safe during pregnancy,21,33,google_ac:21,en:21,yes,is it safe during pregnancy; first trimester; high risk pregnancy,how much coffee is safe during pregnancy | why is caffeine safe during pregnancy | how much caffeine is safe during pregnancy second trimester | how much caffeine is safe during pregnancy a day
87,pregnancy,scans,87,does due date change during pregnancy,21,32,google_ac:20; ddg_ac:1,en:21,yes,due date,why due dates change | can due dates change during pregnancy | can my due date change | why due date changes
88,pregnancy,belly-skin,88,how to help pregnancy back pain,21,31,google_ac:20; parentune:1,en:21,yes,pregnancy back pain,how to relieve pregnancy back pain | how to ease pregnancy back pain | how to reduce pregnancy back pain | how to cure pregnancy back pain | suggestion for lower back pain during 3 months pregnancy
89,pregnancy,complications,89,is pregnancy discharge sticky,21,31,google_ac:21,en:21,yes,pregnancy discharge,can pregnancy discharge be sticky | why is pregnancy discharge sticky | is normal pregnancy discharge sticky | can pregnancy discharge be thick and sticky
90,pregnancy,complications,90,can pregnancy discharge be yellow,21,30,google_ac:21,en:21,yes,pregnancy discharge,why is pregnancy discharge yellow | am i pregnant yellow discharge | can normal pregnancy discharge be yellow | is pregnancy discharge yellowish
91,pregnancy,labour,91,which c section is safe,21,29,google_ac:14; ddg_ac:10,en:24,yes,c section; high risk pregnancy,are c sections safe | is c section dangerous | is c section safer | are c sections dangerous | is c section safe | is c section delivery safe
92,pregnancy,labour,92,does baby movement increase before labor,21,27,google_ac:21,en:21,yes,baby movement,do baby movements increase before labour | does baby movement decrease before labor | do baby movements change before labour | do baby movements reduce before labour
93,pregnancy,complications,93,how to control gestational diabetes,21,22,google_ac:21,en:21,yes,gestational diabetes,can i prevent gestational diabetes | how gestational diabetes is treated | how gestational diabetes | how gestational diabetes is managed
94,pregnancy,nutrition,94,when pregnancy food cravings start,20,24,google_ac:20,en:20,yes,pregnancy diet,what pregnancy food cravings | when can pregnancy food cravings start | when does pregnancy food cravings start | when do pregnancy food cravings start
95,pregnancy,labour,95,when c section recovery,20,22,google_ac:18; ddg_ac:2,en:20,yes,c section,how long is c section recovery | what is c section recovery like | how c section wound heal | how c section heals | how c section recovery
96,pregnancy,nutrition,96,when can i eat dates during pregnancy,19,33,google_ac:19,en:19,yes,can i eat during pregnancy; pregnancy 32 weeks; is it safe during pregnancy,can i eat dates during pregnancy | when should i start eating dates during pregnancy | can i eat dates during pregnancy first trimester | are dates safe during pregnancy
97,pregnancy,labour,97,how to reduce labour pain,19,30,google_ac:19; ddg_ac:1,en:20,yes,labour pain,what to do if labour pain is not coming | when labour pain starts what to do | can labour pain be reduced | how to labour pain start
98,pregnancy,labour,98,why c section is called c section,19,29,google_ac:14; ddg_ac:7,en:21,yes,c section,why c section | why is a c section called a c section | why c section is done | why is it called a c section | why is c section called c section | why is c section called cesarean
99,pregnancy,weeks-and-symptoms,99,can third trimester fly,19,24,google_ac:15; ddg_ac:4,en:19,yes,third trimester,can i fly third trimester | can i travel third trimester | can you fly in third trimester | can i fly in third trimester | is it safe to fly in the third trimester | should you fly third trimester
100,pregnancy,labour,100,why does labour pain occur,19,23,google_ac:19,en:19,yes,labour pain,why labour pain is called labour pain | why labour pain occurs | why labour pain is induced | why labour pain is so painful
101,pregnancy,mind-mood,101,how far into pregnancy can you travel internationally,19,20,google_ac:19,en:19,yes,pregnancy travel,how pregnant international travel | can you travel international pregnant | is it safe to travel pregnant internationally | how long into pregnancy can you travel internationally
102,pregnancy,scans,102,how to get a pregnancy scan,19,20,google_ac:19,en:19,yes,pregnancy scan; first trimester,how pregnancy scan is done | how pregnancy scan | how does pregnancy scan work | where to scan pregnancy
103,pregnancy,general,103,pregnancy ke 36 week me kya hota hai,19,20,google_ac:19,en:19,yes,pregnancy 36 weeks; pregnancy 32 weeks; pregnancy 8 weeks,pregnancy 8 month konsa week hota hai | pregnancy mein 32 weeks kitne hote hain | pregnancy me 32 week konsa month hota hai | pregnancy mein 32 week kitne mahine hote hain
104,pregnancy,nutrition,104,can i eat papaya during pregnancy,18,38,google_ac:18,en:18,yes,can i eat during pregnancy; third trimester; pregnancy in hindi,when can i eat papaya during pregnancy | can third trimester eat papaya | is papaya can eat during pregnancy | how much papaya can i eat during pregnancy
105,pregnancy,mind-mood,105,how to sleep pregnancy first trimester,18,25,google_ac:17; ddg_ac:2,en:19,yes,pregnancy sleep; first trimester; second trimester,how to sleep second trimester | how to sleep in first trimester | how much sleep pregnancy second trimester | how much sleep pregnancy first trimester | how much sleep do you need in first trimester
106,pregnancy,complications,106,where pregnancy cramps are,18,23,google_ac:18,en:18,yes,pregnancy cramps,is pregnancy cramps on one side | where pregnancy cramps located | where are pregnancy cramps usually located | where are pregnancy cramps located
107,pregnancy,mind-mood,107,how to sleep pregnancy insomnia,18,22,google_ac:18,en:18,yes,pregnancy sleep,how can i sleep at night during pregnancy | how to sleep better when pregnant | how sleep pregnant woman | how should pregnant sleep
108,pregnancy,nutrition,108,can morning sickness happen at night,18,21,google_ac:18; ddg_ac:1,en:19,yes,morning sickness,why morning sickness at night | why morning sickness worse at night | can morning sickness happen in the evening | do morning sickness happen at night
109,pregnancy,complications,109,how long baby movement,18,19,google_ac:17; ddg_ac:1,en:18,yes,baby movement,how often should baby move in womb | how many days baby movement | how long baby moves in womb | how long baby kicks in womb
110,pregnancy,complications,110,will baby movements slow down,18,18,google_ac:18,en:18,yes,baby movement,why baby movement is less | should baby movements slow close to labour | is it normal for baby movements to slow down | is it normal for baby movement to decrease
111,pregnancy,garbh-sanskar,111,what is garbh sanskar,17,59,google_ac:15; ddg_ac:3,en:18,yes,garbh sanskar,which garbh sanskar is best | what is garbha sanskar | why garbh sanskar is important | what is garbh sanskar in hindi | what is garbhadhan sanskar
112,pregnancy,general,112,where is baby at 20 weeks,17,38,google_ac:17; ddg_ac:2,en:19,yes,pregnancy 20 weeks,where is baby at 20 weeks in belly | where is baby at 20 weeks in womb | where is baby at 20 weeks pictures | where is your baby located at 20 weeks pregnant | where is baby located at 20 weeks
113,pregnancy,nutrition,113,how much mango can i eat during pregnancy,17,32,google_ac:17,en:17,yes,can i eat during pregnancy; first trimester; pregnancy in hindi,can first trimester eat mango | can i eat mango during pregnancy | can i eat raw mango during pregnancy | can a pregnant woman in her first trimester eat mango
114,pregnancy,mind-mood,114,does first trimester cause insomnia,17,31,google_ac:17,en:17,yes,pregnancy sleep; first trimester,what is pregnancy sleep insomnia | when does pregnancy sleep insomnia start | can early pregnancy cause insomnia | is insomnia a sign of early pregnancy
115,pregnancy,complications,115,what gestational diabetes means,17,29,google_ac:17,en:17,yes,gestational diabetes,who gestational diabetes mellitus | who gestational diabetes definition | who gestational diabetes | who definition of gestational diabetes mellitus
116,pregnancy,complications,116,why is pregnancy discharge white,17,25,google_ac:17,en:17,yes,pregnancy discharge,is pregnancy discharge milky white | am i pregnant white discharge | is pregnancy discharge white and creamy | is pregnancy discharge watery and white
117,pregnancy,nutrition,117,how to help morning sickness,17,20,google_ac:16; ddg_ac:4,en:20,yes,morning sickness,how to avoid morning sickness | how to stop morning sickness | how to deal with morning sickness | what to avoid with morning sickness | how to morning sickness | how to morning sickness prevent
118,pregnancy,labour,118,normal delivery kaise hoti hai,17,20,google_ac:16; mylo:1,en:17,yes,normal delivery,normal delivery kaise hoti hai video | normal delivery k liye amniotic fluid level kitna hona chahiye | normal delivery ghar par kaise kare | normal delivery jaldi kaise kare
119,pregnancy,scans,119,when should pregnancy ultrasound be done,17,20,google_ac:17,en:17,yes,pregnancy scan; first trimester; am i pregnant,how to pregnancy ultrasound | why pregnancy ultrasound | when should i do pregnancy ultrasound | how pregnancy ultrasound is done
120,pregnancy,mind-mood,120,how many hours sleep pregnancy,17,19,google_ac:16; ddg_ac:1,en:17,yes,pregnancy sleep,how much sleep pregnancy | how many hours of sleep for women | how pregnant should sleep | how long sleep pregnant
121,pregnancy,weeks-and-symptoms,121,is pregnancy safe after 12 weeks,16,56,google_ac:16,en:16,yes,pregnancy 12 weeks,is 12 weeks pregnant safe | why is pregnancy safe after 12 weeks | is pregnancy safe at 12 weeks | is ivf pregnancy safe after 12 weeks
122,pregnancy,mind-mood,122,can you get travel insurance when pregnant,16,32,google_ac:16,en:16,yes,pregnancy travel,what does pregnancy travel insurance cover | does pregnancy affect travel insurance | which travel insurance covers pregnancy | do i need special travel insurance if pregnant
123,pregnancy,scans,123,is due date for itr extended,16,30,google_ac:13; ddg_ac:5,en:18,yes,due date,is due date extended | why due dates are extended | why has the itr filing due date been extended | is due date extended for it return | which due date is extended | is due date for tds return extended
124,pregnancy,complications,124,what do you need to monitor baby movement,16,24,google_ac:14; ddg_ac:3,en:17,yes,baby movement,how to count baby movements | should i track baby movements | how to track baby movements | how to check baby fetal movement | is there an app to monitor baby movements
125,pregnancy,labour,125,how long should a c section take,16,21,google_ac:9; ddg_ac:7,en:16,yes,c section,how long should you wait between c sections | how long c section takes place | how long c section take | how long does a c section take | how long c section takes | how long c section take time
126,pregnancy,mind-mood,126,can pregnant travel by plane,16,19,google_ac:15; ddg_ac:1,en:16,yes,pregnancy travel,when pregnant can travel by plane | can pregnant women travel in flight | can pregnancy women travel in flight | should pregnant women travel by plane
127,pregnancy,complications,127,does baby movement decrease at 37 weeks,16,19,google_ac:16,en:16,yes,baby movement,do baby movements decrease at 37 weeks | does baby movement reduce at 37 weeks | does baby movement decrease at 35 weeks | do baby movements reduced at 38 weeks
128,pregnancy,nutrition,128,how does pregnancy affect diet,16,19,google_ac:16,en:16,yes,pregnancy diet,does pregnancy diet affect baby | does diet affect pregnancy | how much does diet affect pregnancy | how does diet affect pregnancy
129,pregnancy,labour,129,what c section delivery,16,18,google_ac:9; ddg_ac:8,en:17,yes,c section,what c section | how c section delivery | where is c section incision | where is c section | what c section mean | which is c section delivery
130,pregnancy,scans,130,does nt scan reveal gender,15,29,google_ac:15,en:15,yes,nt scan; pregnancy scan,can nt scan detect gender | can nt scan detect baby gender | does nt scan detect gender | can nt scan detect gender at 12 weeks
131,pregnancy,nutrition,131,how much tuna can i eat during pregnancy,15,22,google_ac:15,en:15,yes,can i eat during pregnancy; is it safe during pregnancy; pregnancy diet,can i eat can tuna during pregnancy | how much tuna is safe during pregnancy | can pregnant women eat tuna | can i eat tuna during pregnancy
132,pregnancy,belly-skin,132,does pregnancy show at 12 weeks,15,20,google_ac:15,en:15,yes,pregnancy 12 weeks,why do i look so pregnant at 12 weeks | what is 12 weeks pregnant look like | is it normal to look pregnant at 12 weeks | what does 12 weeks pregnant look like
133,pregnancy,complications,133,what happens if have gestational diabetes,15,17,google_ac:15,en:15,yes,gestational diabetes,what happens if gestational diabetes goes untreated | what happens if gestational diabetes goes undiagnosed | what if gestational diabetes is high | what if gestational diabetes goes untreated
134,pregnancy,belly-skin,134,can i exercise during pregnancy first trimester,15,16,google_ac:14; ddg_ac:1,en:15,yes,pregnancy exercise; first trimester,is it safe to run in first trimester | how to exercise first trimester | can i run first trimester | can i exercise first trimester
135,pregnancy,nutrition,135,is it normal for morning sickness to stop at 7 weeks,15,16,google_ac:15; ddg_ac:1,en:16,yes,morning sickness,why does morning sickness stop at 12 weeks | will morning sickness stop at 12 weeks | is it normal for morning sickness to stop at 8 weeks | is it normal for morning sickness to stop at 9 weeks
136,pregnancy,nutrition,136,what does morning sickness feel like,15,15,google_ac:13; ddg_ac:2,en:15,yes,morning sickness,when do you feel morning sickness | how morning sickness feels like | how is morning sickness like | what morning sickness feels like
137,pregnancy,belly-skin,137,pregnancy me back pain kab hota hai,15,15,google_ac:15,en:15,yes,pregnancy back pain; pregnancy cramps,pregnancy cramps kaise hote hain | pregnancy cramps kya hota hai | pregnancy cramps kab hota hai | pregnancy cramps kaha hota hai
138,pregnancy,complications,138,can gestational diabetes be reversed,14,28,google_ac:14,en:14,yes,gestational diabetes,can gestational diabetes be cured | can gestational diabetes be cured after pregnancy | can gestational diabetes be cured during pregnancy | can pregnancy diabetes be cured
139,pregnancy,scans,139,when due date for taxes,14,20,google_ac:13; ddg_ac:1,en:14,yes,due date,when due date tax return | when due date for filing | when is due date for taxes | when is due date for tax return 2025
140,pregnancy,weeks-and-symptoms,140,is the first trimester the worst,14,20,google_ac:14,en:14,yes,first trimester,why is the first trimester the worst | why is first trimester the worst | is first trimester the worst | which first trimester weeks are the worst
141,pregnancy,labour,141,why normal delivery is better than c section,14,20,google_ac:14,en:14,yes,normal delivery,what is normal delivery and c section | why normal delivery is better | why is normal delivery better than cesarean | why normal delivery is better than cesarean
142,pregnancy,labour,142,is normal delivery possible after c section,14,19,google_ac:14,en:14,yes,normal delivery,can normal delivery happen after c section | can i have normal delivery after c section | can i have normal delivery after 2 c section | how to normal delivery after c section
143,pregnancy,mind-mood,143,can pregnant sleep on stomach,14,18,google_ac:13; ddg_ac:1,en:14,yes,pregnancy sleep,can you sleep on stomach first trimester | when pregnant sleeping on stomach | should pregnant women sleep on their stomach | is it safe for pregnant women to sleep on their stomach
144,pregnancy,complications,144,does baby movements decrease in 9th month,14,18,google_ac:14,en:14,yes,baby movement,why baby movement is less in 9th month | how baby movement feel like in 9th month | is baby movement less in 9th month | is baby movements slow in 9th month
145,pregnancy,complications,145,why is unisom safe during pregnancy,14,18,google_ac:14,en:14,yes,is it safe during pregnancy,how is unisom safe during pregnancy | what unisom is safe during pregnancy | unisom is it safe for pregnancy | what unisom is safe for pregnancy
146,pregnancy,general,146,how long expiry date,14,17,google_ac:14,en:14,yes,due date,when expiry date | when expiration date | which expiry date | why expiry date
147,pregnancy,nutrition,147,is morning sickness related to sperm quality,14,17,google_ac:14,en:14,yes,morning sickness,is morning sickness due to sperm quality | does morning sickness depends on sperm quality | is morning sickness linked to sperm quality | is morning sickness connected to sperm quality
148,pregnancy,mind-mood,148,when should pregnant stop traveling,14,17,google_ac:14,en:14,yes,pregnancy travel; high risk pregnancy,when should high risk pregnancy stop traveling | when should high risk pregnancy stop flying | what point in pregnancy should you stop traveling | when should pregnant woman stop traveling
149,pregnancy,nutrition,149,is morning sickness tied to men,14,16,google_ac:13; ddg_ac:1,en:14,yes,morning sickness,is morning sickness caused by the father | why morning sickness in men | how morning sickness is tied to men | does morning sickness come from the father
150,pregnancy,mind-mood,150,pregnancy me travel karna chahiye ya nahi,14,16,google_ac:14,en:14,yes,pregnancy travel; pregnancy sleep,pregnancy me kaise sleep karna chahiye | pregnancy me travel kab karna chahiye | pregnancy me travel kar sakte hai kya | pregnancy me travel karna chahiye
151,pregnancy,labour,151,are c section stitches removed,14,14,google_ac:14,en:14,yes,c section,how c section stitches removed | when c section stitches open | when c section stitches removed | is c section stitches removal painful
152,pregnancy,labour,152,is it safe to do c section at 37 weeks,14,14,google_ac:14,en:14,yes,c section,is c section safe at 37 weeks | can c section be done at 37 weeks | can c section be done at 36 weeks | is it safe for c section at 37 weeks
153,pregnancy,garbh-sanskar,153,how to do garbh sanskar,13,66,google_ac:13,en:13,yes,garbh sanskar,how to do garbh sanskar at home | how to start garbh sanskar at home | how to do garbh sanskar at home in hindi | how to learn garbh sanskar
154,pregnancy,garbh-sanskar,154,when should garbh sanskar start,13,30,google_ac:13,en:13,yes,garbh sanskar,when does garbh sanskar start | when is garbh sanskar done | when should garbh sanskar be done | when to do garbh sanskar pooja
155,pregnancy,labour,155,does normal delivery need epidural,13,22,google_ac:13,en:13,yes,normal delivery; labour pain; c section,what is normal delivery with epidural | is epidural necessary for normal delivery | is epidural given during normal delivery | is normal delivery painful after epidural
156,pregnancy,nutrition,156,how much chocolate can i eat during pregnancy,13,22,google_ac:13,en:13,yes,can i eat during pregnancy,why is eating chocolate during pregnancy | what chocolate can i eat during pregnancy | can i eat dark chocolate during pregnancy | which chocolate can eat during pregnancy
157,pregnancy,scans,157,how due date is calculated,13,19,ddg_ac:8; google_ac:6,en:14,yes,due date,how to calculate due date | how to determine due date | due date calculator what to expect | how due date is determined | how due date is calculated in pregnancy | how due date is calculated in credit card
158,pregnancy,mind-mood,158,how much sleep should a baby get,13,18,ddg_ac:13,en:13,yes,pregnancy sleep,what time should babies go to sleep | how much do babies sleep per day | when does the baby sleep | how long does a baby sleep
159,pregnancy,belly-skin,159,how to use pregnancy exercise ball,13,18,google_ac:13,en:13,yes,pregnancy exercise,when should i start pregnancy ball exercises | when to start using pregnancy exercise ball | what size pregnancy exercise ball | how long to do pregnancy ball exercises
160,pregnancy,scans,160,how does pregnancy scan look like,13,17,google_ac:13,en:13,yes,pregnancy scan,how does pregnancy scan result look like | how pregnancy scan look like | what does pregnancy scan show | what does an early pregnancy scan look like
161,pregnancy,complications,161,how much magnesium is safe during pregnancy,13,17,google_ac:13,en:13,yes,is it safe during pregnancy,what magnesium is safe during pregnancy | which magnesium is safe during pregnancy | magnesium is it safe during pregnancy | how much magnesium is safe for pregnancy
162,pregnancy,weeks-and-symptoms,162,is it normal for pregnancy symptoms to ease at 8 weeks,13,17,google_ac:13,en:13,yes,pregnancy 8 weeks,should i feel pregnant at 8 weeks | what pregnancy symptoms at 8 weeks | am i still pregnant 8 weeks | am i 8 weeks pregnant or 6
163,pregnancy,complications,163,why is benadryl safe during pregnancy,13,16,google_ac:12; ddg_ac:1,en:13,yes,is it safe during pregnancy; third trimester; pregnancy 20 weeks,is diphenhydramine safe during pregnancy | is benadryl safe in third trimester | how much benadryl is safe during pregnancy | benadryl is it safe during pregnancy
164,pregnancy,complications,164,does baby movements decrease in 8th month,13,16,google_ac:13,en:13,yes,baby movement,why baby movement is less in 8th month | why baby movement is less in 8th month of pregnancy | why baby movement is more in 8th month | how baby movement feel like in 8th month
165,pregnancy,weeks-and-symptoms,165,why is third trimester so hard,13,16,google_ac:13,en:13,yes,third trimester,why the third trimester is the worst | why is third trimester so tiring | why third trimester is hard | is third trimester difficult
166,pregnancy,complications,166,does a baby kick at 20 weeks,13,15,google_ac:13,en:13,yes,pregnancy 20 weeks; baby movement,can a baby at 20 weeks kick | how to make baby kick at 20 weeks | what does baby movement at 20 weeks feel like | what does baby kicking at 20 weeks feel like
167,pregnancy,complications,167,what to do when pregnancy cramps,13,13,google_ac:13,en:13,yes,pregnancy cramps,what helps pregnancy cramps | how to relieve pregnancy cramps first trimester | how to help pregnancy cramps | how to ease pregnancy cramps
168,pregnancy,nutrition,168,can pregnant drink diet coke,12,25,google_ac:12,en:12,yes,pregnancy diet,can pregnant drink diet soda | can pregnant drink diet pepsi | can pregnant women drink diet coke reddit | can pregnant women drink diet cola
169,pregnancy,nutrition,169,when can baby eat food,12,23,ddg_ac:12,en:12,yes,can i eat during pregnancy,when can babies eat | when can a baby eat regular food | when can my baby eat baby food | when can a baby start eating food
170,pregnancy,complications,170,why are pregnancy cramps worse at night,12,22,google_ac:12,en:12,yes,pregnancy cramps; first trimester,why pregnancy cramps at night | do pregnancy cramps get worse at night | why are early pregnancy cramps worse at night | does early pregnancy cause back pain at night
171,pregnancy,scans,171,can anomaly scan detect down syndrome,12,21,google_ac:12,en:12,yes,anomaly scan; nt scan,does anomaly scan detect down syndrome | does nt scan detect down syndrome | can nt scan detect down syndrome | does anomaly scan shows down syndrome
172,pregnancy,nutrition,172,what to eat during 2nd trimester,12,20,google_ac:12,en:12,yes,second trimester; pregnancy 20 weeks; pregnancy diet,what to avoid during 2nd trimester | what not to do in your second trimester of pregnancy | how to eat second trimester | what to eat during second trimester of pregnancy
173,pregnancy,weeks-and-symptoms,173,can first trimester cause diarrhea,12,18,google_ac:12,en:12,yes,first trimester; second trimester; third trimester,does first trimester cause diarrhea | does second trimester cause diarrhea | does third trimester cause diarrhea | is diarrhea normal first trimester
174,pregnancy,scans,174,is due date 40 weeks,12,17,google_ac:12; ddg_ac:1,en:13,yes,due date,why is due date 40 weeks | are due dates based on 40 weeks | is due date 40 weeks from conception | is due date 40 weeks from last period
175,pregnancy,nutrition,175,Hey when does morning sickness and nausea get better?,12,16,google_ac:9; ddg_ac:4; reddit:1,en:14,yes,morning sickness,why is morning sickness so bad | how bad is morning sickness | why is morning sickness worse in the morning | when is morning sickness the worst | when morning sickness gets better | will morning sickness get worse
176,pregnancy,nutrition,176,how much morning sickness is normal,12,16,google_ac:10; ddg_ac:2,en:12,yes,morning sickness,is morning sickness common in pregnancy | how much morning sickness is too much | how common is morning sickness | how many women get morning sickness | what morning sickness is normal
177,pregnancy,weeks-and-symptoms,177,is the first trimester the hardest,12,16,google_ac:12,en:12,yes,first trimester; second trimester,why is first trimester so hard | why is first trimester the hardest | why first trimester is difficult | why first trimester is so hard
178,pregnancy,labour,178,when c section invented,12,16,google_ac:12,en:12,yes,c section,who invented c section | when c section started in india | when was c section invented in india | when was modern c section invented
179,pregnancy,complications,179,can pregnancy discharge be brown,12,15,google_ac:12,en:12,yes,pregnancy discharge; pregnancy in hindi,why pregnancy brown discharge | am i pregnant brown discharge | what if brown discharge during pregnancy | is brown discharge normal pregnancy
180,pregnancy,labour,180,c section kya hota hai,12,14,google_ac:12,en:12,yes,c section,c section delivery kya hoti hai | c section me kya khana chahiye | c section me kaise sona chahiye | c section operation kya hota hai
181,pregnancy,complications,181,why is amoxicillin safe during pregnancy,12,14,google_ac:12,en:12,yes,is it safe during pregnancy; pregnancy 20 weeks,are antibiotics safe during pregnancy | is it amoxicillin safe during pregnancy | is amoxicillin safe during pregnancy third trimester | is amoxicillin safe during pregnancy 2nd trimester
182,pregnancy,nutrition,182,can i eat during pregnancy,11,55,google_ac:11,en:11,yes,can i eat during pregnancy; pregnancy diet,should i eat during pregnancy | how can i eat during pregnancy | why can i eat during pregnancy | when should i eat during pregnancy
183,pregnancy,complications,183,what is not safe for pregnant,11,53,google_ac:11,en:11,yes,is it safe during pregnancy; can i eat during pregnancy,what is not safe to use during pregnancy | what is not safe to consume while pregnant | what shouldn't you drink while pregnant | what is not safe to eat while pregnant
184,pregnancy,scans,184,anomaly scan kya hota hai,11,20,google_ac:10; ddg_ac:1,en:11,yes,anomaly scan,anomaly scan level 2 kab hota hai | anomaly scan jaruri hai kya | anomaly scan kab hota hai | anomaly scan kaise hota hai
185,pregnancy,general,185,does pregnancy cause sleepiness,11,20,google_ac:11,en:11,yes,pregnancy sleep,when does pregnancy sleepiness start | can pregnancy cause sleepiness | is sleepiness pregnancy symptom | is sleeping pregnancy symptoms
186,pregnancy,scans,186,is due date extended for tax audit,11,18,google_ac:10; ddg_ac:1,en:11,yes,due date,will due date for tax audit be extended | is last date extended for income tax return | is due date for audit extended | is due date of income tax extended
187,pregnancy,complications,187,how much ginger is safe during pregnancy,11,15,google_ac:11,en:11,yes,is it safe during pregnancy; can i eat during pregnancy,is ginger safe during pregnancy | how much ginger is safe during pregnancy third trimester | how much ginger is safe during pregnancy second trimester | how much ginger is safe during pregnancy first trimester
188,pregnancy,complications,188,ibuprofen is it safe during pregnancy,11,15,google_ac:11,en:11,yes,is it safe during pregnancy; pregnancy 32 weeks,ibuprofen is it safe for pregnancy | can you take ibuprofen while pregnant third trimester | when is ibuprofen safe during pregnancy | ibuprofen is it safe for pregnant women
189,pregnancy,labour,189,is normal delivery painful or c section,11,14,google_ac:11; ddg_ac:1,en:12,yes,c section; normal delivery; labour pain,does c section hurt | is normal delivery painful than c section | what is painful normal delivery or c section | what is more painful normal delivery or c section
190,pregnancy,weeks-and-symptoms,190,how much is second trimester abortion,11,14,google_ac:11,en:11,yes,second trimester,how long does second trimester abortion take | what is second trimester abortion | is second trimester abortion legal | who second trimester abortion
191,pregnancy,nutrition,191,how much weight gain pregnancy 20 weeks,11,14,google_ac:11,en:11,yes,pregnancy 20 weeks,what is normal weight gain at 20 weeks pregnant | how much weight gain 20 weeks pregnant kg | how much weight gain 20 weeks pregnant reddit | how much weight gained 20 weeks pregnant
192,pregnancy,complications,192,can gestational diabetes cause preeclampsia,11,13,google_ac:11,en:11,yes,gestational diabetes,do gestational diabetes and preeclampsia go together | are gestational diabetes and preeclampsia related | why does gestational diabetes increase risk of preeclampsia | does gestational diabetes cause preeclampsia
193,pregnancy,general,193,can i get pregnant 8 weeks postpartum,11,13,google_ac:11,en:11,yes,pregnancy 8 weeks; normal delivery,can you get pregnant 8 weeks postpartum | am i pregnant 8 weeks postpartum | is it bad to get pregnant 8 weeks postpartum | can i be pregnant 8 weeks postpartum
194,pregnancy,nutrition,194,morning sickness kya hoti hai,11,13,google_ac:11,en:11,yes,morning sickness,morning sickness ho to kya kare | morning sickness kab tak hota hai | morning sickness kyu hota hai | morning sickness kya hota hai in hindi
195,pregnancy,weeks-and-symptoms,195,when do pregnancy symptoms start,11,12,google_ac:11,en:11,yes,pregnancy cramps; first trimester; can i eat during pregnancy,how long first pregnancy symptoms | what are first pregnancy symptoms | what are early pregnancy symptoms | what are initial pregnancy symptoms
196,pregnancy,labour,196,when does c section pain go away,11,11,google_ac:11,en:11,yes,c section,when c section pain goes away | how long c section pain last | how long c section pain | when does c section stitches pain go away
197,pregnancy,nutrition,197,when does pregnancy food aversions stop,11,11,google_ac:11,en:11,yes,pregnancy diet,do pregnancy food aversions go away | how long do pregnancy food aversions last | how long does pregnancy food aversion last | why do pregnancy food aversions happen
198,pregnancy,weeks-and-symptoms,198,what is pregnancy symptoms in hindi,10,23,google_ac:10,en:10,yes,pregnancy in hindi,how to pregnancy symptoms in hindi | what is early pregnancy in hindi | what is pregnancy in hindi | what is the symptoms of early pregnancy in hindi
199,pregnancy,scans,199,why early pregnancy scan,10,16,google_ac:10,en:10,yes,pregnancy scan; can i eat during pregnancy,should i get early pregnancy scan | is early pregnancy scan necessary | when can early pregnancy scan be done | when should early pregnancy scan be done
200,pregnancy,labour,200,why c section cause back pain,10,15,google_ac:10,en:10,yes,c section,does c section cause back pain in future | can c section cause back pain | why does c section cause back pain | does c section cause back pain
201,pregnancy,complications,201,does early pregnancy cause stomach pain,10,13,google_ac:9; mylo:1,en:9; hinglish:1,yes,first trimester,does first trimester cause stomach pain | pregnancy me pet ke nichle hisse me dard | does initial pregnancy cause stomach pain | does first month pregnancy cause stomach pain
202,pregnancy,labour,202,why is my c section scar itchy,10,13,google_ac:8; ddg_ac:2,en:10,yes,c section,why c section stitches itching | why does my c section scar itch years later | when c section is itchy | why does c section scar itch
203,pregnancy,scans,203,can i change due date on affirm,10,13,google_ac:10,en:10,yes,due date,can i change my due date on affirm | can i change payment date on affirm | can i move payment date on affirm | how do i change due date on affirm
204,pregnancy,complications,204,does baby movement feel like cramps,10,13,google_ac:10,en:10,yes,baby movement,can baby movement feel like cramps | does baby movement feel like cramps second trimester | does baby kicking feel like cramps | can baby movement feel like cramps third trimester
205,pregnancy,complications,205,why is aspirin safe during pregnancy,10,13,google_ac:10,en:10,yes,is it safe during pregnancy,how is aspirin safe during pregnancy | why is aspirin safe in pregnancy but not ibuprofen | why is aspirin not safe during pregnancy | why is baby aspirin safe during pregnancy
206,pregnancy,complications,206,why is robitussin safe during pregnancy,10,13,google_ac:10,en:10,yes,is it safe during pregnancy,which robitussin is safe during pregnancy | what robitussin is safe during pregnancy | robitussin is it safe for pregnancy | is robitussin safe during pregnancy third trimester
207,pregnancy,scans,207,can i change due date on credit card,10,12,google_ac:9; ddg_ac:1,en:10,yes,due date,can i change the due date on my student loans | can i change due date on amex | can i change payment date on credit card | can i change closing date on credit card
208,pregnancy,complications,208,can i feel baby movement at 10 weeks,10,12,google_ac:10,en:10,yes,baby movement,can baby movement be felt at 10 weeks | can i feel baby move at 10 weeks second pregnancy | can i feel baby move at 10 weeks 3rd pregnancy | can i feel baby kick at 10 weeks
209,pregnancy,labour,209,can labour pains start on one side,10,12,google_ac:10,en:10,yes,labour pain,can labour cramps start on one side | can labour contractions start on one side | do labour pains start on one side | can labor start on one side
210,pregnancy,labour,210,is normal delivery possible for twins,10,12,google_ac:10,en:10,yes,normal delivery,what is the chances of normal delivery in twin pregnancy | is normal delivery possible for mcda twins | is normal delivery possible for dcda twins | is normal delivery possible in case of twins
211,pregnancy,labour,211,is normal delivery possible with low amniotic fluid,10,12,google_ac:10,en:10,yes,normal delivery,is normal delivery possible with low amniotic fluid at 37 weeks | is normal delivery possible with low amniotic fluid at 39 weeks | is normal delivery possible with low amniotic fluid at 38 weeks | is normal delivery possible with low amniotic fluid at 36 weeks
212,pregnancy,general,212,when does pregnancy fatigue start,10,12,google_ac:10,en:10,yes,pregnancy sleep; third trimester,when does third trimester fatigue start reddit | when does pregnancy tiredness start | when does pregnancy exhaustion start | when does pregnancy fatigue start reddit
213,pregnancy,general,213,why do i look so big at 8 weeks pregnant,10,12,google_ac:10,en:10,yes,pregnancy 8 weeks; pregnancy 12 weeks,why do i look so pregnant at 8 weeks | why do i look so bloated at 8 weeks pregnant | why do i look huge at 8 weeks pregnant | why do i look so fat 8 weeks pregnant
214,pregnancy,labour,214,what to do normal delivery,10,11,google_ac:9; parentune:1,en:10,yes,normal delivery,how to give birth normal delivery | hi please suggest me the tips for normal delivery | how to be normal delivery | how to normal delivery tips
215,pregnancy,weeks-and-symptoms,215,what to do when pregnant third trimester,10,11,google_ac:8; parentune:2,en:10,yes,third trimester; pregnancy exercise,can i swim third trimester | how to increase baby weight in third trimester | advice for taking care during third trimester | how to exercise third trimester | how to gain weight third trimester
216,pregnancy,weeks-and-symptoms,216,is it safe to announce pregnancy at 12 weeks,10,11,google_ac:10,en:10,yes,pregnancy 12 weeks; is it safe during pregnancy; pregnancy 8 weeks,when is it safe to announce pregnancy | is it safe to announce pregnancy | is it safe to announce pregnancy at 8 weeks | can i announce pregnancy at 8 weeks
217,pregnancy,scans,217,nt scan kya hota hai,10,10,google_ac:10,en:10,yes,nt scan,nt scan jaruri hai kya | nt scan kaise hota hai | nt scan kab hota hai | nt scan kaise kiya jata hai
218,pregnancy,nutrition,218,what fruits to avoid in pregnancy,10,10,google_ac:10,en:10,yes,foods to avoid in pregnancy; is it safe during pregnancy,what fruit is not good for pregnancy | what fruits to avoid during pregnancy first trimester | what fruits can harm pregnancy | what food and fruits to avoid during pregnancy
219,pregnancy,complications,219,is 8 weeks pregnant safe,9,38,google_ac:9,en:9,yes,pregnancy 8 weeks,is 8 weeks pregnant considered safe | is 8 weeks pregnant safe for abortion | is 8 weeks pregnant safe to tell people | is 8 weeks pregnant safe from miscarriage
220,pregnancy,mind-mood,220,does pregnancy cause sleep apnea,9,18,google_ac:9,en:9,yes,pregnancy sleep,what is pregnancy sleep apnea | can pregnancy cause sleep apnea | is pregnancy sleep apnea a thing | is sleep apnea normal during pregnancy
221,pregnancy,weeks-and-symptoms,221,does first trimester make you hungry,9,15,google_ac:8; ddg_ac:1,en:9,yes,first trimester,why am i so hungry in first trimester | why am i starving first trimester | does first trimester make you more hungry | does first week of pregnancy make you hungry
222,pregnancy,complications,222,is gestational diabetes common in pregnancy,9,15,google_ac:8; ddg_ac:1,en:9,yes,gestational diabetes; normal delivery,is gestational diabetes same as diabetes | can i have normal delivery with gestational diabetes | is gestational diabetes common | are gestational diabetes common
223,pregnancy,nutrition,223,can third trimester drink coffee,9,14,google_ac:9,en:9,yes,third trimester; is it safe during pregnancy,how much coffee is safe during pregnancy third trimester | how much caffeine third trimester | how much coffee third trimester | can you drink coffee third trimester
224,pregnancy,complications,224,can second trimester cause miscarriage,9,13,google_ac:9,en:9,yes,second trimester,why second trimester miscarriage | what causes second trimester miscarriage | why does second trimester miscarriage happen | can endometriosis cause second trimester miscarriage
225,pregnancy,complications,225,gaviscon is it safe during pregnancy,9,13,google_ac:9,en:9,yes,is it safe during pregnancy,gaviscon is it safe in pregnancy | is gaviscon safe during pregnancy nz | is gaviscon safe during pregnancy reddit | is gaviscon peppermint safe during pregnancy
226,pregnancy,labour,226,does labour pain feel like gas,9,12,google_ac:9,en:9,yes,labour pain,can labour pains feel like gas | does labor feel like gas | does early labor feel like gas pain | does early labor feel like gas
227,pregnancy,general,227,pregnancy exercise what to avoid,9,12,google_ac:9,en:9,yes,pregnancy exercise; foods to avoid in pregnancy,what exercises can pregnant women not do | which activities to avoid in early pregnancy | which exercises to avoid in early pregnancy | what are pregnancy safe exercises
228,pregnancy,general,228,can a baby at 20 weeks survive,9,11,google_ac:8; ddg_ac:1,en:9,yes,pregnancy 20 weeks,can a baby survive at 20 weeks | can a baby born at 20 weeks survive | will a baby born at 20 weeks survive | can a baby survive at 20 weeks outside the womb
229,pregnancy,complications,229,can i feel baby movement at 17 weeks,9,11,google_ac:9,en:9,yes,baby movement,can i feel baby move at 17 weeks second pregnancy | can i feel baby kick at 17 weeks | should i feel baby movement at 17 weeks | will i feel baby move at 17 weeks
230,pregnancy,labour,230,can labour pain start without water break,9,11,google_ac:9,en:9,yes,labour pain,can labor start without water breaking | can labour pain start before water breaks | can active labor start without water breaking | can early labor start without water breaking
231,pregnancy,mind-mood,231,can pregnant travel long distance,9,11,google_ac:9,en:9,yes,pregnancy travel,is it ok to travel long distances while pregnant | can pregnant women travel long distance by car | can pregnant women drive long distance | can pregnant woman drive long distance
232,pregnancy,scans,232,is due date based on conception,9,11,google_ac:9,en:9,yes,due date,what is due date if conceived today | why is due date not calculated from conception | when is due date if conceived today | when would due date be if conceived today
233,pregnancy,complications,233,why gestational diabetes is dangerous,9,11,google_ac:9,en:9,yes,gestational diabetes,how much gestational diabetes is dangerous | why gestational diabetes is bad | is gestational diabetes dangerous | is it bad to have gestational diabetes while pregnant
234,pregnancy,complications,234,why is retinol safe during pregnancy,9,11,google_ac:9,en:9,yes,is it safe during pregnancy,retinol is it safe for pregnancy | why is retinol not safe during pregnancy | why is retinol cream not safe during pregnancy | is retinol safe during pregnancy third trimester
235,pregnancy,complications,235,when is zofran safe during pregnancy,9,10,google_ac:8; ddg_ac:1,en:9,yes,is it safe during pregnancy; first trimester; pregnancy 8 weeks,is zofran safe at 12 weeks pregnant | can first trimester take zofran | how much zofran is safe during pregnancy | zofran is it safe during pregnancy
236,pregnancy,general,236,is childbirth painful for the baby,9,10,google_ac:9,en:9,yes,labour pain; normal delivery,is normal birth painful | is childbirth painful | is childbirth really that painful | is childbirth really that painful reddit
237,pregnancy,complications,237,is first trimester bleeding normal,9,10,google_ac:9,en:9,yes,first trimester,how much first trimester bleeding is normal | why first trimester bleeding | what is first trimester bleeding | is first trimester spotting normal
238,pregnancy,general,238,baby born at 32 weeks what to expect,9,9,google_ac:8; ddg_ac:1,en:9,yes,pregnancy 32 weeks,is 32 weeks considered premature | baby delivered at 32 weeks what to expect | baby breech at 32 weeks what to expect | premature baby at 32 weeks what to expect
239,pregnancy,labour,239,how much is a c section cost,9,9,ddg_ac:6; google_ac:3,en:9,yes,c section,do c sections cost more | how much c section cost with insurance | how much is a c section in the us | how much is a c section | how much c section cost | how much c section cost in usa
240,pregnancy,scans,240,what happens in due date,9,9,google_ac:8; ddg_ac:1,en:9,yes,due date,what happens if you go past your due date | what if due date is crossed in pregnancy | what to do when your due date has passed | what happens if due date passed
241,pregnancy,scans,241,when to get nt nb scan done,9,9,google_ac:8; ddg_ac:1,en:9,yes,nt scan,what is nt nb scan | how long nt nb scan takes | why is nt nb scan done | when should nt nb scan be done
242,pregnancy,complications,242,are gestational diabetes babies big,9,9,google_ac:9,en:9,yes,gestational diabetes,why gestational diabetes causes big babies | do gestational diabetes babies stay big | are gestational diabetes babies bigger | are gestational diabetes babies always big
243,pregnancy,complications,243,baby movement kam kyu hota hai,9,9,google_ac:9,en:9,yes,baby movement,baby movement jyada ho to kya kare | baby movement kab feel hoti h | baby movement kab hoti hai | baby movement kab start hota hai
244,pregnancy,complications,244,is first trimester cramping normal,9,9,google_ac:9,en:9,yes,first trimester; pregnancy 32 weeks; second trimester,is cramping normal during pregnancy 3rd trimester | are cramps normal third trimester | are first trimester cramps normal | why am i cramping first trimester
245,pregnancy,labour,245,what is the ideal week for delivery,9,9,google_ac:9,en:9,yes,normal delivery,which week best for normal delivery | which week is safest for delivery | which week is best for normal delivery | when is the average delivery week
246,pregnancy,general,246,what to do when you are 32 weeks pregnant,8,57,google_ac:8,en:8,yes,pregnancy 32 weeks,what should you not do at 32 weeks pregnant | what not to do at 32 weeks pregnant | can you run at 32 weeks pregnant | what to do during 32 weeks of pregnancy
247,pregnancy,complications,247,who gestational diabetes criteria,8,33,google_ac:8,en:8,yes,gestational diabetes,who gestational diabetes diagnosis criteria | who gestational diabetes guidelines | who gestational diabetes diagnosis criteria 2020 | who guidelines for gestational diabetes screening
248,pregnancy,complications,248,does high risk pregnancy qualify for disability,8,32,google_ac:8,en:8,yes,high risk pregnancy,is high risk pregnancy a disability | does high risk pregnancy qualify for short term disability | can high risk pregnancy qualify for short term disability | does high risk.pregnancy qualify for long term disability
249,pregnancy,weeks-and-symptoms,249,is second trimester safe,8,23,google_ac:9,en:9,yes,second trimester,is 2nd trimester safe | is second trimester safe for tooth extraction | is second trimester safe for extraction | is second trimester safer
250,pregnancy,scans,250,can anomaly scan detect autism,8,15,google_ac:8,en:8,yes,nt scan; anomaly scan; pregnancy scan,does nt scan detect autism | does anomaly scan detect autism | can a pregnancy scan detect autism | can pregnancy scan detect autism
251,pregnancy,complications,251,can gestational diabetes cause autism,8,13,google_ac:8,en:8,yes,gestational diabetes,does gestational diabetes cause autism | can gestational diabetes cause autism in baby | can gestational diabetes cause autism reddit | can gestational diabetes lead to autism
252,pregnancy,complications,252,do i have gestational diabetes,8,13,google_ac:8,en:8,yes,gestational diabetes,do i have gestational diabetes quiz | is it gestational diabetes | do i have gestational diabetes because im fat | do you have gestational diabetes
253,pregnancy,scans,253,should i pay credit card before due date,8,12,ddg_ac:4; google_ac:4,en:8,yes,due date,should you pay credit card before due date | when due date for payment | should i pay my credit card before due date | can i pay on due date | can i pay on due date credit card | should i pay on due date or before
254,pregnancy,weeks-and-symptoms,254,does first trimester bloating go away,8,12,google_ac:8,en:8,yes,first trimester,will first trimester bloating go away | is bloating normal first trimester | when does first trimester bloating end | does 1st trimester bloat go away
255,pregnancy,scans,255,how much anomaly scan cost,8,12,google_ac:8,en:8,yes,anomaly scan,how much anomaly scan cost in india | how much anomaly scan | how much is anomaly scan in nigeria | what is anomaly scan price
256,pregnancy,complications,256,is it normal to bleed at 32 weeks pregnant,8,12,google_ac:8,en:8,yes,pregnancy 32 weeks,is spotting normal during pregnancy 32 weeks | is it normal to bleed during pregnancy at 32 weeks | what causes bleeding at 32 weeks pregnant | is light spotting normal at 32 weeks pregnant
257,pregnancy,labour,257,should i have a c section,8,11,google_ac:7; ddg_ac:2,en:9,yes,c section,do i need c section | when c section is done | when c section is necessary | when c section is recommended
258,pregnancy,weeks-and-symptoms,258,what is first trimester screening,8,11,google_ac:7; ddg_ac:1,en:8,yes,first trimester,how much first trimester screening test | when first trimester screening | what is first trimester combined screening | what is first trimester scan
259,pregnancy,garbh-sanskar,259,garbh sanskar kya hota hai,8,11,google_ac:8,en:8,yes,garbh sanskar,garbh sanskar me kya hota hai | garbh sanskar kab kiya jata hai | garbh sanskar kab hota hai | garbh sanskar se kya hota hai
260,pregnancy,mind-mood,260,can pregnant sleep sitting up,8,10,google_ac:8,en:8,yes,pregnancy sleep,can i sleep sitting up pregnant third trimester | can i sleep sitting up pregnant second trimester | 37 weeks pregnant can i sleep sitting up | can you sleep sitting up while pregnant third trimester second
261,pregnancy,general,261,high risk pregnancy kya hoti hai,8,10,google_ac:8,en:8,yes,high risk pregnancy,high risk pregnancy kya hota hai in hindi | high risk pregnancy ka matlab kya hota hai | high risk pregnancy kab hoti hai | high risk pregnancy kitne prakar ki hoti hai
262,pregnancy,complications,262,is it normal to bleed during pregnancy 8 weeks,8,10,google_ac:8,en:8,yes,pregnancy 8 weeks,why bleeding during pregnancy 8 weeks | is 8 weeks pregnancy still blood | is it normal to spot during pregnancy 8 weeks | is it normal to show pregnancy at 8 weeks
263,pregnancy,complications,263,does baby movements decrease in 7th month,8,8,google_ac:8,en:8,yes,baby movement,why baby movement is more in 7th month | why baby movements slow in 7th month | how baby movement feel like in 7th month | how baby movements in 7th month
264,pregnancy,weeks-and-symptoms,264,first trimester kya hota hai,8,8,google_ac:8,en:8,yes,first trimester; third trimester; second trimester,first trimester kab tak hota hai | first trimester kitna hota hai | first trimester me kya khaye | first trimester me kya khana chahiye
265,pregnancy,complications,265,how many ct scans are safe per year,8,8,ddg_ac:8,en:8,yes,nt scan,how many ct scans are safe | how many ct scans are too many | how many ct scans can you have in a year | how many ct scans yearly is safe
266,pregnancy,complications,266,how to relieve cramps,8,8,ddg_ac:8,en:8,yes,pregnancy cramps,how to deal with cramps | how to prevent cramps | how to cure cramps | how to get rid of cramps
267,pregnancy,general,267,when does second quarter end,8,8,google_ac:8,en:8,yes,second trimester,when second quarter of 2025 | when second quarter end | when second quarter of 2026 | when second quarter
268,pregnancy,scans,268,is nt scan done empty stomach,7,17,google_ac:7,en:7,yes,nt scan; anomaly scan,does nt scan need empty stomach | should nt scan be done on empty stomach | does anomaly scan require empty stomach | is anomaly scan done on empty stomach
269,pregnancy,nutrition,269,what food can harm pregnancy,7,15,google_ac:7,en:7,yes,foods to avoid in pregnancy,what food can affect pregnancy | what food can affect pregnancy test | what foods can harm fetus | which food can damage pregnancy
270,pregnancy,belly-skin,270,can pregnancy discharge cause itching,7,13,google_ac:7,en:7,yes,pregnancy discharge,can pregnancy discharge cause irritation | does pregnancy discharge itch | can early pregnancy discharge cause itching | can early pregnancy discharge cause irritation
271,pregnancy,general,271,what should i do in 36 weeks pregnant,7,13,google_ac:7,en:7,yes,pregnancy 36 weeks,what should i eat in 36 weeks pregnant | should i be resting at 36 weeks pregnant | how much rest should i get at 36 weeks pregnant | what to do when 36 weeks pregnant
272,pregnancy,nutrition,272,can i eat brinjal during pregnancy,7,12,google_ac:7,en:7,yes,pregnancy in hindi; can i eat during pregnancy,can i eat brinjal during pregnancy in hindi | can i eat brinjal during pregnancy first trimester | can we eat brinjal during pregnancy | is brinjal allowed in pregnancy
273,pregnancy,labour,273,does normal delivery have anesthesia,7,12,google_ac:7,en:7,yes,normal delivery,does normal delivery require anesthesia | does normal delivery need anesthesia | is anesthesia given during normal delivery | can you give birth under anesthesia
274,pregnancy,general,274,how to conceive pregnancy in hindi,7,12,google_ac:7,en:7,yes,pregnancy in hindi,how to pregnancy in hindi | how to do intercourse for pregnancy in hindi | how to conceive pregnancy easily in hindi | how conceive pregnancy after period in hindi
275,pregnancy,nutrition,275,what food to eat in pregnancy for fair baby,7,12,google_ac:7,en:7,yes,foods to avoid in pregnancy; can i eat during pregnancy,what can i eat during pregnancy to have a fair baby | what food to eat during pregnancy to get fair baby | what food to eat for fair child during pregnancy | what to eat during pregnancy to make my baby fair
276,pregnancy,general,276,when are pregnancy scans australia,7,12,google_ac:7,en:7,yes,pregnancy scan,do pregnancy scans cost in australia | how many pregnancy scans do you have in australia | are pregnancy scans free in australia | how many pregnancy scans in australia
277,pregnancy,labour,277,why c section is increasing in india,7,12,google_ac:7,en:7,yes,c section,why c section is common in india | how much c section cost in india | how many c section can be done in india | how many c sections can a woman have in india
278,pregnancy,scans,278,is nt scan abdominal,7,11,google_ac:7,en:7,yes,nt scan,is nt scan and ultrasound same | is nt scan ultrasound | is nt scan abdominal or tvs | is nt scan abdominal ultrasound
279,pregnancy,general,279,what to do when you're 8 weeks pregnant,7,11,google_ac:7,en:7,yes,pregnancy 8 weeks,what to buy at 8 weeks pregnant | what to wear 8 weeks pregnant | what to do when you are 8 weeks pregnant | what to do if you're 8 weeks pregnant and don't want it
280,pregnancy,complications,280,why is diabetes high risk pregnancy,7,11,google_ac:7,en:7,yes,high risk pregnancy; gestational diabetes,why is gestational diabetes high risk | is gestational diabetes high risk | am i high risk pregnancy if i have gestational diabetes | why is gestational diabetes high risk pregnancy
281,pregnancy,scans,281,can due date change at 20 week scan,7,10,google_ac:6; ddg_ac:1,en:7,yes,due date; pregnancy scan,does due date change at 20 week scan | how long does 20 week scan take | when should the 20 week scan be done | can your due date change at 20 week scan nhs
282,pregnancy,complications,282,can high risk pregnancy fly,7,10,google_ac:6; ddg_ac:1,en:7,yes,high risk pregnancy,can high risk pregnancy travel | should high risk pregnancy fly | can high risk pregnant women fly | how long can you travel in a high risk pregnancy
283,pregnancy,general,283,can i do kegel exercise during pregnancy,7,10,google_ac:7,en:7,yes,pregnancy exercise,how to kegel exercise pregnancy | how does kegel exercises help during pregnancy | can i do kegel exercises during pregnancy | when to do kegel exercises during pregnancy
284,pregnancy,scans,284,is due date on netflix,7,10,google_ac:7,en:7,yes,due date,is due date on netflix canada | is due date on netflix uk | is due date available on netflix | is due date still on netflix
285,pregnancy,scans,285,is pregnancy scan harmful,7,10,google_ac:7,en:7,yes,pregnancy scan,does scan affect pregnancy | do pregnancy scans harm baby | does pregnancy scan affect baby | are pregnancy scans safe
286,pregnancy,scans,286,pregnancy scan how much,7,10,google_ac:7,en:7,yes,pregnancy scan,do pregnancy scans cost | how much pregnancy scan cost | how much pregnancy scan | how much pregnancy scan at clicks
287,pregnancy,nutrition,287,is morning sickness a good sign,7,9,google_ac:6; ddg_ac:2,en:8,yes,morning sickness,is morning sickness a sign of a healthy baby | is morning sickness a sign of pregnancy | is morning sickness a good sign of pregnancy | does morning sickness means healthy pregnancy
288,pregnancy,labour,288,is normal delivery possible with grade 3 placenta,7,9,google_ac:7,en:7,yes,normal delivery,is normal delivery possible with grade 3 placenta in hindi | is normal delivery possible with grade 3 placenta at 37 weeks | is normal delivery possible with grade 3 placenta at 36 weeks | is normal delivery possible with grade 3 posterior placenta
289,pregnancy,general,289,what to do at 20 weeks pregnant,7,9,google_ac:7,en:7,yes,pregnancy 20 weeks,what to buy at 20 weeks pregnant | what to do before ultrasound pregnancy 20 weeks | what to do at 20 weeks of pregnancy | what to do when 20 weeks pregnant
290,pregnancy,complications,290,why bleeding during pregnancy 12 weeks,7,9,google_ac:7,en:7,yes,pregnancy 12 weeks; pregnancy 8 weeks,what causes bleeding during pregnancy 8 weeks | what causes spotting during pregnancy 8 weeks | is it normal to spot during pregnancy 12 weeks | is it normal to bleed while pregnant 12 weeks
291,pregnancy,weeks-and-symptoms,291,can you have a healthy baby at 32 weeks,7,8,google_ac:6; ddg_ac:1,en:7,yes,pregnancy 32 weeks,can a baby survive at 32 weeks | can you give birth at 32 weeks pregnant | how long is a baby born at 32 weeks in the nicu | can you deliver a healthy baby at 32 weeks
292,pregnancy,labour,292,when should i start exercise for normal delivery,7,8,google_ac:6; mylo:1,en:7,yes,normal delivery; pregnancy exercise,can i have normal delivery without exercise | exercises for normal delivery | which exercise for normal delivery | how to normal delivery exercise
293,pregnancy,scans,293,when to pregnancy scan a dog,7,8,google_ac:5; ddg_ac:3,en:8,yes,pregnancy scan,when to scan a dog for pregnancy | when to scan a pregnant dog | how to pregnancy scan a dog | when can you pregnancy scan a dog | can a dog pregnancy scan be wrong
294,pregnancy,scans,294,is it normal to pass due date,7,8,google_ac:7,en:7,yes,due date,what is the normal due date for pregnancy | is it normal to exceed due date | when is normal due date | is it normal to pass your due date
295,pregnancy,weeks-and-symptoms,295,is maternity leave 12 weeks,7,8,google_ac:7,en:7,yes,pregnancy 12 weeks,is maternity leave 12 weeks or 3 months | is paternity leave 12 weeks | is maternity leave 6 or 12 weeks | is maternity leave 8 or 12 weeks
296,pregnancy,mind-mood,296,pregnancy how to sleep position,7,8,google_ac:7,en:7,yes,pregnancy sleep,what is the best pregnancy sleeping position | when pregnant sleep position | how to sleep pregnant woman position | when in pregnancy does sleeping position matter
297,pregnancy,nutrition,297,what tea is safe during pregnancy,7,8,google_ac:7,en:7,yes,is it safe during pregnancy,which tea is safe during pregnancy | how much tea is safe during pregnancy | green tea is it safe during pregnancy | what tea should you drink while pregnant
298,pregnancy,general,298,why does pregnancy make you sleepy,7,8,google_ac:8,en:8,yes,pregnancy sleep,why does pregnancy make u sleepy | why am i sleepy pregnant | am i pregnant or just sleepy | why am i so sleepy pregnancy
299,pregnancy,labour,299,when is normal labor,7,7,google_ac:6; ddg_ac:1,en:7,yes,normal delivery; labour pain,how long does labour last on average | who normal labor | how long is the average labor and delivery | what is normal labor in pregnancy
300,pregnancy,scans,300,12 weeks pregnant ultrasound what to expect,7,7,google_ac:7,en:7,yes,pregnancy 12 weeks; nt scan,how to read ultrasound report of pregnancy 12 weeks | what is 12 weeks pregnant ultrasound | 12 week pregnancy appointment what to expect | 12 week pregnancy scan what to expect
301,pregnancy,complications,301,gestational diabetes kya hota hai,7,7,google_ac:7,en:7,yes,gestational diabetes,gestational diabetes kyu hota hai | gestational diabetes kab hota hai | gestational diabetes kaise hota hai | gestational diabetes ko kaise control kare
302,pregnancy,general,302,how many days check pregnancy in hindi,7,7,google_ac:7,en:7,yes,pregnancy in hindi,how many weeks in pregnancy in hindi | how many days after pregnancy test in hindi | maximum how many days to confirm pregnancy in hindi | pregnancy 28 weeks how many months in hindi
303,pregnancy,weeks-and-symptoms,303,how much weight gain second trimester,7,7,google_ac:7,en:7,yes,second trimester,how to gain weight second trimester | how much do you gain in second trimester | how many extra calories in second trimester | how many calories second trimester
304,pregnancy,complications,304,how to baby movement,7,7,google_ac:7,en:7,yes,baby movement,how to baby movement in pregnancy | how to fetal movement | how to baby move in womb | how to baby move
305,pregnancy,complications,305,is baby movement in 5 months pregnant,7,7,google_ac:7,en:7,yes,baby movement,why baby movement is less in 5th month | how baby movement feel like in 5th month | how baby movement feel like in 4th month | is baby movement in 4 months pregnant
306,pregnancy,weeks-and-symptoms,306,what is normal to feel at 20 weeks pregnant,7,7,google_ac:7,en:7,yes,pregnancy 20 weeks,is it normal to feel baby at 20 weeks | is it normal to not feel pregnant 20 weeks | is it normal to not feel baby at 20 weeks | is it normal to have no pregnancy symptoms at 20 weeks
307,pregnancy,general,307,why is nutrition important during pregnancy,6,22,ddg_ac:4; google_ac:2,en:6,yes,pregnancy diet; can i eat during pregnancy,why nutrition matters in pregnancy | why is nutrition important prior to pregnancy | why is diet important during pregnancy | how important is diet during pregnancy | what is pregnancy nutrition
308,pregnancy,complications,308,is pregnancy after miscarriage high risk,6,19,google_ac:6,en:6,yes,high risk pregnancy,can high risk pregnancy cause death | can high risk pregnancy lead to miscarriage | does high risk pregnancy mean miscarriage | am i considered high risk pregnancy after miscarriage
309,pregnancy,complications,309,why is pregnancy after 35 high risk,6,15,google_ac:6,en:6,yes,high risk pregnancy,why is 35 high risk pregnancy | how high risk is pregnancy after 35 | why is over 35 high risk pregnancy | why are women over 35 high risk pregnancy
310,pregnancy,general,310,why due dates are important,6,13,ddg_ac:5; google_ac:1,en:6,yes,due date,why due dates get postponed | why due dates matter | why are due dates and deadlines important | is due date important | why due date
311,pregnancy,scans,311,does pregnancy scan lie,6,13,google_ac:6,en:6,yes,pregnancy scan,can pregnancy scan lie | does ultrasound scan lie | can a scan lie about pregnancy | can scan lie about weeks of pregnancy
312,pregnancy,general,312,why are c sections becoming more common,6,12,google_ac:4; ddg_ac:2,en:6,yes,c section,why c section is increasing | why are c sections more common now | why are c sections on the rise | are c sections common | why are c sections so common
313,pregnancy,general,313,do pregnancy scans cost in nz,6,12,google_ac:6,en:6,yes,pregnancy scan,is pregnancy scan free in nz | are pregnancy scans free in nz | how many pregnancy scans nz | when are pregnancy scans nz
314,pregnancy,nutrition,314,how much watermelon can i eat during pregnancy,6,12,google_ac:6,en:6,yes,can i eat during pregnancy,can i eat watermelon during pregnancy | how much watermelon can a pregnant woman eat | how much watermelon is safe for pregnancy | can you eat too much watermelon when pregnant
315,pregnancy,complications,315,why do we get cramps,6,12,ddg_ac:6,en:6,yes,pregnancy cramps,when you have cramps | why do girls get cramps | why do i have abdominal cramps | why do cramps occur
316,pregnancy,scans,316,should i advance my due date,6,11,google_ac:4; ddg_ac:3,en:7,yes,due date,should i advance my due date on student loans | what is due date advancement | should i do due date advancement | should i advance due date on student loan | should i select due date advancement
317,pregnancy,scans,317,how much nt scan cost in india,6,10,google_ac:5; ddg_ac:1,en:6,yes,nt scan,how much nt scan cost | how much nt scan cost in bangalore | how much nt scan cost in hyderabad | what is the cost of nt scan
318,pregnancy,general,318,is it ok if baby moves a lot in womb,6,10,google_ac:5; ddg_ac:1,en:6,yes,baby movement,is a lot of baby movement bad | which baby moves a lot in womb | is it ok that baby moves a lot | can i baby move too much in the womb
319,pregnancy,labour,319,is labour pain bearable,6,10,google_ac:6,en:6,yes,labour pain,can i bear labour pain | can i handle labour pain | are labour pain bearable | is labour pain tolerable
320,pregnancy,complications,320,what is safe for pregnancy,6,10,google_ac:6,en:6,yes,is it safe during pregnancy; normal delivery,which delivery is safe for pregnancy | when is it safe in pregnancy | which is safe in pregnancy | is safe safe in pregnancy
321,pregnancy,complications,321,claritin is it safe during pregnancy,6,9,google_ac:6,en:6,yes,is it safe during pregnancy,claritin is it safe for pregnancy | is claritin safe during pregnancy reddit | is claritin d safe during pregnancy | is claritin okay during pregnancy
322,pregnancy,complications,322,how many first trimester miscarriages,6,9,google_ac:6,en:6,yes,first trimester,how many first trimester pregnancies end in miscarriage | how many first trimester abortions | how common first trimester miscarriage | is first trimester miscarriage common
323,pregnancy,complications,323,how much ashwagandha is safe during pregnancy,6,9,google_ac:6,en:6,yes,is it safe during pregnancy,ashwagandha is it safe during pregnancy | how much ashwagandha is bad for pregnancy | can you drink ashwagandha tea while pregnant | is ashwagandha safe during pregnancy
324,pregnancy,complications,324,pregnancy discharge kaisa hota hai,6,9,google_ac:6,en:6,yes,pregnancy discharge; pregnancy in hindi,when does pregnancy discharge start in hindi | pregnancy discharge kab hota hai | pregnancy discharge kaise hota hai | pregnancy discharge kaisa hota hai image
325,pregnancy,scans,325,should i eat before pregnancy scan,6,9,google_ac:6,en:6,yes,pregnancy scan; nt scan; can i eat during pregnancy,can i do pregnancy scan after eating | can i eat before nt scan | can i eat before pregnancy scan | can i eat before pregnancy ultrasound
326,pregnancy,labour,326,who gestational diabetes induction,6,9,google_ac:6,en:6,yes,gestational diabetes,do they always induce with gestational diabetes | do you get induced with gestational diabetes | does gestational diabetes require induction | is induction necessary for gestational diabetes
327,pregnancy,general,327,why does pregnancy keep you awake at night,6,9,google_ac:6,en:6,yes,pregnancy sleep,does pregnancy keep you up at night | can pregnancy keep you awake at night | can pregnancy keep you up at night | does early pregnancy keep you up at night
328,pregnancy,mind-mood,328,can pregnant travel by car,6,8,google_ac:5; parentune:1,en:6,yes,pregnancy travel,is travelling in auto safe during pregnancy | is it safe for pregnant to travel by car | can 3 months pregnant travel by car | can pregnant women travel by auto
329,pregnancy,mind-mood,329,can you travel at 7 months pregnant,6,8,google_ac:5; ddg_ac:1,en:6,yes,pregnancy travel,can i travel pregnant at 7 months | can 7 months pregnant travel by plane | can 7 months pregnant woman travel by plane | can 7 months pregnant travel by car
330,pregnancy,general,330,can a baby at 20 weeks hear,6,8,google_ac:6,en:6,yes,pregnancy 20 weeks,where is baby's heartbeat at 20 weeks | can a baby hear at 20 weeks in the womb | can a baby hear you at 20 weeks | can a baby hear music at 20 weeks
331,pregnancy,general,331,can a pregnant woman take ors,6,8,google_ac:6,en:6,yes,pregnancy in hindi,can i drink ors during pregnancy in hindi | can i drink ors during pregnancy | can a pregnant woman take ors solution | is ors good for pregnancy
332,pregnancy,nutrition,332,can i eat saunf during pregnancy in hindi,6,8,google_ac:6,en:6,yes,pregnancy in hindi,is saunf safe during pregnancy in hindi | can saunf be taken during pregnancy | can i eat saunf during pregnancy | is saunf safe during pregnancy
333,pregnancy,scans,333,can pregnancy scan detect fibroid,6,8,google_ac:6,en:6,yes,pregnancy scan,can pregnancy ultrasound detect fibroids | can scan detect fibroid | can pregnancy be mistaken for fibroid in ultrasound | can ultrasound scan detect fibroid
334,pregnancy,mind-mood,334,does pregnancy cause travel sickness,6,8,google_ac:6,en:6,yes,pregnancy travel,can pregnancy cause travel sickness | why travelling is not safe during pregnancy | does pregnancy make travel sickness worse | can pregnancy make travel sickness worse
335,pregnancy,general,335,hc pregnancy in hindi kitna hona chahiye,6,8,google_ac:6,en:6,yes,pregnancy in hindi,fl in pregnancy in hindi kitna hona chahiye | ac in pregnancy in hindi kitna hona chahiye | efw in pregnancy in hindi kitna hona chahiye | hc means in pregnancy in hindi kitna hona chahiye
336,pregnancy,scans,336,is pregnancy ultrasound accurate,6,8,google_ac:6,en:6,yes,pregnancy scan; due date,is pregnancy ultrasound safe | can pregnancy ultrasound be wrong | how accurate is pregnancy ultrasound | how accurate is ultrasound pregnancy dating
337,pregnancy,labour,337,labour pain kaise laye,6,8,google_ac:6,en:6,yes,labour pain,natural labour pain kaise laye | pregnancy me labour pain kaise laye | 9 month me labour pain kaise laye | 39 week me labour pain kaise laye
338,pregnancy,complications,338,what sushi is safe during pregnancy,6,8,google_ac:6,en:6,yes,is it safe during pregnancy; third trimester; pregnancy diet,why is sushi safe during pregnancy | when is sushi safe during pregnancy | what sushi can you not eat when pregnant | why pregnant cannot eat sushi
339,pregnancy,labour,339,how long should you bleed after a c section,6,7,google_ac:4; ddg_ac:2,en:6,yes,c section,how long should i bleed after a c section | how long c section bleeding last | when does c section bleeding stop | when should c section bleeding stop
340,pregnancy,belly-skin,340,how to exercise in second trimester,6,7,google_ac:6,en:6,yes,second trimester; pregnancy exercise,how much exercise second trimester | what to do during the second trimester of pregnancy | what to do when pregnant second trimester | what exercises to avoid in 2nd trimester
341,pregnancy,weeks-and-symptoms,341,what is trimester in college,6,6,ddg_ac:4; google_ac:2,en:6,yes,first trimester,what is trimester in university | what is trimester in school | what is trimester 2 in college | what does first trimester mean in school | what does first trimester mean in college
342,pregnancy,general,342,does end date include that day,6,6,google_ac:6,en:6,yes,due date,does closing date include the day | does closing date include that day | does pay end date include that day | does insurance end date include that day
343,pregnancy,scans,343,how many weeks pregnant am i if my due date is october 20,6,6,google_ac:6,en:6,yes,am i pregnant,how many weeks pregnant am i if my due date is october 10 | how many weeks pregnant am i if my due date is december 25 | how many weeks pregnant am i if my due date is december 20 | how many weeks pregnant am i if my due date is august 30
344,pregnancy,labour,344,how to c section scar massage,6,6,google_ac:6,en:6,yes,c section,should i massage c section scar | how to c section massage | should i massage my c section scar | what to do when c section scar itchy
345,pregnancy,labour,345,is it normal for c section incision to bleed,6,6,google_ac:6,en:6,yes,c section,should c section incision bleed | is it normal for ac section incision to bleed | is it normal for ac section incision to bleed a little | is it normal for c section incision to sting
346,pregnancy,scans,346,is it safe to go past due date,6,6,google_ac:6,en:6,yes,due date,is it safe to wait after due date | is it safe to travel a month before due date | how long after due date is safe | how far over your due date is safe
347,pregnancy,complications,347,what counts as reduced fetal movement,6,6,google_ac:6,en:6,yes,baby movement,what counts as fetal movement | what counts as reduced baby movement | what counts as decreased fetal movement | what counts as increased fetal movement
348,pregnancy,garbh-sanskar,348,how to give garbh sanskar in womb,5,32,google_ac:5,en:5,yes,garbh sanskar,what is garbh sanskar in pregnancy | how to do garbh sanskar before pregnancy | when to do garbh sanskar first trimester | when to start garbh sanskar in pregnancy
349,pregnancy,nutrition,349,how much should i eat during pregnancy,5,27,google_ac:4; ddg_ac:1,en:5,yes,foods to avoid in pregnancy; can i eat during pregnancy,how much should a cat eat during pregnancy | how much food to eat during pregnancy | how much should i eat in pregnancy | how much food during pregnancy
350,pregnancy,labour,350,who cesarean section,5,16,google_ac:5; ddg_ac:1,en:6,yes,c section,who c section | who cesarean section definition | who cesarean delivery | who can perform cesarean section
351,pregnancy,general,351,is it ok to run at 8 weeks pregnant,5,15,google_ac:5,en:5,yes,pregnancy 8 weeks; pregnancy 12 weeks; pregnancy 20 weeks,can you run at 12 weeks pregnant | can you run at 8 weeks pregnant | can you run at 20 weeks pregnant | how far into pregnancy can you run
352,pregnancy,scans,352,is anomaly scan painful,5,13,google_ac:5,en:5,yes,nt scan; pregnancy scan; anomaly scan,is nt scan painful | is pregnancy scan painful | is nt nb scan painful | does nt scan hurt
353,pregnancy,weeks-and-symptoms,353,what are early pregnancy symptoms before missed period,5,13,google_ac:5,en:5,yes,first trimester; pregnancy cramps,do early pregnancy symptoms come and go before missed period | what are early pregnancy symptoms after missed period | when do pregnancy symptoms start before missed period | when do pregnancy symptoms start after missed period
354,pregnancy,general,354,what are pregnancy dietary requirements,5,12,google_ac:5,en:5,yes,pregnancy diet,what are pregnancy dietary restrictions | what are pregnancy food restrictions | is being pregnant a dietary requirement | what are the nutritional requirements for a pregnant woman
355,pregnancy,nutrition,355,how much tamarind can i eat during pregnancy,5,11,google_ac:5,en:5,yes,can i eat during pregnancy,can i eat tamarind during pregnancy | how much tamarind should i eat daily during pregnancy | how much tamarind is safe in pregnancy | is eating tamarind good during pregnancy
356,pregnancy,general,356,should i stop working at 36 weeks pregnant,5,11,google_ac:5,en:5,yes,pregnancy 36 weeks,can i stop working at 36 weeks pregnant | should i stop working at 37 weeks pregnant | when should i stop working during pregnancy | can i still work at 36 weeks pregnant
357,pregnancy,general,357,does pregnancy cause sleepless nights,5,10,google_ac:5,en:5,yes,pregnancy sleep,can pregnancy cause sleepless nights | why am i not sleeping at night during pregnancy | can pregnancy cause sleepless night | can pregnant cause sleepless night
358,pregnancy,general,358,what are the dangers during pregnancy,5,10,google_ac:5,en:5,yes,is it safe during pregnancy,what are the problems during pregnancy | what are the danger signs during pregnancy | what are the risks of pregnancy | what are the problems in pregnancy
359,pregnancy,belly-skin,359,who pregnancy exercise,5,10,google_ac:5,en:5,yes,pregnancy exercise,who pregnancy exercise guidelines | how pregnant women exercise | how many pregnant women exercise | how many women exercise during pregnancy
360,pregnancy,general,360,who pregnancy nutrition,5,10,google_ac:5,en:5,yes,pregnancy diet; pregnancy exercise,who pregnancy diet | who pregnancy nutrition guidelines | who pregnancy food | who pregnancy guidelines
361,pregnancy,weeks-and-symptoms,361,does third trimester go by fast,5,9,google_ac:5,en:5,yes,third trimester,how is third trimester reddit | does the third trimester go by fast reddit | does the third trimester go fast or slow | does the last trimester go by fast
362,pregnancy,complications,362,how many high risk pregnancy,5,9,google_ac:5,en:5,yes,high risk pregnancy,how many high risk pregnancies end in death | how many ultrasounds high risk pregnancy | how many scans high risk pregnancy | how many types of high risk pregnancy
363,pregnancy,scans,363,can scan fail to detect pregnancy,5,8,google_ac:5,en:5,yes,pregnancy scan,can pregnancy scan fail | is it possible for scan not to detect pregnancy | can scan not detect pregnancy | is it possible for a scan to miss pregnancy
364,pregnancy,labour,364,does labour pain start suddenly,5,8,google_ac:5,en:5,yes,labour pain,can labour pain start suddenly | does labor start suddenly | does labor start suddenly or gradually | does labour just start suddenly
365,pregnancy,complications,365,how many women get gestational diabetes,5,8,google_ac:5,en:5,yes,gestational diabetes,who gestational diabetes prevalence | how many gestational diabetes tests are there | how many people get gestational diabetes | how many women have gestational diabetes
366,pregnancy,labour,366,can i have normal delivery with low lying placenta,5,7,google_ac:5,en:5,yes,normal delivery,can i have normal delivery with anterior placenta | is normal delivery possible in low lying placenta | is normal delivery possible with anterior placenta | is normal delivery possible with low lying placenta
367,pregnancy,mind-mood,367,what are pregnancy safe sleep aids,5,7,google_ac:5,en:5,yes,pregnancy sleep,what is safe to take for insomnia during pregnancy | what helps with pregnancy sleep insomnia | what is a pregnancy safe sleep aid | what are safe sleep aids during pregnancy
368,pregnancy,mind-mood,368,why do babies sleep a lot,5,7,ddg_ac:5,en:5,yes,pregnancy sleep,why do babies sleep so much | why do my infant sleep a lot | why do babies need so much sleep | why is my baby sleeping so much
369,pregnancy,nutrition,369,can morning sickness be diarrhea,5,6,google_ac:4; ddg_ac:2,en:6,yes,morning sickness,can morning sickness include diarrhea | does morning sickness include diarrhea | does morning sickness cause diarrhea | can you get diarrhea with morning sickness
370,pregnancy,scans,370,what is due date for itr 3,5,6,ddg_ac:3; google_ac:2,en:5,yes,due date,when last date for itr | what is due date for filing itr 3 | what is due date of itr | is last date for itr extended
371,pregnancy,nutrition,371,what pregnancy vitamins after 12 weeks,5,6,google_ac:5,en:5,yes,pregnancy 12 weeks,what vitamins after 12 weeks pregnant | what pregnancy vitamins should i take after 12 weeks | do you need to take pregnancy vitamins after 12 weeks | what vitamins to take after 12 weeks pregnant
372,pregnancy,labour,372,when is normal birth week,5,6,google_ac:5,en:5,yes,normal delivery,when is normal birth | when is the average birth week | what is normal birth week | what is average birth week
373,pregnancy,weeks-and-symptoms,373,are second trimester headaches normal,5,5,google_ac:4; babychakra:1,en:5,yes,first trimester; second trimester,is headache common in 2nd month of pregnancy | are first trimester headaches normal | is headache normal first trimester | are second trimester headaches common
374,pregnancy,nutrition,374,can i eat banana during pregnancy,5,5,google_ac:4; mylo:1,en:5,yes,can i eat during pregnancy; first trimester,is eating banana stem safe during first trimester | can first trimester eat banana | can i eat a banana during pregnancy | can i eat banana during pregnancy at night
375,pregnancy,mind-mood,375,can i travel at 8 months pregnant,5,5,google_ac:4; ddg_ac:1,en:5,yes,pregnancy travel; pregnancy 8 weeks,is flying 8 weeks pregnant safe | 8 weeks pregnant is it safe to travel | can 8 months pregnant travel by plane | can 8 months pregnant travel by car
376,pregnancy,nutrition,376,how much unisom and b6 for morning sickness,5,5,google_ac:3; ddg_ac:2,en:5,yes,morning sickness,how much b6 for morning sickness | how much b6 morning sickness | how much unisom morning sickness | how much restavit for morning sickness
377,pregnancy,general,377,when second pregnancy,5,5,google_ac:4; mylo:1,en:5,yes,second trimester,when to plan second baby pregnancy gap | who second pregnancy | how to second pregnancy | when does second pregnancy start to show
378,pregnancy,labour,378,where does labour pain start in back,5,5,google_ac:4; ddg_ac:1,en:5,yes,labour pain,is back pain a sign of labor | does labour pain start with back pain | do labour pains start in your back | where is labour pain in back
379,pregnancy,general,379,why do babies move so much,5,5,google_ac:3; ddg_ac:2,en:5,yes,baby movement,why does my baby move so much | why do babies like movement | why is baby movement | why is baby moving more than usual
380,pregnancy,nutrition,380,why don't i have morning sickness,5,5,ddg_ac:3; google_ac:2,en:5,yes,morning sickness,why am i not experiencing morning sickness | is not having morning sickness normal | why morning sickness without pregnancy | can morning sickness happen without being pregnant
381,pregnancy,general,381,can you do ab workouts while pregnant,5,5,google_ac:5,en:5,yes,pregnancy exercise,can you do core workouts while pregnant | can you do ab workouts while pregnant first trimester | can i do abs exercise during pregnancy | is core exercise safe during pregnancy
382,pregnancy,general,382,does pregnancy cause car sickness,5,5,google_ac:5,en:5,yes,pregnancy travel,can pregnancy cause car sickness | does pregnancy make car sickness worse | does early pregnancy cause car sickness | can early pregnancy cause car sickness
383,pregnancy,complications,383,how baby movements in 6th month,5,5,google_ac:5,en:5,yes,baby movement,why baby movement is less in 6th month | how baby movement feel like in 6th month | how many baby movements in 6th month | what if baby movement is less in 6th month
384,pregnancy,general,384,how long do dates stay good for,5,5,google_ac:5,en:5,yes,due date,how long do dates keep | how long do dates stay good in the fridge | how long do dates stay fresh | how long dates last
385,pregnancy,scans,385,how much ct scan cost,5,5,ddg_ac:5,en:5,yes,nt scan,how much ct scan | how much ct scan cost without insurance | how much ct scan cost in usa | how much ct scan cost in india
386,pregnancy,scans,386,how to ct scans work,5,5,ddg_ac:5,en:5,yes,nt scan,how ct scan works | how ct scan is done | how ct scanner works | how ct scan works video
387,pregnancy,mind-mood,387,how to sleep pregnancy pillow,5,5,google_ac:5,en:5,yes,pregnancy sleep; pregnancy travel,how sleep pregnancy pillow | how to sleep with a v pillow pregnancy | do you need to sleep with a pregnancy pillow | how to travel with pregnancy pillow
388,pregnancy,complications,388,is baby kicks painful,5,5,google_ac:5,en:5,yes,baby movement,are baby kicks painful in third trimester | are baby kicks painful second trimester | are baby kicks painful at 17 weeks | are baby kicks painful at 20 weeks
389,pregnancy,scans,389,is baby scan weight accurate,5,5,google_ac:5,en:5,yes,pregnancy scan; anomaly scan; nt scan,how accurate is baby scan | how accurate is baby scan weight | does anomaly scan show baby weight | does nt scan show baby weight
390,pregnancy,general,390,is fatigue pregnancy,5,5,google_ac:5,en:5,yes,pregnancy sleep,is fatigue pregnancy or pms | is pregnancy fatigue real | is pregnancy fatigue normal | does pregnancy cause fatigue
391,pregnancy,mind-mood,391,is flying at 12 weeks pregnant safe,5,5,google_ac:5,en:5,yes,pregnancy 12 weeks,is 12 weeks pregnant safe to travel | is flying safe at 12 weeks pregnant | can you fly at 12 weeks pregnant | can you travel at 12 weeks pregnant
392,pregnancy,complications,392,is it normal to bleed third trimester,5,5,google_ac:5,en:5,yes,third trimester; pregnancy 32 weeks,is bleeding normal during third trimester | is bleeding normal during pregnancy 3rd trimester | is it normal in third trimester | is it normal to spot third trimester
393,pregnancy,complications,393,what baby movements are normal,5,5,google_ac:5,en:5,yes,baby movement,what baby movements are not normal | how do i know if baby movements are normal | is it normal for baby movements to not be as strong | is it normal for baby movements to be uncomfortable
394,pregnancy,general,394,what should you take while pregnant,5,5,google_ac:5,en:5,yes,is it safe during pregnancy,what should you take when pregnant | what should i take while pregnant | what vitamins should you take while pregnant | what supplements should you take while pregnant
395,pregnancy,weeks-and-symptoms,395,what trimester is 27 weeks,5,5,google_ac:5,en:5,yes,third trimester; pregnancy 36 weeks,is 27 weeks third trimester pregnant in months | is 27 weeks third trimester pregnant nhs | is 27 weeks third trimester uk | what trimester is 27-36 weeks
396,pregnancy,labour,396,when should c section bandage be removed,5,5,google_ac:5,en:5,yes,c section,what to do when c section dressing comes off | when should c section glue come off | when should c section tape come off | when should c section dressing be removed
397,pregnancy,labour,397,when should c section stitches dissolve,5,5,google_ac:5,en:5,yes,c section; normal delivery,how normal delivery stitches dissolve | when normal delivery stitches dissolve | do c section stitches dissolve on their own | how long c section stitches dissolve
398,pregnancy,labour,398,why does c section scar feel hard,5,5,google_ac:5,en:5,yes,c section,should c section scar feel hard | will c section scar always be numb | why does c section scar hurt | why does c section scar feel numb
399,pregnancy,scans,399,why is due date calculated from last period,5,5,google_ac:5,en:5,yes,due date,why due date is calculated from last period | why does due date go by last period | why is due date calculated from lmp | why is due date based on last period
400,pregnancy,labour,400,why labour pain is not coming,5,5,google_ac:5,en:5,yes,labour pain,what causes labour pains when not pregnant | why i am not having labour pain | what if i don't get labour pain | why is labour pain not coming
401,pregnancy,complications,401,why is 12 weeks pregnant considered safe,4,34,google_ac:4,en:4,yes,pregnancy 12 weeks,why is 12 weeks considered safe | why is 12 weeks pregnant considered safe nhs | why is 12 weeks the safe zone
402,pregnancy,garbh-sanskar,402,which garbh sanskar book is best,4,17,google_ac:4,en:4,yes,garbh sanskar,which garbh sanskar book is best in hindi | which is the best garbh sanskar book in english | when to read garbh sanskar book
403,pregnancy,weeks-and-symptoms,403,why is the 1st trimester the most dangerous,4,14,google_ac:4,en:4,yes,first trimester,is the first trimester the most dangerous | why is the first trimester the riskiest | is the first pregnancy the most dangerous
404,pregnancy,garbh-sanskar,404,what is done in garbh sanskar,4,12,google_ac:4,en:4,yes,garbh sanskar,how is garbh sanskar done | what happens in garbh sanskar | what to do in garbh sanskar
405,pregnancy,scans,405,does due date include that day,4,10,google_ac:4; ddg_ac:1,en:5,yes,due date,is due date the last day to pay | does due date include that day credit card | does payment due date include that day
406,pregnancy,scans,406,does nt scan require full bladder,4,10,google_ac:4,en:4,yes,nt scan; anomaly scan,does anomaly scan require full bladder | does nt scan need bladder full | why do you need a full bladder for a scan
407,pregnancy,weeks-and-symptoms,407,what not to do in your third trimester of pregnancy,4,10,google_ac:4,en:4,yes,third trimester,what not to do while pregnant third trimester | what can harm baby in third trimester | what not to do in your third trimester of pregnancy first
408,pregnancy,nutrition,408,why can t you eat during pregnancy,4,10,google_ac:4,en:4,yes,can i eat during pregnancy,why can't you eat certain foods when pregnant | when you can t eat during pregnancy | can i not eat during pregnancy
409,pregnancy,complications,409,when do you start getting cramps,4,9,ddg_ac:4,en:4,yes,pregnancy cramps,when do you get cramps | when do cramps start | what age do you start getting cramps
410,pregnancy,complications,410,why is ivf high risk pregnancy,4,9,google_ac:4,en:4,yes,high risk pregnancy,why is ivf considered high risk pregnancy | why is ivf pregnancy higher risk | why are ivf babies high-risk
411,pregnancy,nutrition,411,is morning sickness during pregnancy hereditary,4,8,google_ac:3; ddg_ac:2,en:5,yes,morning sickness,is morning sickness genetic | is morning sickness hereditary | is nausea during pregnancy hereditary
412,pregnancy,general,412,can eating too much while pregnant hurt the baby,4,8,google_ac:4,en:4,yes,can i eat during pregnancy,what happens if i eat a lot during pregnancy | can eating too much protein while pregnant hurt the baby | what happens if you eat too much while pregnant
413,pregnancy,general,413,how much is pregnancy health insurance,4,8,google_ac:4,en:4,yes,pregnancy travel,how much is pregnancy travel insurance | how much is maternity health insurance | how much is pregnancy without health insurance
414,pregnancy,labour,414,why normal delivery is not happening,4,8,google_ac:4,en:4,yes,normal delivery,why normal delivery is not possible | why normal delivery is not happening nowadays | when normal delivery is not possible
415,pregnancy,scans,415,can due date be wrong with a ultrasound,4,7,google_ac:4,en:4,yes,due date,does due date change based on ultrasound | is due date accurate by ultrasound | can ultrasound get due date wrong
416,pregnancy,complications,416,can gestational diabetes cause headaches,4,7,google_ac:4,en:4,yes,gestational diabetes,can pregnancy diabetes cause headaches | can gestational diabetes cause severe headaches | can gestational diabetes cause migraines
417,pregnancy,nutrition,417,how to eat third trimester,4,7,google_ac:4,en:4,yes,third trimester,can third trimester eat sushi | how to diet in third trimester | third trimester what to eat
418,pregnancy,scans,418,why nt scan and double marker test,4,7,google_ac:4,en:4,yes,nt scan,is nt scan mandatory for double marker test | what is nt scan and double marker test | when is nt scan and double marker test done
419,pregnancy,labour,419,who cesarean section rate,4,6,google_ac:3; ddg_ac:1,en:4,yes,c section,who c section rate | who c section rate recommendation | who c section rates
420,pregnancy,general,420,are pregnancy scans covered by medicare,4,6,google_ac:4,en:4,yes,pregnancy scan,is pregnancy scan covered by medicare | what pregnancy scans are covered by medicare | which pregnancy scans are covered by medicare
421,pregnancy,general,421,bpd in pregnancy in hindi kitna hona chahiye,4,6,google_ac:4,en:4,yes,pregnancy in hindi,bpd meaning in pregnancy in hindi kitna hona chahiye | bpd kitna mm hona chahiye in pregnancy in hindi | bpd full form in pregnancy in hindi kitna hona chahiye
422,pregnancy,scans,422,can i do pregnancy scan at 2 weeks,4,6,google_ac:4,en:4,yes,pregnancy scan,can pregnancy scan be wrong by 2 weeks | can i do pregnancy scan at 4 weeks | can i do pregnancy scan at 3 weeks
423,pregnancy,general,423,how baby looks in 36 weeks of pregnancy,4,6,google_ac:4,en:4,yes,pregnancy 36 weeks,how baby looks at 36 weeks pregnant | what does a 36 week fetus look like | how does a 36 week baby look like
424,pregnancy,labour,424,is normal delivery possible in breech position,4,6,google_ac:4,en:4,yes,normal delivery,can normal delivery possible in breech position | is normal delivery possible in breech presentation | is normal delivery possible in breech baby
425,pregnancy,complications,425,why is pcos high risk pregnancy,4,6,google_ac:4,en:4,yes,high risk pregnancy; pcos and pregnancy,is pcos safe during pregnancy | am i high risk pregnancy with pcos | why does pcos cause high risk pregnancy
426,pregnancy,complications,426,why pregnancy leg cramps,4,6,google_ac:4,en:4,yes,pregnancy cramps,why pregnancy calf cramps | why am i getting leg cramps pregnancy | why am i getting calf cramps in pregnancy
427,pregnancy,weeks-and-symptoms,427,how big baby at 12 weeks,4,5,ddg_ac:2; google_ac:2,en:4,yes,pregnancy 12 weeks,where is baby located at 12 weeks | how big is 12 weeks pregnant baby | how big is 12 weeks pregnancy
428,pregnancy,labour,428,is c section a surgery,4,5,ddg_ac:3; google_ac:2,en:5,yes,c section,is c section considered surgery | is c section an abdominal surgery | is c section a major surgery
429,pregnancy,belly-skin,429,can i do butterfly exercise during pregnancy,4,5,google_ac:4,en:4,yes,pregnancy exercise,how many butterfly exercise during pregnancy | is butterfly exercise good during pregnancy | when to do butterfly exercise in pregnancy
430,pregnancy,labour,430,can labour come and go,4,5,google_ac:4,en:4,yes,labour pain,does back labor come and go | does labour come and go | can labor contractions come and go
431,pregnancy,labour,431,can normal delivery happen in 37 weeks,4,5,google_ac:4,en:4,yes,normal delivery,can normal delivery happen in 35 weeks | can normal delivery happen in 38 weeks | can normal delivery happen in 34 weeks
432,pregnancy,general,432,can pregnancy be terminated after 20 weeks,4,5,google_ac:4,en:4,yes,pregnancy 20 weeks,what can go wrong after 20 weeks pregnant | can 20 weeks pregnancy be terminated | termination of pregnancy at 20 weeks what to expect
433,pregnancy,mind-mood,433,does pregnancy cause sleep paralysis,4,5,google_ac:4,en:4,yes,pregnancy sleep,can pregnancy cause sleep paralysis | is sleep paralysis common in pregnancy | does sleep paralysis affect pregnancy
434,pregnancy,complications,434,how often are high risk pregnancy appointments,4,5,google_ac:4,en:4,yes,high risk pregnancy,how many appointments for high risk pregnancy | how many prenatal visits for high risk pregnancy | when should high risk pregnancies have appointments
435,pregnancy,scans,435,how to scan a baby by ultrasound,4,5,google_ac:4,en:4,yes,pregnancy scan,when baby scan | what baby scan called | how to baby scan
436,pregnancy,scans,436,how to scan in printer,4,5,ddg_ac:4,en:4,yes,nt scan,how to scan a document | how to scan in laptop | how to scan in hp printer
437,pregnancy,complications,437,is cramping normal at 32 weeks pregnant,4,5,google_ac:4,en:4,yes,pregnancy 32 weeks,is cramping normal during pregnancy 32 weeks | what does it mean when your 32 weeks pregnant and cramping | why is my stomach cramping at 32 weeks pregnant
438,pregnancy,mind-mood,438,is it safe to travel pregnant to mexico,4,5,google_ac:4,en:4,yes,pregnancy travel,can i travel pregnant to mexico | should pregnant women travel to mexico | is it safe to travel to the caribbean while pregnant
439,pregnancy,general,439,is pregnancy scans bulk billed,4,5,google_ac:4,en:4,yes,pregnancy scan,is pregnancy ultrasound bulk billed | which pregnancy scans are bulk billed | are pregnancy scans bulk billed
440,pregnancy,belly-skin,440,what does ectopic pregnancy back pain feel like,4,5,google_ac:4,en:4,yes,pregnancy back pain,where is ectopic pregnancy back pain | why does ectopic pregnancy cause back pain | does ectopic.pregnancy pain go away and come back
441,pregnancy,scans,441,when third trimester ultrasound,4,5,google_ac:4,en:4,yes,third trimester,how long does third trimester ultrasound take | are third trimester ultrasounds common | are third trimester ultrasounds accurate
442,pregnancy,complications,442,which mucinex is safe during pregnancy,4,5,google_ac:4,en:4,yes,is it safe during pregnancy,what mucinex is safe during pregnancy | mucinex is it safe during pregnancy | what mucinex is safe for pregnancy
443,pregnancy,scans,443,due date nov 9 how many weeks,4,4,google_ac:3; ddg_ac:1,en:4,yes,due date,due date nov 24 how many weeks am i | due date nov 14 how many weeks | due date nov 6 how many weeks
444,pregnancy,labour,444,how much is a dog c section,4,4,ddg_ac:3; google_ac:1,en:4,yes,c section,how much does a c section cost for a dog | how many c sections can a dog have | how much c section cost for dogs
445,pregnancy,scans,445,what happens if i file itr after due date,4,4,ddg_ac:3; google_ac:1,en:4,yes,due date,what happens if i miss my itr filing due date | what happens if we file itr after due date | what if itr filed after due date
446,pregnancy,weeks-and-symptoms,446,what happens to baby in first trimester,4,4,ddg_ac:2; google_ac:2,en:4,yes,first trimester; second trimester; third trimester,what happens to mother in first trimester | what happens during the second trimester to the baby | what happens to the baby in the third trimester
447,pregnancy,general,447,36 weeks pregnant appointment what to expect,4,4,google_ac:4,en:4,yes,pregnancy 36 weeks,do you get checked at 36 weeks pregnant | what is the 36 week pregnancy appointment | what happens at 36 weeks pregnant appointment
448,pregnancy,complications,448,am i high risk pregnancy quiz,4,4,google_ac:4,en:4,yes,high risk pregnancy,how to identify high risk pregnancy | how to know high risk pregnancy | do i have a high risk pregnancy quiz
449,pregnancy,complications,449,antihistamine is it safe for pregnant,4,4,google_ac:4,en:4,yes,is it safe during pregnancy,what antihistamine is safe for pregnancy | what antihistamine is safe during pregnancy south africa | is antihistamine safe during pregnancy
450,pregnancy,labour,450,can c section women eat mango,4,4,google_ac:4,en:4,yes,c section,can c section women eat chicken | can c section women eat fish | can c section patient eat mango
451,pregnancy,nutrition,451,can i eat beef liver during pregnancy,4,4,google_ac:4,en:4,yes,can i eat during pregnancy,can i eat beef during pregnancy | can i eat liver during pregnancy | can i eat chicken liver during pregnancy
452,pregnancy,nutrition,452,can i eat jamun during pregnancy,4,4,google_ac:4,en:4,yes,can i eat during pregnancy; is it safe during pregnancy,is jamun safe during pregnancy | can i eat jamun fruit during pregnancy | can i eat jam during pregnancy
453,pregnancy,nutrition,453,can i eat quinoa during pregnancy,4,4,google_ac:4,en:4,yes,can i eat during pregnancy; is it safe during pregnancy,is quinoa safe during pregnancy | can i eat quince during pregnancy | can i eat quince apple during pregnancy
454,pregnancy,nutrition,454,can i get morning sickness early,4,4,google_ac:4,en:4,yes,morning sickness,can morning sickness start before missed period | can i have morning sickness before a positive test | can morning sickness happen at midnight
455,pregnancy,belly-skin,455,can pregnant women exercise on their back,4,4,google_ac:4,en:4,yes,pregnancy exercise,should pregnant women exercise in a supine position | should pregnant women exercise abdominal | can pregnant women do exercises on their back
456,pregnancy,general,456,can you drive while pregnant,4,4,google_ac:4,en:4,yes,pregnancy travel,how long can you drive while pregnant | is it okay to drive while pregnant | how pregnant can you drive
457,pregnancy,general,457,can you fly at 32 weeks pregnant internationally,4,4,google_ac:4,en:4,yes,pregnancy 32 weeks,can you fly at 32 weeks pregnant | can you travel at 32 weeks pregnant | can you travel at 32 weeks pregnant internationally
458,pregnancy,general,458,do expiration dates matter,4,4,google_ac:4,en:4,yes,due date,does expiry date really matter | can expiration dates be wrong | is expiration date accurate
459,pregnancy,complications,459,do pregnancy cramps make you poop,4,4,google_ac:4,en:4,yes,pregnancy cramps,can pregnancy cramps cause diarrhea | can pregnancy cramps make you nauseous | why are poop cramps so painful during pregnancy
460,pregnancy,scans,460,due date kya hota hai,4,4,google_ac:4,en:4,yes,due date,due date ka matlab kya hota hai | due date kya hoti hai | due date matlab kya hota hai
461,pregnancy,scans,461,how long ct scan takes,4,4,ddg_ac:4,en:4,yes,nt scan,how long ct scan results | how long ct scan | how long ct scan takes with contrast
462,pregnancy,scans,462,how much does pregnancy scan cost in ghana,4,4,google_ac:4,en:4,yes,pregnancy scan,how much does pregnancy scan cost in nigeria | how much does pregnancy scan cost in kenya | how much does pregnancy scan cost in south africa
463,pregnancy,weeks-and-symptoms,463,is constipation normal first trimester,4,4,google_ac:4,en:4,yes,first trimester; second trimester,can first trimester cause constipation | why am i constipated first trimester | is constipation normal second trimester
464,pregnancy,weeks-and-symptoms,464,is it normal to cry third trimester,4,4,google_ac:4,en:4,yes,pregnancy 32 weeks; third trimester,is it normal to be more emotional in third trimester | is it normal to cry a lot in third trimester | does third trimester make you emotional
465,pregnancy,nutrition,465,is it safe to eat queso fresco during pregnancy,4,4,google_ac:4,en:4,yes,is it safe during pregnancy; can i eat during pregnancy,is queso safe during pregnancy | can i eat queso during pregnancy | can i eat queso fresco during pregnancy
466,pregnancy,labour,466,is labour painful for animals,4,4,google_ac:4,en:4,yes,labour pain,is labour painful for dogs | is labour painful for cats | is childbirth painful for animals
467,pregnancy,labour,467,is normal delivery possible with cervical stitch,4,4,google_ac:4,en:4,yes,normal delivery,is normal delivery possible after cervical stitch | can you go into labour with a cervical stitch | what happens if you go into labour with a cervical stitch
468,pregnancy,scans,468,is scan due date always accurate,4,4,google_ac:4,en:4,yes,pregnancy scan; due date,can scan dates be wrong | can early scan dates be wrong | is scanning due date accurate
469,pregnancy,scans,469,pregnancy scan kab kab hota hai,4,4,google_ac:4,en:4,yes,pregnancy scan; nt scan,pregnancy scan kya hota hai | pregnancy scan kab karna chahiye | nt scan kya hota hai pregnancy mein
470,pregnancy,labour,470,should c section incision have a smell,4,4,google_ac:4,en:4,yes,c section,should c section scar smell | is it normal for ac section incision to smell | why does c section scar smell
471,pregnancy,weeks-and-symptoms,471,should i feel pregnant at 5 weeks,4,4,google_ac:4,en:4,yes,am i pregnant,should i feel pregnant at 4 weeks | should i feel pregnant at 6 weeks | should i feel pregnant at 7 weeks
472,pregnancy,mind-mood,472,should pregnant women travel to colombia,4,4,google_ac:4,en:4,yes,pregnancy travel,should pregnant women travel to costa rica | should pregnant women travel to puerto rico | should pregnant women travel to brazil
473,pregnancy,general,473,what do dates grow on,4,4,google_ac:4,en:4,yes,due date,how do dates grow | where do dates grow | how long do dates take to grow
474,pregnancy,general,474,what happens if baby does not move,4,4,google_ac:4,en:4,yes,baby movement,what happens when baby doesn't move | what happens when baby movement stops | what happens if baby movements are high
475,pregnancy,labour,475,what if c section incision opens,4,4,google_ac:4,en:4,yes,c section,what if c section scar opens | what to do when c section scar opens | what to do when c section incision opens
476,pregnancy,general,476,when does a section 8 notice expire,4,4,ddg_ac:4,en:4,yes,c section,when does a section 21 notice expire | when does a section 21 expire | when does a section 8 expire
477,pregnancy,general,477,when does second semester start,4,4,ddg_ac:4,en:4,yes,second trimester,when does second semester start at unisa | when does second semester start in college | when does second semester start at mancosa
478,pregnancy,labour,478,which c section is best,4,4,google_ac:4,en:4,yes,c section,which c section cut is better | which c section stitches is best | which c section belt is best
479,pregnancy,complications,479,who criteria for high risk pregnancy,4,4,google_ac:4,en:4,yes,high risk pregnancy,who guidelines for high risk pregnancy | who classification of high risk pregnancy | who qualifies for high risk pregnancy
480,pregnancy,general,480,why do dates make you poop,4,4,google_ac:4,en:4,yes,due date,why do dates help with constipation | how do dates help with constipation | how do dates make you poop
481,pregnancy,general,481,how many weeks pregnant am i,3,44,ddg_ac:3,en:3,yes,am i pregnant; is it safe during pregnancy,how many days pregnant am i | how many months pregnant am i
482,pregnancy,labour,482,how bad does labor hurt,3,17,ddg_ac:2; google_ac:2,en:4,yes,labour pain,why does labor hurt | does going into labor hurt
483,pregnancy,garbh-sanskar,483,is garbh sanskar scientifically proven,3,13,google_ac:3,en:3,yes,garbh sanskar,does garbh sanskar really work | is garbh sanskar real
484,pregnancy,general,484,how much does a baby grow in the last 8 weeks of pregnancy,3,10,google_ac:3,en:3,yes,pregnancy 8 weeks,how much does a baby grow in the last 8 weeks | how much does a baby grow in the last 7 weeks of pregnancy
485,pregnancy,mind-mood,485,does the baby sleep in the womb,3,8,ddg_ac:3,en:3,yes,pregnancy sleep,do fetus sleep in womb | when do babies sleep in the womb
486,pregnancy,general,486,is it bad to use phone during pregnancy,3,8,google_ac:3,en:3,yes,is it safe during pregnancy,is using phone during pregnancy safe | does using phone affect pregnancy
487,pregnancy,belly-skin,487,why back pain occurs in female,3,8,ddg_ac:3,en:3,yes,pregnancy back pain,what causes back pain in women | why lower back pain in women
488,pregnancy,labour,488,should you walk after a c section,3,7,ddg_ac:2; google_ac:1,en:3,yes,c section,how far should you walk week 2 c section | should i walk after c section
489,pregnancy,mind-mood,489,does pregnancy sleep apnea go away,3,7,google_ac:3,en:3,yes,pregnancy sleep,does pregnancy sleep apnea.go.away after birth | does sleep apnea go away after pregnancy
490,pregnancy,nutrition,490,what foods to avoid in pregnancy diabetes,3,7,google_ac:3,en:3,yes,foods to avoid in pregnancy; can i eat during pregnancy; gestational diabetes,what can i eat during pregnancy diabetes | where to eat gestational diabetes
491,pregnancy,complications,491,can high risk pregnancy have a water birth,3,6,google_ac:3,en:3,yes,high risk pregnancy,can you have a water birth if high risk | can i have a water birth if i'm high risk
492,pregnancy,nutrition,492,can i eat grapes during pregnancy,3,6,google_ac:3,en:3,yes,can i eat during pregnancy; is it safe during pregnancy,are grapes safe during pregnancy | can i eat raisins during pregnancy
493,pregnancy,nutrition,493,can i eat jackfruit during pregnancy,3,6,google_ac:3,en:3,yes,is it safe during pregnancy; can i eat during pregnancy,is jackfruit safe during pregnancy | is it safe to eat jackfruit during pregnancy
494,pregnancy,nutrition,494,can i eat maggi during pregnancy,3,6,google_ac:3,en:3,yes,can i eat during pregnancy,can i eat maggi noodles during pregnancy | can i eat maggi during first trimester of pregnancy
495,pregnancy,labour,495,does normal delivery cause piles,3,6,google_ac:3,en:3,yes,normal delivery,can piles affect normal delivery | will piles affect normal delivery
496,pregnancy,complications,496,how much b6 is safe during pregnancy,3,6,google_ac:3,en:3,yes,is it safe during pregnancy,how much b6 is ok during pregnancy | how much vitamin b6 is safe during pregnancy
497,pregnancy,general,497,how much is pregnancy sleeping pillow,3,6,google_ac:3,en:3,yes,pregnancy sleep,how much is pregnancy support pillow | how much is a pregnancy body pillow
498,pregnancy,nutrition,498,how much should my baby eat,3,6,ddg_ac:3,en:3,yes,can i eat during pregnancy; is it safe during pregnancy,how much should my baby be having | how many ounces should my baby eat
499,pregnancy,scans,499,is it ok to skip nt scan,3,6,google_ac:3,en:3,yes,nt scan,can i skip nt scan | can i do nt scan twice
500,pregnancy,complications,500,panadol is it safe during pregnancy,3,6,google_ac:3,en:3,yes,is it safe during pregnancy,panado is it safe during pregnancy | which panadol is safe during pregnancy
501,pregnancy,labour,501,what does delivery do,3,6,ddg_ac:3,en:3,yes,normal delivery,why is delivery important | how does delivery work
502,pregnancy,general,502,which date last monday,3,6,google_ac:3,en:3,yes,due date,when last date | which last date
503,pregnancy,complications,503,why early pregnancy cramps,3,6,google_ac:3,en:3,yes,pregnancy cramps,why light cramping early pregnancy | what causes cramping in early pregnancy
504,pregnancy,complications,504,why is julia's pregnancy high risk,3,6,google_ac:3,en:3,yes,high risk pregnancy,why is julia's pregnancy high risk 90 day fiance | why is julia and brandon's pregnancy high risk
505,pregnancy,weeks-and-symptoms,505,how long is third trimester sims 4,3,5,google_ac:2; ddg_ac:1,en:3,yes,third trimester,how long after third trimester sims 4 | how long does the third trimester last sims 4
506,pregnancy,labour,506,how much does a normal baby delivery cost,3,5,ddg_ac:2; google_ac:1,en:3,yes,normal delivery,how much does the normal delivery charge | what is normal delivery charges
507,pregnancy,weeks-and-symptoms,507,is 13 weeks second trimester,3,5,google_ac:2; ddg_ac:1,en:3,yes,second trimester,is 13 weeks second trimester nhs | is 13 weeks second trimester pregnancy symptoms
508,pregnancy,weeks-and-symptoms,508,what is second trimester screening,3,5,ddg_ac:2; google_ac:2,en:4,yes,second trimester,when is second trimester screening performed | what is second trimester scan
509,pregnancy,labour,509,can afe happen during c section,3,5,google_ac:3,en:3,yes,c section,how does afe happen during c section | does afe only happen in c section
510,pregnancy,complications,510,can you travel with gestational diabetes,3,5,google_ac:3,en:3,yes,gestational diabetes,can you fly with gestational diabetes | can you drive with gestational diabetes
511,pregnancy,scans,511,do i need nt scan after nipt,3,5,google_ac:3,en:3,yes,nt scan,is nt scan mandatory in india | is nt scan necessary after nipt
512,pregnancy,nutrition,512,does it matter what you eat when pregnant,3,5,google_ac:3,en:3,yes,pregnancy diet; can i eat during pregnancy,does eating less during pregnancy affect your baby | does what a pregnant woman eat affect the baby
513,pregnancy,labour,513,is normal delivery possible after cervical cerclage,3,5,google_ac:3,en:3,yes,normal delivery,is normal delivery possible after cervical cerclage removal | is normal delivery possible with cervical cerclage
514,pregnancy,nutrition,514,is third trimester safe for pregnancy,3,5,google_ac:3,en:3,yes,third trimester,is it safe to have an orgasim in third trimester | is it safe to have an orgasim in third trimester reddit
515,pregnancy,complications,515,what counts as baby movement,3,5,google_ac:3,en:3,yes,baby movement,what counts as baby kicks | what counts as one baby movement
516,pregnancy,labour,516,what makes labour less painful,3,5,google_ac:3,en:3,yes,labour pain,what makes childbirth less painful | what makes contractions less painful
517,pregnancy,nutrition,517,when does morning sickness start with a boy,3,5,google_ac:3,en:3,yes,morning sickness,do you get morning sickness with a boy | is morning sickness common with a boy
518,pregnancy,complications,518,when does pregnancy cramps start before missed period,3,5,google_ac:3,en:3,yes,pregnancy cramps,do pregnancy cramps start when period is due | what do pregnancy cramps feel like before missed period
519,pregnancy,nutrition,519,which trimester is diet most important,3,5,google_ac:3,en:3,yes,pregnancy diet,which trimester is nutrition most important | which trimester is most important to eat healthy
520,pregnancy,mind-mood,520,why safe sleep matters for babies,3,5,ddg_ac:3,en:3,yes,pregnancy sleep,why is sleep important for babies | why is safe sleep important for babies
521,pregnancy,scans,521,don't scan this qr code,3,4,ddg_ac:3; google_ac:1,en:4,yes,nt scan,do not scan this qr code | don't scan random qr codes | how to not scan wifi qr code
522,pregnancy,labour,522,how long past due date before induction,3,4,ddg_ac:2; google_ac:2,en:4,yes,due date,how long after due date before inducing | how long after due date before induction
523,pregnancy,scans,523,when does pregnancy anatomy scan happen,3,4,google_ac:2; ddg_ac:1,en:3,yes,pregnancy scan; anomaly scan,when to do fetal anatomy scan | can you do anatomy scan at 17 weeks
524,pregnancy,labour,524,why does my c section scar hurt years later,3,4,ddg_ac:2; google_ac:1,en:3,yes,c section,can c section scar open up years later | can c section cause problems years later
525,pregnancy,complications,525,why is sudafed safe during pregnancy,3,4,google_ac:2; ddg_ac:1,en:3,yes,is it safe during pregnancy; third trimester,is sudafed safe in third trimester | when is sudafed safe during pregnancy
526,pregnancy,weeks-and-symptoms,526,am i still pregnant 12 weeks,3,4,google_ac:3,en:3,yes,pregnancy 12 weeks,how do i know i'm still pregnant at 12 weeks | am i pregnant 12 weeks postpartum
527,pregnancy,scans,527,can baby scan be wrong,3,4,google_ac:3,en:3,yes,pregnancy scan,can baby growth scan be wrong | can a pregnancy scan result be wrong
528,pregnancy,nutrition,528,can i eat kfc during pregnancy,3,4,google_ac:3,en:3,yes,can i eat during pregnancy; is it safe during pregnancy,can i eat kfc during pregnancy first trimester | is kfc safe during pregnancy
529,pregnancy,scans,529,can we do anomaly scan twice,3,4,google_ac:3,en:3,yes,anomaly scan,why anomaly scan is done twice | is it ok to do anomaly scan twice
530,pregnancy,labour,530,can you die from labor pain,3,4,google_ac:3,en:3,yes,labour pain,can labour pain cause death | can labour pain kill you
531,pregnancy,nutrition,531,how can i eat chia seeds during pregnancy,3,4,google_ac:3,en:3,yes,can i eat during pregnancy,can i eat sesame seeds during pregnancy | can i eat chia seeds during pregnancy
532,pregnancy,general,532,how many weeks second pregnancy,3,4,google_ac:3,en:3,yes,second trimester; two week wait,how long second pregnancy last | how many weeks pregnant after two week wait
533,pregnancy,nutrition,533,how to get pregnant diet,3,4,google_ac:3,en:3,yes,pregnancy diet; first trimester,how to first pregnancy | how to pregnancy food
534,pregnancy,nutrition,534,what can i eat during pregnancy nausea,3,4,google_ac:3,en:3,yes,is it safe during pregnancy; pregnancy diet; can i eat during pregnancy,what is safe for pregnancy nausea | what food can a pregnant woman eat to avoid vomiting
535,pregnancy,scans,535,what pregnancy scan is done at 20 weeks,3,4,google_ac:3,en:3,yes,pregnancy scan; pregnancy 20 weeks; anomaly scan,why is anomaly scan done at 20 weeks | 20 week pregnancy scan what to expect
536,pregnancy,labour,536,when does labour pain start in 9th month,3,4,google_ac:3,en:3,yes,labour pain,when labour pain starts in 9th month | when should i expect labour pains at 9 months
537,pregnancy,complications,537,when does pregnancy discharge increase,3,4,google_ac:3,en:3,yes,pregnancy discharge; third trimester,why does discharge increase third trimester | does pregnancy discharge increase
538,pregnancy,weeks-and-symptoms,538,when does second trimester start in school,3,4,ddg_ac:3,en:3,yes,second trimester; first trimester,when does first trimester end in school | when does the second trimester end in school
539,pregnancy,complications,539,when should high risk pregnancies stop working,3,4,google_ac:3,en:3,yes,high risk pregnancy,when should i stop working during high risk pregnancy | high risk pregnancy when to stop working
540,pregnancy,nutrition,540,which cheese can i eat during pregnancy,3,4,google_ac:3,en:3,yes,can i eat during pregnancy,how much cheese can i eat during pregnancy | what cheese can i eat during pregnancy
541,pregnancy,general,541,why am i so emotional 32 weeks pregnant,3,4,google_ac:3,en:3,yes,pregnancy 32 weeks,is it normal to be emotional at 32 weeks pregnant | why am i so emotional at 33 weeks pregnant
542,pregnancy,weeks-and-symptoms,542,can a baby die in the womb at 36 weeks,3,3,google_ac:2; ddg_ac:1,en:3,yes,pregnancy 36 weeks,can a baby survive at 36 weeks | why would a baby die at 36 weeks
543,pregnancy,labour,543,do c section babies have more problems,3,3,google_ac:2; ddg_ac:1,en:3,yes,c section,are c section babies more likely to get sick | do c section babies cry more
544,pregnancy,labour,544,does c section cause hernia,3,3,google_ac:2; ddg_ac:1,en:3,yes,c section,can a c section cause a hernia | why hernia happens after c section
545,pregnancy,labour,545,does c section reduce breast milk,3,3,google_ac:2; ddg_ac:1,en:3,yes,c section,does c section delay milk production | will c section affect breastfeeding
546,pregnancy,scans,546,does not scan,3,3,ddg_ac:2; google_ac:1,en:3,yes,nt scan,will not scan | how to not scan
547,pregnancy,nutrition,547,how much 1st trimester weight gain,3,3,google_ac:2; mylo:1,en:3,yes,first trimester,when does pregnancy weight gain start | should i gain weight first trimester
548,pregnancy,labour,548,should c-section be capitalized,3,3,ddg_ac:2; google_ac:1,en:3,yes,c section,is c section capitalized | should cesarean section be capitalized
549,pregnancy,labour,549,what happens c section pre op,3,3,google_ac:2; ddg_ac:1,en:3,yes,c section,what happens at a c section pre op | what happens c section pre op appointment
550,pregnancy,labour,550,what is c section named after,3,3,ddg_ac:2; google_ac:1,en:3,yes,c section,is c section named after julius caesar | who is cesarean section named after
551,pregnancy,labour,551,what is normal delivery time usps,3,3,google_ac:2; ddg_ac:1,en:3,yes,normal delivery,how long is standard delivery | what is normal shipping time
552,pregnancy,scans,552,where can i watch due date,3,3,ddg_ac:2; google_ac:1,en:3,yes,due date,where is due date streaming | due date how to watch
553,pregnancy,mind-mood,553,why does scanner not work,3,3,ddg_ac:2; google_ac:1,en:3,yes,nt scan,why doesn't scanner work | why isn't scanner working
554,pregnancy,weeks-and-symptoms,554,am i eating enough second trimester,3,3,google_ac:3,en:3,yes,first trimester; second trimester; third trimester,should i eat more first trimester | am i eating enough third trimester
555,pregnancy,scans,555,are due dates more accurate with ivf,3,3,google_ac:3,en:3,yes,due date,how due date is calculated in ivf | can ivf due date be wrong
556,pregnancy,weeks-and-symptoms,556,are first trimester symptoms worse with twins,3,3,google_ac:3,en:3,yes,first trimester,is the first trimester worse with twins | what are early pregnancy symptoms with twins
557,pregnancy,labour,557,are labour pains like diarrhea pains,3,3,google_ac:3,en:3,yes,labour pain,do labour pains feel like constipation | are labour pains like braxton hicks
558,pregnancy,general,558,are pregnancy scans free,3,3,google_ac:3,en:3,yes,pregnancy scan,is pregnancy scan free | do you have to pay for pregnancy scans
559,pregnancy,general,559,can ac section scar be removed,3,3,google_ac:3,en:3,yes,c section,is it okay for ac section scar to bleed | how should ac section scar look like
560,pregnancy,complications,560,can exercise in early pregnancy cause spotting,3,3,google_ac:3,en:3,yes,pregnancy exercise,is it normal to spot after exercise during pregnancy | can exercise in early pregnancy cause bleeding
561,pregnancy,complications,561,can gestational diabetes cause preterm labor,3,3,google_ac:3,en:3,yes,gestational diabetes,will gestational diabetes cause early labor | why does gestational diabetes cause preterm labor
562,pregnancy,nutrition,562,can i eat burger during pregnancy,3,3,google_ac:3,en:3,yes,can i eat during pregnancy,can i eat a burger during pregnancy | can i eat zinger burger during pregnancy
563,pregnancy,nutrition,563,can i eat crab pregnant,3,3,google_ac:3,en:3,yes,can i eat during pregnancy,can i eat pregnant lobster | can i eat pregnant shrimp
564,pregnancy,nutrition,564,can i eat guava during pregnancy,3,3,google_ac:3,en:3,yes,can i eat during pregnancy; pregnancy in hindi,can i eat guava during pregnancy at night | can we eat guava in pregnancy in hindi
565,pregnancy,nutrition,565,can i eat honey pregnant,3,3,google_ac:3,en:3,yes,can i eat during pregnancy; pregnancy diet,can pregnant women eat honey | can i eat honey during pregnancy
566,pregnancy,nutrition,566,can i eat kharvas during pregnancy,3,3,google_ac:3,en:3,yes,can i eat during pregnancy,can i eat kharbuja during pregnancy | can i eat kaju during pregnancy
567,pregnancy,nutrition,567,can i eat noodles during pregnancy,3,3,google_ac:3,en:3,yes,can i eat during pregnancy,can i eat instant noodles during pregnancy | can i eat ramen during pregnancy
568,pregnancy,nutrition,568,can i eat pizza during pregnancy,3,3,google_ac:3,en:3,yes,can i eat during pregnancy; pregnancy diet,can pregnant women eat pizza | can i eat dominos pizza during pregnancy
569,pregnancy,nutrition,569,can i eat prawns pregnant,3,3,google_ac:3,en:3,yes,pregnancy diet; can i eat during pregnancy,can i eat prawns at 6 weeks pregnant | can pregnant women eat prawns
570,pregnancy,nutrition,570,can i eat quail during pregnancy,3,3,google_ac:3,en:3,yes,can i eat during pregnancy,can i eat quail egg during pregnancy | can i eat quail during early pregnancy
571,pregnancy,nutrition,571,can i eat strawberry during pregnancy,3,3,google_ac:3,en:3,yes,can i eat during pregnancy,can i eat blueberries during pregnancy | can i eat gooseberry during pregnancy
572,pregnancy,nutrition,572,can i eat vicks candy during pregnancy,3,3,google_ac:3,en:3,yes,can i eat during pregnancy; is it safe during pregnancy,is vicks safe during pregnancy | can i eat vicks chocolate during pregnancy
573,pregnancy,nutrition,573,can i eat zyrtec during pregnancy,3,3,google_ac:3,en:3,yes,can i eat during pregnancy; is it safe during pregnancy,zyrtec is it safe during pregnancy | can i eat zyrtec pregnant
574,pregnancy,complications,574,can i have ice cream gestational diabetes,3,3,google_ac:3,en:3,yes,gestational diabetes,can i have coffee gestational diabetes | can i have pizza gestational diabetes
575,pregnancy,scans,575,can my due date be wrong by 2 weeks,3,3,google_ac:3,en:3,yes,due date,can due date be off by 2 weeks | can my due date be wrong by 3 weeks
576,pregnancy,scans,576,can pregnancy scan be done in the evening,3,3,google_ac:3,en:3,yes,pregnancy scan,can pregnancy scan be done at night | can i do pregnancy scan in the afternoon
577,pregnancy,general,577,can we do pooja at home during pregnancy,3,3,google_ac:3,en:3,yes,garbh sanskar,can we do pooja after delivery | can pregnant ladies do pooja at home
578,pregnancy,general,578,can you do heated workouts while pregnant,3,3,google_ac:3,en:3,yes,pregnancy exercise,can you do cardio while pregnant | can you do hiit workouts while pregnant
579,pregnancy,nutrition,579,can you get chills with morning sickness,3,3,google_ac:3,en:3,yes,morning sickness,do you get the chills with morning sickness | can you get fever with morning sickness
580,pregnancy,general,580,can you get short term disability for pregnancy,3,3,google_ac:3,en:3,yes,high risk pregnancy,can i get short term disability if im already pregnant | can you qualify for short term disability while pregnant
581,pregnancy,complications,581,cetirizine is it safe for pregnancy,3,3,google_ac:3,en:3,yes,is it safe during pregnancy; pregnancy in hindi,cefixime is it safe in pregnancy | is cetirizine safe in pregnancy in hindi
582,pregnancy,weeks-and-symptoms,582,do early pregnancy symptoms come and go,3,3,google_ac:3,en:3,yes,first trimester,do early pregnancy symptoms come and go throughout the day | do early pregnancy symptoms come and go at 4 weeks
583,pregnancy,complications,583,do gestational diabetes babies come early,3,3,google_ac:3,en:3,yes,gestational diabetes,do gestational diabetes babies come early naturally | are gestational diabetes babies born early
584,pregnancy,nutrition,584,do morning sickness pills work,3,3,google_ac:3,en:3,yes,morning sickness,do morning sickness bands work | do morning sickness patches work
585,pregnancy,mind-mood,585,do pregnant cats sleep a lot,3,3,google_ac:3,en:3,yes,pregnancy sleep,do pregnant dogs sleep a lot | do pregnant cats sleep more
586,pregnancy,general,586,do second semester senior grades matter,3,3,ddg_ac:3,en:3,yes,second trimester; first trimester,do first semester senior grades matter | does second semester senior year matter
587,pregnancy,general,587,does expiry date include that day,3,3,google_ac:3,en:3,yes,due date,does expiry date include the day | does mot expiry date include that day
588,pregnancy,complications,588,does gestational diabetes get worse,3,3,google_ac:3,en:3,yes,gestational diabetes,is it normal for gestational diabetes to get worse | when does gestational diabetes get worse
589,pregnancy,mind-mood,589,does sleep affect fertility,3,3,google_ac:3,en:3,yes,pregnancy sleep,does sleep affect fertility in women | does sleep affect fertility in men
590,pregnancy,general,590,how do dates taste like,3,3,google_ac:3,en:3,yes,due date,why do dates taste like | what do dates taste like
591,pregnancy,complications,591,how long without baby movement,3,3,google_ac:3,en:3,yes,baby movement,how long without baby movement should i be worried | how long no baby movement
592,pregnancy,labour,592,how many c section stitches,3,3,google_ac:3,en:3,yes,c section; normal delivery,how many normal delivery stitches | c section how many stitches
593,pregnancy,general,593,how much do dates spike blood sugar,3,3,google_ac:3,en:3,yes,due date,how much do dates raise blood sugar | how much do dates spike insulin
594,pregnancy,complications,594,how much sugar is too much for gestational diabetes,3,3,google_ac:3,en:3,yes,gestational diabetes,is 8.4 blood sugar high for gestational diabetes | how much is too much sugar during pregnancy
595,pregnancy,complications,595,how to prevent high risk pregnancy,3,3,google_ac:3,en:3,yes,high risk pregnancy; foods to avoid in pregnancy,what are things to prevent pregnancy | how to avoid high risk pregnancy
596,pregnancy,scans,596,how to scan a qr code,3,3,ddg_ac:3,en:3,yes,nt scan,how to scan qr code | how to scan qr code in laptop
597,pregnancy,scans,597,how to work out pregnancy due date,3,3,google_ac:3,en:3,yes,pregnancy exercise; due date,how to due date of pregnancy | how to work out pregnancy dates
598,pregnancy,complications,598,is acetylsalicylic acid safe during pregnancy,3,3,google_ac:3,en:3,yes,is it safe during pregnancy,salicylic acid is it safe during pregnancy | glycolic acid is it safe during pregnancy
599,pregnancy,scans,599,is due date extended for gstr 3b,3,3,google_ac:3,en:3,yes,due date,is due date extended for gstr 9 | is due date extended for gstr 3b for march 2026
600,pregnancy,belly-skin,600,is exercise good for pregnancy nausea,3,3,google_ac:3,en:3,yes,pregnancy exercise,should i exercise with pregnancy nausea | why does exercise help pregnancy nausea
601,pregnancy,weeks-and-symptoms,601,is flying safe at 20 weeks pregnant,3,3,google_ac:3,en:3,yes,pregnancy 20 weeks,can i fly pregnant at 20 weeks | is 20 weeks pregnant safe for travel
602,pregnancy,complications,602,is it safe x ray during pregnancy,3,3,google_ac:3,en:3,yes,is it safe during pregnancy; second trimester,is it safe to do chest x ray during pregnancy | is x ray safe in 2nd trimester
603,pregnancy,complications,603,is popcorn ok gestational diabetes,3,3,google_ac:3,en:3,yes,gestational diabetes,is hummus ok gestational diabetes | is corn ok gestational diabetes
604,pregnancy,complications,604,is pregnancy discharge mucus like,3,3,google_ac:3,en:3,yes,pregnancy discharge,can you have mucus discharge while pregnant | what is the snot like discharge when pregnant
605,pregnancy,weeks-and-symptoms,605,is prenatal massage safe at 12 weeks,3,3,google_ac:3,en:3,yes,pregnancy 12 weeks; pregnancy 20 weeks,is massage safe at 12 weeks pregnant | is prenatal massage safe at 20 weeks
606,pregnancy,labour,606,is the baby in pain during labor,3,3,google_ac:3,en:3,yes,labour pain,what is labour pain in pregnancy | do babies feel pain during labor
607,pregnancy,belly-skin,607,is walking exercise good for pregnancy,3,3,google_ac:3,en:3,yes,pregnancy exercise; high risk pregnancy,is walking a good pregnancy exercise | is walking bad for high risk pregnancy
608,pregnancy,complications,608,paracetamol is it safe for pregnancy,3,3,google_ac:3,en:3,yes,is it safe during pregnancy; pregnancy in hindi,acetaminophen is it safe for pregnancy | is paracetamol safe in pregnancy in hindi
609,pregnancy,labour,609,should c section incision be hard,3,3,google_ac:3,en:3,yes,c section,should c section incision be covered | should i ice my c section incision
610,pregnancy,labour,610,should c section incision burn,3,3,google_ac:3,en:3,yes,c section,is it normal for ac section incision to burn | why does c section incision burn
611,pregnancy,belly-skin,611,should pregnant dogs exercise,3,3,google_ac:3,en:3,yes,pregnancy exercise,can pregnant dogs exercise | is it ok to exercise a pregnant dog
612,pregnancy,general,612,what are the risks of pregnancy after 40,3,3,google_ac:3,en:3,yes,is it safe during pregnancy,what are the risks of pregnancy after 35 | what are the risk of pregnancy at 40
613,pregnancy,labour,613,what causes abdominal pain after normal delivery,3,3,google_ac:3,en:3,yes,normal delivery,what causes headache after normal delivery | what causes back pain after normal delivery
614,pregnancy,general,614,what do dates come from,3,3,google_ac:3,en:3,yes,due date,why do dates come from | where do dates come from
615,pregnancy,complications,615,what do pregnancy cramps feel like at 4 weeks,3,3,google_ac:3,en:3,yes,pregnancy cramps,are pregnancy cramps normal at 4 weeks | what do pregnancy cramps feel like at 5 weeks
616,pregnancy,general,616,what does pregnancy health insurance cover,3,3,google_ac:3,en:3,yes,pregnancy travel,what does pregnancy private health insurance cover | how does pregnancy affect health insurance choices
617,pregnancy,nutrition,617,what fruit is 32 weeks pregnant,3,3,google_ac:3,en:3,yes,pregnancy 32 weeks; pregnancy 12 weeks,what size fruit is 32 weeks pregnant | what fruit is 12 weeks pregnant
618,pregnancy,labour,618,what happens if your baby is breech at 36 weeks,3,3,google_ac:3,en:3,yes,pregnancy 36 weeks,what happens if your baby is transverse at 36 weeks | what happens if my baby is still breech at 36 weeks
619,pregnancy,general,619,what happens in ac section,3,3,google_ac:3,en:3,yes,c section,what happens in ac section step by step | what happens in ac section uk
620,pregnancy,labour,620,what happens in normal delivery,3,3,google_ac:3,en:3,yes,normal delivery,what happens after normal delivery | what happens before normal delivery
621,pregnancy,complications,621,what is normal cervix length at 20 weeks pregnant,3,3,google_ac:3,en:3,yes,pregnancy 20 weeks,what is normal discharge at 20 weeks pregnant | what is normal cervical length at 20 weeks pregnant
622,pregnancy,general,622,what is normal transit time for digestion,3,3,google_ac:3,en:3,yes,normal delivery,what is normal transit time for food | what is normal transit time for poop
623,pregnancy,general,623,what is pregnancy bed rest,3,3,google_ac:3,en:3,yes,pregnancy sleep,why pregnancy bed rest | how long is pregnancy bed rest
624,pregnancy,nutrition,624,what is safe to eat while pregnant at subway,3,3,google_ac:3,en:3,yes,can i eat during pregnancy; is it safe during pregnancy,what can i eat from subway pregnant | can i eat from subway while pregnant
625,pregnancy,labour,625,what is the average delivery week for twins,3,3,google_ac:3,en:3,yes,normal delivery,when is normal delivery for twins | what is the normal delivery week for second baby
626,pregnancy,complications,626,what time is hospital discharge,3,3,ddg_ac:3,en:3,yes,pregnancy discharge,how long does hospital discharge take | what time of day do hospitals discharge
627,pregnancy,nutrition,627,what water should i drink while pregnant,3,3,google_ac:3,en:3,yes,is it safe during pregnancy,what should you drink while pregnant | what milk should you drink while pregnant
628,pregnancy,general,628,when did pregnancy scans start,3,3,google_ac:3,en:3,yes,pregnancy scan; pregnancy in hindi,when did pregnancy scans start uk | when did sign of pregnancy start
629,pregnancy,complications,629,when does pelvic pain start in pregnancy in hindi,3,3,google_ac:3,en:3,yes,pregnancy in hindi,when does ectopic pregnancy pain start in hindi | when does back pain start in pregnancy in hindi
630,pregnancy,general,630,when is last date for taxes,3,3,google_ac:3,en:3,yes,due date,when the end date for taxes | when is filing date for taxes
631,pregnancy,general,631,when should 12 week scan be done,3,3,google_ac:3,en:3,yes,pregnancy scan; nt scan; due date,can you have your 12 week scan at 11 weeks | can due date change at 12 week scan
632,pregnancy,complications,632,which baby kicks a lot,3,3,google_ac:3,en:3,yes,baby movement,which baby kicks first | where does a baby kick most
633,pregnancy,labour,633,which position best for normal delivery,3,3,google_ac:3,en:3,yes,normal delivery,which position normal delivery | which position good for normal delivery
634,pregnancy,scans,634,which week anomaly scan should be taken,3,3,google_ac:3,en:3,yes,anomaly scan,which week anomaly scan | is it ok to do anomaly scan in 21st week
635,pregnancy,labour,635,who normal birth definition,3,3,google_ac:3,en:3,yes,normal delivery,who normal birth | who normal birth weight
636,pregnancy,labour,636,who started cesarean section,3,3,google_ac:3,en:3,yes,c section,who has the first cesarean section | where did cesarean section originate
637,pregnancy,weeks-and-symptoms,637,why am i nauseous second trimester,3,3,google_ac:3,en:3,yes,second trimester,why 2nd trimester vomiting | is nausea normal second trimester
638,pregnancy,weeks-and-symptoms,638,why does first trimester feel so long,3,3,google_ac:3,en:3,yes,first trimester,how first trimester feel like | why does first trimester feel like a hangover
639,pregnancy,complications,639,why does gestational diabetes cause stillbirth,3,3,google_ac:3,en:3,yes,gestational diabetes,why does gestational diabetes increase risk of stillbirth | when does gestational diabetes cause stillbirth
640,pregnancy,labour,640,why is c section done awake,3,3,google_ac:3,en:3,yes,c section,am i awake during c section | why do c sections happen awake
641,pregnancy,labour,641,why is c section not recommended,3,3,google_ac:3,en:3,yes,c section,why is c section not preferred | why c section is not recommended
642,pregnancy,complications,642,why is gestational diabetes tested so late in pregnancy,3,3,google_ac:3,en:3,yes,gestational diabetes,why gestational diabetes test at 28 weeks | why is gestational diabetes tested so late
643,pregnancy,general,643,why isn't canva loading,3,3,ddg_ac:3,en:3,yes,nt scan,why isn't canva working | why isn't canva letting me download
644,pregnancy,scans,644,will not scan to computer,3,3,ddg_ac:3,en:3,yes,nt scan,can not scan to computer | will not scan from printer to computer
645,pregnancy,nutrition,645,what foods to avoid in pregnancy australia,2,11,google_ac:2,en:2,yes,foods to avoid in pregnancy,what can i eat when pregnant australia
646,pregnancy,scans,646,can due date change in third trimester,2,9,google_ac:2,en:2,yes,due date,can due date change in second trimester
647,pregnancy,nutrition,647,can pregnant women eat raw vegetables,2,8,ddg_ac:1; google_ac:1,en:2,yes,can i eat during pregnancy,can i eat raw vegetables during pregnancy
648,pregnancy,complications,648,can high risk pregnancy give birth naturally,2,7,google_ac:2,en:2,yes,high risk pregnancy,can you have a home birth if you are high risk
649,pregnancy,scans,649,does nt scan require fasting,2,6,google_ac:2,en:2,yes,nt scan,is fasting required for nt scan
650,pregnancy,complications,650,how often should a baby have a bowel movement,2,6,ddg_ac:2,en:2,yes,baby movement,how to help baby have bowel movement
651,pregnancy,general,651,what is normal pregnancy in hindi,2,6,google_ac:2,en:2,yes,pregnancy in hindi,how much bleeding is normal in early pregnancy in hindi
652,pregnancy,weeks-and-symptoms,652,why am i so cold first trimester,2,5,ddg_ac:1; google_ac:1,en:2,yes,first trimester,why am i cold first trimester
653,pregnancy,weeks-and-symptoms,653,why am i so tired in my second trimester,2,5,ddg_ac:1; google_ac:1,en:2,yes,second trimester,is fatigue normal second trimester
654,pregnancy,complications,654,can high risk pregnancy go full term,2,5,google_ac:2,en:2,yes,high risk pregnancy,do high risk pregnancies go full term
655,pregnancy,scans,655,is nt scan safe for baby,2,5,google_ac:2,en:2,yes,nt scan,is nt scan harmful
656,pregnancy,mind-mood,656,is travelan pregnancy safe,2,5,google_ac:2,en:2,yes,pregnancy travel,is it safe to travel pregnant to thailand
657,pregnancy,general,657,what is ectopic pregnancy in hindi,2,5,google_ac:2,en:2,yes,pregnancy in hindi,ectopic pregnancy in hindi kya hota hai
658,pregnancy,mind-mood,658,when is pregnancy travel cut off,2,5,google_ac:2,en:2,yes,pregnancy travel,what is the cutoff for traveling pregnant
659,pregnancy,complications,659,is gestational diabetes caused by the father,2,4,ddg_ac:1; google_ac:1,en:2,yes,gestational diabetes,does gestational diabetes come from the dad
660,pregnancy,scans,660,should a proforma invoice have a due date,2,4,ddg_ac:1; google_ac:1,en:2,yes,due date,should i put a due date on my invoice
661,pregnancy,nutrition,661,can pregnant women drink diet drinks,2,4,google_ac:2,en:2,yes,pregnancy diet,can pregnant women drink nutrition drinks
662,pregnancy,complications,662,can you still work with gestational diabetes,2,4,google_ac:2,en:2,yes,gestational diabetes,can you work with gestational diabetes
663,pregnancy,complications,663,does high risk pregnancy qualify for fmla,2,4,google_ac:2,en:2,yes,high risk pregnancy,does high risk.pregnancy qualify for efmp
664,pregnancy,scans,664,how long does second trimester blood test take,2,4,google_ac:2,en:2,yes,second trimester,how long does second trimester ultrasound take
665,pregnancy,labour,665,how much normal delivery cost in philippines,2,4,google_ac:2,en:2,yes,normal delivery,how much normal delivery in philippines
666,pregnancy,garbh-sanskar,666,how to become garbh sanskar coach,2,4,google_ac:2,en:2,yes,garbh sanskar,how to become a garbh sanskar trainer
667,pregnancy,scans,667,is nt scan internal or external,2,4,google_ac:2,en:2,yes,nt scan,is nt nb scan internal or external
668,pregnancy,scans,668,should the date on an essay be the due date,2,4,ddg_ac:2,en:2,yes,due date,should the date on a paper be the due date
669,pregnancy,nutrition,669,what can i eat during pregnancy to have a beautiful baby,2,4,google_ac:2,en:2,yes,can i eat during pregnancy,what can i eat during pregnancy to have a big baby
670,pregnancy,labour,670,what causes normal delivery,2,4,google_ac:2,en:2,yes,normal delivery,what causes death during normal delivery
671,pregnancy,nutrition,671,what food to avoid in thyroid during pregnancy,2,4,google_ac:2,en:2,yes,foods to avoid in pregnancy,which food is good for thyroid during pregnancy
672,pregnancy,nutrition,672,what meat can you not eat while pregnant,2,4,google_ac:2,en:2,yes,can i eat during pregnancy,what kind of meat can you not eat while pregnant
673,pregnancy,labour,673,who are c section babies,2,4,google_ac:2,en:2,yes,c section,are c section babies different
674,pregnancy,nutrition,674,who called morning sickness,2,4,google_ac:2,en:2,yes,morning sickness,who came up with morning sickness
675,pregnancy,mind-mood,675,can you travel at 6 months pregnant,2,3,ddg_ac:1; google_ac:1,en:2,yes,pregnancy travel,can 6 months pregnant travel by plane
676,pregnancy,nutrition,676,is morning sickness worse with twins,2,3,google_ac:2; ddg_ac:1,en:3,yes,morning sickness,when does morning sickness end with twins
677,pregnancy,mind-mood,677,should i feel my baby move everyday,2,3,ddg_ac:1; google_ac:1,en:2,yes,baby movement,is baby movement same everyday
678,pregnancy,weeks-and-symptoms,678,what are third trimester labs,2,3,ddg_ac:2; google_ac:1,en:3,yes,third trimester; first trimester,what are first trimester labs
679,pregnancy,scans,679,can i do pregnancy scan at dischem,2,3,google_ac:2,en:2,yes,pregnancy scan,how much pregnancy scan at dischem
680,pregnancy,nutrition,680,can i eat dragon fruit during pregnancy,2,3,google_ac:2,en:2,yes,can i eat during pregnancy,is dragon fruit can eat during pregnancy
681,pregnancy,nutrition,681,can i eat ice cream during pregnancy,2,3,google_ac:2,en:2,yes,first trimester; can i eat during pregnancy,can first trimester eat ice cream
682,pregnancy,nutrition,682,can i eat spicy food during pregnancy,2,3,google_ac:2,en:2,yes,foods to avoid in pregnancy; can i eat during pregnancy,is spicy food ok to eat in pregnancy
683,pregnancy,weeks-and-symptoms,683,can i run third trimester,2,3,google_ac:2,en:2,yes,second trimester; third trimester,can i run second trimester
684,pregnancy,scans,684,can you see autism on ultrasound,2,3,google_ac:2,en:2,yes,nt scan,can ultrasound detect autism
685,pregnancy,nutrition,685,chamomile tea is it safe during pregnancy,2,3,google_ac:2,en:2,yes,pregnancy 32 weeks; is it safe during pregnancy,is chamomile tea safe for pregnancy third trimester
686,pregnancy,complications,686,clotrimazole is it safe during pregnancy,2,3,google_ac:2,en:2,yes,is it safe during pregnancy,esomeprazole is it safe in pregnancy
687,pregnancy,mind-mood,687,does pregnancy cause sleep deprivation,2,3,google_ac:2,en:2,yes,pregnancy sleep,what is sleep deprivation in pregnancy
688,pregnancy,mind-mood,688,how long does fetus sleep,2,3,ddg_ac:2,en:2,yes,pregnancy sleep,how long is birth by sleep
689,pregnancy,scans,689,how much congenital anomaly scan,2,3,google_ac:2,en:2,yes,anomaly scan,how long does congenital anomaly scan take
690,pregnancy,labour,690,how much delivery date,2,3,google_ac:2,en:2,yes,due date,which delivery date
691,pregnancy,complications,691,how much do high risk pregnancy doctors make,2,3,google_ac:2,en:2,yes,high risk pregnancy,how much do high risk obgyn doctors make
692,pregnancy,labour,692,how much normal delivery cost in india,2,3,google_ac:2,en:2,yes,normal delivery,how many normal delivery in india
693,pregnancy,scans,693,is it necessary to go empty stomach for ultrasound,2,3,google_ac:2,en:2,yes,pregnancy scan; nt scan,does pregnancy ultrasound happen empty stomach
694,pregnancy,scans,694,is nt scan done transabdominal,2,3,google_ac:2,en:2,yes,nt scan,is nt scan transabdominal
695,pregnancy,nutrition,695,raspberry leaf tea is it safe during pregnancy,2,3,google_ac:2,en:2,yes,is it safe during pregnancy; can i eat during pregnancy,can i eat raspberry during pregnancy
696,pregnancy,complications,696,what can i eat during pregnancy for constipation,2,3,google_ac:2,en:2,yes,is it safe during pregnancy; can i eat during pregnancy,what is safe for pregnancy for constipation
697,pregnancy,labour,697,what causes c section delivery,2,3,google_ac:2,en:2,yes,c section,what causes c section
698,pregnancy,complications,698,what does high risk pregnancy antepartum mean,2,3,google_ac:2,en:2,yes,high risk pregnancy,what is high risk pregnancy antepartum
699,pregnancy,scans,699,what happens in anomaly detection,2,3,ddg_ac:2,en:2,yes,anomaly scan,what is anomaly detection
700,pregnancy,scans,700,what if i miss my anomaly scan,2,3,google_ac:2,en:2,yes,anomaly scan,is it ok to skip anomaly scan
701,pregnancy,complications,701,what is gestational diabetes meal plan,2,3,ddg_ac:2,en:2,yes,gestational diabetes,what is gestational diabetes diet plan
702,pregnancy,general,702,when should i start pelvic floor exercises pregnancy,2,3,google_ac:2,en:2,yes,pregnancy exercise,when to do pelvic floor exercises pregnancy
703,pregnancy,complications,703,which inhaler is safe during pregnancy,2,3,google_ac:2,en:2,yes,is it safe during pregnancy,is inhaler safe during pregnancy
704,pregnancy,complications,704,which mayonnaise is safe during pregnancy,2,3,google_ac:2,en:2,yes,is it safe during pregnancy; can i eat during pregnancy,can i eat mayonnaise during pregnancy
705,pregnancy,nutrition,705,who baby diet,2,3,google_ac:2,en:2,yes,pregnancy diet,what is baby diet
706,pregnancy,complications,706,why are twins high risk pregnancy,2,3,google_ac:2,en:2,yes,high risk pregnancy,are twins high risk pregnancy
707,pregnancy,general,707,why argipreg sachet uses in pregnancy in hindi,2,3,google_ac:2,en:2,yes,pregnancy in hindi,argipreg sachet uses in pregnancy in hindi kaise use kare
708,pregnancy,labour,708,why false labour pain occur,2,3,google_ac:2,en:2,yes,labour pain,what to do when false labour pain
709,pregnancy,complications,709,why is obesity high risk pregnancy,2,3,google_ac:2,en:2,yes,high risk pregnancy,why does obesity cause high risk pregnancy
710,pregnancy,weeks-and-symptoms,710,why is second trimester called honeymoon period,2,3,google_ac:2,en:2,yes,second trimester,why second trimester is called honeymoon period
711,pregnancy,complications,711,Bleeding in early pregnancy?,2,2,reddit:1; google_ac:1,en:2,yes,is it safe during pregnancy,is during pregnancy bleeding
712,pregnancy,scans,712,First scan so far away?,2,2,reddit:1; google_ac:1,en:2,yes,pregnancy scan,when should i have my first scan
713,pregnancy,labour,713,c section jaldi recovery kaise kare,2,2,mylo:1; google_ac:1,en:2,yes,c section,helo mommies c section k baad recovery mei kitna t
714,pregnancy,labour,714,can c section cause nerve damage,2,2,ddg_ac:1; google_ac:1,en:2,yes,c section,can c section cause nerve damage in legs
715,pregnancy,labour,715,can i drive c section,2,2,ddg_ac:1; google_ac:1,en:2,yes,c section,how long after c section can you drive
716,pregnancy,nutrition,716,hi please suggest diet for 7months pregnant,2,2,mylo:1; parentune:1,hinglish:1; en:1,yes,,pregnancy ke 7th month me kya khaye
717,pregnancy,general,717,how pregnant can you be on disney cruise,2,2,ddg_ac:1; google_ac:1,en:2,yes,pregnancy scan; pregnancy travel,how pregnant can you go on a cruise
718,pregnancy,general,718,how to reduce pregnancy weight,2,2,parentune:1; google_ac:1,en:2,yes,first trimester,how to reduce first trimester bloating
719,pregnancy,complications,719,is gestational diabetes caused by the placenta,2,2,ddg_ac:1; google_ac:1,en:2,yes,gestational diabetes,does gestational diabetes come from placenta
720,pregnancy,nutrition,720,is it ok to eat chinese food during pregnancy despite concerns about ajinomoto,2,2,babychakra:1; google_ac:1,en:2,yes,foods to avoid in pregnancy,why to avoid chinese food in pregnancy
721,pregnancy,nutrition,721,is morning sickness and nausea the same,2,2,ddg_ac:1; google_ac:1,en:2,yes,morning sickness,does morning sickness always include vomiting
722,pregnancy,weeks-and-symptoms,722,is ondansetron safe in third trimester,2,2,ddg_ac:1; google_ac:1,en:2,yes,third trimester; is it safe during pregnancy,ondansetron is it safe for pregnancy
723,pregnancy,complications,723,no feeling of baby movement,2,2,parentune:1; google_ac:1,en:2,yes,baby movement,what to do if baby movements not felt
724,pregnancy,labour,724,what should i eat for labour pain,2,2,mylo:1; google_ac:1,en:2,yes,labour pain,One of my friend suggest me to eat garden cress seeds halim or aliv to induce labour pain naturally and for normal d
725,pregnancy,labour,725,what to eat during pregnancy for normal delivery,2,2,mylo:1; google_ac:1,hinglish:1; en:1,yes,normal delivery,normal delivery ke liye kya khaye
726,pregnancy,labour,726,who performs c sections,2,2,ddg_ac:1; google_ac:1,en:2,yes,c section,how to perform a c section
727,pregnancy,nutrition,727,why does unisom help with morning sickness,2,2,ddg_ac:1; google_ac:1,en:2,yes,morning sickness,which unisom for morning sickness
728,pregnancy,general,728,why is my baby not gaining weight at 8 months pregnant,2,2,mylo:1; google_ac:1,en:2,yes,baby not gaining weight,baby not growing in 8th month of pregnancy
729,pregnancy,general,729,“Wearing” a bag of rice while pregnant?,2,2,reddit:1; google_ac:1,en:2,yes,can i eat during pregnancy,can i eat rice during pregnancy
730,pregnancy,general,730,12 weeks pregnant is how many months nhs,2,2,google_ac:2,en:2,yes,pregnancy 8 weeks; pregnancy 12 weeks,8 weeks pregnant is how many months nhs
731,pregnancy,complications,731,8 weeks/bleeding/subchorionic hematoma/hope?,2,2,reddit:2,en:2,yes,,Subchorionic hematoma with constant bleeding. Can anyone relate to my experience? (read below)
732,pregnancy,mind-mood,732,Mental Health Work While Pregnant?,2,2,reddit:2,en:2,yes,,Please tell me how my mental health while pregnant impacts the fetus
733,pregnancy,general,733,Should I wait to buy new bra?,2,2,reddit:2,en:2,yes,,When to buy new bras
734,pregnancy,labour,734,What i wish someone told me as a new father when my wife scheduled C-section,2,2,reddit:2,en:2,yes,,What I wish someone told me as a FTM when I was pregnant
735,pregnancy,general,735,When did your PP hairloss hit and for how long?,2,2,reddit:2,en:2,yes,,When did your postpartum hair loss start? Did any of you avoid it?
736,pregnancy,general,736,Worst baby shower gift you’ve received?,2,2,reddit:2,en:2,yes,,What is the worst “gift” you received postpartum?
737,pregnancy,belly-skin,737,am i pregnant if i have back pain,2,2,google_ac:2,en:2,yes,pregnancy back pain,can i get pregnant with back pain
738,pregnancy,scans,738,anomaly scan kab karna chahiye,2,2,google_ac:2,en:2,yes,anomaly scan; nt scan,nt scan kab karna chahiye
739,pregnancy,scans,739,anomaly scan khana chahiye ya nahi,2,2,google_ac:2,en:2,yes,anomaly scan; nt scan,nt scan khana chahiye ya nahi
740,pregnancy,scans,740,anomaly scan ki report kaise padhe,2,2,google_ac:2,en:2,yes,anomaly scan; nt scan,nt scan ki report kaise padhe
741,pregnancy,labour,741,are c section babies more intelligent,2,2,google_ac:2,en:2,yes,c section,are c section babies smarter
742,pregnancy,nutrition,742,are gestational diabetes babies more active,2,2,google_ac:2,en:2,yes,gestational diabetes,do gestational diabetes babies eat more
743,pregnancy,complications,743,are gestational diabetes hereditary,2,2,google_ac:2,en:2,yes,gestational diabetes,are gestational diabetes genetic
744,pregnancy,nutrition,744,are morning sickness tablets safe,2,2,google_ac:2,en:2,yes,morning sickness,what is safe to take for morning sickness
745,pregnancy,general,745,are private pregnancy scans accurate,2,2,google_ac:2,en:2,yes,pregnancy scan,are private pregnancy scans worth it
746,pregnancy,complications,746,are tums safe during pregnancy,2,2,google_ac:2,en:2,yes,is it safe during pregnancy,how much tums is safe during pregnancy
747,pregnancy,complications,747,azo is it safe during pregnancy,2,2,google_ac:2,en:2,yes,is it safe during pregnancy,azithromycin is it safe during pregnancy
748,pregnancy,labour,748,c section ke baad kya khaye,2,2,google_ac:2,en:2,yes,c section,c section m ghee kab khaye
749,pregnancy,belly-skin,749,can 12 weeks pregnancy show gender,2,2,google_ac:2,en:2,yes,pregnancy 12 weeks; pregnancy 20 weeks,can 20 weeks pregnancy show gender
750,pregnancy,general,750,can eating too much sugar while pregnant affect baby,2,2,google_ac:2,en:2,yes,can i eat during pregnancy,can eating too much sugar while pregnant harm the baby
751,pregnancy,complications,751,can flying in second trimester cause miscarriage,2,2,google_ac:2,en:2,yes,first trimester; second trimester,can travelling in first trimester cause miscarriage
752,pregnancy,complications,752,can gestational diabetes lead to type 2,2,2,google_ac:2,en:2,yes,gestational diabetes,why does gestational diabetes increase risk of type 2 diabetes
753,pregnancy,general,753,can i change payment date on tesco credit card,2,2,google_ac:2,en:2,yes,due date,can i change payment date on lloyds credit card
754,pregnancy,scans,754,can i do pregnancy scan at 5 weeks,2,2,google_ac:2,en:2,yes,pregnancy scan,how does 5 weeks pregnancy scan look like
755,pregnancy,nutrition,755,can i eat apple during pregnancy at night,2,2,google_ac:2,en:2,yes,can i eat during pregnancy,can i eat custard apple during pregnancy
756,pregnancy,nutrition,756,can i eat bharta during pregnancy,2,2,google_ac:2,en:2,yes,can i eat during pregnancy; garbh sanskar,can i eat shawarma during pregnancy
757,pregnancy,nutrition,757,can i eat biltong during pregnancy,2,2,google_ac:2,en:2,yes,can i eat during pregnancy,can i eat laung during pregnancy
758,pregnancy,nutrition,758,can i eat corn during pregnancy,2,2,google_ac:2,en:2,yes,can i eat during pregnancy,can i eat sweet corn during pregnancy
759,pregnancy,nutrition,759,can i eat cucumber during pregnancy,2,2,google_ac:2,en:2,yes,can i eat during pregnancy,can i eat cucumber during first trimester of pregnancy
760,pregnancy,nutrition,760,can i eat hotdogs pregnant,2,2,google_ac:2,en:2,yes,pregnancy diet; can i eat during pregnancy,can pregnant women eat hot dogs
761,pregnancy,nutrition,761,can i eat jalebi during pregnancy,2,2,google_ac:2,en:2,yes,can i eat during pregnancy,can i eat jaljeera during pregnancy
762,pregnancy,complications,762,can i eat kimchi during pregnancy,2,2,google_ac:2,en:2,yes,is it safe during pregnancy; can i eat during pregnancy,is kimchi safe during pregnancy
763,pregnancy,nutrition,763,can i eat kurkure during pregnancy,2,2,google_ac:2,en:2,yes,can i eat during pregnancy,can i eat kovakkai during pregnancy
764,pregnancy,nutrition,764,can i eat pawpaw during pregnancy,2,2,google_ac:2,en:2,yes,can i eat during pregnancy,can i eat pawpaw during pregnancy third trimester
765,pregnancy,nutrition,765,can i eat quaker oats during pregnancy,2,2,google_ac:2,en:2,yes,can i eat during pregnancy,can i eat oats during pregnancy
766,pregnancy,nutrition,766,can i eat vamu during pregnancy,2,2,google_ac:2,en:2,yes,can i eat during pregnancy,can i eat vada during pregnancy
767,pregnancy,complications,767,can i eat vinegar during pregnancy,2,2,google_ac:2,en:2,yes,is it safe during pregnancy; can i eat during pregnancy,apple cider vinegar is it safe during pregnancy
768,pregnancy,nutrition,768,can i eat zaatar during pregnancy,2,2,google_ac:2,en:2,yes,can i eat during pregnancy,can i eat zambreros pregnant
769,pregnancy,weeks-and-symptoms,769,can i know that i am pregnant in one week,2,2,google_ac:2,en:2,yes,am i pregnant,how can i know i am pregnant in one week
770,pregnancy,weeks-and-symptoms,770,can i paint second trimester,2,2,google_ac:2,en:2,yes,second trimester; third trimester,can i paint third trimester
771,pregnancy,belly-skin,771,can i take tylenol for pregnancy back pain,2,2,google_ac:2,en:2,yes,pregnancy back pain,can i take paracetamol for pregnancy back pain
772,pregnancy,labour,772,can normal delivery cause hemorrhoids,2,2,google_ac:2,en:2,yes,normal delivery,does normal delivery cause hemorrhoids
773,pregnancy,complications,773,can pregnancy cramps wake you up,2,2,google_ac:2,en:2,yes,pregnancy cramps,should pregnancy cramps wake you up
774,pregnancy,labour,774,can pregnancy massage bring on labour,2,2,google_ac:2,en:2,yes,baby massage,can pregnancy massage induce labour
775,pregnancy,mind-mood,775,can pregnant women travel in train in first trimester,2,2,google_ac:2,en:2,yes,pregnancy travel,can i travel during pregnancy in train
776,pregnancy,complications,776,can running while pregnant cause miscarriage,2,2,google_ac:2,en:2,yes,pregnancy 8 weeks; pregnancy exercise,can exercise in early pregnancy cause miscarriage
777,pregnancy,nutrition,777,can we eat karela in pregnancy in hindi,2,2,google_ac:2,en:2,yes,can i eat during pregnancy; pregnancy in hindi,can i eat karela during pregnancy
778,pregnancy,weeks-and-symptoms,778,can you do nuchal translucency at 14 weeks,2,2,google_ac:2,en:2,yes,nt scan,can nuchal translucency be done at 10 weeks
779,pregnancy,general,779,can you have v when pregnant,2,2,google_ac:2,en:2,yes,is it safe during pregnancy,can you drink v when pregnant
780,pregnancy,complications,780,ciprofloxacin is it safe in pregnancy,2,2,google_ac:2,en:2,yes,is it safe during pregnancy,levofloxacin is it safe in pregnancy
781,pregnancy,labour,781,do c section babies have less immunity,2,2,google_ac:2,en:2,yes,c section,are c section babies weaker
782,pregnancy,general,782,do you need a full bladder on 20 week scan,2,2,google_ac:2,en:2,yes,anomaly scan,does your bladder need to be full for 20 week scan
783,pregnancy,labour,783,does c section stack tboi,2,2,ddg_ac:2,en:2,yes,c section,does c section stack
784,pregnancy,general,784,does deadline mean due on or before,2,2,google_ac:2,en:2,yes,due date,does deadline mean on or before
785,pregnancy,general,785,does expiration date mean on or before,2,2,google_ac:2,en:2,yes,due date,why does expiration date mean
786,pregnancy,scans,786,does nt scan detect chromosomal abnormalities,2,2,google_ac:2,en:2,yes,nt scan,can nt scan detect neural tube defects
787,pregnancy,scans,787,does nt scan require urine pressure,2,2,google_ac:2,en:2,yes,anomaly scan; nt scan,does anomaly scan require urine pressure
788,pregnancy,mind-mood,788,does sleep affect pregnancy nausea,2,2,google_ac:2,en:2,yes,pregnancy sleep,how to sleep with nausea pregnancy first trimester
789,pregnancy,mind-mood,789,does sleep affect pregnancy test,2,2,google_ac:2,en:2,yes,pregnancy sleep,am i pregnant if i sleep a lot
790,pregnancy,scans,790,due date kaise nikale,2,2,google_ac:2,en:2,yes,due date,due date se lmp kaise nikale
791,pregnancy,scans,791,due date march 15 2026 how far along am i,2,2,ddg_ac:2,en:2,yes,due date,due date june 21 2026 how many weeks am i
792,pregnancy,scans,792,how accurate is 12 week nt scan,2,2,google_ac:2,en:2,yes,nt scan,how accurate is 12 week scan for down's syndrome
793,pregnancy,scans,793,how far am i based on due date,2,2,google_ac:2,en:2,yes,due date,how much past due date
794,pregnancy,labour,794,how long can labor safely last,2,2,google_ac:2,en:2,yes,labour pain,how long can you be in labor safely
795,pregnancy,general,795,how long can you ride while pregnant,2,2,google_ac:2,en:2,yes,pregnancy travel,can you ride while pregnant
796,pregnancy,scans,796,how long does ultrasound scan take,2,2,ddg_ac:2,en:2,yes,pregnancy scan; anomaly scan,how long does anatomy scan take
797,pregnancy,general,797,how many scans are there,2,2,ddg_ac:2,en:2,yes,pregnancy scan,how many scans has it performed
798,pregnancy,scans,798,how many ultrasound in pregnancy in hindi,2,2,google_ac:2,en:2,yes,pregnancy in hindi,how many types of pregnancy in hindi
799,pregnancy,labour,799,how much c section cost in pakistan,2,2,google_ac:2,en:2,yes,c section,why c section is increasing in pakistan
800,pregnancy,scans,800,how much ct scan in philippines,2,2,ddg_ac:2,en:2,yes,nt scan,how much ct scan cost in philippines
801,pregnancy,general,801,how much do dates cost,2,2,google_ac:2,en:2,yes,due date,how much do dates
802,pregnancy,scans,802,how much does a glucose test cost,2,2,google_ac:2,en:2,yes,gestational diabetes,how much is pregnancy glucose test
803,pregnancy,nutrition,803,how much magnesium for morning sickness,2,2,google_ac:2,en:2,yes,morning sickness,which magnesium for morning sickness
804,pregnancy,general,804,how much sperm is needed for pregnancy in hindi,2,2,google_ac:2,en:2,yes,pregnancy in hindi,how many sperm count need for pregnancy in hindi
805,pregnancy,scans,805,how nt scan is done video,2,2,google_ac:2,en:2,yes,nt scan,is nt scan done through tvs
806,pregnancy,scans,806,how to calculate due date in excel,2,2,ddg_ac:2,en:2,yes,due date,how to add due date in excel
807,pregnancy,labour,807,how to clean c section wound,2,2,google_ac:2,en:2,yes,c section,how to clean c section wound at home
808,pregnancy,complications,808,how to control gestational diabetes in third trimester,2,2,google_ac:2,en:2,yes,gestational diabetes,can gestational diabetes go away in third trimester
809,pregnancy,general,809,how to end date,2,2,google_ac:2,en:2,yes,due date,how to do date
810,pregnancy,labour,810,how to unlock c section isaac,2,2,google_ac:2,en:2,yes,c section,how to get c section isaac
811,pregnancy,scans,811,is 11 weeks too early for nuchal scan,2,2,google_ac:2,en:2,yes,nt scan,is 10 weeks too early for nuchal scan
812,pregnancy,scans,812,is anomaly scan colourful,2,2,google_ac:2,en:2,yes,anomaly scan,is anomaly scan 3d
813,pregnancy,scans,813,is anomaly scan same as ultrasound,2,2,google_ac:2,en:2,yes,anomaly scan,is anomaly scan 4d ultrasound
814,pregnancy,labour,814,is breech baby at 20 weeks normal,2,2,google_ac:2,en:2,yes,pregnancy 20 weeks,is it normal to have breech baby at 20 weeks
815,pregnancy,complications,815,is dextromethorphan safe during pregnancy,2,2,google_ac:2,en:2,yes,is it safe during pregnancy,dextromethorphan is it safe for pregnancy
816,pregnancy,weeks-and-symptoms,816,is dizziness normal second trimester,2,2,google_ac:2,en:2,yes,first trimester; second trimester,why am i dizzy first trimester
817,pregnancy,mind-mood,817,is drooling while sleeping common in pregnancy,2,2,google_ac:2,en:2,yes,pregnancy sleep,why am i drooling in sleep pregnancy
818,pregnancy,scans,818,is due date one word,2,2,ddg_ac:2,en:2,yes,due date,is due date hyphenated
819,pregnancy,nutrition,819,is gestational diabetes caused by diet,2,2,ddg_ac:2,en:2,yes,gestational diabetes,is gestational diabetes caused by poor diet
820,pregnancy,complications,820,is gestational diabetes permanent,2,2,google_ac:2,en:2,yes,gestational diabetes,are gestational diabetes permanent
821,pregnancy,weeks-and-symptoms,821,is heartburn normal first trimester,2,2,google_ac:2,en:2,yes,first trimester; second trimester,is heartburn normal second trimester
822,pregnancy,scans,822,is it bad to extend due date on klarna,2,2,google_ac:2,en:2,yes,due date,can i change due date on klarna
823,pregnancy,belly-skin,823,is it normal for ac section incision to itch,2,2,google_ac:2,en:2,yes,c section,is it normal for ac section scar to itch
824,pregnancy,general,824,is it normal for closing dates to change,2,2,google_ac:2,en:2,yes,due date,is it normal for closing date to be pushed back
825,pregnancy,complications,825,is it normal to bleed during pregnancy 20 weeks,2,2,google_ac:2,en:2,yes,pregnancy 20 weeks,is it normal to spot during pregnancy 20 weeks
826,pregnancy,nutrition,826,is it ok to eat at midnight while pregnant,2,2,google_ac:2,en:2,yes,can i eat during pregnancy,can a pregnant woman eat at midnight
827,pregnancy,general,827,is it okay to go swimming while pregnant,2,2,google_ac:2,en:2,yes,pregnancy travel,is it ok to go swimming while pregnant
828,pregnancy,complications,828,is it safe to deliver at home,2,2,ddg_ac:2,en:2,yes,normal delivery,is food delivery safe
829,pregnancy,complications,829,is kiwi safe during pregnancy,2,2,google_ac:2,en:2,yes,is it safe during pregnancy; can i eat during pregnancy,can i eat kiwi during pregnancy
830,pregnancy,labour,830,is labour pain injection safe,2,2,google_ac:2,en:2,yes,labour pain,is it safe to induce labour pain
831,pregnancy,mind-mood,831,is magnesium for sleep pregnancy safe,2,2,google_ac:2,en:2,yes,pregnancy sleep,which magnesium for pregnancy sleep
832,pregnancy,labour,832,is normal delivery easy,2,2,google_ac:2,en:2,yes,normal delivery,what makes normal delivery easy
833,pregnancy,complications,833,is pregnancy discharge fishy,2,2,google_ac:2,en:2,yes,pregnancy discharge,does pregnancy discharge smell fishy
834,pregnancy,general,834,is rejuvenating good for pregnant,2,2,google_ac:2,en:2,yes,garbh sanskar,is rejuvenating safe for pregnant
835,pregnancy,complications,835,is xolair safe during pregnancy,2,2,google_ac:2,en:2,yes,is it safe during pregnancy,is xylitol safe during pregnancy
836,pregnancy,complications,836,levocetirizine is it safe for pregnancy,2,2,google_ac:2,en:2,yes,is it safe during pregnancy; pregnancy in hindi,is levocetirizine safe in pregnancy in hindi
837,pregnancy,weeks-and-symptoms,837,losing baby at 20 weeks what to expect,2,2,google_ac:2,en:2,yes,pregnancy 20 weeks,is it common to lose baby at 20 weeks
838,pregnancy,complications,838,pregnancy me baby movement kam hona,2,2,mylo:2,en:2,yes,,37 weeks pregnancy baby movement kam hona
839,pregnancy,labour,839,should i eat after c section,2,2,google_ac:2,en:2,yes,c section,should i poop after c section
840,pregnancy,weeks-and-symptoms,840,should i feel pregnant at 10 weeks,2,2,google_ac:2,en:2,yes,am i pregnant,should i feel pregnant at 9 weeks
841,pregnancy,labour,841,should i shave before c section,2,2,google_ac:2,en:2,yes,c section,should i wax before c section
842,pregnancy,labour,842,should ivf pregnancy be induced,2,2,google_ac:2,en:2,yes,ivf,when should ivf pregnancies be induced
843,pregnancy,mind-mood,843,should pregnant women travel to vietnam,2,2,google_ac:2,en:2,yes,pregnancy travel,should pregnant women travel to thailand
844,pregnancy,mind-mood,844,should you wake a sleeping baby,2,2,ddg_ac:2,en:2,yes,pregnancy sleep,should i let my baby sleep
845,pregnancy,labour,845,what cause delay in giving birth,2,2,google_ac:2,en:2,yes,normal delivery,what can cause delay in giving birth
846,pregnancy,labour,846,what causes constipation after normal delivery,2,2,google_ac:2,en:2,yes,normal delivery; c section,why constipation happens after c section
847,pregnancy,labour,847,what causes excessive bleeding after normal delivery,2,2,google_ac:2,en:2,yes,normal delivery,what causes bleeding after normal delivery
848,pregnancy,general,848,what day does pregnancy start,2,2,google_ac:2,en:2,yes,pregnancy in hindi,what date does pregnancy start from
849,pregnancy,nutrition,849,what does a baby food allergy look like,2,2,google_ac:2,en:2,yes,pregnancy diet,what does a baby food reaction look like
850,pregnancy,general,850,what does date conferred mean,2,2,ddg_ac:2,en:2,yes,due date,what does date degree conferred mean
851,pregnancy,general,851,what happens first month pregnancy,2,2,google_ac:2,en:2,yes,first trimester,what happens first week pregnancy
852,pregnancy,general,852,what happens first pregnancy appointment,2,2,google_ac:2,en:2,yes,first trimester,how many weeks first pregnancy appointment
853,pregnancy,weeks-and-symptoms,853,what happens if baby dies in third trimester,2,2,google_ac:2,en:2,yes,second trimester; third trimester,what happens if baby dies in second trimester
854,pregnancy,scans,854,what happens if car fails mot before due date,2,2,ddg_ac:2,en:2,yes,due date,how long before the due date can i mot my car
855,pregnancy,scans,855,what happens if my bladder isn't full for ultrasound,2,2,google_ac:2,en:2,yes,nt scan,what happens if you don't have a full bladder for an ultrasound
856,pregnancy,complications,856,what happens when you get a cramp,2,2,ddg_ac:2,en:2,yes,pregnancy cramps,should you let a cramp happen
857,pregnancy,scans,857,what if credit card due date is on sunday,2,2,google_ac:2,en:2,yes,due date,what if due date falls on weekend
858,pregnancy,weeks-and-symptoms,858,what if femur length is short in second trimester,2,2,google_ac:2,en:2,yes,second trimester; third trimester,what if femur length is short in third trimester
859,pregnancy,weeks-and-symptoms,859,what if thyroid is high in third trimester,2,2,google_ac:2,en:2,yes,third trimester,what if tsh is high in third trimester
860,pregnancy,weeks-and-symptoms,860,what if you lose weight in third trimester,2,2,google_ac:2,en:2,yes,third trimester,what if baby is small in third trimester
861,pregnancy,complications,861,what infections can cause second trimester miscarriage,2,2,google_ac:2,en:2,yes,second trimester,can bv cause miscarriage second trimester
862,pregnancy,complications,862,what is high risk pregnancy first trimester,2,2,google_ac:2,en:2,yes,high risk pregnancy,when do high risk pregnancies get first ultrasound
863,pregnancy,labour,863,what is natural birth with epidural,2,2,google_ac:2,en:2,yes,normal delivery,does natural birth have anesthesia
864,pregnancy,complications,864,what is normal discharge 32 weeks pregnant,2,2,google_ac:2,en:2,yes,pregnancy 32 weeks; third trimester,how much discharge third trimester
865,pregnancy,general,865,what is scanner,2,2,ddg_ac:2,en:2,yes,nt scan,what is scanning
866,pregnancy,general,866,what is scanner in java,2,2,ddg_ac:2,en:2,yes,nt scan,what is scanner class in java
867,pregnancy,general,867,what is the difference between closing date and due date,2,2,google_ac:2,en:2,yes,due date,does closing date mean on or before
868,pregnancy,weeks-and-symptoms,868,what is trimester system,2,2,ddg_ac:2,en:2,yes,first trimester,what is trimester
869,pregnancy,general,869,what pregnancy sickness,2,2,google_ac:2,en:2,yes,morning sickness,how to pregnancy sickness
870,pregnancy,mind-mood,870,what size should you sleep on when pregnant,2,2,google_ac:2,en:2,yes,pregnancy sleep,what size is best to sleep on when pregnant
871,pregnancy,labour,871,what to do when c section get infected,2,2,google_ac:2,en:2,yes,c section,why does c section scar get infected
872,pregnancy,general,872,when can i go on maternity,2,2,ddg_ac:2,en:2,yes,is it safe during pregnancy,how early can someone go on maternity
873,pregnancy,general,873,when does a section 117 end,2,2,ddg_ac:2,en:2,yes,c section,what is section 117
874,pregnancy,general,874,when does a section 136 end,2,2,ddg_ac:2,en:2,yes,c section,what is section 136
875,pregnancy,nutrition,875,when does morning sickness end after miscarriage,2,2,google_ac:2,en:2,yes,morning sickness,will morning sickness stop if miscarriage
876,pregnancy,belly-skin,876,when to do antenatal exercise,2,2,google_ac:2,en:2,yes,pregnancy exercise,antenatal exercise kya hai
877,pregnancy,general,877,which book is best for pregnancy,2,2,google_ac:2,en:2,yes,garbh sanskar,which books are best for pregnant ladies
878,pregnancy,scans,878,why ct scan of abdomen,2,2,ddg_ac:2,en:2,yes,nt scan,why is ct scan done
879,pregnancy,scans,879,why does due date change at scan,2,2,google_ac:2,en:2,yes,due date,why due date different from scan
880,pregnancy,labour,880,why does natural birth hurt,2,2,google_ac:2,en:2,yes,normal delivery,is natural delivery painful
881,pregnancy,general,881,why is 12 weeks pregnant a milestone,2,2,google_ac:2,en:2,yes,pregnancy 32 weeks; pregnancy 12 weeks,why is 32 weeks pregnant a milestone
882,pregnancy,general,882,why is a section break used in a document,2,2,ddg_ac:2,en:2,yes,c section,where is section break in word
883,pregnancy,general,883,why is a section locked in word,2,2,ddg_ac:2,en:2,yes,c section,why is a section of my word document locked
884,pregnancy,weeks-and-symptoms,884,why is first trimester 13 weeks,2,2,google_ac:2,en:2,yes,first trimester,why is first trimester 14 weeks
885,pregnancy,nutrition,885,why is vitamin a not safe during pregnancy,2,2,google_ac:2,en:2,yes,is it safe during pregnancy,is vitamin a safe during pregnancy
886,pregnancy,labour,886,why natural birth is better,2,2,google_ac:2,en:2,yes,normal delivery,what causes natural birth
887,pregnancy,general,887,will a section 20 impact value,2,2,ddg_ac:2,en:2,yes,c section,what is section 20
888,pregnancy,labour,888,will c section shelf go away,2,2,google_ac:2,en:2,yes,c section,will c section overhang go away
889,pregnancy,complications,889,zinc is it safe for pregnancy,2,2,google_ac:2,en:2,yes,is it safe during pregnancy,is zinc safe during pregnancy
890,pregnancy,complications,890,are mussels safe during pregnancy,1,17,ddg_ac:1,en:1,yes,is it safe during pregnancy,
891,pregnancy,complications,891,is gouda safe during pregnancy,1,17,ddg_ac:1,en:1,yes,is it safe during pregnancy,
892,pregnancy,complications,892,is tahini safe during pregnancy,1,17,ddg_ac:1,en:1,yes,is it safe during pregnancy,
893,pregnancy,complications,893,is pastrami safe during pregnancy,1,16,ddg_ac:1,en:1,yes,is it safe during pregnancy,
894,pregnancy,complications,894,is gestational diabetes my fault,1,7,ddg_ac:1,en:1,yes,gestational diabetes,
895,pregnancy,belly-skin,895,can i do pregnancy exercise after eating,1,6,google_ac:1,en:1,yes,pregnancy exercise,
896,pregnancy,garbh-sanskar,896,which garbh sanskar app is best,1,6,google_ac:1,en:1,yes,garbh sanskar,
897,pregnancy,labour,897,does normal delivery affect sexual life,1,5,google_ac:1,en:1,yes,normal delivery,
898,pregnancy,general,898,how long are humans pregnant in days,1,5,ddg_ac:1,en:1,yes,is it safe during pregnancy,
899,pregnancy,general,899,what is chemical pregnancy in hindi,1,5,google_ac:1,en:1,yes,pregnancy in hindi,
900,pregnancy,nutrition,900,what is pregnancy diet chart,1,5,google_ac:1,en:1,yes,pregnancy diet,
901,pregnancy,labour,901,who c section steps,1,5,google_ac:1,en:1,yes,c section,
902,pregnancy,complications,902,does high risk pregnancy mean bed rest,1,4,google_ac:1,en:1,yes,high risk pregnancy,
903,pregnancy,weeks-and-symptoms,903,does pregnancy get better after 12 weeks,1,4,google_ac:1,en:1,yes,pregnancy 12 weeks,
904,pregnancy,complications,904,what does high risk ob mean,1,4,google_ac:2,en:2,yes,high risk pregnancy,what does high risk obgyn mean
905,pregnancy,mind-mood,905,what is cryptic pregnancy in hindi,1,4,google_ac:1,en:1,yes,pregnancy in hindi,
906,pregnancy,general,906,what is molar pregnancy in hindi,1,4,google_ac:1,en:1,yes,pregnancy in hindi,
907,pregnancy,general,907,what is multiple pregnancy in hindi,1,4,google_ac:1,en:1,yes,pregnancy in hindi,
908,pregnancy,complications,908,why do my infants have cramps,1,4,ddg_ac:1,en:1,yes,pregnancy cramps,
909,pregnancy,mind-mood,909,can you get a baby to sleep,1,3,ddg_ac:1,en:1,yes,pregnancy sleep,
910,pregnancy,nutrition,910,how many carrots can i eat during pregnancy,1,3,google_ac:1,en:1,yes,can i eat during pregnancy,
911,pregnancy,nutrition,911,is pear can eat during pregnancy,1,3,google_ac:1,en:1,yes,can i eat during pregnancy,
912,pregnancy,mind-mood,912,should one travel in 9th month of pregnancy,1,3,ddg_ac:1,en:1,yes,pregnancy travel,
913,pregnancy,general,913,what does at risk pregnancy mean,1,3,google_ac:1,en:1,yes,high risk pregnancy,
914,pregnancy,garbh-sanskar,914,what is garbh sanskar pooja,1,3,google_ac:1,en:1,yes,garbh sanskar,
915,pregnancy,general,915,what is intrauterine pregnancy in hindi,1,3,google_ac:1,en:1,yes,pregnancy in hindi,
916,pregnancy,labour,916,who scheduled c section,1,3,google_ac:1,en:1,yes,c section,
917,pregnancy,mind-mood,917,why do i sleep in fetal position,1,3,ddg_ac:1,en:1,yes,pregnancy sleep,
918,pregnancy,general,918,why is pregnancy a protected characteristic,1,3,ddg_ac:1,en:1,yes,is it safe during pregnancy,
919,pregnancy,general,919,why means in hindi,1,3,ddg_ac:1,en:1,yes,pregnancy in hindi,
920,pregnancy,labour,920,do c section babies have bigger heads,1,2,ddg_ac:1; google_ac:1,en:2,yes,c section,
921,pregnancy,general,921,Need advice for a plateauing HCG!,1,2,reddit:1,en:1,yes,,
922,pregnancy,complications,922,are jerky movements normal when a baby sleeps,1,2,ddg_ac:1,en:1,yes,baby movement,
923,pregnancy,labour,923,can i delivery normal with high blood pressure,1,2,google_ac:1,en:1,yes,normal delivery,
924,pregnancy,labour,924,can i delivery normal with placenta previa,1,2,google_ac:1,en:1,yes,normal delivery,
925,pregnancy,nutrition,925,can i eat pasta during pregnancy first trimester,1,2,google_ac:1,en:1,yes,can i eat during pregnancy,
926,pregnancy,labour,926,can i have normal delivery after appendix surgery,1,2,google_ac:1,en:1,yes,normal delivery,
927,pregnancy,labour,927,can i have normal delivery after myomectomy,1,2,google_ac:1,en:1,yes,normal delivery,
928,pregnancy,general,928,can pregnant woman take,1,2,google_ac:1,en:1,yes,is it safe during pregnancy,
929,pregnancy,mind-mood,929,do babies sleep in utero,1,2,ddg_ac:1,en:1,yes,pregnancy sleep,
930,pregnancy,scans,930,do pregnancy scan check ovaries,1,2,google_ac:1,en:1,yes,pregnancy scan,
931,pregnancy,weeks-and-symptoms,931,how long bath third trimester,1,2,google_ac:1,en:1,yes,third trimester,
932,pregnancy,garbh-sanskar,932,how many garbh sanskar,1,2,google_ac:1,en:1,yes,garbh sanskar,
933,pregnancy,complications,933,how many high risk pregnancy should be visited by cho,1,2,google_ac:1,en:1,yes,high risk pregnancy,
934,pregnancy,general,934,how many weeks pregnant am i irregular periods,1,2,google_ac:1,en:1,yes,irregular periods pregnancy,
935,pregnancy,complications,935,how much does a high risk pregnancy cost,1,2,google_ac:1,en:1,yes,high risk pregnancy,
936,pregnancy,scans,936,how much nt scan in dubai,1,2,google_ac:1,en:1,yes,nt scan,
937,pregnancy,complications,937,is high risk pregnancy hereditary,1,2,google_ac:1,en:1,yes,high risk pregnancy,
938,pregnancy,scans,938,is pregnancy scan same as pelvic scan,1,2,google_ac:1,en:1,yes,pregnancy scan,
939,pregnancy,complications,939,mayogel is it safe during pregnancy,1,2,google_ac:1,en:1,yes,is it safe during pregnancy,
940,pregnancy,complications,940,prednisone is it safe during pregnancy,1,2,google_ac:1,en:1,yes,is it safe during pregnancy,
941,pregnancy,nutrition,941,what can i eat during pregnancy with diarrhea,1,2,google_ac:1,en:1,yes,can i eat during pregnancy,
942,pregnancy,labour,942,what is delivery percentage,1,2,ddg_ac:1,en:1,yes,normal delivery,
943,pregnancy,labour,943,what is normal delivery with episiotomy,1,2,google_ac:1,en:1,yes,normal delivery,
944,pregnancy,general,944,what is the best pregnancy sleeping pillow,1,2,google_ac:1,en:1,yes,pregnancy sleep,
945,pregnancy,labour,945,what should you wear after a c section,1,2,ddg_ac:1,en:1,yes,c section,
946,pregnancy,complications,946,when can you see baby movement from outside,1,2,ddg_ac:1,en:1,yes,baby movement,
947,pregnancy,general,947,which date last year diwali,1,2,google_ac:1,en:1,yes,due date,
948,pregnancy,complications,948,why are they high risk,1,2,ddg_ac:1,en:1,yes,high risk pregnancy,
949,pregnancy,scans,949,why baby scan report,1,2,google_ac:1,en:1,yes,pregnancy scan,
950,pregnancy,general,950,why coconut is not allowed in flight,1,2,ddg_ac:1,en:1,yes,c section,
951,pregnancy,general,951,why ct secondary should not be open,1,2,ddg_ac:1,en:1,yes,c section,
952,pregnancy,labour,952,why labour pain starts at night,1,2,google_ac:1,en:1,yes,labour pain,
953,pregnancy,general,953,why pregnant lie on left side,1,2,google_ac:1,en:1,yes,pregnancy sleep,
954,pregnancy,weeks-and-symptoms,954,11w4d second pregnancy— please help me remember that it gets easier after the first trimester!! 😅😅,1,1,reddit:1,en:1,yes,,
955,pregnancy,complications,955,"158 lbs pre-pregnancy, 5’ 5’’, OBGYN says I can only put on 22 more lbs my entire pregnancy. Already at 163 lbs in my 14th week. Is this realistic & doable & how!!??",1,1,reddit:1,en:1,yes,,
956,pregnancy,labour,956,1am 36week 2 days pregnent what is the good weight for baby in 38 week for normal delivery,1,1,parentune:1,en:1,yes,,
957,pregnancy,general,957,20 week pregnancy appointment what to expect,1,1,google_ac:1,en:1,yes,pregnancy 20 weeks,
958,pregnancy,general,958,20 weeks what is this mental switch?!,1,1,reddit:1,en:1,yes,,
959,pregnancy,labour,959,2nd pregnancy - Cesarean or Vback?,1,1,reddit:1,en:1,yes,,
960,pregnancy,complications,960,32wk soft rhythmic movements?,1,1,reddit:1,en:1,yes,,
961,pregnancy,general,961,38 weeks and my brain is turning off?,1,1,reddit:1,en:1,yes,,
962,pregnancy,labour,962,40 weeks but no labor what to do,1,1,parentune:1,en:1,yes,,
963,pregnancy,mind-mood,963,5 days postpartum and feeling really off should I be concerned?,1,1,reddit:1,en:1,yes,,
964,pregnancy,complications,964,"5+6, hCG 1,924, bleeding & no gestational sac ,any positive outcomes?",1,1,reddit:1,en:1,yes,,
965,pregnancy,scans,965,"6 weeks, large SCH, low irregular gestational sac, no heartbeat. Has anyone had this turn out okay?",1,1,reddit:1,en:1,yes,,
966,pregnancy,scans,966,6w4d ultrasound showed a 1.4cm long 2mm thick subchorionic hematoma???,1,1,reddit:1,en:1,yes,,
967,pregnancy,general,967,A Gallon of Liquids a day??,1,1,reddit:1,en:1,yes,,
968,pregnancy,general,968,A little hope for anybody in beta hell —a success story,1,1,reddit:1,en:1,yes,,
969,pregnancy,general,969,Advice for bloating and gas?,1,1,reddit:1,en:1,yes,,
970,pregnancy,general,970,Am I in the wrong?,1,1,reddit:1,en:1,yes,,
971,pregnancy,general,971,Am I the problem?,1,1,reddit:1,en:1,yes,,
972,pregnancy,general,972,An alle Frauen mit Längere Zyklus( ab 33 Tage) an welchen Zyklustag habt ihr euren Eisprung?/Retinoide absetzen,1,1,reddit:1,en:1,yes,,
973,pregnancy,general,973,Anybody else get jealous seeing women further in pregnancy than you right now?,1,1,reddit:1,en:1,yes,,
974,pregnancy,general,974,Anybody in a similar situation?,1,1,reddit:1,en:1,yes,,
975,pregnancy,nutrition,975,Anyone else throw up any and all vitamins?,1,1,reddit:1,en:1,yes,,
976,pregnancy,general,976,"Anyone has a lump underneath their chin, at the top of the throat? Maybe a swollen lymph node?",1,1,reddit:1,en:1,yes,,
977,pregnancy,general,977,Are you stalking people here too?,1,1,reddit:1,en:1,yes,,
978,pregnancy,general,978,Aversion to physical touch?,1,1,reddit:1,en:1,yes,,
979,pregnancy,labour,979,Birth experience possibly being ruined?,1,1,reddit:1,en:1,yes,,
980,pregnancy,general,980,Blighted ovum or totally normal?,1,1,reddit:1,en:1,yes,,
981,pregnancy,general,981,Bloomers on baby boys yes or no?,1,1,reddit:1,en:1,yes,,
982,pregnancy,general,982,Blot clots in pregnancy?,1,1,reddit:1,en:1,yes,,
983,pregnancy,general,983,Can the Maxi-Cosi Swift Playard be used as the main sleeping space? [MB],1,1,reddit:1,en:1,yes,,
984,pregnancy,general,984,Can you stop telling me that I'll most likely lose my baby? What is wrong with you?,1,1,reddit:1,en:1,yes,,
985,pregnancy,weeks-and-symptoms,985,Car Accident @ 4w?,1,1,reddit:1,en:1,yes,,
986,pregnancy,general,986,"Cat and baby in the same room, please help!",1,1,reddit:1,en:1,yes,,
987,pregnancy,complications,987,Complete placenta previa moving after 32 weeks - did anyone’s move?!,1,1,reddit:1,en:1,yes,,
988,pregnancy,general,988,Crib Mattress Mix Up?,1,1,reddit:1,en:1,yes,,
989,pregnancy,general,989,Cycles after chemical pregnancy??,1,1,reddit:1,en:1,yes,,
990,pregnancy,general,990,Czy mogę tyle krwawić w ciąży ?,1,1,reddit:1,en:1,yes,,
991,pregnancy,scans,991,Did anyone else have positive Antibody test ?,1,1,reddit:1,en:1,yes,,
992,pregnancy,general,992,Did something so stupid at 30 weeks pregnant,1,1,reddit:1,en:1,yes,,
993,pregnancy,general,993,Did you need actual maternity clothes?,1,1,reddit:1,en:1,yes,,
994,pregnancy,general,994,"Disminución constante de HCG y luego aparición de saco gestacional, algún caso de éxito?",1,1,reddit:1,en:1,yes,,
995,pregnancy,general,995,Do whatever you want because,1,1,reddit:1,en:1,yes,,
996,pregnancy,general,996,Does anyone else hate the term “sticky baby”?,1,1,reddit:1,en:1,yes,,
997,pregnancy,general,997,Does it get worse when the baby is born?,1,1,reddit:1,en:1,yes,,
998,pregnancy,general,998,Does progesterone really help?,1,1,reddit:1,en:1,yes,,
999,pregnancy,general,999,Don't buy from Shein,1,1,reddit:1,en:1,yes,,
1000,pregnancy,general,1000,Ectopic/blighted/chemical??,1,1,reddit:1,en:1,yes,,
1001,pregnancy,general,1001,"Empty sac, success?",1,1,reddit:1,en:1,yes,,
1002,pregnancy,complications,1002,Energy drinks? *TW past miscarriage,1,1,reddit:1,en:1,yes,,
1003,pregnancy,scans,1003,"Falling hCG but ultrasound not yet conclusive, anyone had a similar experience?",1,1,reddit:1,en:1,yes,,
1004,pregnancy,mind-mood,1004,Feeling completely exhausted and emotionally drained navigating early pregnancy uncertainty (PUL / low progesterone limbo) — any advice or similar experiences?,1,1,reddit:1,en:1,yes,,
1005,pregnancy,general,1005,"For moms who weren’t financially prepared for pregnancy, what helped you?",1,1,reddit:1,en:1,yes,,
1006,pregnancy,scans,1006,"For those who miscarried around 6 weeks, what did your ultrasound and bleeding look like?",1,1,reddit:1,en:1,yes,,
1007,pregnancy,weeks-and-symptoms,1007,Found out at 4 weeks.. and now I just wait 3 weeks? 😂,1,1,reddit:1,en:1,yes,,
1008,pregnancy,complications,1008,Found out gender today and now bleeding?!,1,1,reddit:1,en:1,yes,,
1009,pregnancy,scans,1009,"Gender disappointment, anyway to get over this?",1,1,reddit:1,en:1,yes,,
1010,pregnancy,general,1010,Girlfriend is 46 - what are our options?,1,1,reddit:1,en:1,yes,,
1011,pregnancy,general,1011,Granted Health insurance app thoughts?,1,1,reddit:1,en:1,yes,,
1012,pregnancy,mind-mood,1012,HCG levels doubling in 60 hours?? scared,1,1,reddit:1,en:1,yes,,
1013,pregnancy,general,1013,HCG slow rise - experiences?,1,1,reddit:1,en:1,yes,,
1014,pregnancy,general,1014,"HIGH HCG: I am 5 weeks 3 days and just had my HCG tested for the first time today. My reading is 39,892 mIU/mL. Is this normal???",1,1,reddit:1,en:1,yes,,
1015,pregnancy,scans,1015,Had anyone gone from seeing nothing on ultrasound (not even a sac) to a heartbeat within a week?,1,1,reddit:1,en:1,yes,,
1016,pregnancy,general,1016,Has anyone ever gotten eczema from pregnancy?,1,1,reddit:1,en:1,yes,,
1017,pregnancy,general,1017,Has anyone experienced this?,1,1,reddit:1,en:1,yes,,
1018,pregnancy,complications,1018,Has anyone had consistent glucose/ketones in their urine without having gestational diabetes?,1,1,reddit:1,en:1,yes,,
1019,pregnancy,scans,1019,Has anyone had early NT go away?,1,1,reddit:1,en:1,yes,,
1020,pregnancy,general,1020,Have y’all been told you’re fat??,1,1,reddit:1,en:1,yes,,
1021,pregnancy,weeks-and-symptoms,1021,Hcg levels at 7-8 weeks?,1,1,reddit:1,en:1,yes,,
1022,pregnancy,scans,1022,Help! Are conception dates from ultrasound accurate ? Don’t know who the dad is .,1,1,reddit:1,en:1,yes,,
1023,pregnancy,general,1023,Help... what can I wear? Gained 25 pounds in 22 weeks and I am so lost,1,1,reddit:1,en:1,yes,,
1024,pregnancy,general,1024,"Helping my wife keep it a secret, how did I do?",1,1,reddit:1,en:1,yes,,
1025,pregnancy,general,1025,Hey moms to be! did you know it’s all over? I didn’t!,1,1,reddit:1,en:1,yes,,
1026,pregnancy,general,1026,How are we dealing with temperature swings?,1,1,reddit:1,en:1,yes,,
1027,pregnancy,belly-skin,1027,"How are we handling ""show me the bump!!""?",1,1,reddit:1,en:1,yes,,
1028,pregnancy,general,1028,How can I make my 16 week bump (which mostly looks like bloat rn) a bit more rounded and cute for a wedding?,1,1,reddit:1,en:1,yes,,
1029,pregnancy,general,1029,How do I figure out what's *actually* covered by insurance??,1,1,reddit:1,en:1,yes,,
1030,pregnancy,general,1030,How do you know what things/brands to buy?,1,1,reddit:1,en:1,yes,,
1031,pregnancy,general,1031,How do y’all do this multiple times?? lol,1,1,reddit:1,en:1,yes,,
1032,pregnancy,general,1032,How does anyone love being pregnant?,1,1,reddit:1,en:1,yes,,
1033,pregnancy,general,1033,How to get cigarette smell out of baby clothes?,1,1,reddit:1,en:1,yes,,
1034,pregnancy,general,1034,How to get guests to buy off your registry: tip from a STM,1,1,reddit:1,en:1,yes,,
1035,pregnancy,weeks-and-symptoms,1035,How to keep things sexy during first trimester?,1,1,reddit:1,en:1,yes,,
1036,pregnancy,belly-skin,1036,How to politely decline belly touches/blessings?,1,1,reddit:1,en:1,yes,,
1037,pregnancy,labour,1037,How’s my birth “plan”?,1,1,reddit:1,en:1,yes,,
1038,pregnancy,general,1038,How’s the baby doing?,1,1,reddit:1,en:1,yes,,
1039,pregnancy,labour,1039,"Husband doesnt want to be in the delivery room, am I overreacting??",1,1,reddit:1,en:1,yes,,
1040,pregnancy,general,1040,Hypoglycemia during pregnancy?,1,1,reddit:1,en:1,yes,,
1041,pregnancy,general,1041,I still can’t believe this is my life now.,1,1,reddit:1,en:1,yes,,
1042,pregnancy,complications,1042,Is anyone else terrified of having a missed miscarriage?,1,1,reddit:1,en:1,yes,,
1043,pregnancy,labour,1043,Is he serious? In Laws in LDR room after birth,1,1,reddit:1,en:1,yes,,
1044,pregnancy,general,1044,Is hyperemesis gravidarum common?,1,1,reddit:1,en:1,yes,,
1045,pregnancy,nutrition,1045,"Is it hunger, nausea or some other pain?",1,1,reddit:1,en:1,yes,,
1046,pregnancy,mind-mood,1046,Is it silly to stress this early?,1,1,reddit:1,en:1,yes,,
1047,pregnancy,nutrition,1047,Is masoor orange dal safe to eat during early pregnancy,1,1,mylo:1,en:1,yes,,
1048,pregnancy,general,1048,Is my HCG too low?,1,1,reddit:1,en:1,yes,,
1049,pregnancy,general,1049,I’m having a baby?,1,1,reddit:1,en:1,yes,,
1050,pregnancy,general,1050,Lab Corp slow turn around?,1,1,reddit:1,en:1,yes,,
1051,pregnancy,labour,1051,Labor following intercourse?,1,1,reddit:1,en:1,yes,,
1052,pregnancy,general,1052,Literally how are people affording childcare?,1,1,reddit:1,en:1,yes,,
1053,pregnancy,general,1053,Low hcg — continue vaginal progesterone?,1,1,reddit:1,en:1,yes,,
1054,pregnancy,belly-skin,1054,Lower Back Pain??,1,1,reddit:1,en:1,yes,,
1055,pregnancy,general,1055,MAMA! Mama. mama. Can we stop it with calling pregnant women mama???,1,1,reddit:1,en:1,yes,,
1056,pregnancy,belly-skin,1056,Maternity Photos with a Smaller Bump?,1,1,reddit:1,en:1,yes,,
1057,pregnancy,general,1057,Measuring Behind My LMP in Early Pregnancy — Has Anyone Experienced Something Similar?,1,1,reddit:1,en:1,yes,,
1058,pregnancy,general,1058,Measuring behind success stories?,1,1,reddit:1,en:1,yes,,
1059,pregnancy,mind-mood,1059,Miracle Baby? I’m stressed out,1,1,reddit:1,en:1,yes,,
1060,pregnancy,complications,1060,Miscarriage announcement under expecting mom’s posts????,1,1,reddit:1,en:1,yes,,
1061,pregnancy,complications,1061,Miscarriage?? TW PHOTO INCLUDED,1,1,reddit:1,en:1,yes,,
1062,pregnancy,labour,1062,Mucus plug & bloodyshow?,1,1,reddit:1,en:1,yes,,
1063,pregnancy,complications,1063,My placenta is WHERE?!,1,1,reddit:1,en:1,yes,,
1064,pregnancy,general,1064,"Navigating Insurance on what is covered under ""prenatal care""",1,1,reddit:1,en:1,yes,,
1065,pregnancy,general,1065,Need advice… brother is mad I’m pregnant…???,1,1,reddit:1,en:1,yes,,
1066,pregnancy,general,1066,Newton mattress worth it if using waterproof protector?,1,1,reddit:1,en:1,yes,,
1067,pregnancy,general,1067,Night newborn nanny/doula? Should I hire one?,1,1,reddit:1,en:1,yes,,
1068,pregnancy,general,1068,Non-pill prenatals with iron?,1,1,reddit:1,en:1,yes,,
1069,pregnancy,complications,1069,Normal spotting or miscarriage?,1,1,reddit:1,en:1,yes,,
1070,pregnancy,general,1070,Old style nursing pads?,1,1,reddit:1,en:1,yes,,
1071,pregnancy,labour,1071,Planned C-section vs Vaginal Delivery in terms of *baby's* health?,1,1,reddit:1,en:1,yes,focus,
1072,pregnancy,general,1072,Please tell me if my relationship is worth saving? Is it my hormones or is this abuse?,1,1,reddit:1,en:1,yes,,
1073,pregnancy,general,1073,Pregnant after D&C?,1,1,reddit:1,en:1,yes,,
1074,pregnancy,general,1074,Recurrent severe early-onset FGR/placental insufficiency — successful pregnancy afterwards?,1,1,reddit:1,en:1,yes,,
1075,pregnancy,complications,1075,Rec’s on OB/Gyn in Tampa?,1,1,reddit:1,en:1,yes,,
1076,pregnancy,mind-mood,1076,Risk of travelling to Caribbean (Dominican republic) pregnant?,1,1,reddit:1,en:1,yes,,
1077,pregnancy,nutrition,1077,Safe brands to eat during cyclospora?,1,1,reddit:1,en:1,yes,,
1078,pregnancy,general,1078,"Scale of 1-10, how dumb am I to go for a birthing clinic with no medication option?",1,1,reddit:1,en:1,yes,,
1079,pregnancy,general,1079,Should I be concerned?,1,1,reddit:1,en:1,yes,,
1080,pregnancy,complications,1080,Slippers for hospital?,1,1,reddit:1,en:1,yes,,
1081,pregnancy,general,1081,Small yolk sac?,1,1,reddit:1,en:1,yes,,
1082,pregnancy,general,1082,"Still wearing maternity leggings and sleeping with my pregnancy pillow…18 months later. That’s cool, right? They’re so comfy 😭",1,1,reddit:1,en:1,yes,coding,
1083,pregnancy,scans,1083,Telling family at 14w soon but even a great scan 10 days ago doesn't quiet the 'what if the baby is already gone' fear 😥 — share your experiences?,1,1,reddit:1,en:1,yes,,
1084,pregnancy,scans,1084,Tested positive 5 days ago. My first ultrasound isn't for 6 more weeks. What do I DO WITH MYSELF,1,1,reddit:1,en:1,yes,,
1085,pregnancy,weeks-and-symptoms,1085,Tips for surviving 13 hour intl flight 5 months pregnant with an 18 month old,1,1,reddit:1,en:1,yes,,
1086,pregnancy,mind-mood,1086,Tips on how to support my husband’s pre-pregnancy anxiety,1,1,reddit:1,en:1,yes,,
1087,pregnancy,general,1087,To take the trip or not?,1,1,reddit:1,en:1,yes,,
1088,pregnancy,general,1088,Two changing tables at home?,1,1,reddit:1,en:1,yes,,
1089,pregnancy,general,1089,Unexpected pregnancy - how to deal with it?,1,1,reddit:1,en:1,yes,,
1090,pregnancy,general,1090,Unplanned pregnancy and I don’t know what to do..,1,1,reddit:1,en:1,yes,,
1091,pregnancy,mind-mood,1091,"Vagina after delivery. Will sex feel the same like before, for both me and my partner ?",1,1,reddit:1,en:1,yes,,
1092,pregnancy,general,1092,"W 6. tygodniu ciąży – silne krwawienie, skrzepy i wydalenie tkanek. Czy to poronienie?",1,1,reddit:1,en:1,yes,,
1093,pregnancy,labour,1093,Was told giving birth would fix a lifelong problem and it… has!? (TW SA),1,1,reddit:1,en:1,yes,,
1094,pregnancy,mind-mood,1094,Watching my wife struggle in late pregnancy and feeling kind of useless… anything that actually helps?,1,1,reddit:1,en:1,yes,,
1095,pregnancy,general,1095,Wdym a baby is coming out of THERE??,1,1,reddit:1,en:1,yes,,
1096,pregnancy,general,1096,Were you found to be iron deficient at 12 week bloodwork?,1,1,reddit:1,en:1,yes,,
1097,pregnancy,labour,1097,What do you MEAN I can just go into labor whenever now??,1,1,reddit:1,en:1,yes,,
1098,pregnancy,general,1098,What do you wish you would have done / set up for your postpartum self?,1,1,reddit:1,en:1,yes,,
1099,pregnancy,general,1099,What i wish i did differently while pregnant and beyond,1,1,reddit:1,en:1,yes,,
1100,pregnancy,labour,1100,What is this phrase on here that labor starts when baby is ready? I hate it!,1,1,reddit:1,en:1,yes,,
1101,pregnancy,general,1101,What was your worst cluster feeding interval?!,1,1,reddit:1,en:1,yes,,
1102,pregnancy,general,1102,What will happen to me?,1,1,reddit:1,en:1,yes,,
1103,pregnancy,general,1103,What would u do if friend asks you for your urine while pregnant,1,1,reddit:1,en:1,yes,,
1104,pregnancy,general,1104,What’s the most ridiculous thing someone told you to avoid during pregnancy?,1,1,reddit:1,en:1,yes,,
1105,pregnancy,mind-mood,1105,"When are you finishing work, and why then?",1,1,reddit:1,en:1,yes,,
1106,pregnancy,general,1106,When did you guys start pumping for colostrum?,1,1,reddit:1,en:1,yes,,
1107,pregnancy,weeks-and-symptoms,1107,"When did your first trimester symptomslike nausea, heart burn end?",1,1,reddit:1,en:1,yes,,
1108,pregnancy,general,1108,When do I accept that this could be happening this time? (TW: First pregnancy after loss),1,1,reddit:1,en:1,yes,,
1109,pregnancy,general,1109,Why are baby clothes sizes like this?!,1,1,reddit:1,en:1,yes,,
1110,pregnancy,general,1110,Why are boys treated like a consolation prize?,1,1,reddit:1,en:1,yes,,
1111,pregnancy,general,1111,Why are you telling me this?,1,1,reddit:1,en:1,yes,,
1112,pregnancy,general,1112,Why do I keep growing nipples??,1,1,reddit:1,en:1,yes,,
1113,pregnancy,general,1113,Why does nobody talk about how bad you smell postpartum,1,1,reddit:1,en:1,yes,,
1114,pregnancy,general,1114,Why is all the baby stuff so ugly?!,1,1,reddit:1,en:1,yes,,
1115,pregnancy,general,1115,Why no one talks about how lonely pregnancy is,1,1,reddit:1,en:1,yes,,
1116,pregnancy,nutrition,1116,Will my baby be ok? I can hardly eat anything,1,1,reddit:1,en:1,yes,,
1117,pregnancy,nutrition,1117,YOU CAN GIVE BABIES COLD MILK???,1,1,reddit:1,en:1,yes,,
1118,pregnancy,labour,1118,after c section delivery mra weight bt jda ho gaea kise km kya ja skta ha,1,1,parentune:1,en:1,yes,,
1119,pregnancy,labour,1119,after delivery ma hairfall becum more wht shd i do fr disany remedies plz,1,1,parentune:1,en:1,yes,,
1120,pregnancy,complications,1120,after how many months second pregnancy is safe,1,1,google_ac:1,en:1,yes,second trimester,
1121,pregnancy,general,1121,after my 6 weeks of healing what should i expect?,1,1,reddit:1,en:1,yes,,
1122,pregnancy,complications,1122,albuterol is it safe during pregnancy,1,1,google_ac:1,en:1,yes,is it safe during pregnancy,
1123,pregnancy,complications,1123,allergex is it safe during pregnancy,1,1,google_ac:1,en:1,yes,is it safe during pregnancy,
1124,pregnancy,scans,1124,am 20 weeks 5 days pregnant i the recent anomaly scan mild renal pelvis noted with 3 8mm kindly suggest,1,1,parentune:1,en:1,yes,,
1125,pregnancy,complications,1125,am i high risk pregnancy with endometriosis,1,1,google_ac:1,en:1,yes,high risk pregnancy,
1126,pregnancy,complications,1126,am i pregnant pink discharge,1,1,google_ac:1,en:1,yes,pregnancy discharge,
1127,pregnancy,complications,1127,am i safe from pregnancy after my period,1,1,google_ac:1,en:1,yes,is it safe during pregnancy,
1128,pregnancy,general,1128,are almonds okay to consume during pregnancy,1,1,babychakra:1,en:1,yes,,
1129,pregnancy,complications,1129,are baby movements and kicks the same thing,1,1,google_ac:1,en:1,yes,baby movement,
1130,pregnancy,general,1130,are c sections covered by insurance,1,1,ddg_ac:1,en:1,yes,c section,
1131,pregnancy,general,1131,are c sections optional,1,1,ddg_ac:1,en:1,yes,c section,
1132,pregnancy,complications,1132,are cloves safe during pregnancy,1,1,google_ac:1,en:1,yes,is it safe during pregnancy,
1133,pregnancy,complications,1133,are electrolytes safe during pregnancy,1,1,google_ac:1,en:1,yes,is it safe during pregnancy,
1134,pregnancy,complications,1134,are facials safe during pregnancy,1,1,google_ac:1,en:1,yes,is it safe during pregnancy,
1135,pregnancy,complications,1135,are goodnightall out plug in liquid mosquito repellents safe in pregnancy,1,1,mylo:1,en:1,yes,,
1136,pregnancy,complications,1136,are halls safe during pregnancy,1,1,google_ac:1,en:1,yes,is it safe during pregnancy,
1137,pregnancy,labour,1137,are labour pain simulators accurate,1,1,google_ac:1,en:1,yes,labour pain,
1138,pregnancy,labour,1138,are labour pains worse when lying down,1,1,google_ac:1,en:1,yes,labour pain,
1139,pregnancy,scans,1139,are nt scans covered by insurance,1,1,google_ac:1,en:1,yes,nt scan,
1140,pregnancy,complications,1140,are pedicures safe during pregnancy,1,1,google_ac:1,en:1,yes,is it safe during pregnancy,
1141,pregnancy,complications,1141,are pregnancy cramps normal at 13 weeks,1,1,google_ac:1,en:1,yes,pregnancy cramps,
1142,pregnancy,complications,1142,are probiotics safe during pregnancy,1,1,google_ac:1,en:1,yes,is it safe during pregnancy,
1143,pregnancy,complications,1143,are showers safe for pregnancy,1,1,google_ac:1,en:1,yes,is it safe during pregnancy,
1144,pregnancy,complications,1144,baby movement count kaise kare,1,1,google_ac:1,en:1,yes,baby movement,
1145,pregnancy,complications,1145,biogesic is it safe for pregnant,1,1,google_ac:1,en:1,yes,is it safe during pregnancy,
1146,pregnancy,nutrition,1146,breast milk without pregnancy is it normal in hindi,1,1,google_ac:1,en:1,yes,pregnancy in hindi,
1147,pregnancy,general,1147,breast size not increasing during pregnancy,1,1,mylo:1,en:1,yes,,
1148,pregnancy,labour,1148,c section how many layers,1,1,google_ac:1,en:1,yes,c section,
1149,pregnancy,labour,1149,c section ke baad dusri pregnancy me dard,1,1,mylo:1,hinglish:1,yes,,
1150,pregnancy,general,1150,can 8 weeks pregnancy be removed by medicine,1,1,google_ac:1,en:1,yes,pregnancy 8 weeks,
1151,pregnancy,labour,1151,can a c section cause sibo,1,1,ddg_ac:1,en:1,yes,c section,
1152,pregnancy,labour,1152,can a cat get pregnant 8 weeks after giving birth,1,1,google_ac:1,en:1,yes,pregnancy 8 weeks,
1153,pregnancy,general,1153,can a pregnant woman be discharging,1,1,google_ac:1,en:1,yes,pregnancy discharge,
1154,pregnancy,complications,1154,can adenomyosis cause second trimester miscarriage,1,1,google_ac:1,en:1,yes,second trimester,
1155,pregnancy,general,1155,can alcohol be harmful during pregnancy,1,1,google_ac:1,en:1,yes,is it safe during pregnancy,
1156,pregnancy,complications,1156,can baby kicking cervix cause labor,1,1,google_ac:1,en:1,yes,toddler hitting,
1157,pregnancy,labour,1157,can c section be done under general anesthesia,1,1,google_ac:1,en:1,yes,c section,
1158,pregnancy,labour,1158,can c section cause adenomyosis,1,1,ddg_ac:1,en:1,yes,c section,
1159,pregnancy,labour,1159,can c section cause endometriosis,1,1,google_ac:1,en:1,yes,c section,
1160,pregnancy,labour,1160,can c section cause infertility,1,1,google_ac:1,en:1,yes,c section,
1161,pregnancy,labour,1161,can c section women climb stairs,1,1,google_ac:1,en:1,yes,c section,
1162,pregnancy,labour,1162,can c section women eat potato,1,1,google_ac:1,en:1,yes,c section,
1163,pregnancy,scans,1163,can due date change after anatomy scan,1,1,google_ac:1,en:1,yes,due date,
1164,pregnancy,nutrition,1164,can first trimester eat avocado,1,1,google_ac:1,en:1,yes,first trimester,
1165,pregnancy,nutrition,1165,can folic acid cause nausea during pregnancy,1,1,google_ac:1,en:1,yes,folic acid before pregnancy,
1166,pregnancy,complications,1166,can gestational diabetes cause iugr,1,1,google_ac:1,en:1,yes,gestational diabetes,
1167,pregnancy,nutrition,1167,can gestational diabetes eat banana,1,1,google_ac:1,en:1,yes,gestational diabetes,
1168,pregnancy,nutrition,1168,can gestational diabetes eat dates,1,1,google_ac:1,en:1,yes,gestational diabetes,
1169,pregnancy,weeks-and-symptoms,1169,can i bend first trimester,1,1,google_ac:1,en:1,yes,first trimester,
1170,pregnancy,scans,1170,can i change due date on spaylater,1,1,google_ac:1,en:1,yes,due date,
1171,pregnancy,weeks-and-symptoms,1171,can i dance first trimester,1,1,google_ac:1,en:1,yes,first trimester,
1172,pregnancy,labour,1172,can i do household work after c section,1,1,google_ac:1,en:1,yes,c section,
1173,pregnancy,nutrition,1173,can i eat aloe vera during pregnancy,1,1,google_ac:1,en:1,yes,can i eat during pregnancy,
1174,pregnancy,nutrition,1174,can i eat amla during pregnancy,1,1,google_ac:1,en:1,yes,can i eat during pregnancy,
1175,pregnancy,nutrition,1175,can i eat beetroot during pregnancy,1,1,google_ac:1,en:1,yes,can i eat during pregnancy,
1176,pregnancy,nutrition,1176,can i eat biryani during pregnancy,1,1,google_ac:1,en:1,yes,can i eat during pregnancy,
1177,pregnancy,nutrition,1177,can i eat bread during pregnancy,1,1,google_ac:1,en:1,yes,can i eat during pregnancy,
1178,pregnancy,nutrition,1178,can i eat butter during pregnancy,1,1,google_ac:1,en:1,yes,can i eat during pregnancy,
1179,pregnancy,nutrition,1179,can i eat camembert pregnant,1,1,google_ac:1,en:1,yes,can i eat during pregnancy,
1180,pregnancy,nutrition,1180,can i eat cheesecake pregnant,1,1,google_ac:1,en:1,yes,can i eat during pregnancy,
1181,pregnancy,nutrition,1181,can i eat drumstick during pregnancy,1,1,google_ac:1,en:1,yes,can i eat during pregnancy,
1182,pregnancy,nutrition,1182,can i eat duck pregnant,1,1,google_ac:1,en:1,yes,can i eat during pregnancy,
1183,pregnancy,nutrition,1183,can i eat durian pregnant,1,1,google_ac:1,en:1,yes,can i eat during pregnancy,
1184,pregnancy,nutrition,1184,can i eat flax seeds during pregnancy,1,1,google_ac:1,en:1,yes,can i eat during pregnancy,
1185,pregnancy,nutrition,1185,can i eat garlic during pregnancy,1,1,google_ac:1,en:1,yes,can i eat during pregnancy,
1186,pregnancy,nutrition,1186,can i eat ghee during pregnancy,1,1,google_ac:1,en:1,yes,can i eat during pregnancy,
1187,pregnancy,nutrition,1187,can i eat golgappa during pregnancy,1,1,google_ac:1,en:1,yes,can i eat during pregnancy,
1188,pregnancy,nutrition,1188,can i eat gongura during pregnancy,1,1,google_ac:1,en:1,yes,can i eat during pregnancy,
1189,pregnancy,nutrition,1189,can i eat groundnut during pregnancy,1,1,google_ac:1,en:1,yes,can i eat during pregnancy,
1190,pregnancy,nutrition,1190,can i eat hajmola during pregnancy,1,1,google_ac:1,en:1,yes,can i eat during pregnancy,
1191,pregnancy,nutrition,1191,can i eat halloumi pregnant,1,1,google_ac:1,en:1,yes,can i eat during pregnancy,
1192,pregnancy,nutrition,1192,can i eat ham pregnant,1,1,google_ac:1,en:1,yes,can i eat during pregnancy,
1193,pregnancy,nutrition,1193,can i eat horse gram during fifth week of pregnancy,1,1,mylo:1,en:1,yes,,
1194,pregnancy,nutrition,1194,can i eat hummus pregnant,1,1,google_ac:1,en:1,yes,can i eat during pregnancy,
1195,pregnancy,nutrition,1195,can i eat imli during pregnancy in hindi,1,1,google_ac:1,en:1,yes,pregnancy in hindi,
1196,pregnancy,nutrition,1196,can i eat jaggery during pregnancy,1,1,google_ac:1,en:1,yes,can i eat during pregnancy,
1197,pregnancy,nutrition,1197,can i eat jeera during pregnancy,1,1,google_ac:1,en:1,yes,can i eat during pregnancy,
1198,pregnancy,nutrition,1198,can i eat jowar during pregnancy,1,1,google_ac:1,en:1,yes,can i eat during pregnancy,
1199,pregnancy,nutrition,1199,can i eat jujube during pregnancy,1,1,google_ac:1,en:1,yes,can i eat during pregnancy,
1200,pregnancy,nutrition,1200,can i eat junnu during pregnancy,1,1,google_ac:1,en:1,yes,can i eat during pregnancy,
1201,pregnancy,nutrition,1201,can i eat kishmish during pregnancy,1,1,google_ac:1,en:1,yes,can i eat during pregnancy,
1202,pregnancy,nutrition,1202,can i eat lays during pregnancy,1,1,google_ac:1,en:1,yes,can i eat during pregnancy,
1203,pregnancy,nutrition,1203,can i eat lemon during pregnancy,1,1,google_ac:1,en:1,yes,can i eat during pregnancy,
1204,pregnancy,nutrition,1204,can i eat lettuce during pregnancy,1,1,google_ac:1,en:1,yes,can i eat during pregnancy,
1205,pregnancy,nutrition,1205,can i eat litchi during pregnancy,1,1,google_ac:1,en:1,yes,can i eat during pregnancy,
1206,pregnancy,nutrition,1206,can i eat longan during pregnancy,1,1,google_ac:1,en:1,yes,can i eat during pregnancy,
1207,pregnancy,nutrition,1207,can i eat makhana during pregnancy,1,1,google_ac:1,en:1,yes,can i eat during pregnancy,
1208,pregnancy,nutrition,1208,can i eat momos during pregnancy,1,1,google_ac:1,en:1,yes,can i eat during pregnancy,
1209,pregnancy,nutrition,1209,can i eat mushroom during pregnancy,1,1,google_ac:1,en:1,yes,can i eat during pregnancy,
1210,pregnancy,nutrition,1210,can i eat muskmelon during pregnancy,1,1,google_ac:1,en:1,yes,can i eat during pregnancy,
1211,pregnancy,nutrition,1211,can i eat mutton during pregnancy,1,1,google_ac:1,en:1,yes,can i eat during pregnancy,
1212,pregnancy,nutrition,1212,can i eat nduja pregnant,1,1,google_ac:1,en:1,yes,can i eat during pregnancy,
1213,pregnancy,nutrition,1213,can i eat octopus during pregnancy,1,1,google_ac:1,en:1,yes,can i eat during pregnancy,
1214,pregnancy,nutrition,1214,can i eat okra during pregnancy,1,1,google_ac:1,en:1,yes,can i eat during pregnancy,
1215,pregnancy,nutrition,1215,can i eat olives during pregnancy,1,1,google_ac:1,en:1,yes,can i eat during pregnancy,
1216,pregnancy,nutrition,1216,can i eat omelette during pregnancy,1,1,google_ac:1,en:1,yes,can i eat during pregnancy,
1217,pregnancy,nutrition,1217,can i eat orange during pregnancy,1,1,google_ac:1,en:1,yes,can i eat during pregnancy,
1218,pregnancy,nutrition,1218,can i eat pumpkin seeds during pregnancy,1,1,google_ac:1,en:1,yes,can i eat during pregnancy,
1219,pregnancy,nutrition,1219,can i eat radish during pregnancy,1,1,google_ac:1,en:1,yes,can i eat during pregnancy,
1220,pregnancy,nutrition,1220,can i eat ragi during pregnancy,1,1,google_ac:1,en:1,yes,can i eat during pregnancy,
1221,pregnancy,nutrition,1221,can i eat rajma during pregnancy,1,1,google_ac:1,en:1,yes,can i eat during pregnancy,
1222,pregnancy,nutrition,1222,can i eat rambutan during pregnancy,1,1,google_ac:1,en:1,yes,can i eat during pregnancy,
1223,pregnancy,nutrition,1223,can i eat rohu fish during pregnancy,1,1,google_ac:1,en:1,yes,can i eat during pregnancy,
1224,pregnancy,nutrition,1224,can i eat rusk during pregnancy,1,1,google_ac:1,en:1,yes,can i eat during pregnancy,
1225,pregnancy,nutrition,1225,can i eat sweet potato during pregnancy,1,1,google_ac:1,en:1,yes,can i eat during pregnancy,
1226,pregnancy,nutrition,1226,can i eat tiramisu pregnant,1,1,google_ac:1,en:1,yes,can i eat during pregnancy,
1227,pregnancy,nutrition,1227,can i eat truffle pregnant,1,1,google_ac:1,en:1,yes,can i eat during pregnancy,
1228,pregnancy,nutrition,1228,can i eat vazhaithandu during pregnancy,1,1,google_ac:1,en:1,yes,can i eat during pregnancy,
1229,pregnancy,nutrition,1229,can i eat veg sandwich during pregnancy,1,1,google_ac:1,en:1,yes,can i eat during pregnancy,
1230,pregnancy,nutrition,1230,can i eat vermicelli during pregnancy,1,1,google_ac:1,en:1,yes,can i eat during pregnancy,
1231,pregnancy,nutrition,1231,can i eat zucchini during pregnancy,1,1,google_ac:1,en:1,yes,can i eat during pregnancy,
1232,pregnancy,nutrition,1232,can i have diet coke gestational diabetes,1,1,google_ac:1,en:1,yes,gestational diabetes,
1233,pregnancy,scans,1233,can i pay due date bills in gcash,1,1,google_ac:1,en:1,yes,due date,
1234,pregnancy,labour,1234,can i refuse induction gestational diabetes,1,1,google_ac:1,en:1,yes,gestational diabetes,
1235,pregnancy,scans,1235,can i scan pregnancy with phone,1,1,google_ac:1,en:1,yes,pregnancy scan,
1236,pregnancy,mind-mood,1236,can i travel after ectopic pregnancy surgery,1,1,google_ac:1,en:1,yes,pregnancy travel,
1237,pregnancy,mind-mood,1237,can i travel after ivf pregnancy,1,1,google_ac:1,en:1,yes,pregnancy travel,
1238,pregnancy,mind-mood,1238,can i travel pregnant to japan,1,1,google_ac:1,en:1,yes,pregnancy travel,
1239,pregnancy,labour,1239,can labour pain start without cervix open,1,1,google_ac:1,en:1,yes,labour pain,
1240,pregnancy,complications,1240,can long distance travel cause miscarriage,1,1,google_ac:1,en:1,yes,pregnancy travel,
1241,pregnancy,general,1241,can men get pregnant in hindi,1,1,google_ac:1,en:1,yes,pregnancy in hindi,
1242,pregnancy,scans,1242,can not scan af,1,1,ddg_ac:1,en:1,yes,nt scan,
1243,pregnancy,general,1243,can pregnancy cause sea sickness,1,1,google_ac:1,en:1,yes,pregnancy travel,
1244,pregnancy,mind-mood,1244,can pregnant dogs travel by car,1,1,google_ac:1,en:1,yes,pregnancy travel,
1245,pregnancy,nutrition,1245,can pregnant women drink diet dr pepper,1,1,google_ac:1,en:1,yes,pregnancy diet,
1246,pregnancy,nutrition,1246,can pregnant women eat salmon,1,1,google_ac:1,en:1,yes,pregnancy diet,
1247,pregnancy,nutrition,1247,can pregnant women eat steak,1,1,ddg_ac:1,en:1,yes,can i eat during pregnancy,
1248,pregnancy,general,1248,can pregnant women go to mri,1,1,ddg_ac:1,en:1,yes,pregnancy scan,
1249,pregnancy,nutrition,1249,can prenatal. vitamins cause sleep problems,1,1,google_ac:1,en:1,yes,pregnancy sleep,
1250,pregnancy,nutrition,1250,can second trimester drink zobo,1,1,google_ac:1,en:1,yes,second trimester,
1251,pregnancy,nutrition,1251,can we eat arbi in pregnancy in hindi,1,1,google_ac:1,en:1,yes,pregnancy in hindi,
1252,pregnancy,nutrition,1252,can we eat somp during pregnancy,1,1,google_ac:1,en:1,yes,pregnancy in hindi,
1253,pregnancy,general,1253,can we feed while pregnant,1,1,google_ac:1,en:1,yes,can i eat during pregnancy,
1254,pregnancy,general,1254,can we go in hindi,1,1,ddg_ac:1,en:1,yes,pregnancy in hindi,
1255,pregnancy,mind-mood,1255,can you feel flutters at 12 weeks pregnant,1,1,google_ac:1,en:1,yes,pregnancy 12 weeks,
1256,pregnancy,scans,1256,can you have a scan at 11 weeks,1,1,google_ac:1,en:1,yes,nt scan,
1257,pregnancy,weeks-and-symptoms,1257,can you have pregnancy with no symptoms,1,1,google_ac:1,en:1,yes,can i eat during pregnancy,
1258,pregnancy,labour,1258,can you still have a natural birth if baby is breech,1,1,google_ac:1,en:1,yes,normal delivery,
1259,pregnancy,weeks-and-symptoms,1259,can you tell if you are pregnant after 2 weeks,1,1,google_ac:1,en:1,yes,am i pregnant,
1260,pregnancy,complications,1260,cephalexin is it safe for pregnancy,1,1,google_ac:1,en:1,yes,is it safe during pregnancy,
1261,pregnancy,general,1261,dark neck during pregnancy is it normal,1,1,mylo:1,en:1,yes,,
1262,pregnancy,scans,1262,dear doctor today i hv gone for ultrasound and therr i checkedup my self with gs of 26 1mm age of 7week 0 days requesting u please tell us as that there is no heartbeat shown in baby pls tell as is yh,1,1,parentune:1,en:1,yes,,
1263,pregnancy,labour,1263,delivery ke baad kamar dard kyu hota hai,1,1,mylo:1,hinglish:1,yes,,
1264,pregnancy,labour,1264,delivery ke baad vajan kam kaise kare,1,1,mylo:1,hinglish:1,yes,,
1265,pregnancy,labour,1265,delivery ke symptoms aur hospital kab jaye,1,1,mylo:1,hinglish:1,yes,,
1266,pregnancy,complications,1266,diclofenac is it safe in pregnancy,1,1,google_ac:1,en:1,yes,is it safe during pregnancy,
1267,pregnancy,labour,1267,did kate have a c section,1,1,google_ac:1,en:1,yes,c section,
1268,pregnancy,labour,1268,do c section babies get jaundice,1,1,google_ac:1,en:1,yes,c section,
1269,pregnancy,labour,1269,do c section increase risk of atopy in baby,1,1,ddg_ac:1,en:1,yes,c section,
1270,pregnancy,weeks-and-symptoms,1270,do chemical pregnancies happen at 6 weeks,1,1,google_ac:1,en:1,yes,chemical pregnancy,
1271,pregnancy,general,1271,do dates have,1,1,google_ac:1,en:1,yes,due date,
1272,pregnancy,general,1272,do dewane seher mein,1,1,ddg_ac:1,en:1,yes,due date,
1273,pregnancy,general,1273,do due dates lock assignments in canvas,1,1,ddg_ac:1,en:1,yes,due date,
1274,pregnancy,weeks-and-symptoms,1274,do early pregnancy symptoms come and go reddit,1,1,google_ac:1,en:1,yes,first trimester,
1275,pregnancy,complications,1275,do gestational diabetes babies go to nicu,1,1,google_ac:1,en:1,yes,gestational diabetes,
1276,pregnancy,complications,1276,do high risk pregnancies deliver early,1,1,google_ac:1,en:1,yes,high risk pregnancy,
1277,pregnancy,complications,1277,do i need a high risk pregnancy doctor,1,1,google_ac:1,en:1,yes,high risk pregnancy,
1278,pregnancy,scans,1278,do not scan label,1,1,ddg_ac:1,en:1,yes,nt scan,
1279,pregnancy,general,1279,do not use in pregnancy in hindi,1,1,google_ac:1,en:1,yes,pregnancy in hindi,
1280,pregnancy,complications,1280,do pregnancy cramps feel like trapped wind,1,1,google_ac:1,en:1,yes,pregnancy cramps,
1281,pregnancy,complications,1281,do pregnancy cramps stop after implantation,1,1,google_ac:1,en:1,yes,pregnancy cramps,
1282,pregnancy,general,1282,do pregnancy scans have radiation,1,1,google_ac:1,en:1,yes,pregnancy scan,
1283,pregnancy,mind-mood,1283,do pregnant deer travel alone,1,1,google_ac:1,en:1,yes,pregnancy travel,
1284,pregnancy,mind-mood,1284,do pregnant women travelling to snow area,1,1,google_ac:1,en:1,yes,pregnancy travel,
1285,pregnancy,labour,1285,do very do next day delivery,1,1,ddg_ac:1,en:1,yes,normal delivery,
1286,pregnancy,nutrition,1286,do you get morning sickness with a chemical pregnancy,1,1,google_ac:1,en:1,yes,chemical pregnancy,
1287,pregnancy,nutrition,1287,do you get the runs with morning sickness,1,1,google_ac:1,en:1,yes,morning sickness,
1288,pregnancy,nutrition,1288,do you get the shakes with morning sickness,1,1,google_ac:1,en:1,yes,morning sickness,
1289,pregnancy,scans,1289,does anomaly scan require fasting,1,1,google_ac:1,en:1,yes,anomaly scan,
1290,pregnancy,labour,1290,does c section cause weight gain,1,1,google_ac:1,en:1,yes,c section,
1291,pregnancy,labour,1291,does c section count as para,1,1,ddg_ac:1,en:1,yes,c section,
1292,pregnancy,labour,1292,does c section have side effects,1,1,google_ac:1,en:1,yes,c section,
1293,pregnancy,general,1293,does chandra grahan affect pregnancy in hindi,1,1,google_ac:1,en:1,yes,pregnancy in hindi,
1294,pregnancy,complications,1294,does coughing sneezing open the cervix im 33w nowwith short cervix,1,1,mylo:1,en:1,yes,,
1295,pregnancy,nutrition,1295,does diet pregnancy affect baby taste buds,1,1,google_ac:1,en:1,yes,pregnancy diet,
1296,pregnancy,general,1296,does expiration date has extension,1,1,google_ac:1,en:1,yes,due date,
1297,pregnancy,general,1297,does first semester cgpa matter,1,1,ddg_ac:1,en:1,yes,first trimester,
1298,pregnancy,labour,1298,does height difference affect delivery,1,1,mylo:1,en:1,yes,,
1299,pregnancy,general,1299,does lip kiss cause pregnancy in hindi,1,1,google_ac:1,en:1,yes,pregnancy in hindi,
1300,pregnancy,nutrition,1300,does morning sickness fall under ada,1,1,ddg_ac:1,en:1,yes,morning sickness,
1301,pregnancy,labour,1301,does normal delivery requires cut,1,1,google_ac:1,en:1,yes,normal delivery,
1302,pregnancy,scans,1302,does nt scan detect spina bifida,1,1,google_ac:1,en:1,yes,nt scan,
1303,pregnancy,scans,1303,does nt scan show placenta position,1,1,google_ac:1,en:1,yes,nt scan,
1304,pregnancy,nutrition,1304,does pregnancy diet affect baby allergies,1,1,google_ac:1,en:1,yes,pregnancy diet,
1305,pregnancy,weeks-and-symptoms,1305,does pregnancy get better after the first trimester,1,1,google_ac:1,en:1,yes,pregnancy 12 weeks,
1306,pregnancy,scans,1306,does pregnancy ultrasound need fasting,1,1,google_ac:1,en:1,yes,pregnancy scan,
1307,pregnancy,labour,1307,does the cervix change after giving birth,1,1,google_ac:1,en:1,yes,normal delivery,
1308,pregnancy,weeks-and-symptoms,1308,does third trimester make you poop more,1,1,google_ac:1,en:1,yes,third trimester,
1309,pregnancy,general,1309,does too good to go deliver,1,1,ddg_ac:1,en:1,yes,normal delivery,
1310,pregnancy,general,1310,dog 8 weeks pregnant what to expect,1,1,google_ac:1,en:1,yes,pregnancy 8 weeks,
1311,pregnancy,general,1311,don't escape,1,1,ddg_ac:1,en:1,yes,nt scan,
1312,pregnancy,general,1312,don't scandalize mine,1,1,ddg_ac:1,en:1,yes,nt scan,
1313,pregnancy,complications,1313,doxycycline is it safe in pregnancy,1,1,google_ac:1,en:1,yes,is it safe during pregnancy,
1314,pregnancy,complications,1314,dramamine is it safe for pregnancy,1,1,google_ac:1,en:1,yes,is it safe during pregnancy,
1315,pregnancy,scans,1315,due date nikal jaye to kya kare,1,1,google_ac:1,en:1,yes,due date,
1316,pregnancy,complications,1316,eno is it safe during pregnancy,1,1,google_ac:1,en:1,yes,is it safe during pregnancy,
1317,pregnancy,complications,1317,erythromycin is it safe in pregnancy,1,1,google_ac:1,en:1,yes,is it safe during pregnancy,
1318,pregnancy,nutrition,1318,first trimester how much water to drink,1,1,google_ac:1,en:1,yes,first trimester,
1319,pregnancy,weeks-and-symptoms,1319,first trimester kitne week,1,1,google_ac:1,en:1,yes,first trimester,
1320,pregnancy,weeks-and-symptoms,1320,first trimester me kaise soye,1,1,google_ac:1,en:1,yes,first trimester,
1321,pregnancy,garbh-sanskar,1321,garbh sanskar havan kab karna chahiye,1,1,google_ac:1,en:1,yes,garbh sanskar,
1322,pregnancy,garbh-sanskar,1322,garbh sanskar kaise karen,1,1,google_ac:1,en:1,yes,garbh sanskar,
1323,pregnancy,complications,1323,gas x is it safe during pregnancy,1,1,google_ac:1,en:1,yes,is it safe during pregnancy,
1324,pregnancy,scans,1324,gender scan how many weeks,1,1,ddg_ac:1,en:1,yes,pregnancy scan,
1325,pregnancy,complications,1325,gestational diabetes how to pronounce,1,1,google_ac:1,en:1,yes,gestational diabetes,
1326,pregnancy,labour,1326,have a safe delivery and healthy baby,1,1,ddg_ac:1,en:1,yes,normal delivery,
1327,pregnancy,belly-skin,1327,hello everyone new mom here wanna know how to get rid of these stretch marks or if possible atleast,1,1,babychakra:1,en:1,yes,,
1328,pregnancy,labour,1328,help me pack my hospital bag,1,1,reddit:1,en:1,yes,,
1329,pregnancy,scans,1329,hey all i am 19 weeks pregnant and in my 2nd ultrasound baby s brain is showing 4mm cyst i am very m,1,1,babychakra:1,en:1,yes,,
1330,pregnancy,general,1330,hi after my pregnancy i gained too much weightplz guide me with some tips to get back to firm body shape,1,1,parentune:1,en:1,yes,,
1331,pregnancy,labour,1331,hi for normal delivery will they give injection on spinal and is it painless delivery what s the cost of painless delivery normal delivery,1,1,parentune:1,en:1,yes,,
1332,pregnancy,scans,1332,hi mummies my first scan report says mild perisac collection found which mean,1,1,mylo:1,en:1,yes,,
1333,pregnancy,general,1333,high risk pregnancy what should i do,1,1,google_ac:1,en:1,yes,high risk pregnancy,
1334,pregnancy,scans,1334,how can you tell boy or girl from nt scan,1,1,google_ac:1,en:1,yes,nt scan,
1335,pregnancy,general,1335,how dangerous is pregnancy and childbirth,1,1,google_ac:1,en:1,yes,high risk pregnancy,
1336,pregnancy,labour,1336,how do they get baby out during c section,1,1,google_ac:1,en:1,yes,c section,
1337,pregnancy,labour,1337,how does c section work with anterior placenta,1,1,google_ac:1,en:1,yes,c section,
1338,pregnancy,labour,1338,how does c section work with brimstone,1,1,google_ac:1,en:1,yes,c section,
1339,pregnancy,belly-skin,1339,how long after ectopic pregnancy can i exercise,1,1,google_ac:1,en:1,yes,pregnancy exercise,
1340,pregnancy,scans,1340,how long before due date maternity leave,1,1,ddg_ac:1,en:1,yes,due date,
1341,pregnancy,general,1341,how long do dates take to digest,1,1,google_ac:1,en:1,yes,due date,
1342,pregnancy,labour,1342,how long does a pregnant woman take to give birth,1,1,google_ac:1,en:1,yes,normal delivery,
1343,pregnancy,scans,1343,how long does not scan take,1,1,ddg_ac:1,en:1,yes,anomaly scan,
1344,pregnancy,general,1344,how long due water heaters last,1,1,ddg_ac:1,en:1,yes,due date,
1345,pregnancy,mind-mood,1345,how long painkillers work,1,1,google_ac:1,en:1,yes,labour pain,
1346,pregnancy,scans,1346,how long should to take a pregnancy test,1,1,google_ac:1,en:1,yes,foods to avoid in pregnancy,
1347,pregnancy,scans,1347,how many days after due date is meralco,1,1,google_ac:1,en:1,yes,due date,
1348,pregnancy,scans,1348,how many days after mortgage due date,1,1,ddg_ac:1,en:1,yes,due date,
1349,pregnancy,complications,1349,how many days does early pregnancy discharge last,1,1,google_ac:1,en:1,yes,pregnancy discharge,
1350,pregnancy,nutrition,1350,how many hours apart should you eat while pregnant,1,1,google_ac:1,en:1,yes,can i eat during pregnancy,
1351,pregnancy,mind-mood,1351,how many hours baby sleep in womb at 20 weeks,1,1,google_ac:1,en:1,yes,pregnancy 20 weeks,
1352,pregnancy,labour,1352,how many normal delivery can a woman have,1,1,google_ac:1,en:1,yes,normal delivery,
1353,pregnancy,general,1353,how many sections are there in sds,1,1,ddg_ac:1,en:1,yes,c section,
1354,pregnancy,general,1354,how many weeks pregnant 12 dpo,1,1,google_ac:1,en:1,yes,pregnancy 12 weeks,
1355,pregnancy,scans,1355,how many weeks pregnant am i if my due date is july 12,1,1,google_ac:1,en:1,yes,am i pregnant,
1356,pregnancy,general,1356,how many weeks should you get a pregnancy pillow,1,1,google_ac:1,en:1,yes,pregnancy sleep,
1357,pregnancy,labour,1357,how much blood do you lose during a c section,1,1,ddg_ac:1,en:1,yes,c section,
1358,pregnancy,labour,1358,how much c section at private hospital,1,1,google_ac:1,en:1,yes,c section,
1359,pregnancy,complications,1359,how much cinnamon is safe during pregnancy,1,1,google_ac:1,en:1,yes,is it safe during pregnancy,
1360,pregnancy,scans,1360,how much does an ultrasound cost in new zealand,1,1,google_ac:1,en:1,yes,pregnancy scan,
1361,pregnancy,nutrition,1361,how much doxylamine for morning sickness,1,1,google_ac:1,en:1,yes,morning sickness,
1362,pregnancy,complications,1362,how much exercise gestational diabetes,1,1,google_ac:1,en:1,yes,gestational diabetes,
1363,pregnancy,complications,1363,how much folic acid for high risk pregnancy,1,1,google_ac:1,en:1,yes,high risk pregnancy,
1364,pregnancy,general,1364,how much in hindi,1,1,ddg_ac:1,en:1,yes,pregnancy in hindi,
1365,pregnancy,general,1365,how much is due,1,1,ddg_ac:1,en:1,yes,due date,
1366,pregnancy,labour,1366,how much is very delivery,1,1,ddg_ac:1,en:1,yes,normal delivery,
1367,pregnancy,labour,1367,how much labour cost to paint a room uk,1,1,ddg_ac:1,en:1,yes,labour pain,
1368,pregnancy,complications,1368,how much magnesium for pregnancy leg cramps,1,1,google_ac:1,en:1,yes,pregnancy cramps,
1369,pregnancy,labour,1369,how much normal delivery in latifa hospital,1,1,google_ac:1,en:1,yes,normal delivery,
1370,pregnancy,labour,1370,how much normal delivery in lying in clinic,1,1,google_ac:1,en:1,yes,normal delivery,
1371,pregnancy,labour,1371,how much normal delivery in medical city,1,1,google_ac:1,en:1,yes,normal delivery,
1372,pregnancy,labour,1372,how much normal delivery in st luke's,1,1,google_ac:1,en:1,yes,normal delivery,
1373,pregnancy,complications,1373,how much pepcid is safe during pregnancy,1,1,google_ac:1,en:1,yes,is it safe during pregnancy,
1374,pregnancy,nutrition,1374,how much pineapple can i eat 38 weeks pregnant,1,1,google_ac:1,en:1,yes,can i eat during pregnancy,
1375,pregnancy,scans,1375,how much pregnancy scan at unjani clinic,1,1,google_ac:1,en:1,yes,pregnancy scan,
1376,pregnancy,complications,1376,how much quinoa gestational diabetes,1,1,google_ac:1,en:1,yes,gestational diabetes,
1377,pregnancy,weeks-and-symptoms,1377,how much tylenol third trimester,1,1,google_ac:1,en:1,yes,third trimester,
1378,pregnancy,nutrition,1378,how much zofran for morning sickness,1,1,google_ac:1,en:1,yes,morning sickness,
1379,pregnancy,scans,1379,how nt scan in 3 months pregnant,1,1,google_ac:1,en:1,yes,nt scan,
1380,pregnancy,general,1380,how pregnant can you go on holiday,1,1,google_ac:1,en:1,yes,pregnancy travel,
1381,pregnancy,labour,1381,how to avoid c section delivery,1,1,google_ac:1,en:1,yes,c section,
1382,pregnancy,general,1382,how to become a parenting coach in india,1,1,google_ac:1,en:1,yes,garbh sanskar,
1383,pregnancy,labour,1383,how to c section a cow,1,1,google_ac:1,en:1,yes,c section,
1384,pregnancy,scans,1384,how to calculate 7week 2 days in oct 28 ultrasound show 7 week 2 day then when did the first week,1,1,parentune:1,en:1,yes,,
1385,pregnancy,scans,1385,how to ct scan the sella turcica,1,1,ddg_ac:1,en:1,yes,nt scan,
1386,pregnancy,labour,1386,how to delivery pain start,1,1,google_ac:1,en:1,yes,labour pain,
1387,pregnancy,general,1387,how to do deeparadhana at home,1,1,google_ac:1,en:1,yes,garbh sanskar,
1388,pregnancy,complications,1388,how to have a safe pregnancy,1,1,google_ac:1,en:1,yes,is it safe during pregnancy,
1389,pregnancy,general,1389,how to learn sanskrit for beginners,1,1,google_ac:1,en:1,yes,garbh sanskar,
1390,pregnancy,labour,1390,how to manage c section pain at home,1,1,google_ac:1,en:1,yes,c section,
1391,pregnancy,labour,1391,how to normal delivery full video,1,1,google_ac:1,en:1,yes,normal delivery,
1392,pregnancy,labour,1392,how to normal delivery in hindi,1,1,google_ac:1,en:1,yes,normal delivery,
1393,pregnancy,complications,1393,how to prevent first trimester miscarriage,1,1,google_ac:1,en:1,yes,first trimester,
1394,pregnancy,scans,1394,how to pronounce anomaly scan,1,1,google_ac:1,en:1,yes,anomaly scan,
1395,pregnancy,labour,1395,how to reduce tummy after delivery,1,1,parentune:1,en:1,yes,,
1396,pregnancy,general,1396,how to say baby in hindi,1,1,ddg_ac:1,en:1,yes,pregnancy in hindi,
1397,pregnancy,scans,1397,how to scan on iphone,1,1,ddg_ac:1,en:1,yes,nt scan,
1398,pregnancy,general,1398,how to stop back sleeping pregnancy,1,1,google_ac:1,en:1,yes,pregnancy sleep,
1399,pregnancy,weeks-and-symptoms,1399,how to stop feeling sick third trimester,1,1,google_ac:1,en:1,yes,third trimester,
1400,pregnancy,garbh-sanskar,1400,how to talk to baby in pregnancy,1,1,parentune:1,en:1,yes,,
1401,pregnancy,general,1401,how to treat cough in 7 month of pregnancy,1,1,parentune:1,en:1,yes,,
1402,pregnancy,mind-mood,1402,how to work out 12 weeks pregnant,1,1,google_ac:1,en:1,yes,pregnancy 12 weeks,
1403,pregnancy,mind-mood,1403,i am 2 month pregnant and i want to travel its urgent can i take avomine tablet in bus i can travel,1,1,mylo:1,en:1,yes,,
1404,pregnancy,weeks-and-symptoms,1404,i am 5 months pregnant having palpitations for last 3 days specially at night time why so,1,1,parentune:1,en:1,yes,,
1405,pregnancy,nutrition,1405,i am 6 month pregnant i am gaining so much weight what can be done or please suggest me some diet to follow,1,1,parentune:1,en:1,yes,,
1406,pregnancy,complications,1406,i am 6th month pregnant helth conditions is good pls suggest me any vacation is required for me or by babys pls help dew to corona virus effect i cant contract with my doctor pls pls help me,1,1,parentune:1,hinglish:1,yes,,
1407,pregnancy,complications,1407,i am an expecting mom but there is very few movements by my baby i am in my second trimester,1,1,babychakra:1,en:1,yes,,
1408,pregnancy,complications,1408,i am confuses i am unable to feel the move of my baby baby only kicks everytym,1,1,babychakra:1,en:1,yes,,
1409,pregnancy,belly-skin,1409,i am having itching on my hands n feet applying coconut oil gynae has prescribed udiliv tabhas anyone else taken this tab in third trimester is it safe,1,1,parentune:1,en:1,yes,,
1410,pregnancy,general,1410,i am in d 5th month of pregnancy my question is i have put on 3kgs of weight in one month is that ok,1,1,babychakra:1,en:1,yes,,
1411,pregnancy,general,1411,i am suffering from pcos from last 2 years trying to be pregnant what to do,1,1,mylo:1,en:1,yes,,
1412,pregnancy,complications,1412,i have mild cold and cough is honitus safe during pregnancy currently in 10th week,1,1,mylo:1,en:1,yes,,
1413,pregnancy,scans,1413,i have tested positive in the pregnancy kit test i have been taking thyronorm 25mg medicine is it fine to continue the same medicine post finding positive in pregnancy,1,1,parentune:1,en:1,yes,,
1414,pregnancy,nutrition,1414,i m 3month pregnant from which month does food goes to baby in womb,1,1,parentune:1,en:1,yes,,
1415,pregnancy,belly-skin,1415,i m 4 month pregnant is it safe to use biotique hair color to hide my gray hair what about veet hair,1,1,babychakra:1,en:1,yes,,
1416,pregnancy,general,1416,i m 45 days pregnant and i m having headache most of the time is it common,1,1,babychakra:1,en:1,yes,,
1417,pregnancy,nutrition,1417,if you wake up with morning nausea how to stop feeling nauseous,1,1,google_ac:1,en:1,yes,morning sickness,
1418,pregnancy,general,1418,im 2 time pregnancy now i want to know maximum how many week for due,1,1,babychakra:1,en:1,yes,,
1419,pregnancy,complications,1419,imodium is it safe for pregnancy,1,1,google_ac:1,en:1,yes,is it safe during pregnancy,
1420,pregnancy,scans,1420,in 5th month scan echogenic cardiac focus in left ventricle anybody facing,1,1,babychakra:1,en:1,yes,,
1421,pregnancy,general,1421,is 20 weeks safe to announce pregnancy,1,1,google_ac:1,en:1,yes,pregnancy 20 weeks,
1422,pregnancy,complications,1422,is 32 high risk for pregnancy,1,1,google_ac:1,en:1,yes,high risk pregnancy,
1423,pregnancy,general,1423,is 33 weeks 8 months pregnant,1,1,google_ac:1,en:1,yes,pregnancy 32 weeks,
1424,pregnancy,scans,1424,is 4d scan internal or external,1,1,google_ac:1,en:1,yes,nt scan,
1425,pregnancy,weeks-and-symptoms,1425,is 5 months pregnant 20 weeks,1,1,google_ac:1,en:1,yes,pregnancy 20 weeks,
1426,pregnancy,general,1426,is a moving baby a healthy baby,1,1,google_ac:1,en:1,yes,baby movement,
1427,pregnancy,complications,1427,is ajwain safe during pregnancy in hindi,1,1,google_ac:1,en:1,yes,pregnancy in hindi,
1428,pregnancy,scans,1428,is anomaly scan and nt scan same,1,1,google_ac:1,en:1,yes,anomaly scan,
1429,pregnancy,scans,1429,is anomaly scan done through tvs,1,1,google_ac:1,en:1,yes,anomaly scan,
1430,pregnancy,complications,1430,is augmentin safe during pregnancy,1,1,google_ac:1,en:1,yes,is it safe during pregnancy,
1431,pregnancy,complications,1431,is bed rest required after cervical cerclage,1,1,google_ac:1,en:1,yes,normal delivery,
1432,pregnancy,complications,1432,is breastfeeding safe during pregnancy,1,1,google_ac:1,en:1,yes,breastfeeding,
1433,pregnancy,labour,1433,is c section genetic,1,1,ddg_ac:1,en:1,yes,c section,
1434,pregnancy,complications,1434,is category c safe during pregnancy,1,1,google_ac:1,en:1,yes,is it safe during pregnancy,
1435,pregnancy,weeks-and-symptoms,1435,is centella safe for pregnancy third trimester,1,1,google_ac:1,en:1,yes,pregnancy 32 weeks,
1436,pregnancy,complications,1436,is cheese ok gestational diabetes,1,1,google_ac:1,en:1,yes,gestational diabetes,
1437,pregnancy,complications,1437,is cheston cold pregnancy safe in hindi,1,1,google_ac:1,en:1,yes,pregnancy in hindi,
1438,pregnancy,general,1438,is childbirth painful because of eve,1,1,google_ac:1,en:1,yes,labour pain,
1439,pregnancy,weeks-and-symptoms,1439,is cooked cassava safe for pregnancy third trimester,1,1,google_ac:1,en:1,yes,pregnancy 32 weeks,
1440,pregnancy,labour,1440,is delivery date accurate,1,1,google_ac:1,en:1,yes,due date,
1441,pregnancy,scans,1441,is due date funny,1,1,google_ac:1,en:1,yes,due date,
1442,pregnancy,complications,1442,is dynapar safe in pregnancy in hindi,1,1,google_ac:1,en:1,yes,pregnancy in hindi,
1443,pregnancy,complications,1443,is eating chicken safe in early pregnancy,1,1,babychakra:1,en:1,yes,,
1444,pregnancy,complications,1444,is elderberry safe during pregnancy,1,1,google_ac:1,en:1,yes,is it safe during pregnancy,
1445,pregnancy,complications,1445,is equal safe during pregnancy,1,1,google_ac:1,en:1,yes,is it safe during pregnancy,
1446,pregnancy,general,1446,is first semester fall or spring,1,1,ddg_ac:1,en:1,yes,first trimester,
1447,pregnancy,mind-mood,1447,is first trimester depression a thing,1,1,google_ac:1,en:1,yes,first trimester,
1448,pregnancy,labour,1448,is food delivery worth it for health,1,1,ddg_ac:1,en:1,yes,normal delivery,
1449,pregnancy,garbh-sanskar,1449,is garbh sanskar can be done by christian,1,1,google_ac:1,en:1,yes,garbh sanskar,
1450,pregnancy,complications,1450,is gestational diabetes a disability,1,1,ddg_ac:1,en:1,yes,gestational diabetes,
1451,pregnancy,complications,1451,is gestational diabetes capitalized,1,1,ddg_ac:1,en:1,yes,gestational diabetes,
1452,pregnancy,nutrition,1452,is gondh edible gum is safe for pregnant women to eat,1,1,mylo:1,en:1,yes,,
1453,pregnancy,complications,1453,is grade 3 placenta dangerous,1,1,google_ac:1,en:1,yes,normal delivery,
1454,pregnancy,nutrition,1454,is green methi and bathua good to eat in pregnancy,1,1,mylo:1,en:1,yes,,
1455,pregnancy,scans,1455,is growth scan internal or external,1,1,google_ac:1,en:1,yes,nt scan,
1456,pregnancy,complications,1456,is guaifenesin safe during pregnancy,1,1,google_ac:1,en:1,yes,is it safe during pregnancy,
1457,pregnancy,complications,1457,is inositol safe during pregnancy,1,1,google_ac:1,en:1,yes,is it safe during pregnancy,
1458,pregnancy,general,1458,is it bad to go to concert while pregnant,1,1,google_ac:1,en:1,yes,pregnancy travel,
1459,pregnancy,general,1459,is it bad to go to funeral while pregnant,1,1,google_ac:1,en:1,yes,pregnancy travel,
1460,pregnancy,labour,1460,is it better to give birth with or without epidural,1,1,google_ac:1,en:1,yes,normal delivery,
1461,pregnancy,labour,1461,is it good to get artificially induced,1,1,parentune:1,en:1,yes,,
1462,pregnancy,weeks-and-symptoms,1462,is it normal at third trimester for pressure at lower back,1,1,google_ac:1,en:1,yes,third trimester,
1463,pregnancy,general,1463,is it normal for ac section incision to leak,1,1,google_ac:1,en:1,yes,c section,
1464,pregnancy,general,1464,is it normal for breasts to stop hurting at 8 weeks pregnant,1,1,google_ac:1,en:1,yes,pregnancy 8 weeks,
1465,pregnancy,scans,1465,is it normal to be nervous before a pregnancy scan,1,1,google_ac:1,en:1,yes,pregnancy scan,
1466,pregnancy,scans,1466,is it normal to bleed after an internal pregnancy scan,1,1,google_ac:1,en:1,yes,pregnancy scan,
1467,pregnancy,complications,1467,is it normal to bleed during pregnancy at 36 weeks,1,1,google_ac:1,en:1,yes,pregnancy 36 weeks,
1468,pregnancy,complications,1468,is it normal to have headache burping n jaw pain im 35th week of pregnancy m also having sinus problem but much better now,1,1,parentune:1,en:1,yes,,
1469,pregnancy,belly-skin,1469,is it ok to exercise 4 weeks pregnant,1,1,google_ac:1,en:1,yes,pregnancy exercise,
1470,pregnancy,nutrition,1470,is it okay to drink tang and glucon d during pregnancy,1,1,mylo:1,en:1,yes,,
1471,pregnancy,complications,1471,is it safe for pregnancy app,1,1,google_ac:1,en:1,yes,is it safe during pregnancy,
1472,pregnancy,mind-mood,1472,is it safe for pregnant to travel by motorcycle,1,1,google_ac:1,en:1,yes,pregnancy travel,
1473,pregnancy,scans,1473,is it safe to announce pregnancy after nt scan,1,1,google_ac:1,en:1,yes,nt scan,
1474,pregnancy,labour,1474,is it safe to climb stairs after normal delivery,1,1,google_ac:1,en:1,yes,normal delivery,
1475,pregnancy,labour,1475,is it safe to eat potato after normal delivery,1,1,google_ac:1,en:1,yes,normal delivery,
1476,pregnancy,nutrition,1476,is it safe to have loquats langath fruit during pregnancy,1,1,mylo:1,en:1,yes,,
1477,pregnancy,complications,1477,is it safe to move baby bunnies,1,1,google_ac:1,en:1,yes,baby movement,
1478,pregnancy,complications,1478,is it safe to move baby in womb,1,1,google_ac:1,en:1,yes,baby movement,
1479,pregnancy,mind-mood,1479,is it safe to sex during pregnancy,1,1,google_ac:1,en:1,yes,is it safe during pregnancy,
1480,pregnancy,mind-mood,1480,is it safe to sleep,1,1,ddg_ac:1,en:1,yes,pregnancy sleep,
1481,pregnancy,weeks-and-symptoms,1481,is it safe to use vibrator during second trimester,1,1,google_ac:1,en:1,yes,second trimester,
1482,pregnancy,labour,1482,is it safe to wear belt after normal delivery,1,1,google_ac:1,en:1,yes,normal delivery,
1483,pregnancy,weeks-and-symptoms,1483,is it safe to work during first trimester of pregnancy,1,1,google_ac:1,en:1,yes,first trimester,
1484,pregnancy,general,1484,is jamaica bad for pregnancy,1,1,google_ac:1,en:1,yes,pregnancy travel,
1485,pregnancy,complications,1485,is kefir safe during pregnancy,1,1,google_ac:1,en:1,yes,is it safe during pregnancy,
1486,pregnancy,labour,1486,is labour safe,1,1,google_ac:1,en:1,yes,labour pain,
1487,pregnancy,general,1487,is last date extended,1,1,google_ac:1,en:1,yes,due date,
1488,pregnancy,complications,1488,is lexapro safe during pregnancy,1,1,google_ac:1,en:1,yes,is it safe during pregnancy,
1489,pregnancy,complications,1489,is monocef safe in pregnancy in hindi,1,1,google_ac:1,en:1,yes,pregnancy in hindi,
1490,pregnancy,labour,1490,is natural birth possible for twins,1,1,google_ac:1,en:1,yes,normal delivery,
1491,pregnancy,labour,1491,is normal delivery possible after iui,1,1,google_ac:1,en:1,yes,normal delivery,
1492,pregnancy,labour,1492,is normal delivery possible with cord around neck,1,1,google_ac:1,en:1,yes,normal delivery,
1493,pregnancy,complications,1493,is off safe for pregnancy,1,1,google_ac:1,en:1,yes,is it safe during pregnancy,
1494,pregnancy,belly-skin,1494,is pregnancy back.pain biological,1,1,google_ac:1,en:1,yes,pregnancy back pain,
1495,pregnancy,complications,1495,is pregnancy discharge continuous,1,1,google_ac:1,en:1,yes,pregnancy discharge,
1496,pregnancy,general,1496,is pregnancy tourism,1,1,google_ac:1,en:1,yes,pregnancy travel,
1497,pregnancy,weeks-and-symptoms,1497,is prune juice safe for pregnancy third trimester,1,1,google_ac:1,en:1,yes,pregnancy 32 weeks,
1498,pregnancy,complications,1498,is q10 safe during pregnancy,1,1,google_ac:1,en:1,yes,is it safe during pregnancy,
1499,pregnancy,complications,1499,is quercetin safe during pregnancy,1,1,google_ac:1,en:1,yes,is it safe during pregnancy,
1500,pregnancy,complications,1500,is qulipta safe during pregnancy,1,1,google_ac:1,en:1,yes,is it safe during pregnancy,
1501,pregnancy,complications,1501,is ricola safe during pregnancy,1,1,google_ac:1,en:1,yes,is it safe during pregnancy,
1502,pregnancy,general,1502,is sambar good for pregnancy,1,1,google_ac:1,en:1,yes,garbh sanskar,
1503,pregnancy,scans,1503,is sonography must in the first trimester,1,1,parentune:1,en:1,yes,,
1504,pregnancy,belly-skin,1504,is squat exercise safe during pregnancy,1,1,google_ac:1,en:1,yes,pregnancy exercise,
1505,pregnancy,general,1505,is the first month of accutane the worst,1,1,google_ac:1,en:1,yes,first trimester,
1506,pregnancy,scans,1506,is the nuchal scan internal.or external,1,1,google_ac:1,en:1,yes,nt scan,
1507,pregnancy,labour,1507,is usps informed delivery safe,1,1,ddg_ac:1,en:1,yes,normal delivery,
1508,pregnancy,complications,1508,is water park safe when pregnant,1,1,google_ac:1,en:1,yes,pregnancy travel,
1509,pregnancy,weeks-and-symptoms,1509,is xonvea safe in third trimester,1,1,ddg_ac:1,en:1,yes,third trimester,
1510,pregnancy,complications,1510,is xyzal safe during pregnancy,1,1,google_ac:1,en:1,yes,is it safe during pregnancy,
1511,pregnancy,complications,1511,is zantac safe during pregnancy,1,1,google_ac:1,en:1,yes,is it safe during pregnancy,
1512,pregnancy,complications,1512,is zevia safe during pregnancy,1,1,google_ac:1,en:1,yes,is it safe during pregnancy,
1513,pregnancy,complications,1513,is zicam safe during pregnancy,1,1,google_ac:1,en:1,yes,is it safe during pregnancy,
1514,pregnancy,complications,1514,is zumba safe during pregnancy,1,1,google_ac:1,en:1,yes,is it safe during pregnancy,
1515,pregnancy,complications,1515,is zzzquil safe during pregnancy,1,1,google_ac:1,en:1,yes,is it safe during pregnancy,
1516,pregnancy,complications,1516,keppra is it safe in pregnancy,1,1,google_ac:1,en:1,yes,is it safe during pregnancy,
1517,pregnancy,complications,1517,kick in stomach but not pregnant,1,1,parentune:1,en:1,yes,,
1518,pregnancy,complications,1518,kombucha is it safe for pregnancy,1,1,google_ac:1,en:1,yes,is it safe during pregnancy,
1519,pregnancy,general,1519,kon kon c chije aisi hai jo pregnancy mei gas acidity jalan karti hain koi bt,1,1,mylo:1,hinglish:1,yes,,
1520,pregnancy,complications,1520,labetalol is it safe in pregnancy,1,1,google_ac:1,en:1,yes,is it safe during pregnancy,
1521,pregnancy,complications,1521,lactulose is it safe in pregnancy,1,1,google_ac:1,en:1,yes,is it safe during pregnancy,
1522,pregnancy,complications,1522,lamotrigine is it safe in pregnancy,1,1,google_ac:1,en:1,yes,is it safe during pregnancy,
1523,pregnancy,belly-skin,1523,laser hair removal is it safe during pregnancy,1,1,google_ac:1,en:1,yes,is it safe during pregnancy,
1524,pregnancy,complications,1524,loperamide is it safe in pregnancy,1,1,google_ac:1,en:1,yes,is it safe during pregnancy,
1525,pregnancy,complications,1525,loratadine is it safe for pregnancy,1,1,google_ac:1,en:1,yes,is it safe during pregnancy,
1526,pregnancy,labour,1526,lymph under armpit after c section at the 8th day after delivery why this happening and is there any remedies,1,1,parentune:1,en:1,yes,,
1527,pregnancy,nutrition,1527,m 8 month pregnant but i dont feel craving for any food is it normal,1,1,parentune:1,en:1,yes,,
1528,pregnancy,general,1528,maim pregnancy 8 month me physicalrelationship nhi banana chahiye agar banate h to usse hone wali nu,1,1,babychakra:1,hinglish:1,yes,,
1529,pregnancy,belly-skin,1529,mam mera 8 month pregnancy ka chal rha hai mere face pr bhut pimple ho rhe,1,1,babychakra:1,hinglish:1,yes,,
1530,pregnancy,scans,1530,mam mujhe periods is month nhi aye aur 2 din pahle maine pregnancy test kiy,1,1,babychakra:1,hinglish:1,yes,,
1531,pregnancy,complications,1531,melatonin is it safe during pregnancy,1,1,google_ac:1,en:1,yes,is it safe during pregnancy,
1532,pregnancy,general,1532,mera 2 month chal rha a pregnancy ka mujhe buhut vomit aa rahi a kuch v khati ho ya peti ho usi tm vomit aa jati m kya kro,1,1,parentune:1,hinglish:1,yes,,
1533,pregnancy,labour,1533,mera cs huy hi to khne me kya kya kha skte hi kitne din tk,1,1,parentune:1,hinglish:1,yes,,
1534,pregnancy,complications,1534,mere wife ke cervix length 2 3 cm he 12 weeks mein low plesanta bhi he koi jada serious problem to n,1,1,babychakra:1,hinglish:1,yes,,
1535,pregnancy,general,1535,meri shadi ko 3 saal ho gye h me pichle 4 5 mahine se pregnant honi ki try kr rahi pr nhi ho pa rahi,1,1,babychakra:1,hinglish:1,yes,,
1536,pregnancy,labour,1536,meri tar meri friend ko bhi november me baby hokr baby ki death ho gai or 3 month me dusri pregnancy rakhi he to usko aage kale koi pro ho sakti he pehli delivery normal thi plz jarur reply de,1,1,parentune:1,hinglish:1,yes,,
1537,pregnancy,complications,1537,metronidazole is it safe for pregnancy,1,1,google_ac:1,en:1,yes,is it safe during pregnancy,
1538,pregnancy,complications,1538,miralax is it safe for pregnancy,1,1,google_ac:1,en:1,yes,is it safe during pregnancy,
1539,pregnancy,scans,1539,mot how long after due date,1,1,ddg_ac:1,en:1,yes,due date,
1540,pregnancy,scans,1540,my age is 37 mujhe ye jaanna hai ki pregnancy mai kaun kaun se test importa,1,1,babychakra:1,hinglish:1,yes,,
1541,pregnancy,weeks-and-symptoms,1541,my third trimester has staryed today n m feeling so dizziness from yesterday all test are clear has anyone experienced so,1,1,parentune:1,en:1,yes,,
1542,pregnancy,labour,1542,normal delivery bleeding how many days,1,1,google_ac:1,en:1,yes,normal delivery,
1543,pregnancy,labour,1543,normal delivery ke liye kitna vajan hona chahiye,1,1,mylo:1,hinglish:1,yes,,
1544,pregnancy,labour,1544,normal delivery me tanke kitne din,1,1,google_ac:1,en:1,yes,normal delivery,
1545,pregnancy,labour,1545,not with wife for seconds delivery,1,1,parentune:1,en:1,yes,,
1546,pregnancy,scans,1546,nt scan ka price kitna hai,1,1,google_ac:1,en:1,yes,nt scan,
1547,pregnancy,complications,1547,omeprazole is it safe in pregnancy,1,1,google_ac:1,en:1,yes,is it safe during pregnancy,
1548,pregnancy,general,1548,please advice from people who have been through this,1,1,reddit:1,en:1,yes,,
1549,pregnancy,belly-skin,1549,pregnancy exercise kaise karen,1,1,google_ac:1,en:1,yes,pregnancy exercise,
1550,pregnancy,nutrition,1550,pregnancy ke tisre mahine me kya khaye,1,1,mylo:1,hinglish:1,yes,,
1551,pregnancy,nutrition,1551,pregnancy me anda khana chahiye ya nahi,1,1,mylo:1,hinglish:1,yes,,
1552,pregnancy,complications,1552,pregnancy me disprin tablet safe hai kya,1,1,mylo:1,hinglish:1,yes,,
1553,pregnancy,general,1553,pregnancy me gular ki sbji hum kha sakte hai kya,1,1,mylo:1,hinglish:1,yes,,
1554,pregnancy,scans,1554,pregnancy scan kaise check kare,1,1,google_ac:1,en:1,yes,pregnancy scan,
1555,pregnancy,labour,1555,pregnant 12 weeks after c section what to expect,1,1,google_ac:1,en:1,yes,pregnancy 12 weeks,
1556,pregnancy,mind-mood,1556,pregnant nd much worried,1,1,parentune:1,en:1,yes,,
1557,pregnancy,complications,1557,quetiapine is it safe in pregnancy,1,1,google_ac:1,en:1,yes,is it safe during pregnancy,
1558,pregnancy,complications,1558,ranitidine is it safe in pregnancy,1,1,google_ac:1,en:1,yes,is it safe during pregnancy,
1559,pregnancy,general,1559,really truly how bad is it to accept a job 23 weeks pregnant?,1,1,reddit:1,en:1,yes,,
1560,pregnancy,general,1560,second pregnancy jaldi kaise kare,1,1,google_ac:1,en:1,yes,second trimester,
1561,pregnancy,labour,1561,secont baby c section delivery is ok or not,1,1,parentune:1,en:1,yes,,
1562,pregnancy,mind-mood,1562,should a baby sleep with parents,1,1,ddg_ac:1,en:1,yes,pregnancy sleep,
1563,pregnancy,labour,1563,should c section babies see a chiropractor,1,1,google_ac:1,en:1,yes,c section,
1564,pregnancy,labour,1564,should c section babies take probiotics,1,1,google_ac:1,en:1,yes,c section,
1565,pregnancy,general,1565,should i move baby to own room,1,1,google_ac:1,en:1,yes,baby movement,
1566,pregnancy,general,1566,should i stop aspirin at 36 weeks pregnant,1,1,google_ac:1,en:1,yes,pregnancy 36 weeks,
1567,pregnancy,complications,1567,should i track baby kicks,1,1,google_ac:1,en:1,yes,baby movement,
1568,pregnancy,labour,1568,should i wear c section binder at night,1,1,google_ac:1,en:1,yes,c section,
1569,pregnancy,belly-skin,1569,should pregnant women exercise at high altitudes,1,1,google_ac:1,en:1,yes,pregnancy exercise,
1570,pregnancy,mind-mood,1570,should pregnant women sleep in compression socks,1,1,google_ac:1,en:1,yes,pregnancy sleep,
1571,pregnancy,mind-mood,1571,should pregnant women travel to bali,1,1,google_ac:1,en:1,yes,pregnancy travel,
1572,pregnancy,labour,1572,stomach is not in original position after delivery its looking like faty stomach,1,1,parentune:1,en:1,yes,,
1573,pregnancy,general,1573,"tested positive but still having ""period"" (?)",1,1,reddit:1,en:1,yes,,
1574,pregnancy,labour,1574,thanks to god for my baby boy with my normal veginal delivery,1,1,mylo:1,en:1,yes,,
1575,pregnancy,mind-mood,1575,unwanted 72 lene ke 1 week baad se bina protection ke sex karunggi toh kya mein pregnant ho sakhti hoon,1,1,parentune:1,hinglish:1,yes,,
1576,pregnancy,complications,1576,valacyclovir is it safe during pregnancy,1,1,google_ac:1,en:1,yes,is it safe during pregnancy,
1577,pregnancy,general,1577,wbc count in pregnancy what is normal in hindi,1,1,google_ac:1,en:1,yes,pregnancy in hindi,
1578,pregnancy,general,1578,were c sections performed in the 1920s,1,1,ddg_ac:1,en:1,yes,c section,
1579,pregnancy,complications,1579,what about pain,1,1,ddg_ac:1,en:1,yes,labour pain,
1580,pregnancy,general,1580,what are the dangers of ectopic pregnancy,1,1,google_ac:1,en:1,yes,is it safe during pregnancy,
1581,pregnancy,general,1581,what are the dangers of teenage pregnancy,1,1,google_ac:1,en:1,yes,is it safe during pregnancy,
1582,pregnancy,nutrition,1582,what can i eat to get pregnant quickly,1,1,google_ac:1,en:1,yes,can i eat during pregnancy,
1583,pregnancy,labour,1583,what can you do sexually after giving birth,1,1,google_ac:1,en:1,yes,normal delivery,
1584,pregnancy,complications,1584,what doctor treats gestational diabetes,1,1,google_ac:1,en:1,yes,gestational diabetes,
1585,pregnancy,general,1585,what does date mean,1,1,ddg_ac:1,en:1,yes,due date,
1586,pregnancy,general,1586,what does date of entry mean on common app,1,1,ddg_ac:1,en:1,yes,due date,
1587,pregnancy,general,1587,what does date of onset mean,1,1,ddg_ac:1,en:1,yes,due date,
1588,pregnancy,general,1588,what does date of personal significance mean,1,1,ddg_ac:1,en:1,yes,due date,
1589,pregnancy,general,1589,what does datedif do in excel,1,1,ddg_ac:1,en:1,yes,due date,
1590,pregnancy,labour,1590,what does labour feel like at 34 weeks,1,1,google_ac:1,en:1,yes,labour pain,
1591,pregnancy,general,1591,what fish is not good for pregnancy,1,1,google_ac:1,en:1,yes,is it safe during pregnancy,
1592,pregnancy,nutrition,1592,what food should a pregnant woman eat to get more blood,1,1,google_ac:1,en:1,yes,pregnancy diet,
1593,pregnancy,nutrition,1593,what foods to avoid if alkaline phosphatase is high in pregnancy,1,1,google_ac:1,en:1,yes,foods to avoid in pregnancy,
1594,pregnancy,complications,1594,what gestational diabetes feels like,1,1,google_ac:1,en:1,yes,gestational diabetes,
1595,pregnancy,scans,1595,what happens after due date of electricity bill,1,1,google_ac:1,en:1,yes,due date,
1596,pregnancy,general,1596,what happens after expiry date,1,1,google_ac:1,en:1,yes,due date,
1597,pregnancy,general,1597,what happens after maturity date,1,1,google_ac:1,en:1,yes,due date,
1598,pregnancy,labour,1598,what happens if water breaks in second trimester,1,1,google_ac:1,en:1,yes,second trimester,
1599,pregnancy,nutrition,1599,what happens if you have a bad diet during pregnancy,1,1,google_ac:1,en:1,yes,can i eat during pregnancy,
1600,pregnancy,scans,1600,what happens if you miss due date on coursera,1,1,ddg_ac:1,en:1,yes,due date,
1601,pregnancy,complications,1601,what happens in gestational diabetes youtube,1,1,ddg_ac:1,en:1,yes,gestational diabetes,
1602,pregnancy,general,1602,what happens on closing date of house sale,1,1,google_ac:1,en:1,yes,due date,
1603,pregnancy,weeks-and-symptoms,1603,what happens when baby dies in womb at 8 weeks,1,1,google_ac:1,en:1,yes,pregnancy 8 weeks,
1604,pregnancy,weeks-and-symptoms,1604,what if ac is low in pregnancy third trimester,1,1,google_ac:1,en:1,yes,third trimester,
1605,pregnancy,scans,1605,what if i miss lic premium due date,1,1,google_ac:1,en:1,yes,due date,
1606,pregnancy,scans,1606,what if i pay emi before due date,1,1,google_ac:1,en:1,yes,due date,
1607,pregnancy,general,1607,what if second pregnancy wattpad,1,1,google_ac:1,en:1,yes,second trimester,
1608,pregnancy,weeks-and-symptoms,1608,what if.i get covid in third trimester,1,1,google_ac:1,en:1,yes,third trimester,
1609,pregnancy,scans,1609,what is 3d pregnancy scan,1,1,google_ac:1,en:1,yes,pregnancy scan,
1610,pregnancy,scans,1610,what is anomaly scan in urdu,1,1,google_ac:1,en:1,yes,anomaly scan,
1611,pregnancy,labour,1611,what is baby delivery process,1,1,google_ac:1,en:1,yes,normal delivery,
1612,pregnancy,complications,1612,what is considered severe gestational diabetes,1,1,google_ac:1,en:1,yes,gestational diabetes,
1613,pregnancy,scans,1613,what is due date for pf,1,1,ddg_ac:1,en:1,yes,due date,
1614,pregnancy,scans,1614,what is due date to file annual return,1,1,ddg_ac:1,en:1,yes,due date,
1615,pregnancy,general,1615,what is expiration date on netflix,1,1,google_ac:1,en:1,yes,due date,
1616,pregnancy,complications,1616,what is high risk pregnancy clinic,1,1,google_ac:1,en:1,yes,high risk pregnancy,
1617,pregnancy,complications,1617,what is high risk pregnancy in hindi,1,1,google_ac:1,en:1,yes,high risk pregnancy,
1618,pregnancy,labour,1618,what is labour pain equivalent to,1,1,google_ac:1,en:1,yes,labour pain,
1619,pregnancy,labour,1619,what is natural delivery in pregnancy,1,1,google_ac:1,en:1,yes,normal delivery,
1620,pregnancy,complications,1620,what is normal blood pressure at 20 weeks pregnant,1,1,google_ac:1,en:1,yes,pregnancy 20 weeks,
1621,pregnancy,complications,1621,what is safe for pregnancy heartburn,1,1,google_ac:1,en:1,yes,is it safe during pregnancy,
1622,pregnancy,general,1622,what is scandinavian countries,1,1,ddg_ac:1,en:1,yes,nt scan,
1623,pregnancy,general,1623,what is scanf in c,1,1,ddg_ac:1,en:1,yes,nt scan,
1624,pregnancy,general,1624,what is section 125,1,1,ddg_ac:1,en:1,yes,c section,
1625,pregnancy,general,1625,what is section 179,1,1,ddg_ac:1,en:1,yes,c section,
1626,pregnancy,general,1626,what is section 18,1,1,ddg_ac:1,en:1,yes,c section,
1627,pregnancy,general,1627,what is the 36 week pregnancy swab,1,1,google_ac:1,en:1,yes,pregnancy 36 weeks,
1628,pregnancy,complications,1628,what is the i am movement,1,1,ddg_ac:1,en:1,yes,baby movement,
1629,pregnancy,labour,1629,what is the safest way to deliver a breech baby,1,1,google_ac:1,en:1,yes,normal delivery,
1630,pregnancy,labour,1630,what is the typical birth process,1,1,google_ac:1,en:1,yes,normal delivery,
1631,pregnancy,weeks-and-symptoms,1631,what is trimester in deped,1,1,ddg_ac:1,en:1,yes,first trimester,
1632,pregnancy,nutrition,1632,what japanese food is safe for pregnancy,1,1,google_ac:1,en:1,yes,pregnancy diet,
1633,pregnancy,general,1633,what juice is not good for pregnancy,1,1,google_ac:1,en:1,yes,is it safe during pregnancy,
1634,pregnancy,general,1634,what not to do at 27 weeks pregnant,1,1,google_ac:1,en:1,yes,third trimester,
1635,pregnancy,general,1635,what should i deliver,1,1,ddg_ac:1,en:1,yes,normal delivery,
1636,pregnancy,complications,1636,what skincare is not safe for pregnancy,1,1,google_ac:1,en:1,yes,is it safe during pregnancy,
1637,pregnancy,complications,1637,what soda is safe during pregnancy,1,1,google_ac:1,en:1,yes,is it safe during pregnancy,
1638,pregnancy,complications,1638,what sunscreen is safe for pregnancy,1,1,google_ac:1,en:1,yes,is it safe during pregnancy,
1639,pregnancy,general,1639,what tablets shouldn't you take when pregnant,1,1,google_ac:1,en:1,yes,is it safe during pregnancy,
1640,pregnancy,general,1640,what time in hindi,1,1,ddg_ac:1,en:1,yes,pregnancy in hindi,
1641,pregnancy,labour,1641,what to do for normal delivery in 9th month,1,1,google_ac:1,en:1,yes,normal delivery,
1642,pregnancy,general,1642,what to do if amniotic fluid is leaking,1,1,mylo:1,en:1,yes,,
1643,pregnancy,general,1643,what to expect from 35 weeks of pregnancy,1,1,google_ac:1,en:1,yes,pregnancy 36 weeks,
1644,pregnancy,general,1644,what vaccine do you get at 20 weeks pregnant,1,1,google_ac:1,en:1,yes,pregnancy 20 weeks,
1645,pregnancy,labour,1645,when c section awareness month,1,1,google_ac:1,en:1,yes,c section,
1646,pregnancy,general,1646,when can a baby be born safely,1,1,ddg_ac:1,en:1,yes,is it safe during pregnancy,
1647,pregnancy,nutrition,1647,when can you eat deli meat while pregnant,1,1,google_ac:1,en:1,yes,can i eat during pregnancy,
1648,pregnancy,scans,1648,when ct scan says unremarkable,1,1,ddg_ac:1,en:1,yes,nt scan,
1649,pregnancy,scans,1649,when did due date come out,1,1,google_ac:1,en:1,yes,due date,
1650,pregnancy,general,1650,when did stephen hawking die,1,1,ddg_ac:1,en:1,yes,due date,
1651,pregnancy,general,1651,when did steve jobs die,1,1,ddg_ac:1,en:1,yes,due date,
1652,pregnancy,general,1652,when did technoblade die,1,1,ddg_ac:1,en:1,yes,due date,
1653,pregnancy,general,1653,when did telangana become a state,1,1,ddg_ac:1,en:1,yes,due date,
1654,pregnancy,general,1654,when does a section 2 start,1,1,ddg_ac:1,en:1,yes,c section,
1655,pregnancy,general,1655,when does a section 20b need to be issued,1,1,ddg_ac:1,en:1,yes,c section,
1656,pregnancy,general,1656,when does second semester start carleton,1,1,ddg_ac:1,en:1,yes,second trimester,
1657,pregnancy,general,1657,when does the patient get discharged,1,1,ddg_ac:1,en:1,yes,pregnancy discharge,
1658,pregnancy,general,1658,when does third semester start,1,1,ddg_ac:1,en:1,yes,third trimester,
1659,pregnancy,scans,1659,when due date for renewal,1,1,ddg_ac:1,en:1,yes,due date,
1660,pregnancy,labour,1660,when normal passport delivery time,1,1,google_ac:1,en:1,yes,normal delivery,
1661,pregnancy,general,1661,when should a section 4 be used,1,1,ddg_ac:1,en:1,yes,c section,
1662,pregnancy,general,1662,when should a section 5 2 be used,1,1,ddg_ac:1,en:1,yes,c section,
1663,pregnancy,general,1663,when should a section 754 election be made,1,1,ddg_ac:1,en:1,yes,c section,
1664,pregnancy,general,1664,when to do breathing exercises during pregnancy,1,1,google_ac:1,en:1,yes,pregnancy exercise,
1665,pregnancy,labour,1665,when to start preparing for birth,1,1,google_ac:1,en:1,yes,garbh sanskar,
1666,pregnancy,labour,1666,when to use c section recovery belt,1,1,google_ac:1,en:1,yes,c section,
1667,pregnancy,weeks-and-symptoms,1667,where does baby stay in first trimester,1,1,google_ac:1,en:1,yes,first trimester,
1668,pregnancy,nutrition,1668,where is pregnancy nausea located,1,1,google_ac:1,en:1,yes,morning sickness,
1669,pregnancy,general,1669,where is section 24b in itr form,1,1,ddg_ac:1,en:1,yes,c section,
1670,pregnancy,general,1670,where is section 9 at marvel stadium,1,1,ddg_ac:1,en:1,yes,c section,
1671,pregnancy,scans,1671,where is the scanner anomaly starfield,1,1,google_ac:1,en:1,yes,anomaly scan,
1672,pregnancy,labour,1672,which actress had normal delivery in bollywood,1,1,google_ac:1,en:1,yes,normal delivery,
1673,pregnancy,complications,1673,which baby kicks in lower abdomen,1,1,google_ac:1,en:1,yes,baby movement,
1674,pregnancy,scans,1674,which blood test with nt scan,1,1,google_ac:1,en:1,yes,nt scan,
1675,pregnancy,scans,1675,which due date for twins,1,1,ddg_ac:1,en:1,yes,due date,
1676,pregnancy,nutrition,1676,which hormone causes morning sickness,1,1,google_ac:1,en:1,yes,morning sickness,
1677,pregnancy,labour,1677,which is the safest mode of delivery,1,1,ddg_ac:1,en:1,yes,normal delivery,
1678,pregnancy,labour,1678,which medicine induce labour pain,1,1,google_ac:1,en:1,yes,labour pain,
1679,pregnancy,complications,1679,which monistat is safe during pregnancy,1,1,google_ac:1,en:1,yes,is it safe during pregnancy,
1680,pregnancy,labour,1680,which surah for normal delivery,1,1,google_ac:1,en:1,yes,normal delivery,
1681,pregnancy,labour,1681,which surah is for labour pain,1,1,google_ac:1,en:1,yes,labour pain,
1682,pregnancy,mind-mood,1682,which unisom for pregnancy sleep,1,1,google_ac:1,en:1,yes,pregnancy sleep,
1683,pregnancy,mind-mood,1683,which work avoid during pregnancy,1,1,google_ac:1,en:1,yes,is it safe during pregnancy,
1684,pregnancy,scans,1684,who books your first pregnancy scan,1,1,google_ac:1,en:1,yes,pregnancy scan,
1685,pregnancy,general,1685,who can deliver a baby,1,1,google_ac:1,en:1,yes,normal delivery,
1686,pregnancy,general,1686,who expiry date,1,1,google_ac:1,en:1,yes,due date,
1687,pregnancy,general,1687,who is responsible for pregnancy,1,1,google_ac:1,en:1,yes,pregnancy discharge,
1688,pregnancy,general,1688,who normally delivers aromatherapy,1,1,ddg_ac:1,en:1,yes,normal delivery,
1689,pregnancy,scans,1689,who technical report series no. 961 2011,1,1,ddg_ac:1,en:1,yes,nt scan,
1690,pregnancy,weeks-and-symptoms,1690,why am i annoyed and impatient during pregnancy 36 weeks,1,1,google_ac:1,en:1,yes,pregnancy 36 weeks,
1691,pregnancy,general,1691,why are the first 12 weeks of pregnancy important,1,1,google_ac:1,en:1,yes,pregnancy 12 weeks,
1692,pregnancy,complications,1692,why baby movement is more at night,1,1,google_ac:1,en:1,yes,baby movement,
1693,pregnancy,complications,1693,why bea borres is high risk pregnancy,1,1,google_ac:1,en:1,yes,high risk pregnancy,
1694,pregnancy,scans,1694,why ct scan after colonoscopy,1,1,ddg_ac:1,en:1,yes,nt scan,
1695,pregnancy,scans,1695,why ct scan with contrast,1,1,ddg_ac:1,en:1,yes,nt scan,
1696,pregnancy,nutrition,1696,why do babies try to eat everything,1,1,ddg_ac:1,en:1,yes,can i eat during pregnancy,
1697,pregnancy,general,1697,why do dates have protein,1,1,google_ac:1,en:1,yes,due date,
1698,pregnancy,complications,1698,why does baby movement feel like muscle twitches,1,1,google_ac:1,en:1,yes,baby movement,
1699,pregnancy,complications,1699,why does gestational diabetes cause macrosomia,1,1,google_ac:1,en:1,yes,gestational diabetes,
1700,pregnancy,complications,1700,why does gestational diabetes cause polyhydramnios,1,1,google_ac:1,en:1,yes,gestational diabetes,
1701,pregnancy,mind-mood,1701,why does my mom sleep so much,1,1,ddg_ac:1,en:1,yes,pregnancy sleep,
1702,pregnancy,general,1702,why does scandinavia not include finland,1,1,google_ac:1,en:1,yes,nt scan,
1703,pregnancy,general,1703,why does scandinavia not use euro,1,1,google_ac:1,en:1,yes,nt scan,
1704,pregnancy,complications,1704,why doesn't my baby kick for his dad,1,1,google_ac:1,en:1,yes,baby movement,
1705,pregnancy,scans,1705,why doppler scan is done in pregnancy,1,1,google_ac:1,en:1,yes,pregnancy scan,
1706,pregnancy,labour,1706,why i'm i going labor,1,1,ddg_ac:1,en:1,yes,labour pain,
1707,pregnancy,labour,1707,why induce labor after due date,1,1,google_ac:1,en:1,yes,due date,
1708,pregnancy,general,1708,why is a section view necessary,1,1,ddg_ac:1,en:1,yes,c section,
1709,pregnancy,general,1709,why is baby moving head side to side,1,1,google_ac:1,en:1,yes,baby movement,
1710,pregnancy,scans,1710,why is ct scan called cat scan,1,1,ddg_ac:1,en:1,yes,nt scan,
1711,pregnancy,scans,1711,why is due date rated r,1,1,google_ac:1,en:1,yes,due date,
1712,pregnancy,general,1712,why isn't scandium a transition metal,1,1,ddg_ac:1,en:1,yes,nt scan,
1713,pregnancy,general,1713,why isn't scania in the us,1,1,ddg_ac:1,en:1,yes,nt scan,
1714,pregnancy,scans,1714,why nuchal translucency scan,1,1,google_ac:1,en:1,yes,nt scan,
1715,pregnancy,labour,1715,why shivering happens after c section,1,1,google_ac:1,en:1,yes,c section,
1716,pregnancy,labour,1716,why uti happens after c section,1,1,google_ac:1,en:1,yes,c section,
1717,pregnancy,complications,1717,why was khloe high risk pregnancy,1,1,google_ac:1,en:1,yes,high risk pregnancy,
1718,pregnancy,general,1718,will 9 tablet uses in pregnancy in hindi,1,1,google_ac:1,en:1,yes,pregnancy in hindi,
1719,pregnancy,labour,1719,will c section pooch go away,1,1,google_ac:1,en:1,yes,c section,
1720,pregnancy,complications,1720,will gestational diabetes show in urine,1,1,google_ac:1,en:1,yes,gestational diabetes,
1721,pregnancy,complications,1721,will i get gestational diabetes again,1,1,google_ac:1,en:1,yes,gestational diabetes,
1722,pregnancy,labour,1722,will labour pains wake me up,1,1,google_ac:1,en:1,yes,labour pain,
1723,pregnancy,nutrition,1723,will morning sickness stop after taking mifepristone,1,1,google_ac:1,en:1,yes,morning sickness,
1724,pregnancy,scans,1724,will nt scan show missed miscarriage,1,1,google_ac:1,en:1,yes,nt scan,
1725,pregnancy,scans,1725,will pregnancy show on ct scan,1,1,google_ac:1,en:1,yes,pregnancy scan,
1726,pregnancy,complications,1726,yakult is it safe for pregnant,1,1,google_ac:1,en:1,yes,is it safe during pregnancy,
1727,pregnancy,labour,1727,yr mjh kch smjh ni ara h hospital m delivery k tym kon s kpde lejana chahiye,1,1,parentune:1,en:1,yes,,
1728,pregnancy,complications,1728,zoloft is it safe for pregnancy,1,1,google_ac:1,en:1,yes,is it safe during pregnancy,
1729,pregnancy,general,1729,“How far along are you?”,1,1,reddit:1,en:1,yes,,
1730,pregnancy,general,1730,“were you trying?”,1,1,reddit:1,en:1,yes,,
