rank,stage,topic,cluster_id,canonical_question,cluster_size,total_hits,source_spread,languages,new_this_run,top_stems,sample_phrasings
1,skilling,reading,1,when should kids start to read,140,537,google_ac:127; ddg_ac:34,en:161,yes,when should kids start reading; reading to kids; child learning,when should kids start reading | what age should kids start reading | when do children start reading | when should kids start reading and writing | when should kids start reading words | when should kids start reading books
2,skilling,confidence,2,How to boost confidence in children?,135,522,google_ac:125; ddg_ac:22; reddit:6; parentune:1,en:154,yes,how to build confidence in child; confidence; learn to read,how to build confidence in children | how to improve confidence in kids | how to build a child's confidence | how to build confidence in child athletes | how to build confidence in child | how do you help a child build confidence
3,skilling,focus,3,how to improve a child's focus,72,422,google_ac:64; ddg_ac:12,en:76,yes,improve child focus; child concentration,how to increase focus in children | how to get your child to focus | how to help child with focus issues | how to help kids focus | how to improve child's focus at school | how to increase children's focus
4,skilling,thinking,4,how to make my child intelligent,67,434,google_ac:66; ddg_ac:4,en:70,yes,how to make my child intelligent,how to make my child intelligent in school | how to develop children's intelligence | how to raise intelligent children | how to make my son intelligent | how to make my kids intelligent | tips for developing children's intelligence
5,skilling,confidence,5,what causes a child to be shy,60,134,google_ac:57; ddg_ac:3; reddit:2,en:62,yes,shy child; confidence; shy,why is a child shy | why does a child become shy | why are kids so shy | what makes a child shy | what causes shyness in children | How do kids develop shyness?
6,skilling,reading,6,how to teach phonics for kids,59,116,google_ac:58; ddg_ac:3; reddit:1,en:62,yes,phonics for kids; learn to read,how to explain phonics to a child | how to learn phonics for kids | how to teach phonics for children | how to teach phonics to kids | how to teach phonics for kids step by step | what age should kids get phonics instruction
7,skilling,communication,7,how to develop child's social skills,53,105,google_ac:57,en:57,yes,child communication skills,what are children's social skills | how to develop children's social skills | how to help children develop social skills | how do children's social skills develop
8,skilling,general,8,how to improve child handwriting,52,150,google_ac:44; ddg_ac:12,en:56,yes,child handwriting,how to improve child's handwriting | how can i help my child handwriting | how to get good handwriting for kids | how to help child with handwriting | how to improve children's handwriting speed | how to improve child handwriting at home
9,skilling,confidence,9,how to help a shy child,50,158,google_ac:47; ddg_ac:7; reddit:2,en:56,yes,shy child; how to build confidence in child; confidence,how to help shy children | how to help a shy child socialize | how to deal with shy kids | how to help extremely shy children | how to raise shy child | how to help shy child gain confidence
10,skilling,focus,10,how to improve child concentration,49,166,google_ac:48; parentune:3; ddg_ac:2,en:53,yes,child concentration; improve child focus,how to build up concentration in a child | how to improve kids concentration | how to increase child concentration | how to increase concentration in kids | hello my daughter is 9 years old she is good studies but sometimes she is unmindful so i want to know how to develop kids concentration pls suggest | my daughter dont have a concentration power what shall i do for that improve
11,skilling,thinking,11,how to teach kids critical thinking,45,208,google_ac:45; ddg_ac:10,en:55,yes,kids critical thinking,what is critical thinking in early childhood | how do i teach my child critical thinking | how to teach critical thinking to kids | when do kids develop critical thinking | what is critical thinking in early years | how to teach your kid critical thinking
12,skilling,values,12,how to teach children gratitude,44,207,google_ac:43; ddg_ac:8,en:51,yes,teach kids gratitude,how to teach kids gratitude | how to explain gratitude to kids | how to teach gratitude to kids | how to teach a 4 year old gratitude | how to teach gratitude to a 5 year old | how to teach kids gratitude and appreciation
13,skilling,school-and-study,13,how to help a slow learner child,41,243,google_ac:40; ddg_ac:2,en:42,yes,child slow learner,how do you know if your child is a slow learner | how do you teach a slow learner child | what is a slow learner child | how to teach a slow learner
14,skilling,thinking,14,how can i make my baby intelligent during pregnancy,41,97,google_ac:41,en:41,yes,how to make my child intelligent,how to make my baby intelligent in womb | how to make my baby smart during pregnancy | how to make your baby intelligent during pregnancy | how can i make my baby smarter during pregnancy
15,skilling,communication,15,how to improve child communication skills,39,101,google_ac:39; ddg_ac:2,en:41,yes,child communication skills; public speaking for kids,how to develop children's communication skills | how to improve communication skills in child | what are children's communication skills | how to improve baby communication skills | how to help kids develop communication skills | how to improve communication skills for kids
16,skilling,coding,16,how to learn to code for kids,38,160,google_ac:27; ddg_ac:13; reddit:1,en:41,yes,coding for kids; teach my child to code; child learning,how can i teach my child to code at home | how to do coding for kids | how to teach coding to kids | how to teach kids to code | how to teach my child to code | how to teach coding for kids
17,skilling,memory,17,when does a child's memory start to develop,37,101,google_ac:30; ddg_ac:10,en:40,yes,child memory,when does a child memory begin | when does child memory start | when does a child's memory start working | when do children's memories start | when do children gain memory | when do kids have their first memory
18,skilling,coding,18,how to learn ai for kids,36,85,google_ac:32; ddg_ac:8,en:40,yes,ai for kids,how to use ai for kids | how does ai work for kids | what is ai for kids explanation | how to teach ai for kids | what should kids know about ai | what is ai explained for kids
19,skilling,reading,19,why is reading to kids important,34,88,google_ac:28; ddg_ac:12,en:40,yes,reading to kids; when should kids start reading,is reading to your child important | why reading is important for child | is reading to kids good | why is reading to kids good | why is reading important in early years | why reading is important for kids
20,skilling,creativity,20,How do you build creativity in kids?,34,55,google_ac:35; ddg_ac:1; reddit:1,en:37,yes,child creativity; focus,how to encourage children's creativity | how to encourage a child's creativity | how to nurture a child's creativity | how to make children more creative | how to foster creativity in children
21,skilling,maths,21,how to help your child with maths,33,71,google_ac:30; ddg_ac:3,en:33,yes,maths for kids; vedic maths kids; child learning,how can i teach my child math at home | how to learn maths for kids | how to teach mental maths for kids | how to teach maths to kids | how to improve math skills for kids | how to help kids learn math
22,skilling,maths,22,how to use abacus for kids,32,121,google_ac:31; ddg_ac:2,en:33,yes,abacus for kids,how to use a child's abacus | how to teach abacus to kids | how to use abacus for kids step by step | how to make abacus for kids
23,skilling,thinking,23,how to play chess for kids,31,93,google_ac:30; ddg_ac:6,en:36,yes,chess for kids,how to play chess for children | how to learn chess for kids | how to play chess for kids step by step with pictures | how to teach chess for kids | how to play chess for beginners kids | how to play chess for kids step by step
24,skilling,coding,24,what is ai for children,30,79,google_ac:23; ddg_ac:13,en:36,yes,ai for kids; coding for kids,is ai good for kids | is ai safe for kids | what is ai for kids | why is ai good for kids | why ai for kids | why ai is good for kids
25,skilling,reading,25,when should kids start reading chapter books,29,80,google_ac:31,en:31,yes,when should kids start reading; reading to kids,when do kids start reading chapter books | what age should kids start reading chapter books | what age do kids start reading chapter books | what grade should kids start reading chapter books
26,skilling,memory,26,how to improve child memory,28,46,google_ac:25; ddg_ac:4; parentune:1,en:30,yes,child memory; child concentration,how to improve child's memory | how do children develop memory | how to improve child memory power | how to improve my child's memory and concentration | how to improve memory of my kid | how does memory help a child develop
27,skilling,thinking,27,what is a gifted child,27,73,google_ac:23; ddg_ac:6,en:29,yes,gifted child,what is considered a gifted child | what qualifies as a gifted child | when a child is gifted | who are gifted children | what gifted child | are there kids who are gifted
28,skilling,coding,28,how does screen time affect children,26,90,ddg_ac:19; google_ac:9,en:28,yes,kids and screen time learning,can screen time be educational for toddlers | should children have screen time | is screen time good for kids | why kids should have screen time | does screen time affect child development | does screen time affect baby development
29,skilling,coding,29,what is coding for kids,26,83,google_ac:22; ddg_ac:4,en:26,yes,coding for kids,what is coding for kids in school | is coding for kids good | why is coding for kids important | is coding for kids | why coding is important for kids | should kids learn coding
30,skilling,creativity,30,how can i improve my child's writing skills,26,29,google_ac:23; parentune:3; ddg_ac:1,en:27,yes,child handwriting; child creativity; child learning,how to improve child's creative writing | how to improve children's creative writing | how to develop writing skill in chid of 4yrs old | how to teach writing | how to increase my kids interest in writing | can child learn to write
31,skilling,reading,31,what age should kids start reading harry potter,25,65,google_ac:26,en:26,yes,when should kids start reading; reading to kids,when should kids start reading harry potter | when can kids start reading harry potter | what age can kids start reading harry potter | when should kids read harry potter
32,skilling,maths,32,is abacus useful for kids,24,154,google_ac:25; ddg_ac:4,en:29,yes,abacus for kids,is abacus good for child | how does abacus help a child | is abacus good for kids | is abacus good for kids in school | is abacus class good for kids | how does an abacus work for kids
33,skilling,thinking,33,is chess good for kids,24,103,google_ac:22; ddg_ac:3,en:25,yes,chess for kids,is chess good for child | is chess good for kids brains | why is chess beneficial for kids | why chess for kids | why are kids so good at chess
34,skilling,reading,34,how to teach reading to kids,23,42,google_ac:21; ddg_ac:4,en:25,yes,reading to kids; when should kids start reading,how do kids start reading | how to get kids reading | how to read to kids | how to start reading to kids | how to learn reading to kids | how to get your kid to read
35,skilling,general,35,when should child write letters,23,27,google_ac:24,en:24,yes,child handwriting; child learning,do children need handwriting skills | when can child write letters | when do children learn handwriting | when do children start handwriting
36,skilling,feelings,36,how to develop emotional intelligence in children,22,183,google_ac:22; ddg_ac:4,en:26,yes,emotional intelligence in children; how to make my child intelligent,how to raise emotionally intelligent children | how to raise an emotionally intelligent child | how to improve emotional intelligence in children | how to.increase emotional.intelligence in children | how to promote emotional intelligence in children | how to teach children emotional intelligence
37,skilling,thinking,37,How to support a gifted child?,21,33,google_ac:19; ddg_ac:2; reddit:1,en:22,yes,gifted child; learn to read,how does a child become gifted | how to support gifted child | how to support a gifted child | how to help gifted child | how to help gifted children
38,skilling,stillness,38,how to help kids with mindfulness,20,79,google_ac:17; ddg_ac:8,en:25,yes,kids mindfulness,what is mindfulness for kids | how to explain mindfulness to kids | why is mindfulness important for kids | how to explain mindfulness to a child | what is mindfulness kids definition | what is mindfulness kids video
39,skilling,communication,39,how to public speaking for kids,19,112,google_ac:17; ddg_ac:3,en:20,yes,public speaking for kids,how to help your child with public speaking | what is public speaking for kids | why should kids do more public speaking | how to teach public speaking for kids | how to train public speaking for kids | tips for public speaking for kids
40,skilling,reading,40,what is phonics for kids,19,98,google_ac:19; ddg_ac:2,en:21,yes,phonics for kids; child learning,what is phonics for kids worksheets | what is phonics for kids activities | what is phonics for kids in english | why phonics is important for kids
41,skilling,values,41,how to teach your children values,19,78,google_ac:21; ddg_ac:2,en:23,yes,teach child values,how to teach children values | how to teach a child moral values | how to teach your child good values | how to teach children moral values | how can children learn life's values
42,skilling,creativity,42,how does creativity help child development,19,77,google_ac:12; ddg_ac:9,en:21,yes,child creativity,what is creativity in child development | what is creativity for kids | do children develop ideas of creativity | how does creativity benefit children | are children creative | why do children need creativity
43,skilling,reading,43,how does reading to kids help them,19,54,google_ac:17; ddg_ac:2; reddit:1,en:20,yes,reading to kids; learn to read,does reading to your child make a difference | does reading to kids help | how does reading to a child help them | how does reading to children help them | what does reading do to children | how does reading help kids
44,skilling,confidence,44,how to build self esteem in children,18,43,google_ac:19,en:19,yes,how to build confidence in child,how do you build self esteem in.children | how to build self esteem in children books | how to build self esteem in children in school | how to build my child's self esteem
45,skilling,thinking,45,how to test gifted child,18,29,google_ac:16; ddg_ac:2,en:18,yes,gifted child,what determines if a child is gifted | should i prepare my child for gifted testing | how to know your kid is gifted | how are gifted children identified | how to identify gifted child
46,skilling,memory,46,how long baby memory,18,27,google_ac:18,en:18,yes,child memory,how far back does a child memory go | how long is a toddlers memory | how long is a child's.memory | how long does baby memory last
47,skilling,confidence,47,how to build confidence in my 9 year old son,17,22,google_ac:16; parentune:1,en:17,yes,how to build confidence in child,how do i build confidence in my son | how to boost the confidence level of my 8years old son | how to build my son's confidence | how to build self esteem in my son
48,skilling,thinking,48,how to nurture a child's curiosity,16,37,google_ac:14; ddg_ac:3,en:17,yes,child curiosity; child creativity,how to support children's curiosity | how to raise a curious child | how to encourage children's curiosity | how to nurture children's curiosity | how to develop curiosity | how to encourage curiosity
49,skilling,maths,49,why is maths important for kids,15,44,ddg_ac:9; google_ac:9,en:18,yes,maths for kids,why do we need maths for kids | why math is important for kids | why is maths important for children | why is maths important | why learn math for kids | why is math important for kids to learn
50,skilling,school-and-study,50,are children learning,15,35,ddg_ac:9; google_ac:8,en:17,yes,child learning,what is child learning | when a child is learning | how child learning | is our children learning | when children learn | is children learning
51,skilling,coding,51,how long should a child have screen time,15,32,google_ac:13; ddg_ac:3,en:16,yes,kids and screen time learning,how long should kids have screen time | how long should a kid have screen time | when should children have screen time | how long should a 7 year old have screen time | how much screen time are kids getting | how long should kids have screen time a day
52,skilling,confidence,52,is my child shy or anxious,15,23,google_ac:13; reddit:2,en:15,yes,shy child; shy,"when to worry about a shy child | is my child shy or autistic | Getting over Shyness. My child is very shy, Please help. | Shy 4-year-old - should I be concerned? | is my child shy because of me"
53,skilling,reading,53,how long should a child read a day,15,22,google_ac:13; ddg_ac:2,en:15,yes,reading to kids; when should kids start reading,how much reading should a child do a day | how much time should a child read per day | how long should children read daily | how much should a kindergartener read | how much should a child read a day
54,skilling,reading,54,when should you start reading to your baby,15,18,google_ac:15,en:15,yes,reading to kids; when should kids start reading,when do parents start reading to kids | what age do babies start reading | when do babies start reading books | what age do you start reading to babies
55,skilling,reading,55,when should kids start reading on their own,14,41,google_ac:14,en:14,yes,when should kids start reading; reading to kids,when do kids start reading on their own | what age should kids start reading on their own | when do kids start reading independently | when do kids start reading alone
56,skilling,making,56,how to build trust in children,14,23,google_ac:15,en:15,yes,how to build confidence in child,how to build trust in kids | how to build trust with children or young people | how to build trust in your child | how to build trust with a child in childcare
57,skilling,communication,57,how to develop child's language skills,14,22,google_ac:14,en:14,yes,child communication skills,how children develop language skills | how children acquire language skills | how to improve child's language skills | how do children develop language skills
58,skilling,general,58,what am i riddles for kids,14,19,google_ac:14,en:14,yes,ai for kids; maths for kids,why am i riddles for kids | what am i riddles for kids with answers | who am i maths riddles with answers for kids | who am i riddles for kids
59,skilling,general,59,when does baby learn to walk,14,15,google_ac:14,en:14,yes,child learning,when baby learning to walk | how long baby learn to walk | when does child learn to walk | when do children learn to walk
60,skilling,focus,60,do gifted kids have adhd,13,32,google_ac:13; ddg_ac:2,en:15,yes,gifted child,do gifted children have adhd | can gifted children have adhd | can a gifted child have adhd | how many gifted kids have adhd | can gifted students have adhd
61,skilling,thinking,61,are gifted children on the spectrum,13,19,google_ac:13,en:13,yes,gifted child,can gifted children be autistic | is my gifted child autistic | can a gifted child be autistic | does gifted mean autistic
62,skilling,maths,62,how to make abacus for class 1,13,17,google_ac:13,en:13,yes,abacus for kids,how to use abacus for beginners | how to make abacus for class 2 | how to make abacus for class 3 | abacus class how many levels
63,skilling,values,63,can you teach gratitude,12,62,google_ac:12; ddg_ac:1,en:13,yes,teach kids gratitude,how to teach gratitude | can gratitude be taught | how to learn gratitude | can you learn gratitude
64,skilling,maths,64,what is vedic maths with examples,12,44,google_ac:11; ddg_ac:2,en:13,yes,vedic maths kids; maths for kids,what is vedic maths | what is vedic mathematics | what is vedic maths for kids | is vedic maths good for kids | what is vedic maths in english with examples
65,skilling,maths,65,how to learn vedic maths,12,37,google_ac:12; ddg_ac:1,en:13,yes,vedic maths kids,how to teach vedic maths to kids | how to learn vedic maths at home | how to teach vedic maths | where can i learn vedic maths
66,skilling,coding,66,should kids use ai at school,12,26,ddg_ac:9; google_ac:3,en:12,yes,ai for kids,should kids use ai | should kids use ai to do homework | should kids use ai to do schoolwork | should kids use ai for homework | do kids use ai for homework | how many kids use ai for homework
67,skilling,focus,67,how to improve children's attention span,12,15,google_ac:12,en:12,yes,child concentration; improve child focus,how to increase children's attention | how can i increase my child's attention span | how to increase children's attention span | how to improve children's attention
68,skilling,maths,68,what is mathematics for kids,11,27,google_ac:12; ddg_ac:3,en:15,yes,maths for kids,what is maths for kids | what is mathematics for children | do math for kids | what is math for kids | what does maths stand for kids
69,skilling,general,69,how many child ram charan have,11,20,google_ac:11,en:11,yes,child memory,how many child ram charan | how many children does ram charan have total | how many kids ram charan hd | do ram charan have child
70,skilling,focus,70,what to do to improve your focus,11,16,google_ac:10; ddg_ac:1,en:11,yes,improve child focus; child concentration,can focus be improved | how to improve focus and concentration | how to improve the focus | how to increase focus and attention
71,skilling,thinking,71,are gifted children neurodivergent,11,15,google_ac:11; ddg_ac:1,en:12,yes,gifted child,how many gifted kids are neurodivergent | are gifted students neurodivergent | are all gifted children neurodivergent | are most gifted kids neurodivergent
72,skilling,school-and-study,72,if child is not interested in studies what to do,10,71,google_ac:9; parentune:1,en:10,yes,child not interested in studies,how to deal with a child not interested in studies | what to do when your child is not interested in learning | how to teach a child who is not interested in studies | what to do if a child is not interested in studies | how i teach my children when they are not interested in study
73,skilling,focus,73,what causes lack of concentration in a child,10,39,google_ac:10,en:10,yes,child concentration,why does my child lack concentration | what causes a child to lose concentration | why do kids lack concentration | why does my child have poor concentration
74,skilling,general,74,can handwriting be genetic,10,22,google_ac:10,en:10,yes,child handwriting,is bad handwriting genetic | is handwriting hereditary | is handwriting genetic | is good handwriting genetic
75,skilling,coding,75,how to learn robotics for kids,10,20,google_ac:10,en:10,yes,robotics for kids,how to learn robotics for beginners | how to start robotics for kids | how to teach robotics for kids | how to learn robotics at home
76,skilling,values,76,how to teach children value of money,10,18,google_ac:10,en:10,yes,teach child values,how to teach child value of money | how to teach young children the value.of money | how to make a child understand the value of money | how to teach kids importance of money
77,skilling,thinking,77,is your child gifted,10,16,google_ac:9; ddg_ac:2,en:11,yes,gifted child,is my child gifted | is child gifted | has your child been identified as gifted | am i gifted child | am i gifted kid quiz
78,skilling,memory,78,what food is good for baby brain development,10,16,google_ac:9; parentune:1,en:10,yes,brain development activities for kids,what is good for child brain development | what type of food is helpfull for babies brain development | what is good for baby brain development | what is good for baby's brain development during pregnancy
79,skilling,general,79,what child care subsidy,10,15,google_ac:10,en:10,yes,child learning,how child care subsidy works | how to child care subsidy | what is child care subsidy program | what does child care subsidy mean
80,skilling,confidence,80,why are children shy around me,10,15,google_ac:10,en:10,yes,shy child,why are kids shy around me reddit | why are kids shy around new people | why are kids shy with me | why do kids get shy around me
81,skilling,feelings,81,what is emotional intelligence in children,9,84,google_ac:9; ddg_ac:1,en:10,yes,emotional intelligence in children,what is emotional intelligence in child development | what is an emotionally intelligent child | which of the following are associated with emotional intelligence in children | what is emotional intelligence children
82,skilling,coding,82,what is robotics for kids,9,78,google_ac:9; ddg_ac:2,en:11,yes,robotics for kids,what is robotics for kids ppt | what is robotics for kids coding | what is robotics for kids course | what is robotics definition for kids
83,skilling,thinking,83,what is curiosity for kids,9,45,google_ac:6; ddg_ac:3,en:9,yes,child curiosity,do young children experience curiosity | what is child curiosity | what is child like curiosity | what is childhood curiosity | what is curiosity approach in early years
84,skilling,communication,84,when should kids start speaking,9,30,ddg_ac:8; google_ac:2,en:10,yes,public speaking for kids; when should kids start reading; child learning,when should kids start speaking sentences | when do children start speaking | when does a child start speaking | when should a child begin speaking | when does child learn to speak | when children learn to speak
85,skilling,memory,85,how much childhood memory is normal,9,18,google_ac:9,en:9,yes,child memory,how many childhood memories is normal | what is normal childhood memory | how long do childhood memories last | how many childhood memories should i have
86,skilling,creativity,86,what is creativity in early childhood,9,17,google_ac:8; ddg_ac:2,en:10,yes,child creativity,what is creativity early years | what is creative development in early childhood | what is creativity in early years | what is creative arts in early childhood
87,skilling,reading,87,how to teach reading to kids in english,9,13,google_ac:9,en:9,yes,reading to kids,how to read english to kids | how to teach english reading to kids in hindi | how to teach kids to read english words | how to teach children to read in english
88,skilling,thinking,88,can gifted children have an iep,9,12,google_ac:9,en:9,yes,gifted child,why do gifted students have an iep | can gifted students have an iep | do gifted students have an iep | do gifted kids have an iep
89,skilling,values,89,how to teach children place value,9,11,google_ac:7; ddg_ac:2,en:9,yes,teach child values,how do you explain place value to a child | how to teach place value | how to teach place value to kids | how to teach place values to kids | how to help children understand place value
90,skilling,reading,90,is reading safe,9,11,google_ac:5; ddg_ac:4,en:9,yes,reading to kids,how safe is reading | is reading all books safe | is reading uk safe | is read all books safe to use | is reading dangerous | is reading safe to live
91,skilling,general,91,what child care expenses are tax deductible,9,11,google_ac:9,en:9,yes,child learning,what child care costs are tax deductible | what child care is tax deductible | is child care tax deductible | can child care expenses be deducted from taxes
92,skilling,coding,92,where to start learning about ai,9,11,google_ac:9,en:9,yes,ai for kids,where to start learning about ai agents | where to start learning ai from scratch | where to start learning ai programming | where to start learning ai tools
93,skilling,reading,93,why drag queens reading to kids,9,11,google_ac:9,en:9,yes,reading to kids,what are drag queens reading to kids | should drag queens read to kids | do drag queens read to kids in schools | where are drag queens reading to kids
94,skilling,communication,94,how to start public speaking,9,9,google_ac:9,en:9,yes,public speaking for kids,how to help with public speaking | what can i do to improve my public speaking skills | how to improve public speaking skills | how to train public speaking at home
95,skilling,maths,95,is vedic maths useful,8,34,google_ac:8; ddg_ac:1,en:9,yes,vedic maths kids,is vedic maths helpful | is vedic maths useful for jee | how is vedic maths useful | is vedic maths important
96,skilling,general,96,why is my child handwriting so bad,8,32,google_ac:8,en:8,yes,child handwriting,why does my child have bad handwriting | why do children have bad handwriting | why do children struggle with handwriting | why does my child struggle with handwriting
97,skilling,reading,97,when should kids start reading the bible,8,31,google_ac:8,en:8,yes,when should kids start reading,what age should kids start reading the bible | where should kids start reading the bible | what age should you start reading the bible | where should a child start reading the bible
98,skilling,coding,98,how to make ai videos for kids,8,28,google_ac:7; ddg_ac:3,en:10,yes,ai for kids,what is ai for kids video | what is ai for kids youtube | how to create ai videos for kids | how to make ai videos for kids free | how to use ai to create animation for kids
99,skilling,coding,99,is scratch coding for kids,8,20,google_ac:8; ddg_ac:1,en:9,yes,coding for kids,is scratch coding for kids free | is scratch coding good for kids | what is scratch coding for kids | is scratch coding safe for kids
100,skilling,maths,100,what is the best age to start abacus,8,19,google_ac:8,en:8,yes,abacus for kids,what is the right age for abacus | what is the right age to learn abacus | when to start abacus for kids | what is the best age to start abacus for kids
101,skilling,general,101,what should a 6 year old's handwriting look like,8,15,google_ac:8,en:8,yes,child handwriting,what should a 7 year old's handwriting look like | what should a 4 year old's handwriting look like | what should a 6 year old writing look like | what does a 6 year old's handwriting look like
102,skilling,thinking,102,when can we start chess for kids,8,13,google_ac:6; ddg_ac:2,en:8,yes,chess for kids,what age is best to learn chess | what age is chess for | what age to start chess | when to start chess for kids | when to start teaching chess for kids
103,skilling,thinking,103,how much can be gifted,8,11,ddg_ac:6; google_ac:2,en:8,yes,gifted child,how much can be gifted each year | how much money can be gifted to children | how much can be gifted to children tax free | how much can be gifted to children | how much can a child be gifted tax free | how much can a child be gifted per year
104,skilling,school-and-study,104,how do you support your child learning at home,8,10,google_ac:8,en:8,yes,child learning,how do you support your child's education at home | how will you support your child's learning at home | how do you plan to support your child's education at home | how to support your child's learning at home
105,skilling,general,105,how to learn about child development,8,10,google_ac:8,en:8,yes,child learning,how to learn child development milestones | how to teach parents about child development | how to study child development | how to understand child development
106,skilling,coding,106,why is ai terrifying,8,10,google_ac:8,en:8,yes,ai for kids,why is ai scary | why is ai scary reddit | why is ai so scary | why is ai getting scary
107,skilling,stillness,107,how to teach meditation to kids,8,9,google_ac:8,en:8,yes,kids mindfulness,why is meditation important for kids | how to explain meditation to a child | how to teach kids meditation | how to do meditation for kids
108,skilling,school-and-study,108,Does my almost 3 year old have a learning disability?,8,8,google_ac:7; reddit:1,en:8,yes,child learning; learn to read,does my child have learning disability | does my child have a learning disability quiz | does my son have a learning disability | does my daughter have a learning disability
109,skilling,general,109,how many child care leave,8,8,google_ac:8,en:8,yes,child learning,how many days child care leave | how many days child care leave in singapore | how many child care leave per year | how many child care leave can be taken at a time
110,skilling,thinking,110,how to play chess for beginners,8,8,google_ac:8,en:8,yes,chess for kids,how to play chess basic rules | how to play the game of chess for beginners | how to learn chess for beginners | what is the easiest way to learn chess
111,skilling,thinking,111,how to make your child intelligent in club roblox,7,59,google_ac:7,en:7,yes,how to make my child intelligent; child creativity,how to make your child smarter in club roblox | how to make your baby intelligent in club roblox | how to get your child's intelligence up in club roblox | how to make your child smart in club roblox
112,skilling,memory,112,how does a child's memory work,7,31,google_ac:4; ddg_ac:3,en:7,yes,child memory,what is memory for kids | how does our memory work for kids | what is child memory | how does childhood memory work | what is infant memory | how does a baby memory work
113,skilling,thinking,113,can a 4 year old play chess,7,20,google_ac:8,en:8,yes,chess for kids,can a 5 year old play chess | can a 4 year old learn to play chess | can you teach a 4 year old to play chess | can a 4 year old learn chess
114,skilling,memory,114,can a child have memory loss,7,14,google_ac:7,en:7,yes,child memory,can children have memory issues | does my child have a memory problem | can children have memory loss | can a child have short term memory loss
115,skilling,thinking,115,how many gifted students are there,7,13,google_ac:6; ddg_ac:1,en:7,yes,gifted child,how many gifted children are there in the world | how many gifted children are there | how many gifted children are there in the us | how many gifted students are there in the us | how many students are gifted
116,skilling,reading,116,why is phonics important,7,11,ddg_ac:4; google_ac:3,en:7,yes,phonics for kids,why do we teach phonics | what is phonics and its importance | why are phonics important | why does phonics matter | is phonics useful | what are the importance of phonics
117,skilling,memory,117,what childhood memory,7,11,google_ac:7,en:7,yes,child memory,what is childhood memory | what is vivid childhood memory | what does childhood memory mean | what is childhood memories meaning
118,skilling,reading,118,where to read kids books online for free,7,11,google_ac:7,en:7,yes,reading to kids,where to read kids books for free | where to read kids books online | where can i read to kids | how to read kids books online for free
119,skilling,coding,119,how to make an ai for beginners,7,10,google_ac:7,en:7,yes,ai for kids,how to make an ai for beginners free | how to make an ai agent for beginners | how to make an ai model for beginners | how to make an ai video for beginners
120,skilling,reading,120,what grade should kids start reading,7,10,google_ac:7,en:7,yes,when should kids start reading,what grade do kids start reading | what grade do kids start reading books | what grade do students start reading | what grade.do.kids.begin reading
121,skilling,memory,121,is it normal to have no memory of childhood,7,9,google_ac:6; ddg_ac:1,en:7,yes,child memory,is it normal to remember your childhood | is it normal to forget childhood memories | is it normal to lose childhood memories | is it normal to have little to no memory of childhood
122,skilling,communication,122,when can babies communicate,7,9,google_ac:7,en:7,yes,child communication skills,when can toddlers communicate | when can babies communicate with sign language | when can kids communicate | when can babies communicate with words
123,skilling,reading,123,are kids learning to read,7,7,google_ac:4; reddit:2; ddg_ac:1,en:7,yes,child learning; learn to read; reading to kids,"can child learn to read | children best learn how to read by sounding words out, not by relying on context clues to guess | How kids learn to read | does reading to kids help them learn to read | why do children learn to read | children learn how to read"
124,skilling,general,124,how much child care subsidy can i get,7,7,google_ac:7,en:7,yes,child learning,how long child care subsidy | how many hours child care subsidy | how much child care subsidy will i get | how much child care subsidy
125,skilling,maths,125,how to teach math to a child with dyscalculia,7,7,google_ac:7,en:7,yes,maths for kids,how to help a child with math dyslexia | how to teach maths to kids with dyscalculia | how to teach math to a child with adhd | how to teach math to a child with down syndrome
126,skilling,thinking,126,how to become intelligent,6,58,ddg_ac:6,en:6,yes,how to make my child intelligent,how to make yourself more intelligent | how to be intelligent | how to become intelligent student | how to become extremely intelligent
127,skilling,school-and-study,127,why my child is not interested in studies,6,39,google_ac:5; parentune:1,en:6,yes,child not interested in studies,why the child is not interested in studies at all | why is my child not interested in studies | why children are not interested in studies | my daughter not interested in studies
128,skilling,confidence,128,how to build confidence in children with adhd,6,39,google_ac:6,en:6,yes,how to build confidence in child,how to build self esteem in children with adhd | how to build confidence in a child with adhd | how to build confidence in autistic child | how to build confidence in adhd child
129,skilling,school-and-study,129,why i am not interested in studies,6,37,parentune:4; ddg_ac:1; google_ac:1,en:6,yes,child not interested in studies,what to do if you are not interested in studies | not interested in studies | don not take interest in studies and dont listen to me | not showing interest in studies
130,skilling,coding,130,is coding for kids free,6,22,google_ac:6; ddg_ac:2,en:8,yes,coding for kids; teach my child to code,how to learn coding for kids free | how to code for kids free | is coding for kids io free | learn how to code for kids free | what is coding for kids free
131,skilling,coding,131,what is robotics for kids in school,6,19,google_ac:6,en:6,yes,robotics for kids,what is robotics in school | what is robotics class in high school | what is robotics in elementary school | what is robotics in middle school
132,skilling,communication,132,why public speaking is important for students,6,18,ddg_ac:4; google_ac:3,en:7,yes,public speaking for kids,why is public speaking important | why is public speaking important for students | why should we learn public speaking | why is public speaking important for teachers | why public speaking is important for students essay
133,skilling,focus,133,how long can a child concentrate,6,17,google_ac:4; ddg_ac:2,en:6,yes,child concentration; improve child focus,how long can children concentrate for | how long can toddlers and preschoolers focus | how long can a toddler focus | how long can a child stay focused | how long can a child with adhd concentrate on a task
134,skilling,school-and-study,134,what is child led learning,6,15,google_ac:6; ddg_ac:2,en:8,yes,child learning,what is child-led learning | why is child led learning important | what is child led learning in early years | what is child led learning called
135,skilling,reading,135,does reading to kids make them smarter,6,15,google_ac:6,en:6,yes,reading to kids,does reading to your child make them smarter | does reading make kids smarter | does reading make you smarter | how does reading make u smarter
136,skilling,thinking,136,why are babies so curious,6,15,google_ac:6,en:6,yes,child curiosity,why are toddlers so curious | why are little kids so curious | why is my toddler so curious | why is my baby so curious
137,skilling,general,137,why is my child not interested in anything,6,15,google_ac:6,en:6,yes,child not interested in studies,why is my son not interested in anything | why is my toddler not interested in anything | why is my baby not interested in anything | why my kid not interested in anything and lazy
138,skilling,memory,138,do children have better memory than adults,6,13,google_ac:5; ddg_ac:2,en:7,yes,child memory,do kids have better memory than adults | why do kids have memory loss | why do children have better memory | why do children have bad memory
139,skilling,coding,139,is robotics good for kids,6,13,google_ac:4; ddg_ac:2,en:6,yes,robotics for kids,is robotics class good for kids | is robots good for kids | is robots safe for kids | is robots appropriate for kids | is war robots ok for kids
140,skilling,confidence,140,can shy children have adhd,6,12,google_ac:6,en:6,yes,shy child,are adhd children shy | can a child with adhd be shy | can adhd cause shyness | can someone with adhd be shy
141,skilling,confidence,141,are children born shy,6,10,google_ac:5; ddg_ac:1,en:6,yes,shy child,are children shy | are people born shy | are only children shy | what is a shy child
142,skilling,thinking,142,what happens to gifted kids,6,10,ddg_ac:5; google_ac:4,en:9,yes,gifted child,what happens to gifted children | what happens when a child is gifted | what happens to gifted children in adulthood | what happens to gifted children as adults | do gifted children become gifted adults | what happens to gifted children when they grow up
143,skilling,thinking,143,when did curiosity land on mars,6,10,ddg_ac:6,en:6,yes,child curiosity,when did curiosity rover land on mars | when did curiosity rover land | when did curiosity go to mars | how did curiosity land on mars
144,skilling,memory,144,do toddlers have a good memory,6,9,google_ac:6,en:6,yes,child memory,do babies have a good memory | do kids have a good memory | do all toddlers have good memory | why do toddlers have such good memory
145,skilling,reading,145,is hooked on phonics good for kids,6,9,google_ac:6,en:6,yes,phonics for kids,is hooked on phonics good for kids with adhd | is hooked on phonics good for kids with autism | how much is hooked on phonics for kids | can i use hooked on phonics for multiple kids
146,skilling,coding,146,what age can a child start coding,6,8,google_ac:5; reddit:1,en:6,yes,coding for kids; teach my child to code; coding,Coding for kids age appropriate or just another trend? | what age should a child start coding | what age should kids start coding | when to start coding for kids
147,skilling,memory,147,do 4 year olds have good memory,6,8,google_ac:6,en:6,yes,child memory,do children have memory before 4 | do 4 year olds have memory | do 4 year olds have long term memory | do 4 year olds have short term memory
148,skilling,general,148,how to learn child care,6,8,google_ac:6,en:6,yes,child learning,how child care | how to child care | how to child care at home | how to care child health
149,skilling,general,149,what child care cost,6,8,google_ac:6,en:6,yes,child learning,how much child care cost | what does child care cost mean | what is child care cost mean | what does child care cost
150,skilling,general,150,what child care provider,6,8,google_ac:6,en:6,yes,child learning,what does child care provider mean | what does child care provider do | what is home child care provider | what is family child care provider
151,skilling,focus,151,what to do to improve my concentration,6,7,google_ac:5; parentune:1; reddit:1,en:7,yes,child concentration; improve child focus; concentration,how to increase concentration | what can you do to improve your concentration while studying | how to increase concentration in studies | how to improve concentration in class
152,skilling,general,152,how to gift children money,6,7,google_ac:5; ddg_ac:2,en:7,yes,gifted child,how to gift children 15000 | how to gift children money tax free | how to gift child money | how to gift child a house
153,skilling,thinking,153,is critical thinking bad,6,7,google_ac:6,en:6,yes,kids critical thinking,is critical thinking negative | is critical thinking good or bad | is too much critical thinking bad | why is my critical thinking so bad
154,skilling,thinking,154,how long to play chess,6,6,ddg_ac:6,en:6,yes,chess for kids,how long does chess take | how long have people played chess | how long to learn chess | how long are chess games
155,skilling,general,155,when do children learn colours,6,6,google_ac:6,en:6,yes,child learning; teach kids gratitude; teach child values,when do kids learn color recognition | when should a child know their colors | when should children learn colours | when children learn colors
156,skilling,general,156,why children learn language faster,6,6,google_ac:6,en:6,yes,child learning,do children learn languages faster | why do children learn languages faster | why do children learn language | why children learn english
157,skilling,general,157,why are some people slow learners,5,38,google_ac:3; ddg_ac:2,en:5,yes,child slow learner,why are kids slow learners | why do i learn slower than others | why are some children slow learners | why some students are slow learners
158,skilling,values,158,how to explain values to a child,5,29,google_ac:5; ddg_ac:1,en:6,yes,teach child values,how do you explain values to a child | how to explain data to a child | how to explain absolute value to a child | how to explain p value to a child
159,skilling,coding,159,why is robotics important for kids,5,21,google_ac:5; ddg_ac:1,en:6,yes,robotics for kids,why robotics is important in school | why is robotics important | why is coding and robotics important for kids | why robotics for kids
160,skilling,feelings,160,why is emotional intelligence important in children,5,19,google_ac:4; ddg_ac:2,en:6,yes,emotional intelligence in children,why is emotional intelligence important for children to learn | why emotional intelligence matters | why is emotional intelligence important | why is emotional intelligence important when raising children
161,skilling,communication,161,what is communication in child development,5,19,google_ac:5,en:5,yes,child communication skills,what is communication and language in child development | what is communication development in children | what does communication mean in child development | what is communication development in early childhood
162,skilling,coding,162,what is coding for kids youtube,5,18,google_ac:4; ddg_ac:2,en:6,yes,coding for kids,what is coding for kids video | how to code for kids youtube | what is coding for kids videos | how to program youtube for kids
163,skilling,thinking,163,do gifted children sleep less,5,18,google_ac:5,en:5,yes,gifted child,do gifted children have trouble sleeping | do gifted children need less sleep | how to help gifted child sleep | do gifted toddlers sleep less
164,skilling,thinking,164,how to explain curious to a child,5,14,google_ac:5,en:5,yes,child curiosity,how to describe a child's curiosity | how to explain interesting to a child | how to explain the word curious to a child | how to describe a curious child
165,skilling,coding,165,how to learn robotics for free,5,12,google_ac:5,en:5,yes,robotics for kids,how can i learn robotics for free | where can i learn robotics for free | how can i learn robotics online for free | how to learn robotics for free online
166,skilling,reading,166,How to teach a child to read?,5,9,reddit:2; google_ac:2; parentune:1,en:5,yes,reading; learn to read; reading to kids,how to teach a slow learner child to read | how can i have my child learn more and build habit to read | I am lost on how to teach my kid to read | how to get child to like reading
167,skilling,general,167,what child care assistance,5,9,google_ac:5,en:5,yes,child learning,is child care assistance | what is child care assistance program | what daycares accept child care assistance | what daycares take child care assistance
168,skilling,general,168,why do children learn,5,8,google_ac:4; ddg_ac:1,en:5,yes,child learning,why is learning important for children | why children learn | why is it easier to learn as a child | why do children learn better
169,skilling,confidence,169,why is my child shy at school,5,8,google_ac:3; parentune:2,en:5,yes,shy child,my daughter does not speak and is shy | my daughter is very shy at school | why is my child so shy at school | why is my daughter so shy
170,skilling,memory,170,when do childhood memories start to fade,5,8,google_ac:5,en:5,yes,child memory,do childhood memories fade | is it normal for childhood memories to fade | why do childhood memories fade | when do childhood memories fade and why
171,skilling,thinking,171,why do gifted kids struggle in school,5,8,google_ac:5,en:5,yes,gifted child; child handwriting,why do gifted children struggle as adults | why do gifted kids struggle with writing | why do gifted kids fail | why do gifted students struggle in college
172,skilling,school-and-study,172,how child study,5,7,google_ac:4; parentune:1,en:5,yes,child learning,how to make your child sit and study | how to study child | how to help your child study at home | how children study
173,skilling,reading,173,does hooked on phonics work for kids with dyslexia,5,7,google_ac:5,en:5,yes,phonics for kids,is hooked on phonics good for kids with dyslexia | does hooked on phonics work for dyslexia | does phonics work for dyslexia | does hooked on phonics help with spelling
174,skilling,memory,174,what age is most important for brain development,5,7,google_ac:5,en:5,yes,brain development activities for kids; kids critical thinking,what ages are most critical in child development | what age is most crucial for brain development | what age is most critical for brain development | what are the most important years for brain development
175,skilling,thinking,175,what am i questions for kids,5,7,google_ac:5,en:5,yes,ai for kids,who am i for kids quiz | who am i questions for kids | where am i questions for kids | where am i quiz for kids
176,skilling,maths,176,what is area math for kids,5,7,google_ac:5,en:5,yes,maths for kids,what is the definition of area in math for kids | what is area in math simple definition | how does area work in math | what is area in math example
177,skilling,maths,177,why abacus is important,5,6,google_ac:4; ddg_ac:1,en:5,yes,abacus for kids; maths for kids,is abacus really helpful | what is abacus and its uses | is abacus necessary | what is the purpose of using abacus
178,skilling,reading,178,can i read my kids texts from my phone,5,6,google_ac:5,en:5,yes,reading to kids,is it ok to read your kids texts | can i read my kids messenger messages | can i read my kids texts on iphone | should i read my kids texts
179,skilling,stillness,179,how to raise a quiet child,5,6,google_ac:5,en:5,yes,shy child,how to quiet children | how to make a quiet kid talk | how to get quiet kids to talk | how to raise quiet children
180,skilling,reading,180,What is it about reading books to babies that makes it good for development?,5,5,google_ac:3; reddit:2,en:5,yes,reading to kids; reading; shy,Your Baby Can Read? | is reading to your baby important | does reading to babies help | how does reading to a baby help them
181,skilling,general,181,when should child learn to swim,5,5,google_ac:4; ddg_ac:1,en:5,yes,child learning,can child learn to swim | should children learn to swim | how long child learn to swim | why should children learn to swim
182,skilling,general,182,does my child have sensory issues,5,5,google_ac:5,en:5,yes,gifted child,can a child grow out of sensory issues | can a child have sensory issues and not be autistic | can a child have adhd and sensory issues | what is sensory issues in a child
183,skilling,communication,183,how to help autistic child with social skills,5,5,google_ac:5,en:5,yes,child communication skills,how to improve communication skills in autistic child | how to teach autistic child social skills | how to teach an asperger's child social skills | how can i help my autistic child with social skills
184,skilling,reading,184,when do kids learn letter recognition,5,5,google_ac:5,en:5,yes,teach kids gratitude; phonics for kids; child learning,when should a child recognize letters | how to teach kids letter recognition | when do toddlers.learn letter recognition | when should child learn alphabet
185,skilling,reading,185,when do kids start reading in the us,5,5,google_ac:5,en:5,yes,when should kids start reading,when do kids start reading in america | when do kids start reading in finland | when do kids start reading in europe | what age do kids start reading in other countries
186,skilling,general,186,when should i have kids,5,5,google_ac:5,en:5,yes,ai for kids,when should i have kids quiz | when should i have kids reddit | when should i have kids as a man | when should i get kids
187,skilling,general,187,why children learn through play,5,5,google_ac:5,en:5,yes,child learning,do children learn through play | do children learn best through play | why do children learn through play | why children learn best through play
188,skilling,coding,188,why did ai have kids,5,5,google_ac:5,en:5,yes,ai for kids,can ai have kids | does ai have kids | do ai have kids | when did ai have kids
189,skilling,values,189,how to teach values to students,4,42,ddg_ac:3; google_ac:1,en:4,yes,teach child values,how to teach values | how to teach values education kindergarten | how to teach note values to kids
190,skilling,general,190,why do i don't want to study,4,42,ddg_ac:3; google_ac:1,en:4,yes,child not interested in studies,why am i not studying | why i am not feeling to study | why am i not interested in studying
191,skilling,general,191,how to help slow learners,4,35,ddg_ac:2; google_ac:2,en:4,yes,child slow learner,how to deal with slow learners | what to do if you are a slow learner | how to motivate slow learners
192,skilling,memory,192,why is my child's memory so bad,4,14,google_ac:4,en:4,yes,child memory,why is my childhood memory so bad | why is my memory so bad since childhood | why is my kids memory so bad
193,skilling,memory,193,how to improve child brain development,4,12,google_ac:3; ddg_ac:1,en:4,yes,kids critical thinking; brain development activities for kids; ai for kids,how can i improve my child's brain | how to improve children's thinking skills | how to improve thinking skills of a child
194,skilling,thinking,194,why is critical thinking important for kids,4,12,ddg_ac:3; google_ac:2,en:5,yes,kids critical thinking,why critical thinking is good for kids | why is critical thinking important in school | why is critical thinking important
195,skilling,feelings,195,how to measure emotional intelligence in children,4,12,google_ac:4,en:4,yes,emotional intelligence in children,how is emotional intelligence measured in young children | can emotional intelligence be measured | how to measure emotional intelligence
196,skilling,thinking,196,is chess good for kids with adhd,4,12,google_ac:4,en:4,yes,chess for kids,does chess help kids with adhd | is chess a good game for kids with adhd | is chess good for adhd
197,skilling,school-and-study,197,why does my child have a hard time learning,4,12,google_ac:4,en:4,yes,child learning,does my child have a learning difficulty | why is my child not learning | why is my child struggling to learn
198,skilling,coding,198,why do we learn coding,4,10,ddg_ac:4,en:4,yes,coding for kids,why do people learn coding | why do we use coding | why is coding important
199,skilling,coding,199,is buddy ai safe for kids,4,9,google_ac:4,en:4,yes,ai for kids,is buddy ai for kids | is buddy ai good for kids | is buddy ai safe for kids reddit
200,skilling,coding,200,what is robotics club for kids,4,9,google_ac:4,en:4,yes,robotics for kids,is robotics club good for college | what does robotics club do | what is robotics club
201,skilling,general,201,what child education plan,4,8,google_ac:4,en:4,yes,child learning,which child education plan is best | what is children education plan | what is a child plan
202,skilling,thinking,202,what is gifted child burnout,4,7,google_ac:4; ddg_ac:1,en:5,yes,gifted child,when does gifted kid burnout start | is gifted kid burnout real | why do gifted kids burnout
203,skilling,thinking,203,can gifted children be dyslexic,4,7,google_ac:4,en:4,yes,gifted child,can a gifted child have a learning disability | can a gifted child struggle with reading | can a child be gifted and dyslexic
204,skilling,school-and-study,204,what age do children start learning,4,7,ddg_ac:4,en:4,yes,child learning; maths for kids,when do kids start learning math | when does learning begin for a child | when should you start teaching your child
205,skilling,general,205,what am i for kids game,4,7,google_ac:4,en:4,yes,ai for kids,what am i for kids | who am i for kids | who am i for kids game
206,skilling,maths,206,what is mental maths for kids,4,7,google_ac:4,en:4,yes,maths for kids,why is mental math important for kids | what is mental maths for grade 5 | what is mental math for kids
207,skilling,creativity,207,what should a 5 year old's handwriting look like,4,7,google_ac:4,en:4,yes,child handwriting,what should a 5 year old writing look like | what does a 5 year old writing look like | what should a 5 year olds writing be like
208,skilling,stillness,208,why is mindfulness important for students,4,7,google_ac:4,en:4,yes,kids mindfulness,why is mindfulness important | what is mindfulness and why is it important | why is mindfulness important for college students
209,skilling,focus,209,when do babies start to focus,4,6,ddg_ac:3; google_ac:1,en:4,yes,improve child focus; child concentration,when can babies focus | when do newborns start to focus | how long can a baby focus
210,skilling,thinking,210,are children curious,4,6,google_ac:4,en:4,yes,child curiosity,why are kids so curious | are all children curious | are children more curious than adults
211,skilling,feelings,211,are gifted children more emotional,4,6,google_ac:4,en:4,yes,gifted child,are intelligent kids more emotional | are smart kids more emotional | why are gifted kids so emotional
212,skilling,school-and-study,212,is it bad to be a slow learner,4,6,google_ac:4,en:4,yes,child slow learner,how do i know if i am a slow learner | is it okay to be a slow learner | can a slow learner become a fast learner
213,skilling,school-and-study,213,should baby learning to walk wear shoes,4,6,google_ac:4,en:4,yes,child learning,what kind of shoes should baby wear when learning to walk | is it better for babies to wear shoes when learning to walk | do babies learn to walk better with or without shoes
214,skilling,reading,214,what is jolly phonics for kids,4,6,google_ac:4,en:4,yes,phonics for kids,what is jolly phonics | how does jolly phonics work | what is jolly phonics method
215,skilling,maths,215,what is olympiad math for kids,4,6,google_ac:4,en:4,yes,maths for kids,what is maths olympiad for kids | what is math olympiad for kids | what is olympiad math
216,skilling,maths,216,what is russian math for kids,4,6,google_ac:4,en:4,yes,maths for kids,what is russian math | what is russian math school | how does russian math work
217,skilling,communication,217,when do children develop language skills,4,6,google_ac:4,en:4,yes,child communication skills,when do babies develop language skills | what age is language development | what age do children develop language skills
218,skilling,confidence,218,why is my child shy around adults,4,6,google_ac:4,en:4,yes,shy child,do shy children become shy adults | why are kids shy around adults | why is my child so shy around adults
219,skilling,school-and-study,219,how to help child with learning disability,4,5,google_ac:3; ddg_ac:1,en:4,yes,child learning; phonics for kids; how to make my child intelligent,how to help my child with intellectual disability | how to help a child with learning disability | how to help a child with phonological disorder
220,skilling,reading,220,is reading a safe city,4,5,google_ac:3; ddg_ac:2,en:5,yes,reading to kids,is reading a safe place to live | is reading safe place to live | is reading safe city
221,skilling,general,221,why study child development,4,5,google_ac:3; ddg_ac:1,en:4,yes,child learning,why child development | why learn about child development | why is it important to study child development
222,skilling,school-and-study,222,Why do you homeschool?,4,5,reddit:4,en:4,yes,reading; coding; confidence,Why do you homeschool your kids? | What is a good reason to homeschool? | Why We Homeschool
223,skilling,thinking,223,do intelligent children need less sleep,4,5,google_ac:4,en:4,yes,gifted child,do intelligent children sleep less | do highly intelligent children sleep less | do intelligent toddlers sleep less
224,skilling,communication,224,how much time a child takes to speak,4,5,google_ac:4,en:4,yes,public speaking for kids,how much time baby take to speak | how much time does a baby take to talk | how long does it take for a child to talk
225,skilling,reading,225,what am i worksheet for kids,4,5,google_ac:4,en:4,yes,reading to kids; ai for kids,how to teach reading to kids worksheets | how to start reading for kids worksheets | who am i worksheet for kids
226,skilling,school-and-study,226,what learning apps are free,4,5,google_ac:4,en:4,yes,child learning,what kids learning apps are free | what is the best free learning app | which learning app is free of cost
227,skilling,general,227,why is daycare important,4,5,google_ac:4,en:4,yes,child learning,why child care | why day care | why is childcare important
228,skilling,reading,228,how many parents read to kids,4,4,ddg_ac:2; google_ac:2,en:4,yes,reading to kids,how many kids read books | how many parents read to their children | how many people read to their kids
229,skilling,general,229,how to learning children,4,4,google_ac:3; parentune:1,en:4,yes,child learning; teach kids gratitude,how to teach child | how to teach a 4 year old child | how to learn child
230,skilling,thinking,230,is playing chess harmful,4,4,google_ac:3; ddg_ac:1,en:4,yes,chess for kids,is playing chess good for you | is chess dangerous | is chess bad for you
231,skilling,feelings,231,Should I be concerned about my 3.5 YO’s social anxiety?,4,4,reddit:4,en:4,yes,shy; confidence,3.5 year old suddenly anxious. Is this normal development or should I be worried? | Social anxiety in a 3 year old. How do you manage? | Suspected anxiety in 3 year old?
232,skilling,coding,232,What about screen time is harmful?,4,4,reddit:4,en:4,yes,screen time learning; coding; learn to read,"What defines screen time, why is it bad, and where is the line? | What exactly is the harm of screen time | How bad is screen time before two ACTUALLY?"
233,skilling,general,233,are child care,4,4,google_ac:4,en:4,yes,child learning,is child care | why is child care | what is child care
234,skilling,memory,234,are childhood memories,4,4,google_ac:4,en:4,yes,child memory,why childhood memories is the best | can childhood memories come back | why do childhood memories come back
235,skilling,memory,235,can child sleep on memory foam mattress,4,4,google_ac:4,en:4,yes,toddler sleep; child memory,can baby sleep on memory foam mattress | can children sleep on memory foam mattress | can children have memory foam mattress
236,skilling,confidence,236,how to build self confidence in a teenage boy,4,4,google_ac:4,en:4,yes,how to build confidence in child,how to build confidence in teenage boy | how to build confidence in teenage son | how to build self esteem in teenage boy
237,skilling,maths,237,how to count on an abacus,4,4,google_ac:4,en:4,yes,abacus for kids,how do you calculate an abacus | how to count numbers in abacus | how to count 10 in abacus
238,skilling,coding,238,how to get code for kids messenger,4,4,google_ac:4,en:4,yes,coding for kids,where is the code for kids messenger | how to find code for kids messenger | how to get login code for kids messenger
239,skilling,coding,239,how to learn coding for free for beginners,4,4,google_ac:4,en:4,yes,coding for kids,how to code for beginners free | how to learn coding for beginners | where to start coding for beginners
240,skilling,general,240,how to set password for youtube kids,4,4,google_ac:4,en:4,yes,coding for kids,how to set password for youtube kids on tv | how to password protect youtube kids | how to password lock youtube kids
241,skilling,thinking,241,is ai ruining your kid's critical thinking,4,4,google_ac:4,en:4,yes,kids critical thinking,is ai ruining your kids critical thinking | can ai think critically | is ai bad for critical thinking
242,skilling,coding,242,is c ai safe for kids,4,4,google_ac:4,en:4,yes,ai for kids,is c ai for kids | is c.ai bad for kids | is c ai ok for kids
243,skilling,maths,243,is cool maths games safe,4,4,ddg_ac:4,en:4,yes,maths for kids,is cool math safe | is cool math games safe to play | is cool math games a safe site
244,skilling,reading,244,is it okay to read kids books as an adult,4,4,google_ac:4,en:4,yes,reading to kids,is it bad to read kids books as an adult | is it ok for adults to read kids books | can i read kids books as an adult
245,skilling,general,245,is sky children of light crossplay,4,4,ddg_ac:4,en:4,yes,shy child,is sky children of the light multiplayer | is sky children of the light cross platform | does sky children of the light have crossplay
246,skilling,general,246,is sky children of the light on pc,4,4,ddg_ac:4,en:4,yes,shy child,is sky children of the light on xbox | is sky children of the light on ps5 | can sky children of the light be played on pc
247,skilling,general,247,what why children in hospital uk,4,4,ddg_ac:4,en:4,yes,shy child,what why children in hospital | what why children in hospital uk mri | what why children in hospital charity
248,skilling,memory,248,where did memory foam come from,4,4,ddg_ac:4,en:4,yes,child memory,how did memory foam get its name | where did memory foam originate from | where did memory foam mattresses come from
249,skilling,thinking,249,why are baby animals so curious,4,4,google_ac:4,en:4,yes,child curiosity,why are baby gorillas so curious | why are baby elephants so curious | why are dogs so curious about babies
250,skilling,focus,250,why do kids with adhd have bad handwriting,4,4,google_ac:4,en:4,yes,child handwriting,why do adhd kids struggle with writing | why do adhd students struggle with writing | is bad handwriting a sign of adhd
251,skilling,school-and-study,251,why am i not able to study,3,39,ddg_ac:3,en:3,yes,child not interested in studies,why can't i study anymore | why can't i study
252,skilling,school-and-study,252,why some students are not interested in studies,3,32,google_ac:2; ddg_ac:1,en:3,yes,child not interested in studies,why are students not interested in learning | why students lack interest in studies
253,skilling,general,253,why is my child's handwriting getting worse,3,21,google_ac:3,en:3,yes,child handwriting,when does kids handwriting get better | when should i be concerned about my child's handwriting
254,skilling,reading,254,does reading to toddlers benefits,3,17,google_ac:3,en:3,yes,reading to kids,why is reading good for toddlers | why is reading to your toddler important
255,skilling,thinking,255,why is curiosity important for children,3,15,ddg_ac:2; google_ac:1,en:3,yes,child curiosity,why is children's curiosity so valuable to learning | why is curiosity important
256,skilling,school-and-study,256,how can i get my child interested in studies,3,13,google_ac:2; reddit:1,en:3,yes,child not interested in studies; focus,How to Turn Your Child’s Interests into Learning Opportunities | how to make a child interested in studying
257,skilling,confidence,257,why was i so shy as a child,3,10,google_ac:4,en:4,yes,shy child,why was i so shy as a kid | why was i so shy as a child reddit | why was i so embarrassed as a child
258,skilling,confidence,258,how to build social confidence in your child,3,7,google_ac:2; reddit:1,en:3,yes,how to build confidence in child; confidence,How to boost my 3yo's confidence in social situations | how to build social confidence
259,skilling,thinking,259,do gifted children have behavior problems,3,7,google_ac:3,en:3,yes,gifted child,do gifted children struggle socially | why do gifted children have social difficulties
260,skilling,reading,260,why do kids hate reading,3,6,ddg_ac:2; google_ac:1,en:3,yes,reading to kids,why does my child hate reading | how many kids hate reading
261,skilling,thinking,261,why gifted kids are special needs,3,6,google_ac:3; ddg_ac:1,en:4,yes,gifted child,are gifted children special needs | why do gifted students need special education
262,skilling,thinking,262,can ai reason like a human,3,6,google_ac:3,en:3,yes,ai for kids,can ai reason | does ai reason
263,skilling,thinking,263,is duolingo chess safe for kids,3,6,google_ac:3,en:3,yes,chess for kids,is chess kids safe | is duolingo chess good for kids
264,skilling,thinking,264,Are we too quick to label kids as “gifted”?,3,5,reddit:2; ddg_ac:1,en:3,yes,gifted child,should we still label children as gifted | Your Kids Are Gifted. Should You Tell Them?
265,skilling,values,265,what are values for kids,3,5,ddg_ac:2; google_ac:1,en:3,yes,teach child values,what is moral values for children's | how should we value children
266,skilling,school-and-study,266,what is child centred learning,3,5,ddg_ac:2; google_ac:2,en:4,yes,child learning,why is child centred learning important | what is child centered learning
267,skilling,thinking,267,are curious babies more intelligent,3,5,google_ac:3,en:3,yes,child curiosity,are difficult babies more intelligent | are babies getting smarter
268,skilling,maths,268,does duolingo have math for kids,3,5,google_ac:3,en:3,yes,maths for kids,is there a duolingo for math | does duolingo teach numbers
269,skilling,coding,269,how much is coding for kids,3,5,google_ac:3,en:3,yes,coding for kids,how much are coding classes for kids | how much is coding classes for kids
270,skilling,making,270,how to build trust with baby bearded dragon,3,5,google_ac:3,en:3,yes,how to build confidence in child,how to get a baby bearded dragon to trust you | how to build trust with your bearded dragon
271,skilling,thinking,271,is gifted child good or bad,3,5,google_ac:3,en:3,yes,gifted child,is gifted good | is gifted appropriate
272,skilling,general,272,what does it mean when your handwriting gets worse,3,5,google_ac:3,en:3,yes,child handwriting,what is bad handwriting a sign of | why is my handwriting getting worse
273,skilling,maths,273,what maths can a 4 year old do,3,5,google_ac:3,en:3,yes,maths for kids,what maths should a 4 year old be able to do | what maths should a 4 year old know
274,skilling,thinking,274,when did curiosity land,3,5,ddg_ac:3,en:3,yes,child curiosity,when did curiosity launch | where did curiosity land
275,skilling,coding,275,how many ai are in the world,3,4,ddg_ac:2; google_ac:2,en:4,yes,ai for kids,how many ai are there | how many ai in the world
276,skilling,maths,276,when do children learn to count,3,4,google_ac:3; ddg_ac:1,en:4,yes,child learning; child concentration; teach child values,when should a child be able to count | when should children learn to count
277,skilling,thinking,277,are gifted children harder to parent,3,4,google_ac:3,en:3,yes,gifted child,are gifted toddlers more difficult | are gifted children difficult to parent
278,skilling,memory,278,can childbirth cause memory loss,3,4,google_ac:3,en:3,yes,child memory,does childbirth cause memory loss | can having a baby cause memory loss
279,skilling,general,279,how to teach kids importance of time,3,4,google_ac:3,en:3,yes,teach child values,how to teach kids value of time | how to teach your child the concept of time
280,skilling,general,280,how to teach kids presentation skills,3,4,google_ac:3,en:3,yes,child communication skills,how to teach students presentation skills | how to improve kids presentation skills
281,skilling,thinking,281,is gifted child real,3,4,google_ac:4,en:4,yes,gifted child,is gifted kid syndrome real | are gifted children real
282,skilling,coding,282,is janitor ai safe for kids,3,4,google_ac:3,en:3,yes,ai for kids,is janitor ai for kids | is janitor ai ok for kids
283,skilling,thinking,283,should gifted children skip a grade,3,4,google_ac:3,en:3,yes,gifted child,should gifted students skip grades | can a gifted child skip a grade
284,skilling,reading,284,should i read my kids diary,3,4,google_ac:3,en:3,yes,reading to kids,is it ok to read your kids diary | should i read my kids journal
285,skilling,general,285,what is the most important lesson to teach a child,3,4,google_ac:3,en:3,yes,teach child values,what is the most important lesson a parent can teach a child | what is the most important thing you can teach a child
286,skilling,thinking,286,what makes a child gifted,3,4,google_ac:3,en:3,yes,gifted child,why is my child gifted | what causes a child to be gifted
287,skilling,values,287,when do children learn values,3,4,google_ac:3,en:3,yes,teach child values,when do children develop values | when do kids learn place values
288,skilling,reading,288,when do gifted children learn to read,3,4,google_ac:3,en:3,yes,gifted child; when should kids start reading,when do gifted kids start reading | what age do gifted children read
289,skilling,general,289,which child care center,3,4,google_ac:3,en:3,yes,child learning,what child care | which child care
290,skilling,feelings,290,who is the father of emotional intelligence,3,4,google_ac:3,en:3,yes,emotional intelligence in children,who is the father of emotional intelligence theory | who is the father of emotional quotient
291,skilling,focus,291,how to make my daughter concentrate on study,3,3,parentune:1; reddit:1; google_ac:1,en:3,yes,concentration; child concentration,"My daughter gets distracted, I need advice on how to teach her, and to help her concentrate during lessons that are not me | how to concentrate child in study"
292,skilling,thinking,292,how much does chess cost,3,3,ddg_ac:2; google_ac:1,en:3,yes,chess for kids,how much is chess | how much is chess kids
293,skilling,creativity,293,how to encourage students for creative writing,3,3,google_ac:2; parentune:1,en:3,yes,child creativity,how to encourage them for writing | how to encourage students creativity
294,skilling,feelings,294,how to foster empathy in a child,3,3,google_ac:2; reddit:1,en:3,yes,shy; emotional intelligence in children; child learning,How to help 4yo grow in empathy | when do children learn empathy
295,skilling,maths,295,how to teach kids number recognition,3,3,google_ac:2; parentune:1,en:3,yes,teach kids gratitude,how to learn numbers for kids in easy way | when do kids learn number recognition
296,skilling,coding,296,is ai harmful,3,3,google_ac:2; ddg_ac:1,en:3,yes,ai for kids,use ai is it safe | why ai is dangerous
297,skilling,school-and-study,297,New to homeschooling. Curriculum advise?,3,3,reddit:3,en:3,yes,coding; focus,You've decided to homeschool! Now what? Choosing a curriculum. | The question is not “What curriculum should I use to homeschool my kids?”…
298,skilling,school-and-study,298,What do you wish someone had told you when you first began homeschooling?,3,3,reddit:3,en:3,yes,confidence; screen time learning,What’s one homeschool tip you wish someone had told you before you started? | What gave you the confidence to start homeschooling?
299,skilling,confidence,299,are boys shy around girls,3,3,google_ac:3,en:3,yes,shy child,why are boys shy around me | are boys shy
300,skilling,general,300,can child care leave be extended,3,3,google_ac:3,en:3,yes,child learning,can child care leave be denied | can child care leave be brought forward
301,skilling,general,301,does child care tax credit work,3,3,google_ac:3,en:3,yes,child learning,is child care a tax credit | how child care tax credit works
302,skilling,memory,302,how did memory foam help people,3,3,ddg_ac:3,en:3,yes,child memory,how did memory foam help solve problems | how did memory foam help people in space
303,skilling,general,303,how many hours child care do i get,3,3,google_ac:3,en:3,yes,child learning,how many hours child care do you get | how many hours child care
304,skilling,thinking,304,how many people can play chess,3,3,ddg_ac:3,en:3,yes,chess for kids,how many possible chess games | how many players in chess
305,skilling,school-and-study,305,how many types of learning are there,3,3,ddg_ac:3,en:3,yes,child learning,how many types of learners are there | how many ways of learning are there
306,skilling,coding,306,how much do we use ai,3,3,ddg_ac:3,en:3,yes,ai for kids,how much ai is acceptable | how much do people use ai
307,skilling,thinking,307,how to develop critical thinking skills in students,3,3,google_ac:3,en:3,yes,kids critical thinking,why students need critical thinking skills | what is critical thinking and how to improve it
308,skilling,thinking,308,how to evaluate gifted students,3,3,google_ac:3,en:3,yes,gifted child,how to assess gifted children | how to assess gifted students in the classroom
309,skilling,maths,309,how to learn simple math,3,3,google_ac:3,en:3,yes,maths for kids,what is the fastest way to learn math | how to learn math for beginners
310,skilling,coding,310,how to make money with ai for beginners,3,3,google_ac:3,en:3,yes,ai for kids,how to make money with ai for beginners online | how to make money using ai for beginners
311,skilling,reading,311,how to read bible to kids,3,3,google_ac:3,en:3,yes,reading to kids,what to read to kids from the bible | how to start reading bible with kids
312,skilling,general,312,how to say child in spanish,3,3,ddg_ac:3,en:3,yes,shy child,how to say children in spanish | how to say childish in spanish
313,skilling,general,313,how to say children in french,3,3,ddg_ac:3,en:3,yes,shy child,how to say children | how to say child in german
314,skilling,school-and-study,314,not writing in class,3,3,parentune:3,en:3,yes,,not in study and writing | not writing at school
315,skilling,reading,315,palm reading how many kids,3,3,ddg_ac:3,en:3,yes,reading to kids,how many kids will i have palm reading | palm reading lines meaning how many kids
316,skilling,general,316,should i save for kids college,3,3,google_ac:3,en:3,yes,ai for kids,should i pay for kids college | when should i start saving for kids college
317,skilling,reading,317,what age should a child read lord of the rings,3,3,google_ac:3,en:3,yes,reading to kids; when should kids start reading,when can kids read lord of the rings | what age to read kids the hobbit
318,skilling,coding,318,what can ai do for you,3,3,google_ac:3,en:3,yes,ai for kids,what things can ai do | how can ai help us
319,skilling,thinking,319,what is critical reflection in early childhood,3,3,google_ac:3,en:3,yes,kids critical thinking,what is critical reflection in early childhood education | what makes critical reflection meaningful in early childhood
320,skilling,reading,320,when can kids read numbers,3,3,google_ac:3,en:3,yes,when should kids start reading,when do kids start reading numbers | what age should kids read numbers
321,skilling,reading,321,when do kids read lord of the flies,3,3,google_ac:3,en:3,yes,when should kids start reading,when do kids read lord of the flies in school | what age should kids read lord of the flies
322,skilling,general,322,when should children learn to tie shoes,3,3,google_ac:3,en:3,yes,child learning,when should child learn to tie shoes | when do kids learn to tie shoes
323,skilling,general,323,why children learn faster than adults,3,3,google_ac:3,en:3,yes,child learning,do children learn faster than adults | why do children learn faster than adults
324,skilling,memory,324,why do childhood memories make me sad,3,3,google_ac:3,en:3,yes,child memory,why do childhood memories make me cry | why do i keep having memories of my childhood
325,skilling,creativity,325,why do students struggle with writing,3,3,google_ac:3,en:3,yes,child handwriting,why do students struggle with academic writing | why do esl students struggle with writing
326,skilling,reading,326,when should kids start reading quran,2,24,google_ac:2,en:2,yes,when should kids start reading,what age do i teach my child quran
327,skilling,thinking,327,can a 7 year old play chess,2,15,google_ac:2,en:2,yes,chess for kids,can a 6 year old play chess
328,skilling,thinking,328,is chess for kids free,2,9,google_ac:2,en:2,yes,chess for kids,how to play chess for kids free
329,skilling,general,329,is a good for children,2,7,google_ac:2; ddg_ac:1,en:3,yes,ai for kids; child not interested in studies,is it safe for kids | is a good for kids
330,skilling,general,330,how safe are our children,2,7,ddg_ac:2,en:2,yes,child not interested in studies; child concentration,is your child safe
331,skilling,coding,331,is gemini ai for kids,2,7,google_ac:2,en:2,yes,ai for kids,is gemini ai safe for kids
332,skilling,coding,332,how to make a robot for 10 year olds,2,6,google_ac:2,en:2,yes,robotics for kids,how to build a simple robot
333,skilling,general,333,how child care works,2,5,google_ac:2,en:2,yes,child learning,what happens in child care
334,skilling,maths,334,is abacus good for adhd kids,2,5,google_ac:2,en:2,yes,abacus for kids,is abacus good for autistic child
335,skilling,maths,335,where can i buy abacus for kids,2,5,google_ac:2,en:2,yes,abacus for kids,where can i buy abacus near me for kids
336,skilling,focus,336,why can't my child concentrate,2,5,google_ac:2,en:2,yes,child concentration,why is my child unable to focus
337,skilling,coding,337,can children catch curiosity from a social robot,2,4,google_ac:2,en:2,yes,child creativity; child curiosity,can children learn creativity from a social robot
338,skilling,thinking,338,do gifted children have more tantrums,2,4,google_ac:2,en:2,yes,gifted child,do gifted toddlers have more tantrums
339,skilling,communication,339,do gifted children talk a lot,2,4,google_ac:2,en:2,yes,gifted child,when do gifted children start talking
340,skilling,reading,340,does reading help kids with adhd,2,4,google_ac:2,en:2,yes,reading to kids,how to teach reading to kids with adhd
341,skilling,general,341,how do you know if your child is slow,2,4,google_ac:2,en:2,yes,child slow learner,what causes a child to be slow
342,skilling,reading,342,how to teach reading to kids with dyslexia,2,4,google_ac:2,en:2,yes,reading to kids,how to teach reading to kids with autism
343,skilling,thinking,343,is chess musical appropriate for kids,2,4,google_ac:2,en:2,yes,chess for kids,is chess broadway appropriate for kids
344,skilling,maths,344,what is math for kids video,2,4,google_ac:2,en:2,yes,maths for kids,why math is important video for kids
345,skilling,general,345,why am i for kids,2,4,google_ac:2,en:2,yes,ai for kids,why do for kids
346,skilling,school-and-study,346,why child study,2,4,google_ac:2,en:2,yes,child learning,why children study
347,skilling,general,347,why is handwriting important for children,2,4,ddg_ac:2,en:2,yes,child handwriting,why is handwriting important for students
348,skilling,creativity,348,can creativity be taught,2,3,ddg_ac:1; google_ac:1,en:2,yes,child creativity,can you teach creativity
349,skilling,communication,349,do and don'ts of public speaking,2,3,ddg_ac:1; google_ac:1,en:2,yes,public speaking for kids,what to know about public speaking
350,skilling,reading,350,how many phonics sounds are there,2,3,ddg_ac:1; google_ac:1,en:2,yes,phonics for kids,what are the first phonic sounds
351,skilling,thinking,351,what is gifted child symptoms,2,3,ddg_ac:1; google_ac:1,en:2,yes,gifted child,what is gifted child syndrome
352,skilling,memory,352,which childhood memory feels like a dream,2,3,ddg_ac:1; google_ac:1,en:2,yes,child memory,why do childhood memories feel like dreams
353,skilling,school-and-study,353,why learning is important,2,3,ddg_ac:1; google_ac:1,en:2,yes,child learning,why students learn
354,skilling,memory,354,can child abuse cause memory loss,2,3,google_ac:2,en:2,yes,child memory,why does childhood trauma cause memory loss
355,skilling,creativity,355,how many creative kids vouchers per year,2,3,google_ac:2,en:2,yes,child creativity,how to get creative kids voucher
356,skilling,coding,356,how to learn morse code for kids,2,3,google_ac:2,en:2,yes,coding for kids,how to do morse code for kids
357,skilling,thinking,357,how to make my kid smart reddit,2,3,google_ac:2,en:2,yes,how to make my child intelligent,how to make your baby smart reddit
358,skilling,confidence,358,how to raise a timid child,2,3,google_ac:2,en:2,yes,shy child,how to help timid child
359,skilling,general,359,what am i supposed to do?,2,3,reddit:2,en:2,yes,learn to read; confidence,What do I do?
360,skilling,values,360,what child care subsidy am i entitled to,2,3,google_ac:2,en:2,yes,child learning,what child care benefits am i entitled to
361,skilling,general,361,what child education,2,3,google_ac:2,en:2,yes,child learning,who child education
362,skilling,coding,362,what is ai in simple words,2,3,google_ac:2,en:2,yes,ai for kids,what is ai simple explanation
363,skilling,memory,363,what is earliest childhood memory,2,3,google_ac:2,en:2,yes,child memory,what is your earliest childhood memory
364,skilling,memory,364,what is favourite childhood memory,2,3,google_ac:2,en:2,yes,child memory,what is your childhood memory
365,skilling,thinking,365,what is gifted child program,2,3,google_ac:2,en:2,yes,gifted child,what is a gifted child program
366,skilling,coding,366,what is robotics in simple words,2,3,google_ac:2,en:2,yes,robotics for kids,what is a robot simple definition
367,skilling,thinking,367,when did curiosity die,2,3,ddg_ac:2,en:2,yes,child curiosity,how long did curiosity last
368,skilling,thinking,368,when do children become curious about their bodies,2,3,google_ac:2,en:2,yes,child curiosity,when do kids become curious about body parts
369,skilling,general,369,when do children learn to jump,2,3,google_ac:3,en:3,yes,child learning,when do kids learn to jump | when should child learn to jump
370,skilling,coding,370,why do kids like robots,2,3,ddg_ac:2,en:2,yes,robotics for kids,how robots work for kids
371,skilling,communication,371,why is communication important for children,2,3,ddg_ac:2,en:2,yes,child communication skills,why is communication with children important
372,skilling,general,372,"""Why have kids if you aren't going to raise them?""",2,2,ddg_ac:1; reddit:1,en:2,yes,child not interested in studies; focus,why to not have children
373,skilling,reading,373,Can reading aloud help kids talk more?,2,2,reddit:1; google_ac:1,en:2,yes,confidence; reading to kids,how to read aloud to kids
374,skilling,general,374,How much should a 4 year old know academically?,2,2,reddit:1; google_ac:1,en:2,yes,shy; ai for kids,how smart should a 4 year old be
375,skilling,creativity,375,How to Raise a Creative Child. Step One: Back Off,2,2,reddit:1; google_ac:1,en:2,yes,child creativity,how to raise a creative child
376,skilling,confidence,376,Normal shyness or indicative of a potential ASD diagnosis?,2,2,reddit:1; google_ac:1,en:2,yes,shy; shy child,can autism be mistaken for shyness
377,skilling,school-and-study,377,Should I change schools or am I overreacting?,2,2,parentune:1; reddit:1,en:2,yes,confidence,should i change the school or not
378,skilling,general,378,Should we stay at this daycare?,2,2,reddit:1; google_ac:1,en:2,yes,ai for kids,should i stay for kids
379,skilling,school-and-study,379,Socializing homeschool kids?!?,2,2,reddit:1; google_ac:1,en:2,yes,shy; child communication skills,how do homeschool kids learn social skills
380,skilling,reading,380,Toddler reading at 2 and a half - how to best support?,2,2,reddit:1; google_ac:1,en:2,yes,learn to read; reading to kids,how to encourage reading in toddlers
381,skilling,coding,381,What is the best 1:1 online coding platform for kids?,2,2,reddit:1; google_ac:1,en:2,yes,coding; coding for kids,what is coding for kids online
382,skilling,school-and-study,382,how to get child tested for learning disorder,2,2,ddg_ac:1; google_ac:1,en:2,yes,child learning; how to make my child intelligent,how to have your child tested for intelligence
383,skilling,reading,383,how to improve reading,2,2,parentune:1; reddit:1,en:2,yes,coding,Advice on reading
384,skilling,coding,384,how to manage screen time in kids,2,2,ddg_ac:1; reddit:1,en:2,yes,kids and screen time learning; learn to read,How to responsibly introduce screen time
385,skilling,confidence,385,how to not be shy at school,2,2,ddg_ac:1; google_ac:1,en:2,yes,shy child,how can a shy child become emboldened in school
386,skilling,values,386,how to teach a 2 year old manners,2,2,parentune:1; google_ac:1,en:2,yes,2 year old behaviour,how to teach good manners
387,skilling,coding,387,is talkie ai safe for kids,2,2,ddg_ac:1; google_ac:1,en:2,yes,ai for kids,is talkie ai bad for kids
388,skilling,feelings,388,is that nervous feeling social anxiety disorder or is it simply a case of being shy,2,2,parentune:1; google_ac:1,en:2,yes,shy child,do i have social anxiety or am i just shy
389,skilling,thinking,389,what did curiosity do,2,2,ddg_ac:1; google_ac:1,en:2,yes,child curiosity,what is the meaning curiosity
390,skilling,thinking,390,what is the best definition of critical thinking,2,2,ddg_ac:1; google_ac:1,en:2,yes,kids critical thinking,what is critical thinking
391,skilling,values,391,Anyone have any research on Santa and lying to your children?,2,2,reddit:2,en:2,yes,screen time learning,Does lying to children about Santa Claus damage them? Looking for any real science on this. My wife and I disagree strongly (no kids in the house right now).
392,skilling,general,392,Can someone tell me if I am overreacting or underreacting?,2,2,reddit:2,en:2,yes,focus; screen time learning,Am I overreacting?
393,skilling,school-and-study,393,Curriculum for science sixth grade?,2,2,reddit:2,en:2,yes,,6th grade curriculum?…
394,skilling,coding,394,Does anyone else have a code word or phrase with their kids?,2,2,reddit:2,en:2,yes,coding,Does anyone else's partner speak in code around the kids?
395,skilling,reading,395,Does it matter WHAT I read to my baby?,2,2,reddit:2,en:2,yes,learn to read,Does it matter if I read age-appropriate books to my newborn?
396,skilling,general,396,Does this seem normal for a preschooler or should I be concerned?,2,2,reddit:2,en:2,yes,learn to read; focus,Are my preschooler's behaviors typical or a sign of something more?
397,skilling,feelings,397,Emotional regulation: when can babies start to manage emotions?,2,2,reddit:2,en:2,yes,learn to read; focus,At what age can children begin to emotionally regulate?
398,skilling,school-and-study,398,Homeschooling curriculum for 4th grader?,2,2,reddit:2,en:2,yes,,Buying curriculum for 4yo?
399,skilling,school-and-study,399,How to concentrate at homeschool?,2,2,reddit:2,en:2,yes,focus; concentration,How do you actually get through homeschool lessons without losing your mind?/ I need tips
400,skilling,school-and-study,400,How to get homeschooled instead of public,2,2,reddit:2,en:2,yes,concentration; confidence,How can I start homeschooling
401,skilling,general,401,How to handle a kid hitting your kid?,2,2,reddit:2,en:2,yes,focus; learn to read,How can anybody justify hitting a child?
402,skilling,school-and-study,402,How to socialise a homeschooled undiagnosed kid?,2,2,reddit:2,en:2,yes,shy,Advice for homeschooler with social problems
403,skilling,reading,403,"Is ""The Montessori Baby"" a good book to start with?",2,2,reddit:2,en:2,yes,,What are the top two or three Montessori books I should read before my baby is born?
404,skilling,reading,404,Is 3–4 too young to start teaching a child to read?,2,2,reddit:2,en:2,yes,learn to read,"Do your (age 3-4 yo) kids know how to read? If so, I have questions"
405,skilling,general,405,Is Montessori right for every child?,2,2,reddit:2,en:2,yes,,Is Montessori a good method for all kids?
406,skilling,thinking,406,Is this a reason for anyone else?,2,2,reddit:2,en:2,yes,focus,Does this happen to anyone else?
407,skilling,confidence,407,Rude a**hole or am I just sensitive?,2,2,reddit:2,en:2,yes,learn to read; concentration,Am I just overly sensitive?
408,skilling,values,408,Should I keep my child in Montessori for kindergarten?,2,2,reddit:2,en:2,yes,,Is Montessori Kindergarten worth it?
409,skilling,general,409,Son is lonely/has no friends. How to help?,2,2,reddit:2,en:2,yes,confidence; shy,I don't know how to help my lonely boy
410,skilling,creativity,410,Typical coloring for 4 year old?,2,2,reddit:2,en:2,yes,learn to read; focus,Help with getting 4 year old to enjoy writing and coloring… please
411,skilling,school-and-study,411,Unsure about homeschooling?,2,2,reddit:2,en:2,yes,reading; focus,When not to homeschool (or at least think carefully)
412,skilling,general,412,What are they teaching our kids in school?!?,2,2,reddit:2,en:2,yes,learn to read,Excuse me: wtf are they teaching our kids?!
413,skilling,thinking,413,What made you think 'THIS is why we homeschool' recently?,2,2,reddit:2,en:2,yes,learn to read,What made you start to homeschool?
414,skilling,coding,414,Who else teaches coding to their kids?,2,2,reddit:2,en:2,yes,coding,Are you teaching kids computer programming (coding) skills?
415,skilling,general,415,Why oh why are some parents like this???,2,2,reddit:2,en:2,yes,,What is wrong with some parents!?
416,skilling,general,416,[UPDATE] HELP. Wife died. How to tell my 2yo Mummy is dead?,2,2,reddit:2,en:2,yes,focus; shy,HELP. Wife died. How to tell my 2yo Mummy is dead?
417,skilling,creativity,417,are children more creative than adults,2,2,google_ac:2,en:2,yes,child creativity,why do children have more creative than adults
418,skilling,thinking,418,are gifted children more sensitive,2,2,google_ac:2,en:2,yes,gifted child,are gifted children naughtier
419,skilling,coding,419,can ai cause climate change,2,2,google_ac:2,en:2,yes,ai for kids,can ai cause global warming
420,skilling,general,420,can child care be a business expense,2,2,google_ac:2,en:2,yes,child learning,can child care expenses be carried forward
421,skilling,general,421,can child care be written off on taxes,2,2,google_ac:2,en:2,yes,child learning,how much child care can you write off
422,skilling,school-and-study,422,can i study child psychology,2,2,google_ac:2,en:2,yes,child learning,can i study child psychology without matric
423,skilling,memory,423,can you have no memory of childhood trauma,2,2,google_ac:2,en:2,yes,child memory,is it possible to have no memory of childhood sexual abuse
424,skilling,general,424,child learning how to ride a bike,2,2,google_ac:2,en:2,yes,child learning,when should child learn to ride bike
425,skilling,memory,425,do autistic kids have a good memory,2,2,google_ac:2,en:2,yes,child memory,do autistic toddlers have a good memory
426,skilling,thinking,426,do gifted hive bonuses stack in bss,2,2,ddg_ac:2,en:2,yes,gifted child,do gifted hive bonuses stack
427,skilling,confidence,427,do shy kids get bullied,2,2,google_ac:2,en:2,yes,shy child,why are shy kids bullied
428,skilling,confidence,428,do shy kids talk later,2,2,google_ac:2,en:2,yes,shy child,why are kids shy to talk
429,skilling,general,429,does my child have behavioral problems,2,2,google_ac:2,en:2,yes,child learning,does my child have behavioral problems 3 year old
430,skilling,general,430,how child care benefit is calculated,2,2,google_ac:2,en:2,yes,child learning,how child care subsidy is calculated
431,skilling,focus,431,how did concentration affect ph explain,2,2,ddg_ac:2,en:2,yes,child concentration,how did concentration affect ph
432,skilling,general,432,how do i get my child into speech therapy,2,2,google_ac:2,en:2,yes,public speaking for kids,how to get speech therapy for my child
433,skilling,communication,433,how do you describe someone's communication skills,2,2,google_ac:2,en:2,yes,child communication skills,how would you describe their communication skills
434,skilling,maths,434,how does math olympiad work,2,2,google_ac:2,en:2,yes,maths for kids,how to learn olympiad math
435,skilling,memory,435,how far back can a 7 year old remember,2,2,google_ac:2,en:2,yes,child memory,how far back can a 5 year old remember
436,skilling,maths,436,how good is your maths,2,2,ddg_ac:2,en:2,yes,maths for kids,am i good at math
437,skilling,school-and-study,437,how long are kids in school,2,2,ddg_ac:2,en:2,yes,child learning,how long do kids go to school
438,skilling,focus,438,how long can a 2 year old concentrate for,2,2,google_ac:2,en:2,yes,child concentration,how long should a 2 year old concentrate for
439,skilling,school-and-study,439,how long do you homeschool per day?,2,2,reddit:2,en:2,yes,learn to read; reading,How long should you homeschool per day and suggestions for additional activities.
440,skilling,general,440,how much child care credit can i claim,2,2,google_ac:2,en:2,yes,child learning,how much child care can you claim on taxes
441,skilling,confidence,441,how to build confidence in kids reddit,2,2,google_ac:2,en:2,yes,how to build confidence in child,how to build confidence in a sensitive child reddit
442,skilling,confidence,442,how to build self esteem after childhood trauma,2,2,google_ac:2,en:2,yes,how to build confidence in child,how to build confidence after childhood trauma
443,skilling,general,443,how to do a will for your child,2,2,google_ac:2,en:2,yes,child handwriting,how to write a will for your child
444,skilling,communication,444,how to help gifted child make friends,2,2,google_ac:2,en:2,yes,gifted child,how to help a gifted child socially
445,skilling,focus,445,how to help my child focus without medication,2,2,google_ac:2,en:2,yes,improve child focus,how can i help my child focus in school without medication
446,skilling,confidence,446,how to increase confidence in kids sims 4,2,2,google_ac:2,en:2,yes,how to build confidence in child,how to increase a child's confidence sims 4
447,skilling,school-and-study,447,how to interest towards studies,2,2,parentune:2,en:2,yes,,how to drag them towards studies
448,skilling,maths,448,how to learn addition for kids,2,2,google_ac:2,en:2,yes,maths for kids,how to teach addition for kids
449,skilling,coding,449,how to make qr code for kids,2,2,google_ac:2,en:2,yes,coding for kids,how to scan qr code for youtube kids
450,skilling,communication,450,how to talk to your kids for studies improvement,2,2,parentune:2,en:2,yes,,how to guide my kids in there studies
451,skilling,general,451,how to teach kids pattern recognition,2,2,google_ac:2,en:2,yes,teach kids gratitude,when do kids learn pattern recognition
452,skilling,communication,452,how to teach students social skills,2,2,google_ac:2,en:2,yes,child communication skills,what are social skills for students
453,skilling,general,453,how would you react in this situation?,2,2,reddit:2,en:2,yes,focus; shy,What would you do in this scenario?
454,skilling,general,454,is a dog good for kids,2,2,google_ac:2,en:2,yes,ai for kids,why is a dog good for kids
455,skilling,coding,455,is character ai ok for kids,2,2,google_ac:2,en:2,yes,ai for kids,is character ai bad for kids
456,skilling,thinking,456,is chess good for your brain,2,2,google_ac:2,en:2,yes,chess for kids,is chess good for brain development
457,skilling,general,457,is child care free in uk,2,2,google_ac:2,en:2,yes,child learning,is child care free
458,skilling,maths,458,is russian math worth it,2,2,google_ac:2,en:2,yes,maths for kids,is russian math hard
459,skilling,general,459,is sky children of the light offline,2,2,ddg_ac:2,en:2,yes,shy child,does sky children of light need wifi
460,skilling,coding,460,is sora ai bad for kids,2,2,google_ac:2,en:2,yes,ai for kids,is sora ai ok for kids
461,skilling,confidence,461,is the child shy by nature,2,2,google_ac:2,en:2,yes,shy child,is the child shy by nature in hindi
462,skilling,general,462,is vitamin a good for kids,2,2,google_ac:2,en:2,yes,ai for kids,why is vitamin a good for kids
463,skilling,general,463,is youtube safe for 11 year olds,2,2,google_ac:2,en:2,yes,ai for kids,is youtube ok for 11 year olds
464,skilling,reading,464,should i read to my kids,2,2,google_ac:2,en:2,yes,reading to kids,should i read just kids
465,skilling,reading,465,should my child be reading before kindergarten,2,2,google_ac:2,en:2,yes,when should kids start reading; child learning,do children learn to read in kindergarten
466,skilling,communication,466,what age group is duolingo for,2,2,google_ac:2,en:2,yes,maths for kids,is duolingo kid friendly
467,skilling,coding,467,what are the dangers of ai for kids,2,2,ddg_ac:2,en:2,yes,ai for kids,what are the risks of ai for kids
468,skilling,confidence,468,what causes a child to be timid,2,2,google_ac:2,en:2,yes,shy child,what causes a toddler to be so timid
469,skilling,thinking,469,what determines a baby's intelligence,2,2,google_ac:2,en:2,yes,baby milestones,how do you know that your baby is intelligent
470,skilling,maths,470,what does average mean in maths for kids,2,2,google_ac:2,en:2,yes,maths for kids,what does median mean in maths for kids
471,skilling,coding,471,what is ai short video,2,2,google_ac:2,en:2,yes,ai for kids,what is ai video
472,skilling,reading,472,what is phonics means,2,2,google_ac:2,en:2,yes,phonics for kids,what is phonics classes
473,skilling,coding,473,what is the benefits of ai,2,2,google_ac:2,en:2,yes,ai for kids,why is ai beneficial
474,skilling,school-and-study,474,what learner am i,2,2,ddg_ac:2,en:2,yes,child learning,how am i learning
475,skilling,thinking,475,what makes someone intelligent,2,2,ddg_ac:2,en:2,yes,how to make my child intelligent,why is it important to be intelligent
476,skilling,maths,476,what maths should a 12 year old know,2,2,google_ac:2,en:2,yes,maths for kids,what math should a 13 year old know
477,skilling,school-and-study,477,what should a toddler be learning,2,2,ddg_ac:2,en:2,yes,child learning,what should toddlers be learning
478,skilling,general,478,when do babies learn facial recognition,2,2,google_ac:2,en:2,yes,teach kids gratitude,when do babies learn pattern recognition
479,skilling,reading,479,when do you start reading bedtime stories to kids,2,2,google_ac:2,en:2,yes,when should kids start reading; reading to kids,what age do you start reading bedtime stories
480,skilling,reading,480,when should i tell kids about santa,2,2,google_ac:2,en:2,yes,child handwriting; ai for kids,when do children write their letters to santa
481,skilling,reading,481,where am i book for kids,2,2,google_ac:2,en:2,yes,ai for kids,what am i book for kids
482,skilling,general,482,where am i game for kids,2,2,google_ac:2,en:2,yes,ai for kids,where am i for kids
483,skilling,thinking,483,which food make baby intelligent during pregnancy,2,2,google_ac:2,en:2,yes,how to make my child intelligent,what should i eat to make my baby intelligent
484,skilling,reading,484,who am i books for kids,2,2,google_ac:2,en:2,yes,ai for kids,who am i poem for kids
485,skilling,general,485,who child care network,2,2,google_ac:2,en:2,yes,child learning,who child care
486,skilling,thinking,486,who is god gifted child,2,2,google_ac:2,en:2,yes,gifted child,who are god gifted children
487,skilling,thinking,487,why are children curious about private parts,2,2,google_ac:2,en:2,yes,child curiosity,are kids curious about private parts
488,skilling,general,488,why do boys usually have bad handwriting,2,2,google_ac:2,en:2,yes,child handwriting,why do boys have bad handwriting
489,skilling,focus,489,why does a child attention seek,2,2,google_ac:2,en:2,yes,child concentration,why does my child attention seek
490,skilling,general,490,why does sky children of light keep crashing,2,2,ddg_ac:2,en:2,yes,shy child,why is sky children of the light not working
491,skilling,general,491,why gift city was established,2,2,ddg_ac:2,en:2,yes,gifted child,why gift city
492,skilling,general,492,why is a trampoline good for kids,2,2,google_ac:2,en:2,yes,ai for kids,is a trampoline good for kids
493,skilling,feelings,493,how does peppa pig foster emotional intelligence in children,1,6,google_ac:1,en:1,yes,emotional intelligence in children,
494,skilling,coding,494,what is ai for kids ppt,1,6,google_ac:1,en:1,yes,ai for kids,
495,skilling,coding,495,what is coding for kids worksheets,1,6,google_ac:1,en:1,yes,coding for kids,
496,skilling,thinking,496,how to make your child smarter in sims 4,1,5,google_ac:1,en:1,yes,how to make my child intelligent,
497,skilling,thinking,497,is chess good for kids with autism,1,5,google_ac:1,en:1,yes,chess for kids,
498,skilling,maths,498,what is abacus maths for kids,1,5,google_ac:1,en:1,yes,abacus for kids,
499,skilling,communication,499,are children's language skills declining,1,4,google_ac:1,en:1,yes,child communication skills,
500,skilling,thinking,500,do gifted children stim,1,4,google_ac:1,en:1,yes,gifted child,
501,skilling,coding,501,how does the code help children,1,4,ddg_ac:1,en:1,yes,teach my child to code,
502,skilling,coding,502,what does coding for kids look like,1,4,google_ac:1,en:1,yes,coding for kids,
503,skilling,reading,503,what is phonics and examples,1,4,google_ac:1,en:1,yes,phonics for kids,
504,skilling,thinking,504,why is my gifted child so angry,1,4,google_ac:1,en:1,yes,gifted child,
505,skilling,reading,505,why was bush reading to kids,1,4,google_ac:1,en:1,yes,reading to kids,
506,skilling,thinking,506,do gifted children have sensory issues,1,3,google_ac:1,en:1,yes,gifted child,
507,skilling,memory,507,how long does it take for a child's brain to develop,1,3,google_ac:1,en:1,yes,child memory,
508,skilling,confidence,508,is it okay to be shy,1,3,ddg_ac:1,en:1,yes,shy child,
509,skilling,reading,509,what colour reading book should my child be on,1,3,google_ac:1,en:1,yes,reading to kids,
510,skilling,general,510,what is numeracy for kids,1,3,google_ac:1,en:1,yes,maths for kids,
511,skilling,school-and-study,511,what is the learning process of a child,1,3,google_ac:1,en:1,yes,child learning,
512,skilling,school-and-study,512,what should my child be learning in year 9,1,3,ddg_ac:1,en:1,yes,child learning,
513,skilling,school-and-study,513,what time not to study,1,3,ddg_ac:1,en:1,yes,child not interested in studies,
514,skilling,general,514,which child education plan is best in india,1,3,google_ac:1,en:1,yes,child learning,
515,skilling,reading,515,why are kids reading less,1,3,ddg_ac:1,en:1,yes,reading to kids,
516,skilling,reading,516,why are so few kids reading for pleasure,1,3,ddg_ac:1,en:1,yes,reading to kids,
517,skilling,thinking,517,why did curiosity take a selfie,1,3,ddg_ac:1,en:1,yes,child curiosity,
518,skilling,coding,518,why is that ai on my kids pc,1,3,ddg_ac:1,en:1,yes,ai for kids,
519,skilling,school-and-study,519,how many children have learning disabilities,1,2,ddg_ac:1; google_ac:1,en:2,yes,child learning,
520,skilling,general,520,Am I asking for too much?,1,2,reddit:1,en:1,yes,confidence,
521,skilling,general,521,"Guide for introducing allergens, and also starting purées/solids?",1,2,reddit:1,en:1,yes,shy,
522,skilling,general,522,How do you tell your child they’re handicapped?,1,2,reddit:1,en:1,yes,shy,
523,skilling,confidence,523,are shy kids more intelligent,1,2,google_ac:1,en:1,yes,shy child,
524,skilling,focus,524,can an intelligent child have adhd,1,2,google_ac:1,en:1,yes,gifted child,
525,skilling,maths,525,how many college kids know basic math,1,2,ddg_ac:1,en:1,yes,maths for kids,
526,skilling,thinking,526,how many gifted kids are in stranger things,1,2,google_ac:1,en:1,yes,gifted child,
527,skilling,thinking,527,how many gifted kids are twice exceptional,1,2,google_ac:1,en:1,yes,gifted child,
528,skilling,confidence,528,how to build child's confidence in maths,1,2,google_ac:1,en:1,yes,how to build confidence in child,
529,skilling,general,529,how to nurture a child,1,2,google_ac:1,en:1,yes,child curiosity,
530,skilling,stillness,530,how to practice mindfulness at home,1,2,google_ac:1,en:1,yes,kids mindfulness,
531,skilling,general,531,how to teach kids interpersonal skills,1,2,google_ac:1,en:1,yes,child communication skills,
532,skilling,stillness,532,how to teach mindfulness to autistic child,1,2,google_ac:1,en:1,yes,kids mindfulness,
533,skilling,focus,533,is a concentration a minor,1,2,ddg_ac:1,en:1,yes,child concentration,
534,skilling,coding,534,is coding good for kids with adhd,1,2,google_ac:1,en:1,yes,coding for kids,
535,skilling,coding,535,is dola ai safe for kids,1,2,google_ac:1,en:1,yes,ai for kids,
536,skilling,memory,536,is it normal for a child to be forgetful,1,2,google_ac:1,en:1,yes,child memory,
537,skilling,coding,537,is joyland ai safe for kids,1,2,google_ac:1,en:1,yes,ai for kids,
538,skilling,coding,538,is linky ai safe for kids,1,2,google_ac:1,en:1,yes,ai for kids,
539,skilling,reading,539,is reading safe at night,1,2,google_ac:1,en:1,yes,reading to kids,
540,skilling,thinking,540,pennywise is it mind child like curiosity,1,2,ddg_ac:1,en:1,yes,child curiosity,
541,skilling,school-and-study,541,should gifted children be homeschooled,1,2,google_ac:1,en:1,yes,gifted child,
542,skilling,stillness,542,what happens if a child doesn't get enough sleep,1,2,google_ac:1,en:1,yes,gifted child,
543,skilling,coding,543,what is ai for kids free,1,2,google_ac:1,en:1,yes,ai for kids,
544,skilling,general,544,what is child education policy,1,2,google_ac:1,en:1,yes,child learning,
545,skilling,school-and-study,545,what is child initiated learning,1,2,google_ac:1,en:1,yes,child learning,
546,skilling,maths,546,what is mass maths for kids,1,2,google_ac:1,en:1,yes,maths for kids,
547,skilling,memory,547,what is working memory in child development,1,2,ddg_ac:1,en:1,yes,child memory,
548,skilling,thinking,548,when did curiosity rover die,1,2,ddg_ac:1,en:1,yes,child curiosity,
549,skilling,reading,549,when do you stop reading to kids,1,2,google_ac:1,en:1,yes,reading to kids,
550,skilling,general,550,when should a child be 100% intelligible,1,2,ddg_ac:1,en:1,yes,how to make my child intelligent,
551,skilling,thinking,551,who do children get their intelligence from,1,2,ddg_ac:1,en:1,yes,how to make my child intelligent,
552,skilling,thinking,552,why are the children so curious about boo radley,1,2,google_ac:1,en:1,yes,child curiosity,
553,skilling,coding,553,why is ai important for kids geeks for geeks,1,2,ddg_ac:1,en:1,yes,ai for kids,
554,skilling,memory,554,why is brain development important in kids,1,2,ddg_ac:1,en:1,yes,brain development activities for kids,
555,skilling,confidence,555,why would someone be shy,1,2,ddg_ac:1,en:1,yes,shy child,
556,skilling,creativity,556,will writing child care,1,2,google_ac:1,en:1,yes,child handwriting,
557,skilling,school-and-study,557,"""But aren't your kids missing out by not going to a regular school""?",1,1,reddit:1,en:1,yes,coding,
558,skilling,general,558,"""But the evidence keeps changing!"" How to respond?",1,1,reddit:1,en:1,yes,focus,
559,skilling,general,559,"""High quality"" preschool: what does it mean and what to look for?",1,1,reddit:1,en:1,yes,learn to read,
560,skilling,school-and-study,560,"""Is This Neglect or Individuality?"" - All staff at my kids' school",1,1,reddit:1,en:1,yes,coding,
561,skilling,coding,561,"""The Coding Zoo"" A free resource for beginners and children to learn how to program for the web.",1,1,reddit:1,en:1,yes,coding,
562,skilling,school-and-study,562,"""What grade is your child in?""",1,1,reddit:1,en:1,yes,confidence,
563,skilling,focus,563,(Un)Focused Fours?,1,1,reddit:1,en:1,yes,focus,
564,skilling,general,564,"1 year old isn't interested in any ""Montessori toys""?",1,1,reddit:1,en:1,yes,,
565,skilling,maths,565,11yo ADHD daughter loves math— what should we use?,1,1,reddit:1,en:1,yes,,
566,skilling,general,566,12yr old Daughter and Wife are going to kill each other. Advice?,1,1,reddit:1,en:1,yes,confidence,
567,skilling,general,567,13 year old motivation issues,1,1,parentune:1,en:1,yes,,
568,skilling,confidence,568,"14 year old son just asked me, his single father, how to talk to girls. I've always been terribly shy to the point where I've only ever been with his mother before she left us. I can't help my son with this and I feel awful.",1,1,reddit:1,en:1,yes,shy,
569,skilling,general,569,16 month baby girl has zero “words”. I’m concerned- Should I be?,1,1,reddit:1,en:1,yes,focus,
570,skilling,school-and-study,570,1st child mom needing help/resources to understand how to homeschool pre-k/kindergarten & just how to begin.,1,1,reddit:1,en:1,yes,confidence,
571,skilling,confidence,571,"2 year old feeling ""shy"" every morning at daycare - phase or something I should be concerned about?",1,1,reddit:1,en:1,yes,shy,
572,skilling,general,572,27-month-old’s first day at Montessori went badly — what would you do?,1,1,reddit:1,en:1,yes,,
573,skilling,school-and-study,573,2nd grader just bursts into tears when asked to write a paragraph. Help?,1,1,reddit:1,en:1,yes,learn to read,
574,skilling,feelings,574,2yo crying and fussing but only with parents?,1,1,reddit:1,en:1,yes,shy,
575,skilling,general,575,3 year old has to wear a uniform? Am I missing something?,1,1,reddit:1,en:1,yes,,
576,skilling,confidence,576,3.5-year-old very shy with strangers — normal or something to worry about?,1,1,reddit:1,en:1,yes,shy,
577,skilling,creativity,577,"30 Year old Single Guy taking in my 16 month old Nephew, Tips, tricks & parenting resources please!!??",1,1,reddit:1,en:1,yes,confidence,
578,skilling,communication,578,3D Printed Language Objects?,1,1,reddit:1,en:1,yes,,
579,skilling,stillness,579,4 y.o. - is everyone still this worn out?,1,1,reddit:1,en:1,yes,learn to read,
580,skilling,general,580,4 yo wants to watch frozen - ok?,1,1,reddit:1,en:1,yes,screen time learning,
581,skilling,communication,581,"4.5 year old says she feels ""different"". Advice on how to talk to her about it?",1,1,reddit:1,en:1,yes,shy,
582,skilling,confidence,582,4yo suddenly afraid of the dark?,1,1,reddit:1,en:1,yes,confidence,
583,skilling,general,583,5-year-old coming into our bed every night – how do we stop it?,1,1,reddit:1,en:1,yes,concentration,
584,skilling,focus,584,504 vs IEP: Which Does ADHD Child Actually Need?,1,1,reddit:1,en:1,yes,screen time learning,
585,skilling,confidence,585,6 month old plays independently for long periods of time (for a baby) and doesn't seem to mind me being in another room... Good/bad?,1,1,reddit:1,en:1,yes,focus,
586,skilling,general,586,6 months a year schedule?,1,1,reddit:1,en:1,yes,,
587,skilling,reading,587,6 year old having a terrible time learning how to read,1,1,reddit:1,en:1,yes,learn to read,
588,skilling,confidence,588,6 year old sensitive boy what should i do,1,1,parentune:1,en:1,yes,,
589,skilling,general,589,7 year old autistic son said he wants to take pictures of a classmates privates and put them on his website... WTAF?,1,1,reddit:1,en:1,yes,learn to read,
590,skilling,general,590,7 year old girls and crop tops?,1,1,reddit:1,en:1,yes,coding,
591,skilling,reading,591,8 yr old daughter got into my books. What now?,1,1,reddit:1,en:1,yes,,
592,skilling,reading,592,80s color coded reading?,1,1,reddit:1,en:1,yes,coding,
593,skilling,general,593,A change at 3.5?,1,1,reddit:1,en:1,yes,focus,
594,skilling,reading,594,"A children’s book author visited my child’s school and recommended these parenting books. Has anyone read these, and are they decent, science-based?",1,1,reddit:1,en:1,yes,learn to read,
595,skilling,creativity,595,"A floater ""fixed"" all the children's art projects today. How do you handle untrained people in the classroom?",1,1,reddit:1,en:1,yes,,
596,skilling,general,596,A thought on how to organize history instruction,1,1,reddit:1,en:1,yes,focus,
597,skilling,focus,597,ADHD post child birth a thing?,1,1,reddit:1,en:1,yes,concentration,
598,skilling,values,598,AIO: Did my mom give me a gift or a chore?,1,1,reddit:1,en:1,yes,screen time learning,
599,skilling,school-and-study,599,AITA for sticking my hand in teacher’s mouth after throwing up?,1,1,reddit:1,en:1,yes,,
600,skilling,general,600,AITA? I don’t even know anymore.,1,1,reddit:1,en:1,yes,learn to read,
601,skilling,general,601,About to unschool one of my kids but not the others - advice?,1,1,reddit:1,en:1,yes,focus,
602,skilling,general,602,Advice for lack of motivation/perseverance/overcoming challenges?,1,1,reddit:1,en:1,yes,focus,
603,skilling,general,603,Advice from parents whose kids have a hard time with transitions?,1,1,reddit:1,en:1,yes,concentration,
604,skilling,general,604,"Advice on having ""that kid"".",1,1,reddit:1,en:1,yes,shy,
605,skilling,feelings,605,Advice on recurring tantrums,1,1,reddit:1,en:1,yes,concentration,
606,skilling,general,606,Advice on teaching hygienic wiping?,1,1,reddit:1,en:1,yes,focus,
607,skilling,confidence,607,Advice please! Is homeschool making my kids more shy?,1,1,reddit:1,en:1,yes,shy,
608,skilling,general,608,"After spending four days alone with my son, I almost prefer it?",1,1,reddit:1,en:1,yes,reading,
609,skilling,general,609,Afternoon circle time/meeting?,1,1,reddit:1,en:1,yes,,
610,skilling,general,610,Afternoon or morning pre-k?,1,1,reddit:1,en:1,yes,focus,
611,skilling,school-and-study,611,Alternatives to public school?,1,1,reddit:1,en:1,yes,concentration,
612,skilling,general,612,Am I being a karen for refusing to take off my and my daughter's shorts at the splash pad/park?,1,1,reddit:1,en:1,yes,coding,
613,skilling,general,613,Am I being unreasonable for wanting a new car seat?,1,1,reddit:1,en:1,yes,learn to read,
614,skilling,general,614,"Am I being unreasonable, or is this daycare behaving unprofessionally?",1,1,reddit:1,en:1,yes,focus,
615,skilling,general,615,Am I boring?,1,1,reddit:1,en:1,yes,confidence,
616,skilling,making,616,Am I crazy to make my kid leave the house once a day?,1,1,reddit:1,en:1,yes,learn to read,
617,skilling,school-and-study,617,Am I cut out to homeschool higher grade levels?,1,1,reddit:1,en:1,yes,confidence,
618,skilling,general,618,"Am I overreacting to my wife constantly saying ""she's just two"" every time my daughter misbehaves?",1,1,reddit:1,en:1,yes,shy,
619,skilling,general,619,Am I screwing my baby up if they’re not sleeping through the night by 12 months?,1,1,reddit:1,en:1,yes,learn to read,
620,skilling,general,620,Am I the Karen? 6 weeks of screaming swim lessons,1,1,reddit:1,en:1,yes,focus,
621,skilling,school-and-study,621,Am I the only one who struggles more with organization than curriculum?,1,1,reddit:1,en:1,yes,coding,
622,skilling,general,622,"Am I the only person who constantly wonders ""How in hell do people do it???""",1,1,reddit:1,en:1,yes,learn to read,
623,skilling,general,623,Am I the only person with an extraverted preschooler?,1,1,reddit:1,en:1,yes,shy,
624,skilling,general,624,Am I up to home schooling or three boys?,1,1,reddit:1,en:1,yes,,
625,skilling,maths,625,"Am I wrong for telling my son that I don't want him coming home multiple times a week while he's ""away"" at college?",1,1,reddit:1,en:1,yes,learn to read,
626,skilling,general,626,Another parent spanked my child???,1,1,reddit:1,en:1,yes,screen time learning,
627,skilling,school-and-study,627,Any Other Parents Homeschooling High Schoolers?,1,1,reddit:1,en:1,yes,focus,
628,skilling,communication,628,Any advice on how to speak to young kids about food and weight to stop/prevent shaming?,1,1,reddit:1,en:1,yes,reading,
629,skilling,general,629,"Any advice on my daughter (14 yrs old, freshman in HS) starting to date?",1,1,reddit:1,en:1,yes,learn to read,
630,skilling,general,630,Any advice would be greatly appreciated.,1,1,reddit:1,en:1,yes,,
631,skilling,general,631,Any dad's open for their kids to have a pen pal in Norway?,1,1,reddit:1,en:1,yes,learn to read,
632,skilling,general,632,Any daddit's work from home?,1,1,reddit:1,en:1,yes,concentration,
633,skilling,general,633,Any kiddos with long covid?,1,1,reddit:1,en:1,yes,reading,
634,skilling,general,634,Any late night gaming dads out there?,1,1,reddit:1,en:1,yes,coding,
635,skilling,general,635,Any moms use seven slings?,1,1,reddit:1,en:1,yes,coding,
636,skilling,stillness,636,"Any moms who use to smoke weed, still smoke weed, or miss smoking weed?",1,1,reddit:1,en:1,yes,confidence,
637,skilling,general,637,Any negative effects of introducing Zyrtec to children under 1 yo?,1,1,reddit:1,en:1,yes,confidence,
638,skilling,general,638,Any other 0-3 people feel like they are constantly invalidated?,1,1,reddit:1,en:1,yes,,
639,skilling,school-and-study,639,Any other Reggio Emilia / forest school parents?,1,1,reddit:1,en:1,yes,focus,
640,skilling,values,640,Any other atheist parents here figure out an age-appropriate way to approach the topic of religion?,1,1,reddit:1,en:1,yes,learn to read,
641,skilling,general,641,Any other daddy’s girls see their dad differently after having a kids?,1,1,reddit:1,en:1,yes,screen time learning,
642,skilling,feelings,642,Any other homeschoolers with first kid about to start “kindergarten” at home and feeling a little scared?,1,1,reddit:1,en:1,yes,focus,
643,skilling,general,643,Any other mom artists? I need some advice.,1,1,reddit:1,en:1,yes,concentration,
644,skilling,general,644,Any recommendation for Disney movies that are 0+.,1,1,reddit:1,en:1,yes,screen time learning,
645,skilling,general,645,Any recommendations for a toddler program in San Jose?,1,1,reddit:1,en:1,yes,,
646,skilling,general,646,Any recommendations? Im having a hard time and ny daughter is as well.,1,1,reddit:1,en:1,yes,concentration,
647,skilling,general,647,Any research on too many toys?,1,1,reddit:1,en:1,yes,focus,
648,skilling,general,648,Any resources for Behavioral Inhibition in toddlers?,1,1,reddit:1,en:1,yes,shy,
649,skilling,school-and-study,649,Any single moms here who homeschool?,1,1,reddit:1,en:1,yes,,
650,skilling,general,650,Any tips for helping my 4 1/2 yr old learn not to be a sore loser,1,1,reddit:1,en:1,yes,screen time learning,
651,skilling,general,651,Any tips for me before a SLP evaluation?,1,1,reddit:1,en:1,yes,shy,
652,skilling,focus,652,Any tips on getting child to focus on their meal?,1,1,reddit:1,en:1,yes,focus,
653,skilling,reading,653,Anyone else cry every time their kid asks to read this?,1,1,reddit:1,en:1,yes,reading,
654,skilling,school-and-study,654,Anyone else do project-based homeschooling?,1,1,reddit:1,en:1,yes,focus,
655,skilling,thinking,655,Anyone else feel a bit of pride whenever somebody mentions how smart their home educated kids are?,1,1,reddit:1,en:1,yes,,
656,skilling,general,656,Anyone else feel like their partner is useless?,1,1,reddit:1,en:1,yes,confidence,
657,skilling,general,657,Anyone else have a kid that leaves every worksheet looking like this?,1,1,reddit:1,en:1,yes,,
658,skilling,general,658,Anyone else have children that stay open to close all year round?,1,1,reddit:1,en:1,yes,,
659,skilling,general,659,Anyone else hold onto weight while breastfeeding?,1,1,reddit:1,en:1,yes,shy,
660,skilling,general,660,Anyone else just get spontaneously devastated that their baby is growing up?,1,1,reddit:1,en:1,yes,focus,
661,skilling,general,661,Anyone else not get embarrassed by things any more after becoming a dad?,1,1,reddit:1,en:1,yes,focus,
662,skilling,reading,662,Anyone else reading Calvin and Hobbes now from a parent's perspective and feeling pretty sorry for the poor kid?,1,1,reddit:1,en:1,yes,learn to read,
663,skilling,feelings,663,Anyone else with anxious kids? Therapy for an almost 4 year old after trauma,1,1,reddit:1,en:1,yes,confidence,
664,skilling,school-and-study,664,Anyone else working and homeschooling at the same time?,1,1,reddit:1,en:1,yes,focus,
665,skilling,school-and-study,665,Anyone elses just constantly googling curriculum stuff,1,1,reddit:1,en:1,yes,,
666,skilling,making,666,Anyone else’s 5 year old boy build things like this?,1,1,reddit:1,en:1,yes,coding,
667,skilling,general,667,Anyone ever screw up a medication dose?,1,1,reddit:1,en:1,yes,concentration,
668,skilling,general,668,Anyone found a way to trick yourself into going to bed earlier?,1,1,reddit:1,en:1,yes,coding,
669,skilling,general,669,Anyone gone from being career-oriented to wanting to just be a stay at home parent?,1,1,reddit:1,en:1,yes,focus,
670,skilling,coding,670,Anyone have a referral code for Talkbox.mom?,1,1,reddit:1,en:1,yes,,
671,skilling,general,671,Anyone have a rough childhood with a spouse who had an idyllic one?,1,1,reddit:1,en:1,yes,concentration,
672,skilling,general,672,Anyone here quit gaming or changed their lifestyle after becoming a dad?,1,1,reddit:1,en:1,yes,focus,
673,skilling,general,673,Anyone move from Montessori to regular daycare?,1,1,reddit:1,en:1,yes,,
674,skilling,general,674,Anyone notice that a large portion of the users on this sub aren't men or dads/soon to be dads?,1,1,reddit:1,en:1,yes,learn to read,
675,skilling,general,675,Anyone subscribe to the Highlights High Five magazine?,1,1,reddit:1,en:1,yes,learn to read,
676,skilling,general,676,Anyone using Inspire Connections Academy?,1,1,reddit:1,en:1,yes,,
677,skilling,general,677,Anyone who's kid had Adenoid and Tonsil removal notice behavior changes?,1,1,reddit:1,en:1,yes,reading,
678,skilling,general,678,Are 2 snacks a day really necessary for toddlers?,1,1,reddit:1,en:1,yes,focus,
679,skilling,general,679,Are Bday registries tacky?,1,1,reddit:1,en:1,yes,coding,
680,skilling,general,680,"Are babies quicker to ""do stuff"" now?",1,1,reddit:1,en:1,yes,focus,
681,skilling,general,681,Are children in nursery/daycare developmentally more advanced?,1,1,reddit:1,en:1,yes,confidence,
682,skilling,general,682,Are fluoride drops dangerous for infants?,1,1,reddit:1,en:1,yes,concentration,
683,skilling,general,683,Are non-Montessori items in primary classroom a red flag?,1,1,reddit:1,en:1,yes,,
684,skilling,general,684,Are on the go / motion naps less decorative?,1,1,reddit:1,en:1,yes,confidence,
685,skilling,general,685,Are playgrounds too safe? Why anthropologists say kids need to monkey around,1,1,reddit:1,en:1,yes,reading,
686,skilling,general,686,Are some kids just hardwired to wake up early and be annoying from birth lol,1,1,reddit:1,en:1,yes,shy,
687,skilling,general,687,Are the Boomers Okay??,1,1,reddit:1,en:1,yes,reading,
688,skilling,school-and-study,688,Are the studies accounting for household income differences?,1,1,reddit:1,en:1,yes,,
689,skilling,general,689,Are theme days fun for the rest of you all? Because I really don't like them.,1,1,reddit:1,en:1,yes,,
690,skilling,reading,690,Are there any negatives to reading books that are too old for a toddler?,1,1,reddit:1,en:1,yes,learn to read,
691,skilling,school-and-study,691,Are there any studies on the impact of switching daycares at the toddler level?,1,1,reddit:1,en:1,yes,shy,
692,skilling,school-and-study,692,Are there former teachers in here that quit and decided to homeschool their kids?,1,1,reddit:1,en:1,yes,,
693,skilling,reading,693,Are there really only benefits to reading books with certain illustrations to kids?,1,1,reddit:1,en:1,yes,learn to read,
694,skilling,school-and-study,694,Are there studies on babies and kids who were left to cry it out and turn out when they’re teens and adults?,1,1,reddit:1,en:1,yes,focus,
695,skilling,general,695,Are these red flags of a preschool?,1,1,reddit:1,en:1,yes,screen time learning,
696,skilling,general,696,Are these the traits of a chilled out kid or something else to consider?,1,1,reddit:1,en:1,yes,focus,
697,skilling,thinking,697,Are wake windows BS? Are they science-based or the latest craze?,1,1,reddit:1,en:1,yes,learn to read,
698,skilling,general,698,"Are we in the wrong: We made 2 rules to see our kids, 1 person is offended.",1,1,reddit:1,en:1,yes,focus,
699,skilling,general,699,Are we praising too much? (Natural Motivation vs. External Validation),1,1,reddit:1,en:1,yes,focus,
700,skilling,general,700,Are we really better parents?,1,1,reddit:1,en:1,yes,focus,
701,skilling,general,701,Are y'all teaching every subject?,1,1,reddit:1,en:1,yes,,
702,skilling,general,702,Are you a snowplow parent?,1,1,reddit:1,en:1,yes,focus,
703,skilling,values,703,Aren’t we teaching our toddlers to share?,1,1,reddit:1,en:1,yes,shy,
704,skilling,general,704,Asking About Vaccination Status Before Playdate?,1,1,reddit:1,en:1,yes,coding,
705,skilling,communication,705,Assistant doesn't really speak English! WWYD?,1,1,reddit:1,en:1,yes,,
706,skilling,feelings,706,At what age can we ignore temper tantrums? Husband and I have polarizing opinions.,1,1,reddit:1,en:1,yes,reading,
707,skilling,general,707,At what age do children need “appropriate” funeral attire?,1,1,reddit:1,en:1,yes,coding,
708,skilling,general,708,Attachment trauma from NICU stay?,1,1,reddit:1,en:1,yes,focus,
709,skilling,focus,709,Attention seeking behavior?,1,1,reddit:1,en:1,yes,,
710,skilling,thinking,710,Audio players like Tonibox & Yotoplayers: what do you think about them?,1,1,reddit:1,en:1,yes,focus,
711,skilling,general,711,Back to pre-pregnancy weight now - so what’s with the belly fat?!?!,1,1,reddit:1,en:1,yes,concentration,
712,skilling,general,712,Baseball season is here. Anyone else loving it?,1,1,reddit:1,en:1,yes,shy,
713,skilling,general,713,Beast Academy Coupon Codes?,1,1,reddit:1,en:1,yes,coding,
714,skilling,general,714,Bed wetting alarms - is this punishment?,1,1,reddit:1,en:1,yes,confidence,
715,skilling,general,715,Bedtime is driving me mental. Are you laying with your 4.5 year old?,1,1,reddit:1,en:1,yes,reading,
716,skilling,focus,716,Before school exercise/activity to help with behavior and attention?,1,1,reddit:1,en:1,yes,learn to read,
717,skilling,reading,717,Beginner readers: do you get your preschooler simple books that you child can read by themselves or more fun books that they don’t know all the words to?,1,1,reddit:1,en:1,yes,learn to read,
718,skilling,coding,718,Best Anti-Ai Virtual Public School Option?,1,1,reddit:1,en:1,yes,,
719,skilling,general,719,Best Career for Happy Parents and Kids?,1,1,reddit:1,en:1,yes,focus,
720,skilling,creativity,720,Best art and drawing apps for homeschool? Looking for preschool + elementary options,1,1,reddit:1,en:1,yes,,
721,skilling,reading,721,Best board game for 5-6 year old to learn to read or spell?,1,1,reddit:1,en:1,yes,learn to read,
722,skilling,school-and-study,722,Best grade to transition to school?,1,1,reddit:1,en:1,yes,shy,
723,skilling,coding,723,Best grocery app for actually saving money as a parent?,1,1,reddit:1,en:1,yes,coding,
724,skilling,thinking,724,Best nature/science show for 3-5yo kids?,1,1,reddit:1,en:1,yes,learn to read,
725,skilling,communication,725,Best time to start daycare? And for language acquisition?,1,1,reddit:1,en:1,yes,learn to read,
726,skilling,general,726,Best way to clean coins for kid use?,1,1,reddit:1,en:1,yes,,
727,skilling,making,727,Biggest sources of microplastics and at what level does avoiding plastics even make a difference?,1,1,reddit:1,en:1,yes,concentration,
728,skilling,general,728,"Birthday party with four kids, cancel or just enjoy it?",1,1,reddit:1,en:1,yes,shy,
729,skilling,general,729,Blowout fight between wife and son. Don't know how to respond.,1,1,reddit:1,en:1,yes,learn to read,
730,skilling,reading,730,Board games or toys for teaching early reading skills?,1,1,reddit:1,en:1,yes,learn to read,
731,skilling,general,731,Body doubling : what do you do while your kid(s) work ?,1,1,reddit:1,en:1,yes,,
732,skilling,reading,732,"Book recommendations for ""foggy"" brain?",1,1,reddit:1,en:1,yes,concentration,
733,skilling,reading,733,Books about gender diversity?,1,1,reddit:1,en:1,yes,,
734,skilling,general,734,"Boys playing rough, how do you handle it",1,1,reddit:1,en:1,yes,shy,
735,skilling,general,735,Brand new centre - how would you start your preschool room?,1,1,reddit:1,en:1,yes,,
736,skilling,general,736,"Breastfeeding in front of family, appropriate or not?",1,1,reddit:1,en:1,yes,shy,
737,skilling,general,737,Bribes/punishments in the classroom?,1,1,reddit:1,en:1,yes,shy,
738,skilling,thinking,738,C Section vs VBAC- which does the science say is the better choice?,1,1,reddit:1,en:1,yes,focus,
739,skilling,general,739,"Came to the hospital 36 hours ago for what should have been a routine childbirth. Baby is in NICU, wife is in ICU. I’m a wreck.",1,1,reddit:1,en:1,yes,reading,
740,skilling,general,740,Can I do a META post? Ask the community about something we could be doing?,1,1,reddit:1,en:1,yes,learn to read,
741,skilling,school-and-study,741,Can I homeschool even if am not the sharpest tool in the shed?,1,1,reddit:1,en:1,yes,shy,
742,skilling,general,742,Can I just… not move bedtime?,1,1,reddit:1,en:1,yes,confidence,
743,skilling,general,743,Can I please brag about my 21 year old?,1,1,reddit:1,en:1,yes,shy,
744,skilling,general,744,Can I say the thing? I'm gonna say it.,1,1,reddit:1,en:1,yes,screen time learning,
745,skilling,confidence,745,Can an independent child be clingy?,1,1,reddit:1,en:1,yes,shy,
746,skilling,values,746,Can everyone stop telling newly post-partum moms to neglect household chores?,1,1,reddit:1,en:1,yes,focus,
747,skilling,communication,747,Can someone explain neurologically how babies could use sign language before verbal language?,1,1,reddit:1,en:1,yes,screen time learning,
748,skilling,general,748,"Can someone please, please help me with this.",1,1,reddit:1,en:1,yes,coding,
749,skilling,general,749,Can we all agree about the worst part about new positions?,1,1,reddit:1,en:1,yes,,
750,skilling,general,750,Can we change the flair to be “Comments with sources only” instead of “evidence based only”?,1,1,reddit:1,en:1,yes,reading,
751,skilling,general,751,Can we discuss all the medical advice posts?,1,1,reddit:1,en:1,yes,focus,
752,skilling,general,752,Can we discuss caillou?,1,1,reddit:1,en:1,yes,concentration,
753,skilling,general,753,Can we finally get properly shaded playgrounds?,1,1,reddit:1,en:1,yes,screen time learning,
754,skilling,communication,754,Can we have an honest conversation?,1,1,reddit:1,en:1,yes,,
755,skilling,communication,755,Can we have an open talk about Ozempic?,1,1,reddit:1,en:1,yes,focus,
756,skilling,general,756,Can we normalize NOT using the phrase…,1,1,reddit:1,en:1,yes,reading,
757,skilling,general,757,Can we quit with the DD and DS etc...?,1,1,reddit:1,en:1,yes,learn to read,
758,skilling,communication,758,Can we talk about how lonely being a dad is?,1,1,reddit:1,en:1,yes,focus,
759,skilling,thinking,759,Can you guys please drop scientific resources on the science of tantrums and how to deal with them?,1,1,reddit:1,en:1,yes,learn to read,
760,skilling,confidence,760,Can you homeschool as an introverted parent?,1,1,reddit:1,en:1,yes,shy,
761,skilling,reading,761,Can you read my mind?: a little tool to keep in your pocket,1,1,reddit:1,en:1,yes,concentration,
762,skilling,general,762,Can your kid hold their pee through the night?,1,1,reddit:1,en:1,yes,learn to read,
763,skilling,stillness,763,"Can't sleep, am I the worst mother ever??",1,1,reddit:1,en:1,yes,shy,
764,skilling,general,764,Cancelling holidays- when to say no?,1,1,reddit:1,en:1,yes,confidence,
765,skilling,stillness,765,Car seats: is it weird that our 4yo is still rear-facing?,1,1,reddit:1,en:1,yes,reading,
766,skilling,communication,766,Child and husband talk incessantly and it makes me irritable… am I a dick?,1,1,reddit:1,en:1,yes,concentration,
767,skilling,coding,767,Child needs to memorize a phone number? Make it their tablet unlock code.,1,1,reddit:1,en:1,yes,coding,
768,skilling,reading,768,Children pretending to read: encourage or discourage?,1,1,reddit:1,en:1,yes,learn to read,
769,skilling,general,769,"Clean, cozy “older” shows you can watch with a 5yo?",1,1,reddit:1,en:1,yes,reading,
770,skilling,coding,770,Coding (programming) options for a gifted kid?,1,1,reddit:1,en:1,yes,,
771,skilling,coding,771,"Coding, yes or no?",1,1,reddit:1,en:1,yes,coding,
772,skilling,school-and-study,772,Computer Science in the Homeschool Community - What is needed?,1,1,reddit:1,en:1,yes,coding,
773,skilling,coding,773,Computer science - how important is it to you?,1,1,reddit:1,en:1,yes,coding,
774,skilling,focus,774,Concentrated Apple Juice - another name for sugar?,1,1,reddit:1,en:1,yes,concentration,
775,skilling,school-and-study,775,Considering homeschool for 5 year old son - how to transition,1,1,reddit:1,en:1,yes,,
776,skilling,school-and-study,776,"Considering homeschooling? (Warning, insanely LONG post)",1,1,reddit:1,en:1,yes,,
777,skilling,feelings,777,Could it be detrimental to let a 14 mo cry it out ?,1,1,reddit:1,en:1,yes,confidence,
778,skilling,reading,778,Could my 7yo daughter have ADHD? Been reading a lot but still feeling unsure.,1,1,reddit:1,en:1,yes,shy,
779,skilling,general,779,Could not be prouder,1,1,reddit:1,en:1,yes,concentration,
780,skilling,thinking,780,Could there be a bigger reason? How can school help?,1,1,reddit:1,en:1,yes,concentration,
781,skilling,general,781,"Council of Dads, WWYD?",1,1,reddit:1,en:1,yes,concentration,
782,skilling,school-and-study,782,Covid homeschoolers - are your kids returning next year?,1,1,reddit:1,en:1,yes,screen time learning,
783,skilling,creativity,783,Creative ideas for my 16 yo daughter's birthday.. after I got laid off?,1,1,reddit:1,en:1,yes,,
784,skilling,school-and-study,784,Curriculum for gifted 5 year old?,1,1,reddit:1,en:1,yes,,
785,skilling,school-and-study,785,Cursive for a 5th grader?,1,1,reddit:1,en:1,yes,,
786,skilling,communication,786,"DAE have a kid who is mentally developing ""differently""? I feel so isolated sometimes when talking about kids.",1,1,reddit:1,en:1,yes,coding,
787,skilling,general,787,Dad left hot tea in reach of 9mo. 1st and 2nd degree burns. Don't know how to move forward.,1,1,reddit:1,en:1,yes,learn to read,
788,skilling,communication,788,Dad talking about periods w. daughter. Is it wrong ? (Disclaimer : I’m the dad),1,1,reddit:1,en:1,yes,shy,
789,skilling,general,789,"Dad to an 8m old, wife is traveling for 4-5 days. Am I being naive in not wanting help?",1,1,reddit:1,en:1,yes,confidence,
790,skilling,general,790,"Dad's of color, what tips do you have for keeping yourself and your family safe?",1,1,reddit:1,en:1,yes,confidence,
791,skilling,general,791,Dad's what are your currently working trick?,1,1,reddit:1,en:1,yes,coding,
792,skilling,values,792,"Dads breaking generational abuse, how do you discipline your kids?",1,1,reddit:1,en:1,yes,learn to read,
793,skilling,general,793,Dads who have gone through divorce any advice.,1,1,reddit:1,en:1,yes,shy,
794,skilling,general,794,"Dads with older daughters, how did you cope with the transition into preteen age?",1,1,reddit:1,en:1,yes,shy,
795,skilling,reading,795,"Dads, what books do you like?",1,1,reddit:1,en:1,yes,concentration,
796,skilling,general,796,Data on amount of peer-to-peer for young toddlers?,1,1,reddit:1,en:1,yes,shy,
797,skilling,school-and-study,797,Daughter being Targeted by a student at school. How can I help?,1,1,reddit:1,en:1,yes,shy,
798,skilling,general,798,Daughter helping special needs boy backfiring? UPDATE!!!!!!,1,1,reddit:1,en:1,yes,screen time learning,
799,skilling,communication,799,Daughter with darker skin wants skin like mine (lighter)—how do I talk to her about this?,1,1,reddit:1,en:1,yes,reading,
800,skilling,communication,800,Daughter’s new friends are “mean girls” don’t know how to break them up?,1,1,reddit:1,en:1,yes,confidence,
801,skilling,making,801,Daycare immunity - how long to build?,1,1,reddit:1,en:1,yes,shy,
802,skilling,thinking,802,Debating with husband how to handle our rules for 5YO with other parents; I think he's too draconian and that could alienate our girl socially,1,1,reddit:1,en:1,yes,coding,
803,skilling,general,803,Delays and gender — are the boys okay?,1,1,reddit:1,en:1,yes,focus,
804,skilling,general,804,Did I cause an egg allergy,1,1,reddit:1,en:1,yes,confidence,
805,skilling,general,805,"Did anyone else NOT feel like a changed person after becoming a parent, or NOT feel blown away by how much you love your child?",1,1,reddit:1,en:1,yes,learn to read,
806,skilling,feelings,806,Did anyone else get the official email from the US Department of Education and start feeling some kind of way?,1,1,reddit:1,en:1,yes,reading,
807,skilling,school-and-study,807,Did you ever have parents not let their kids be friends with your kids because you homeschool?,1,1,reddit:1,en:1,yes,,
808,skilling,coding,808,Did you have a code word for safety as a kid?,1,1,reddit:1,en:1,yes,coding,
809,skilling,focus,809,Did you know you can get apple juice from a turkey if it concentrates really hard?,1,1,reddit:1,en:1,yes,concentration,
810,skilling,confidence,810,Did you send your littles to young5s or kinder to break the shyness?,1,1,reddit:1,en:1,yes,shy,
811,skilling,reading,811,Dinosaur books to help a kid scared of dinosaurs?,1,1,reddit:1,en:1,yes,learn to read,
812,skilling,general,812,Disciplining somebody else's kid - How would you have reacted?,1,1,reddit:1,en:1,yes,shy,
813,skilling,coding,813,"Discount code for Beast Academy (Books, not online courses)?",1,1,reddit:1,en:1,yes,coding,
814,skilling,general,814,"Divorced dads, when did you decide to stop fighting for it and let her go?",1,1,reddit:1,en:1,yes,learn to read,
815,skilling,school-and-study,815,Do Homeschoolers Need a High Number of AP Classes to Be Competitive for College Applications?,1,1,reddit:1,en:1,yes,concentration,
816,skilling,general,816,Do I HAVE to send ex photos of my daughter?,1,1,reddit:1,en:1,yes,focus,
817,skilling,general,817,Do NOT Ignore Increased Thirst,1,1,reddit:1,en:1,yes,screen time learning,
818,skilling,coding,818,Do guys have a secret code for taking better photos?,1,1,reddit:1,en:1,yes,coding,
819,skilling,general,819,Do it for your daughters 💜,1,1,reddit:1,en:1,yes,confidence,
820,skilling,general,820,Do most parents not let their kids play with others at the park??,1,1,reddit:1,en:1,yes,shy,
821,skilling,feelings,821,Do overly attached parents produce anxious children?,1,1,reddit:1,en:1,yes,confidence,
822,skilling,general,822,Do packaged baby purees contain more sugar than “advertised”?,1,1,reddit:1,en:1,yes,concentration,
823,skilling,general,823,Do people treat you like you're dumb?,1,1,reddit:1,en:1,yes,,
824,skilling,general,824,Do preterm infants suffer from attachment issues?,1,1,reddit:1,en:1,yes,confidence,
825,skilling,general,825,"Do some babies have cries that sound “worse” than others, or am I biologically wired to not mind my baby’s cries as much?",1,1,reddit:1,en:1,yes,confidence,
826,skilling,making,826,Do they still make educational PC games?,1,1,reddit:1,en:1,yes,screen time learning,
827,skilling,communication,827,Do we intervene when a friend’s child is mean to our own?,1,1,reddit:1,en:1,yes,,
828,skilling,reading,828,Do you correct reading mistakes right away or later?,1,1,reddit:1,en:1,yes,confidence,
829,skilling,general,829,Do you ever feel it's not enough?,1,1,reddit:1,en:1,yes,focus,
830,skilling,general,830,Do you ever wish you’d been more “strict” with your strong-willed kid when they were younger?,1,1,reddit:1,en:1,yes,reading,
831,skilling,general,831,Do you guys also struggle to relate to other men you meet,1,1,reddit:1,en:1,yes,shy,
832,skilling,general,832,Do you just never have kid-free time?,1,1,reddit:1,en:1,yes,screen time learning,
833,skilling,making,833,Do you make your kids wave back to strangers in public?,1,1,reddit:1,en:1,yes,shy,
834,skilling,thinking,834,Do you think that families would pay for custom tailored homeschool curricula?,1,1,reddit:1,en:1,yes,shy,
835,skilling,thinking,835,Do you think we're 'crazy homeschoolers',1,1,reddit:1,en:1,yes,shy,
836,skilling,thinking,836,Do you think you’re comfortable with your body? Try kids!,1,1,reddit:1,en:1,yes,confidence,
837,skilling,school-and-study,837,Do you want to hear from a parent who WAS homeschooled and is now homeschooling their own children?,1,1,reddit:1,en:1,yes,screen time learning,
838,skilling,focus,838,Does 7 year old with short attention span always mean ADHD?,1,1,reddit:1,en:1,yes,concentration,
839,skilling,general,839,Does BAC = alcohol level in breastmilk?,1,1,reddit:1,en:1,yes,concentration,
840,skilling,stillness,840,Does a baby need to repositioned for safe sleep if they can only roll one way?,1,1,reddit:1,en:1,yes,learn to read,
841,skilling,creativity,841,Does air writing always mean hyperlexia?,1,1,reddit:1,en:1,yes,learn to read,
842,skilling,confidence,842,Does anyone else sacrifice organisation and a tidy house for their child’s independence?,1,1,reddit:1,en:1,yes,coding,
843,skilling,school-and-study,843,Does anyone have a good recommendation for a second grade American history textbook that doesn't idealize American exceptionalism and doesn't sugarcoat the past?,1,1,reddit:1,en:1,yes,screen time learning,
844,skilling,coding,844,Does anyone have a referral code for Guardian bikes?,1,1,reddit:1,en:1,yes,coding,
845,skilling,coding,845,Does anyone have any experience with coding toys for children between 2 and 5.,1,1,reddit:1,en:1,yes,coding,
846,skilling,reading,846,Does anyone have any growth mindset videos or books for 4 year olds?,1,1,reddit:1,en:1,yes,coding,
847,skilling,confidence,847,Does anyone know of evidence-based approaches for helping kids become more confident in speaking up during uncomfortable or unsafe situations?,1,1,reddit:1,en:1,yes,confidence,
848,skilling,general,848,Does anyone plan on finding a different career?,1,1,reddit:1,en:1,yes,,
849,skilling,general,849,Does anyone use Huggies codes? I have a couple up for grabs,1,1,reddit:1,en:1,yes,coding,
850,skilling,general,850,Does anyone use any self affirmation with their preschoolers ? What do you say?,1,1,reddit:1,en:1,yes,focus,
851,skilling,general,851,Does being a parent just mean dealing with endless tiny heart breaks,1,1,reddit:1,en:1,yes,shy,
852,skilling,reading,852,Does dragging your finger (as the adult) under words while reading to a child help at all with their literacy development?,1,1,reddit:1,en:1,yes,learn to read,
853,skilling,creativity,853,Does having a single parent delay speech and have developmental consequences?,1,1,reddit:1,en:1,yes,shy,
854,skilling,general,854,Does it *actually* ever get easier?,1,1,reddit:1,en:1,yes,confidence,
855,skilling,making,855,Does it get any better? How can I make this job more tolerable?,1,1,reddit:1,en:1,yes,,
856,skilling,memory,856,Does my 5 year old remembers the old house we used to live or is this another thing kids make up,1,1,reddit:1,en:1,yes,shy,
857,skilling,general,857,Does my Mother Hate me?,1,1,reddit:1,en:1,yes,focus,
858,skilling,general,858,Does my son NEED to touch his food?,1,1,reddit:1,en:1,yes,concentration,
859,skilling,general,859,Does my toddler have something going on socially? Or is this normal?,1,1,reddit:1,en:1,yes,shy,
860,skilling,maths,860,Does playing with a younger sibling count as social interaction that is needed around 2-3?,1,1,reddit:1,en:1,yes,shy,
861,skilling,reading,861,Does reading a book around your toddler have the same detrimental effects as scrolling on your phone?,1,1,reddit:1,en:1,yes,screen time learning,
862,skilling,general,862,Does this look intense for pre-k?,1,1,reddit:1,en:1,yes,reading,
863,skilling,general,863,Does your 4 year old stay seated when eating a meal?,1,1,reddit:1,en:1,yes,reading,
864,skilling,reading,864,Does your 4yr old know all the alphabet letters?,1,1,reddit:1,en:1,yes,learn to read,
865,skilling,school-and-study,865,Don't be afraid of the Stem Fields as a homeschooler,1,1,reddit:1,en:1,yes,focus,
866,skilling,confidence,866,Don't shy away from NoseFrida SnotSucker,1,1,reddit:1,en:1,yes,shy,
867,skilling,general,867,"Don't take it for granted...not a second of it, because it can all change just as fast.",1,1,reddit:1,en:1,yes,reading,
868,skilling,thinking,868,Dweck says praising effort beats praising intelligence. Any parents actually managed to flip this in practice?,1,1,reddit:1,en:1,yes,,
869,skilling,general,869,Dyslexia or me being impatient?,1,1,reddit:1,en:1,yes,coding,
870,skilling,general,870,ECE student in my final practicum! Concerned about my placement. Am I overreacting?,1,1,reddit:1,en:1,yes,,
871,skilling,general,871,"ECEs in Ontario, what is it like working at an EarlyON?",1,1,reddit:1,en:1,yes,,
872,skilling,communication,872,Early exposure to a second language?,1,1,reddit:1,en:1,yes,learn to read,
873,skilling,general,873,Easiest age gap for older‐child transition when a sibling arrives?,1,1,reddit:1,en:1,yes,focus,
874,skilling,general,874,Educating children on how to protect themselves from sexual abuse/misconduct from childhood to adulthood? (Covering all grounds),1,1,reddit:1,en:1,yes,screen time learning,
875,skilling,reading,875,Educational shows that stress letters and phonics?,1,1,reddit:1,en:1,yes,learn to read,
876,skilling,general,876,Effects of changes in what we know about parenting in the last decades?,1,1,reddit:1,en:1,yes,learn to read,
877,skilling,general,877,Efficacy of consumer airfilters on improving indoor air quality?,1,1,reddit:1,en:1,yes,concentration,
878,skilling,general,878,Egg allergy that gets worse before it gets better?,1,1,reddit:1,en:1,yes,concentration,
879,skilling,general,879,Elder millennials - explain how to do the wide pants / no tights trend as a casual dressing mom,1,1,reddit:1,en:1,yes,confidence,
880,skilling,school-and-study,880,Elementary American social studies: How to choose materials that aren't so 'American'?,1,1,reddit:1,en:1,yes,shy,
881,skilling,making,881,Employer is ending my WFH ability and I have severe PPD. I need time to figure out how to make it work. Can they fire me in the middle of me requesting to take leave due to PPD?,1,1,reddit:1,en:1,yes,concentration,
882,skilling,general,882,Erythromycin eye ointment?,1,1,reddit:1,en:1,yes,confidence,
883,skilling,school-and-study,883,Ever browsed r/Teachers to see what they say about homeschoolers?,1,1,reddit:1,en:1,yes,reading,
884,skilling,general,884,"Everyone says ""it takes a village"" but how much do you sacrifice for that village?",1,1,reddit:1,en:1,yes,screen time learning,
885,skilling,general,885,Evidence for no sunscreen under 6 months?,1,1,reddit:1,en:1,yes,concentration,
886,skilling,communication,886,Examples of communication you get from teachers?,1,1,reddit:1,en:1,yes,learn to read,
887,skilling,general,887,"Excuse me, would you mind terribly doing your job?",1,1,reddit:1,en:1,yes,,
888,skilling,general,888,Expecting 3-year-olds to Write?,1,1,reddit:1,en:1,yes,learn to read,
889,skilling,general,889,Experience with loud and active kids - for how long?,1,1,reddit:1,en:1,yes,concentration,
890,skilling,general,890,"Extreme Chronic Constipation, Disimpaction at ER - anyone else?",1,1,reddit:1,en:1,yes,focus,
891,skilling,coding,891,FAQ For screen time etc?,1,1,reddit:1,en:1,yes,screen time learning,
892,skilling,feelings,892,FTM worrying about SIDS before giving birth. Spam me with up-to-date knowledge and resources to prevent it?,1,1,reddit:1,en:1,yes,reading,
893,skilling,general,893,Fake shoes. What’s the deal?,1,1,reddit:1,en:1,yes,confidence,
894,skilling,general,894,Family size effect on child development?,1,1,reddit:1,en:1,yes,learn to read,
895,skilling,reading,895,Favorite Toys/Activities for Number and Letter Identification?,1,1,reddit:1,en:1,yes,confidence,
896,skilling,general,896,Favorite dry erase markers?,1,1,reddit:1,en:1,yes,,
897,skilling,maths,897,Favorite math curriculum?,1,1,reddit:1,en:1,yes,confidence,
898,skilling,feelings,898,Feeling like I’m failing them/ADHD?!,1,1,reddit:1,en:1,yes,concentration,
899,skilling,general,899,"Fellow moms in blazing hot climates this month, what do you do with your kids in the afternoon?",1,1,reddit:1,en:1,yes,reading,
900,skilling,feelings,900,Finally figured out how to get my 7yo off the tablet without a tantrum.,1,1,reddit:1,en:1,yes,learn to read,
901,skilling,coding,901,First Bday with a dress code and color scheme?!,1,1,reddit:1,en:1,yes,coding,
902,skilling,school-and-study,902,First grade math curriculum for a bright kid?,1,1,reddit:1,en:1,yes,confidence,
903,skilling,school-and-study,903,First time homeschooling. How does this look for a 3rd grade curriculum?,1,1,reddit:1,en:1,yes,coding,
904,skilling,general,904,First week at Montessori daycare: am I overreacting or missing something?,1,1,reddit:1,en:1,yes,,
905,skilling,general,905,Fluoridated water - to drink or filter fluoride out?,1,1,reddit:1,en:1,yes,concentration,
906,skilling,school-and-study,906,"For homeschoolers who once were on the fence, what gave you the final push to commit to homeschooling?",1,1,reddit:1,en:1,yes,focus,
907,skilling,general,907,For those looking for ideas on how to teach their kids to be more giving during Christmas,1,1,reddit:1,en:1,yes,focus,
908,skilling,school-and-study,908,Former classroom teachers who now homeschool: what's one thing you do completely differently now?,1,1,reddit:1,en:1,yes,,
909,skilling,general,909,Formula and aluminum: something to be concerned about?,1,1,reddit:1,en:1,yes,concentration,
910,skilling,values,910,"Found out a ""kind elderly neighbor"" is a pedophile. How do I handle this?",1,1,reddit:1,en:1,yes,confidence,
911,skilling,general,911,Four officers show up at my house. Am I wrong for wanting to pause/terminate care?,1,1,reddit:1,en:1,yes,learn to read,
912,skilling,coding,912,"Gamer dads, when do you have time to play and what you playing?",1,1,reddit:1,en:1,yes,concentration,
913,skilling,thinking,913,Genius question: are there moms really enjoying motherhood?,1,1,reddit:1,en:1,yes,confidence,
914,skilling,general,914,Geology Unit Recommendations?,1,1,reddit:1,en:1,yes,,
915,skilling,general,915,Getting your spark back?,1,1,reddit:1,en:1,yes,concentration,
916,skilling,creativity,916,Gifted and talented (uk definition) or high functioning autism?,1,1,reddit:1,en:1,yes,,
917,skilling,school-and-study,917,Going from public school to homeschool: what were the biggest behavioural changes you noticed?,1,1,reddit:1,en:1,yes,learn to read,
918,skilling,school-and-study,918,Got this message from the teacher today. How can I help my 4.5 year old with the concept of personal space lol,1,1,reddit:1,en:1,yes,learn to read,
919,skilling,school-and-study,919,Grade 1 Grammar/writing curriculum suggestions?,1,1,reddit:1,en:1,yes,,
920,skilling,general,920,Grandparent issues — am I the problem?,1,1,reddit:1,en:1,yes,shy,
921,skilling,general,921,Great Weird Smoothie Recipe For Anyone Who's Been Using Spinach or Kale,1,1,reddit:1,en:1,yes,concentration,
922,skilling,confidence,922,Guidance for a child who is shy or afraid with a parent nearby?,1,1,reddit:1,en:1,yes,shy,
923,skilling,general,923,Guidepost Montessori Lloyd?,1,1,reddit:1,en:1,yes,,
924,skilling,general,924,"Has Anyone Else Noticed How Much the Internet Hates Parents and Children? In Particular, Moms?",1,1,reddit:1,en:1,yes,screen time learning,
925,skilling,maths,925,"Has anyone completely lost themselves after moving countries, having kids, and leaving a career? Did you ever find your way back?",1,1,reddit:1,en:1,yes,shy,
926,skilling,school-and-study,926,Has anyone done a specific amount of time to get a child caught up and then returned to public school?,1,1,reddit:1,en:1,yes,,
927,skilling,communication,927,Has anyone else feel like they’ve lost friendships after becoming parents due to lack of time/energy?,1,1,reddit:1,en:1,yes,focus,
928,skilling,reading,928,Has anyone else read through the Solid Starts citation lists?,1,1,reddit:1,en:1,yes,reading,
929,skilling,general,929,Has anyone gone no-contact with grandparents?,1,1,reddit:1,en:1,yes,coding,
930,skilling,coding,930,Has anyone here reduced screen time and seen benefits?,1,1,reddit:1,en:1,yes,concentration,
931,skilling,coding,931,Has anyone with multiple kids cracked the code to working out?,1,1,reddit:1,en:1,yes,coding,
932,skilling,general,932,Has motherhood kicked up the dust of your childhood trauma?,1,1,reddit:1,en:1,yes,confidence,
933,skilling,general,933,Have I been unknowingly offending other parents?,1,1,reddit:1,en:1,yes,learn to read,
934,skilling,general,934,Have a laugh at my ignorance pre-kids.,1,1,reddit:1,en:1,yes,confidence,
935,skilling,general,935,Have an important job interview today; and of course our 1 yr old was up all hours of the night,1,1,reddit:1,en:1,yes,coding,
936,skilling,thinking,936,Have scientists studied the pacifier? It defies physics.,1,1,reddit:1,en:1,yes,screen time learning,
937,skilling,stillness,937,Have to take my 10mo to the doc for unexplained bruises. Any tips or advice how to calm my nerves about CPS?,1,1,reddit:1,en:1,yes,confidence,
938,skilling,general,938,Have to tell myself my husband is just a dog in order to be happy.,1,1,reddit:1,en:1,yes,screen time learning,
939,skilling,general,939,Help me decide on a program,1,1,reddit:1,en:1,yes,coding,
940,skilling,focus,940,Help me decide what to do with my adhd 6 yr old son,1,1,reddit:1,en:1,yes,concentration,
941,skilling,feelings,941,"Help me figure out how to help my deep feeling, unable to concentrate, anxious child?",1,1,reddit:1,en:1,yes,concentration,
942,skilling,school-and-study,942,Help me find the studies that show aluminum adjuvants are safe in children.,1,1,reddit:1,en:1,yes,concentration,
943,skilling,general,943,Help me navigate this?,1,1,reddit:1,en:1,yes,,
944,skilling,general,944,Help me see that Hib & Prevnar are safe for my 4m.o.,1,1,reddit:1,en:1,yes,confidence,
945,skilling,coding,945,Help with 12 year old girl and dress code,1,1,reddit:1,en:1,yes,coding,
946,skilling,thinking,946,Help with 3.5 yo asking deep questions,1,1,reddit:1,en:1,yes,shy,
947,skilling,general,947,Help with 7yo who hates work time,1,1,reddit:1,en:1,yes,,
948,skilling,coding,948,Help with a 5 uear old addicted to screens,1,1,reddit:1,en:1,yes,reading,
949,skilling,general,949,Help with baby boy...,1,1,reddit:1,en:1,yes,concentration,
950,skilling,general,950,Help with bedtime routine,1,1,reddit:1,en:1,yes,coding,
951,skilling,general,951,Help with toddler joining group activities,1,1,reddit:1,en:1,yes,learn to read,
952,skilling,school-and-study,952,Help! How do I navigate this new school situation?,1,1,reddit:1,en:1,yes,concentration,
953,skilling,reading,953,"Help! My kid is a bad reader, and part of the problem is she is really good at guessing words",1,1,reddit:1,en:1,yes,learn to read,
954,skilling,general,954,Help! i started hoarding formula tins because i was convinced they would be useful... what are they useful for?!,1,1,reddit:1,en:1,yes,concentration,
955,skilling,communication,955,Helping kid connect with friends?,1,1,reddit:1,en:1,yes,shy,
956,skilling,general,956,Hey dads. I might have stumbled upon the ultimate nap hack and I don’t know what to do with this information.,1,1,reddit:1,en:1,yes,concentration,
957,skilling,values,957,Home break in - how to share news with 4 year old or not?,1,1,reddit:1,en:1,yes,screen time learning,
958,skilling,school-and-study,958,Homeless shelter bans homeschooling?,1,1,reddit:1,en:1,yes,,
959,skilling,school-and-study,959,Homeschoolers who hate math—what curriculum do you use for your kids?,1,1,reddit:1,en:1,yes,confidence,
960,skilling,school-and-study,960,Homeschooling Book recommendations?,1,1,reddit:1,en:1,yes,shy,
961,skilling,general,961,Honey before age 1?,1,1,reddit:1,en:1,yes,shy,
962,skilling,general,962,Hot take: do you let your kids climb up the slide?,1,1,reddit:1,en:1,yes,shy,
963,skilling,general,963,How 1-year-old children interact with each other,1,1,reddit:1,en:1,yes,focus,
964,skilling,values,964,How I dealt with my entitled spoiled child. Probably an upopular opinion. But it worked. And it seems there are a few highly upvotes posts on this topic right now,1,1,reddit:1,en:1,yes,confidence,
965,skilling,feelings,965,How I ended up admitting I was an angry dad.,1,1,reddit:1,en:1,yes,screen time learning,
966,skilling,general,966,How I use cognitive psychology in my own teaching,1,1,reddit:1,en:1,yes,focus,
967,skilling,reading,967,How Men’s Bodies Change When They Become Fathers (A really interesting read),1,1,reddit:1,en:1,yes,reading,
968,skilling,general,968,How Reprioritizing Saved Me,1,1,reddit:1,en:1,yes,screen time learning,
969,skilling,general,969,How Would you Debate This?,1,1,reddit:1,en:1,yes,coding,
970,skilling,coding,970,How a 3D printer surprisingly helped my kid spend less time on screens 🎨🖨️,1,1,reddit:1,en:1,yes,focus,
971,skilling,general,971,How am I supposed to raise a child on $700/mo,1,1,reddit:1,en:1,yes,confidence,
972,skilling,feelings,972,How attuned to internal stress are babies?,1,1,reddit:1,en:1,yes,confidence,
973,skilling,general,973,How can I explain to my husband that high stimulation shows are bad for our toddler’s development?,1,1,reddit:1,en:1,yes,screen time learning,
974,skilling,communication,974,How can I give my older kid opportunities to make lasting friendships?,1,1,reddit:1,en:1,yes,focus,
975,skilling,feelings,975,How can I help my 4 year old handle his worries after he saw something a bit traumatic?,1,1,reddit:1,en:1,yes,reading,
976,skilling,confidence,976,How can I stop bullying my child?,1,1,reddit:1,en:1,yes,reading,
977,skilling,general,977,How can some people be so hateful in this day and age?,1,1,reddit:1,en:1,yes,reading,
978,skilling,confidence,978,How can we help a shy 6 year old speak up for himself without making him feel pressured?,1,1,reddit:1,en:1,yes,confidence,
979,skilling,general,979,How can we offer our baby an exciting childhood when our life is so boring?,1,1,reddit:1,en:1,yes,learn to read,
980,skilling,general,980,How concerned would you be about this report from preschool?,1,1,reddit:1,en:1,yes,learn to read,
981,skilling,maths,981,How dangerous is COVID for unvaccinated children? Some numbers.,1,1,reddit:1,en:1,yes,reading,
982,skilling,general,982,How did I miss this? My nearly legally blind 6 year old.,1,1,reddit:1,en:1,yes,learn to read,
983,skilling,general,983,How did you deal with someone telling you this?,1,1,reddit:1,en:1,yes,shy,
984,skilling,general,984,How did you decide you were done having kids?,1,1,reddit:1,en:1,yes,shy,
985,skilling,general,985,How did you get the other parent onboard?,1,1,reddit:1,en:1,yes,shy,
986,skilling,communication,986,How did you have a successful stranger danger talk?,1,1,reddit:1,en:1,yes,shy,
987,skilling,general,987,How did your high-energy daughter turn out?,1,1,reddit:1,en:1,yes,shy,
988,skilling,making,988,How do I F&$#ING block YouTube channels???,1,1,reddit:1,en:1,yes,learn to read,
989,skilling,general,989,How do I RSVP no to a child free wedding?,1,1,reddit:1,en:1,yes,shy,
990,skilling,general,990,How do I be supportive?,1,1,reddit:1,en:1,yes,focus,
991,skilling,general,991,How do I choose the right preschool for my child?,1,1,reddit:1,en:1,yes,,
992,skilling,general,992,How do I convince my daughter (18F) to wear something different to prom?,1,1,reddit:1,en:1,yes,coding,
993,skilling,school-and-study,993,How do I convince my parents to let me do school online?,1,1,reddit:1,en:1,yes,concentration,
994,skilling,general,994,How do I get my wife to stop undermining me in front of the children?,1,1,reddit:1,en:1,yes,coding,
995,skilling,values,995,How do I kindly stop my dad from driving my kids?,1,1,reddit:1,en:1,yes,concentration,
996,skilling,values,996,How do I kindly tell my husband he is a sh!t parent?,1,1,reddit:1,en:1,yes,focus,
997,skilling,school-and-study,997,How do I make friend? (Homeschooling student),1,1,reddit:1,en:1,yes,shy,
998,skilling,general,998,How do I support my toddler who is terrified of people?,1,1,reddit:1,en:1,yes,shy,
999,skilling,coding,999,"How do I teach my kids (4M, 5F) not to share the front door code for our new security system with their dad, without telling them more than they need to know?",1,1,reddit:1,en:1,yes,,
1000,skilling,general,1000,How do I tell my 6 year old I’m going to die soon?,1,1,reddit:1,en:1,yes,reading,
1001,skilling,general,1001,How do we tell our daughter she was kicked out of preschool?,1,1,reddit:1,en:1,yes,confidence,
1002,skilling,communication,1002,How do working moms make mom friends?,1,1,reddit:1,en:1,yes,shy,
1003,skilling,stillness,1003,How do you actually get enough sleep with a 2.5-year-old when there just aren't enough hours in the day?,1,1,reddit:1,en:1,yes,concentration,
1004,skilling,general,1004,How do you approach being “first”?,1,1,reddit:1,en:1,yes,,
1005,skilling,confidence,1005,How do you build real English confidence at 5?,1,1,reddit:1,en:1,yes,confidence,
1006,skilling,general,1006,How do you coach up a quitter?,1,1,reddit:1,en:1,yes,focus,
1007,skilling,general,1007,How do you cope with hearing about bad stuff happening to kids?,1,1,reddit:1,en:1,yes,concentration,
1008,skilling,general,1008,How do you cope?,1,1,reddit:1,en:1,yes,coding,
1009,skilling,communication,1009,How do you deal with blatant not listening/defiance?,1,1,reddit:1,en:1,yes,screen time learning,
1010,skilling,general,1010,How do you encourage your preschooler to try new activities without pushing too hard?,1,1,reddit:1,en:1,yes,confidence,
1011,skilling,general,1011,How do you entertain a 4 month old?,1,1,reddit:1,en:1,yes,concentration,
1012,skilling,general,1012,How do you feel about a birthing center vs a hospital? What did you choose and why?,1,1,reddit:1,en:1,yes,shy,
1013,skilling,general,1013,How do you get kids out the doors on time without doing everything for them?!,1,1,reddit:1,en:1,yes,focus,
1014,skilling,general,1014,"How do you handle being the older, fat mom at the park?",1,1,reddit:1,en:1,yes,focus,
1015,skilling,values,1015,How do you handle playdates when another parent has a very different discipline style?,1,1,reddit:1,en:1,yes,screen time learning,
1016,skilling,communication,1016,How do you handle watching your kid fail to make friends?,1,1,reddit:1,en:1,yes,shy,
1017,skilling,school-and-study,1017,How do you home school on a budget?,1,1,reddit:1,en:1,yes,confidence,
1018,skilling,general,1018,How do you know if what you’re doing is enough?,1,1,reddit:1,en:1,yes,confidence,
1019,skilling,general,1019,How do you love your body after giving birth?,1,1,reddit:1,en:1,yes,focus,
1020,skilling,confidence,1020,How do you make Montessori kitchen independence actually work with a normal-height family table?,1,1,reddit:1,en:1,yes,,
1021,skilling,general,1021,How do you practice self care without spending money?,1,1,reddit:1,en:1,yes,focus,
1022,skilling,general,1022,How do you prioritize taking care of YOURSELF?,1,1,reddit:1,en:1,yes,confidence,
1023,skilling,general,1023,How do you really survive?,1,1,reddit:1,en:1,yes,shy,
1024,skilling,confidence,1024,How do you scaffold independence and choice for a neurodivergent child?,1,1,reddit:1,en:1,yes,,
1025,skilling,general,1025,How do you stop yourself from yelling?,1,1,reddit:1,en:1,yes,concentration,
1026,skilling,general,1026,How do you teach 4 year old about safety without being scared of people,1,1,reddit:1,en:1,yes,confidence,
1027,skilling,confidence,1027,How do you tell a kid to leave your kid alone? Bad interaction at park ruined my daughters confidence.,1,1,reddit:1,en:1,yes,confidence,
1028,skilling,general,1028,How does being a dad effect men?,1,1,reddit:1,en:1,yes,learn to read,
1029,skilling,making,1029,How does your Montessori school build community and involve parents?,1,1,reddit:1,en:1,yes,,
1030,skilling,general,1030,How has Ms. Rachel taught you to play with your baby?,1,1,reddit:1,en:1,yes,screen time learning,
1031,skilling,general,1031,How important are extracurriculars for a 4 year old?,1,1,reddit:1,en:1,yes,confidence,
1032,skilling,general,1032,How important is it to anchor furniture during toddler years?,1,1,reddit:1,en:1,yes,reading,
1033,skilling,school-and-study,1033,How is your curriculum scheduled?,1,1,reddit:1,en:1,yes,concentration,
1034,skilling,school-and-study,1034,How long can I realistically home school?,1,1,reddit:1,en:1,yes,confidence,
1035,skilling,general,1035,How long did you stay in the hospital after giving birth?,1,1,reddit:1,en:1,yes,coding,
1036,skilling,general,1036,How many calories does a baby burn while nursing?,1,1,reddit:1,en:1,yes,shy,
1037,skilling,coding,1037,"How many days of too much screen time, too much sugar and not enough vegetables can you have before you just have to accept that you're a bad mum?🤣",1,1,reddit:1,en:1,yes,screen time learning,
1038,skilling,stillness,1038,How many of you father's out there still plays video games?,1,1,reddit:1,en:1,yes,focus,
1039,skilling,general,1039,How many teachers here?,1,1,reddit:1,en:1,yes,learn to read,
1040,skilling,general,1040,How much fatigue is normal?,1,1,reddit:1,en:1,yes,concentration,
1041,skilling,confidence,1041,How much independent play time does your kid do?,1,1,reddit:1,en:1,yes,screen time learning,
1042,skilling,general,1042,How much interest do we need to show in our 6 year olds interests? Should we limit access to something that's not an electronic?,1,1,reddit:1,en:1,yes,learn to read,
1043,skilling,general,1043,How much of currently parenting/child development theory is actually just an American cultural narrative?,1,1,reddit:1,en:1,yes,reading,
1044,skilling,general,1044,How much socialization would you recommend?,1,1,reddit:1,en:1,yes,confidence,
1045,skilling,general,1045,How much to help an adult child?,1,1,reddit:1,en:1,yes,shy,
1046,skilling,general,1046,How much unsupervised freedom do you allow?,1,1,reddit:1,en:1,yes,confidence,
1047,skilling,general,1047,"How much “academics” do you expect in preschool, and how much should just be play?",1,1,reddit:1,en:1,yes,learn to read,
1048,skilling,general,1048,How my daughter's disability changed my life in a completely unexpected way,1,1,reddit:1,en:1,yes,learn to read,
1049,skilling,general,1049,How often are you intimate with your spouse now that you have kids?,1,1,reddit:1,en:1,yes,reading,
1050,skilling,reading,1050,How often do you read to your preschooler?,1,1,reddit:1,en:1,yes,reading,
1051,skilling,making,1051,How sick did I just make my baby...?? 😭,1,1,reddit:1,en:1,yes,shy,
1052,skilling,general,1052,How sick is my one year old? This much.,1,1,reddit:1,en:1,yes,concentration,
1053,skilling,general,1053,How the fuck is this my life right now.,1,1,reddit:1,en:1,yes,screen time learning,
1054,skilling,maths,1054,How to Unschool Math - Concentric Octagons at a Park,1,1,reddit:1,en:1,yes,concentration,
1055,skilling,general,1055,How to best prepare for an interview where you’ll be interacting with the children?,1,1,reddit:1,en:1,yes,,
1056,skilling,general,1056,How to deal with a loud child,1,1,reddit:1,en:1,yes,concentration,
1057,skilling,general,1057,How to do Montessori without just buying everything trendy,1,1,reddit:1,en:1,yes,,
1058,skilling,general,1058,How to educate 5 yo about SA by fathers without scaring her? TW: CSA,1,1,reddit:1,en:1,yes,learn to read,
1059,skilling,school-and-study,1059,How to encourage child to tell teacher when she needs toilet,1,1,reddit:1,en:1,yes,shy,
1060,skilling,focus,1060,How to enforce structure and motivate kids to focus in a homeschool environment,1,1,reddit:1,en:1,yes,shy,
1061,skilling,general,1061,How to explain it to my 6yo daughter….,1,1,reddit:1,en:1,yes,learn to read,
1062,skilling,coding,1062,How to explain to my in laws we don’t allow screen time?,1,1,reddit:1,en:1,yes,screen time learning,
1063,skilling,general,1063,How to explain to my toddler that he has an invisible disability?,1,1,reddit:1,en:1,yes,confidence,
1064,skilling,general,1064,How to get your slobby young adult son to clean his room..,1,1,reddit:1,en:1,yes,confidence,
1065,skilling,general,1065,How to handle a newborn for doctors appointments to minimize Covid exposure/risk?,1,1,reddit:1,en:1,yes,confidence,
1066,skilling,general,1066,How to handle the situation,1,1,reddit:1,en:1,yes,shy,
1067,skilling,feelings,1067,How to help a 9 month old emotionally regulate?,1,1,reddit:1,en:1,yes,learn to read,
1068,skilling,general,1068,How to help a blind baby?,1,1,reddit:1,en:1,yes,reading,
1069,skilling,general,1069,How to help a toddler adjust?,1,1,reddit:1,en:1,yes,confidence,
1070,skilling,general,1070,How to help my daughter,1,1,reddit:1,en:1,yes,confidence,
1071,skilling,general,1071,How to keep clingy daughter busy?,1,1,reddit:1,en:1,yes,concentration,
1072,skilling,making,1072,"How to make bedtime earlier and get more adult time in the evening, with 100% child buy-in",1,1,reddit:1,en:1,yes,reading,
1073,skilling,communication,1073,How to make friends 😭,1,1,reddit:1,en:1,yes,shy,
1074,skilling,making,1074,How to make this shelving work?,1,1,reddit:1,en:1,yes,,
1075,skilling,creativity,1075,How to motivate preschooler to practice writing?,1,1,reddit:1,en:1,yes,learn to read,
1076,skilling,general,1076,How to not dress my five year old like a teen?,1,1,reddit:1,en:1,yes,coding,
1077,skilling,general,1077,How to not fixate on the horrors of the world?,1,1,reddit:1,en:1,yes,concentration,
1078,skilling,school-and-study,1078,How to prepare for starting school for the first time for almost 3yo?,1,1,reddit:1,en:1,yes,learn to read,
1079,skilling,feelings,1079,How to raise resilient and mentally healthy children while home schooling?,1,1,reddit:1,en:1,yes,learn to read,
1080,skilling,general,1080,How to reconnect with my 9m old,1,1,reddit:1,en:1,yes,learn to read,
1081,skilling,thinking,1081,How to school for gifted 6 year old Ontario Canada,1,1,reddit:1,en:1,yes,,
1082,skilling,thinking,1082,How to spot bad science cool guide,1,1,reddit:1,en:1,yes,reading,
1083,skilling,general,1083,How to stop freaking out when kiddo is sick?,1,1,reddit:1,en:1,yes,concentration,
1084,skilling,stillness,1084,How to teach a child patience?,1,1,reddit:1,en:1,yes,,
1085,skilling,general,1085,How to teach boundaries?,1,1,reddit:1,en:1,yes,learn to read,
1086,skilling,values,1086,How to teach bravery and courage in my kindergartner,1,1,reddit:1,en:1,yes,shy,
1087,skilling,communication,1087,How to teach your baby sign language?,1,1,reddit:1,en:1,yes,concentration,
1088,skilling,values,1088,How to you determine what to share with adult kids about a parents health issue?,1,1,reddit:1,en:1,yes,concentration,
1089,skilling,general,1089,"Hugely expensive gift for my 4 year old, from mom and step-dad. I do NOT want it… what to do?",1,1,reddit:1,en:1,yes,learn to read,
1090,skilling,reading,1090,"Hunt, Gather, Parent Book. Some Questions?",1,1,reddit:1,en:1,yes,focus,
1091,skilling,general,1091,"Husband froze sperm due to cancer, passed away. Should I go for #2 alone?",1,1,reddit:1,en:1,yes,focus,
1092,skilling,feelings,1092,Husband gets so annoyed when I cry?? Invalidates my feelings.,1,1,reddit:1,en:1,yes,confidence,
1093,skilling,general,1093,Husband of 8 years cheated on me with his ex. We have a one-year-old baby. Does the heartbreak ever go away?,1,1,reddit:1,en:1,yes,confidence,
1094,skilling,focus,1094,Husband with ADHD making dangerous parenting mistakes - where do we go from here?,1,1,reddit:1,en:1,yes,confidence,
1095,skilling,reading,1095,"I always write tiny tooth fairy notes for my daughter, but in a sleep-induced moment of stupidity this one was just random scribbles. Disappointed that no one can read it, my daughter asked me to post ""on the dad site"" to see if anyone can work out what it says.",1,1,reddit:1,en:1,yes,reading,
1096,skilling,reading,1096,I am struggling to teach my six year old son how to read. I know everyone says “just keep reading to him” but I feel like that isn’t cutting it.,1,1,reddit:1,en:1,yes,reading,
1097,skilling,general,1097,"I asked my wife, ""what did you do today?""",1,1,reddit:1,en:1,yes,screen time learning,
1098,skilling,general,1098,I can't afford all organic foods. What to prioritize?,1,1,reddit:1,en:1,yes,reading,
1099,skilling,creativity,1099,I can't use my child's work if it's done within the art program?,1,1,reddit:1,en:1,yes,coding,
1100,skilling,general,1100,I don't know what to feel,1,1,reddit:1,en:1,yes,concentration,
1101,skilling,communication,1101,I don't talk much to baby during the day - am I sabotaging his development?,1,1,reddit:1,en:1,yes,reading,
1102,skilling,communication,1102,I don’t even know how to approach this text my 9yo son’s friend’s mother sent me.,1,1,reddit:1,en:1,yes,screen time learning,
1103,skilling,general,1103,"I don’t have anyone to tell this to, so I’ll tell it to all of you.",1,1,reddit:1,en:1,yes,confidence,
1104,skilling,coding,1104,I don’t know if anyone here is an engineer but I can’t do these coding and math interviews anymore. Feel like I have no opportunities and that my career is over.,1,1,reddit:1,en:1,yes,coding,
1105,skilling,general,1105,I feel horribly guilty - my 7 year old son idolises me but it’s exhausting. What am I turning him into?,1,1,reddit:1,en:1,yes,focus,
1106,skilling,general,1106,I feel like I’m an AH but I don’t know how to fix it,1,1,reddit:1,en:1,yes,concentration,
1107,skilling,general,1107,I guess my kid is weird? [Advice Request],1,1,reddit:1,en:1,yes,concentration,
1108,skilling,school-and-study,1108,I had an eye opening conversation with a teacher at my kids’ school. I’m not sure how to move forward.,1,1,reddit:1,en:1,yes,learn to read,
1109,skilling,general,1109,I hate my son more than I've ever hated anyone.,1,1,reddit:1,en:1,yes,learn to read,
1110,skilling,general,1110,I have a very egotistical 5yo student and I don't know what to do about it.,1,1,reddit:1,en:1,yes,shy,
1111,skilling,general,1111,I have changed my mind on piercing babies' ears. Here is my non-judgmental opinion,1,1,reddit:1,en:1,yes,learn to read,
1112,skilling,school-and-study,1112,I just built a homeschool record-keeping app! It fits well with the fluid style of unschooling and relaxed homeschooling. Anyone want to be a beta tester?,1,1,reddit:1,en:1,yes,focus,
1113,skilling,general,1113,"I know this is a wall of text, but I really need some advice on how to go forward with my situation.",1,1,reddit:1,en:1,yes,shy,
1114,skilling,thinking,1114,I know this is crazy but has anyone ever had “avoiding constant illness” as one of their reasons to homeschool?,1,1,reddit:1,en:1,yes,confidence,
1115,skilling,creativity,1115,"I love encouraging my kids to better themselves and helping them develop. If my kids ask “Dad can I help?” I say yes because if you always say no as you’re busy or don’t have time or maybe you don’t want mess. they will stop asking. Being a single Dad has it’s challenges, but everyday I’m learning.",1,1,reddit:1,en:1,yes,screen time learning,
1116,skilling,school-and-study,1116,I need advice on how to socialize my “spirited” toddler after a disastrous first mommy-and-me class,1,1,reddit:1,en:1,yes,shy,
1117,skilling,communication,1117,I talked to my therapist about how much I miss myself before children,1,1,reddit:1,en:1,yes,focus,
1118,skilling,coding,1118,I think my 9 year old would like coding. Does anyone know of any good apps they recommend,1,1,reddit:1,en:1,yes,coding,
1119,skilling,coding,1119,"I think my wife may have cracked the ""are we there yet?"" code",1,1,reddit:1,en:1,yes,coding,
1120,skilling,thinking,1120,I think one of my students has autism but I don’t know how to help,1,1,reddit:1,en:1,yes,,
1121,skilling,thinking,1121,I think this is a W?,1,1,reddit:1,en:1,yes,coding,
1122,skilling,general,1122,I tricked my kid into sleeping longer…how do I tell him?,1,1,reddit:1,en:1,yes,confidence,
1123,skilling,general,1123,I want to leave my husband over him going to a strip club. Am I being ridiculous?,1,1,reddit:1,en:1,yes,confidence,
1124,skilling,feelings,1124,I want to take my daughter out without my other daughter feeling left out?,1,1,reddit:1,en:1,yes,concentration,
1125,skilling,memory,1125,I'm getting my practical life shelves set up for December. I found this darling miniature cloche at the thrift store. Any brain waves on how I could integrate this somehow?,1,1,reddit:1,en:1,yes,,
1126,skilling,thinking,1126,"I'm tired of these ""kids don't know how to do anything anymore"" posts and I honestly don't think they're true",1,1,reddit:1,en:1,yes,learn to read,
1127,skilling,school-and-study,1127,"I've been against screen time, but can't argue that as I've loosened that stance my child has learned a lot. Are there any studies that show causality of video learning vs conflating parental factors? I'm also open to anecdotal experience",1,1,reddit:1,en:1,yes,screen time learning,
1128,skilling,confidence,1128,"I, as a person was never super confident & during pregnancy I was always terrified am I capable of raising a human being, well after 6 months I'm doing my best to keep this little one happy health. This comics made by wife made me cry. As a dad getting an approval from mommy feels so great!! 🙂",1,1,reddit:1,en:1,yes,confidence,
1129,skilling,general,1129,"Ideal age gap between siblings, for later adult success?",1,1,reddit:1,en:1,yes,confidence,
1130,skilling,general,1130,Ideas for everyday magic?,1,1,reddit:1,en:1,yes,reading,
1131,skilling,values,1131,If anyone is wondering the honest difference between 2 and 3 kids,1,1,reddit:1,en:1,yes,screen time learning,
1132,skilling,general,1132,"If you took time off to be a full-time mom, and then successfully started or restarted a career, how did you do it?",1,1,reddit:1,en:1,yes,focus,
1133,skilling,school-and-study,1133,"If you were homeschooled, what did your parents do right?",1,1,reddit:1,en:1,yes,reading,
1134,skilling,general,1134,Impact of parents’ sociability on children?,1,1,reddit:1,en:1,yes,shy,
1135,skilling,maths,1135,"In other countries, dietitians discourage feeding babies greek yogurt?",1,1,reddit:1,en:1,yes,focus,
1136,skilling,confidence,1136,Independent sleep?? Please fix my child. I am desperate.,1,1,reddit:1,en:1,yes,confidence,
1137,skilling,general,1137,Insect repellent for a one year old?,1,1,reddit:1,en:1,yes,concentration,
1138,skilling,confidence,1138,Introverted parent. How do I keep my child from being like I was?,1,1,reddit:1,en:1,yes,shy,
1139,skilling,coding,1139,"Is ""I'm making dinner"" international kid code for 'let's run around the kitchen and annoy the fuck out of mom'?",1,1,reddit:1,en:1,yes,coding,
1140,skilling,general,1140,Is Day Care Bad For Children? [Emily Oster],1,1,reddit:1,en:1,yes,focus,
1141,skilling,general,1141,Is EVERYTHING harmful to babies?,1,1,reddit:1,en:1,yes,concentration,
1142,skilling,focus,1142,Is Montessori the right option for my ADHD kid?,1,1,reddit:1,en:1,yes,,
1143,skilling,stillness,1143,Is Outschool still a thing?,1,1,reddit:1,en:1,yes,coding,
1144,skilling,reading,1144,Is anyone actually able to read this book to your kids without turning into a sobbing mess??,1,1,reddit:1,en:1,yes,reading,
1145,skilling,feelings,1145,Is crying good for babies?,1,1,reddit:1,en:1,yes,confidence,
1146,skilling,general,1146,Is grannysplaining a thing?,1,1,reddit:1,en:1,yes,concentration,
1147,skilling,general,1147,Is having a lot children (4+) neglectful?,1,1,reddit:1,en:1,yes,learn to read,
1148,skilling,thinking,1148,Is highly sensitive an actual thing backed by science?,1,1,reddit:1,en:1,yes,reading,
1149,skilling,general,1149,Is hitting always wrong?,1,1,reddit:1,en:1,yes,learn to read,
1150,skilling,school-and-study,1150,Is homeschooling a good idea for me?,1,1,reddit:1,en:1,yes,concentration,
1151,skilling,school-and-study,1151,Is homeschooling just for moms? (No),1,1,reddit:1,en:1,yes,reading,
1152,skilling,reading,1152,Is it better to read the actual words of a book or make up a story/describe the pages?,1,1,reddit:1,en:1,yes,learn to read,
1153,skilling,communication,1153,Is it better to “let them be” or to name things during play for language development?,1,1,reddit:1,en:1,yes,learn to read,
1154,skilling,general,1154,Is it hard for you to socialize with other parents at birthday parties?,1,1,reddit:1,en:1,yes,shy,
1155,skilling,coding,1155,Is it important that my baby doesn’t have screen time until she’s 2?,1,1,reddit:1,en:1,yes,screen time learning,
1156,skilling,school-and-study,1156,Is it just me or has homeschooling made my kids learn exceptionally well,1,1,reddit:1,en:1,yes,,
1157,skilling,general,1157,Is it me or are kids not supposed to have fun anymore?,1,1,reddit:1,en:1,yes,focus,
1158,skilling,values,1158,Is it meant to be kinda pedantic?,1,1,reddit:1,en:1,yes,,
1159,skilling,general,1159,Is it normal for a 3 yo to suddenly start putting everything on his mouth?,1,1,reddit:1,en:1,yes,confidence,
1160,skilling,general,1160,Is it normal for families to dissolve because of challenging autistic children?,1,1,reddit:1,en:1,yes,learn to read,
1161,skilling,school-and-study,1161,Is it normal for my 4-year-old to strongly resist learning new things if she struggles at first?,1,1,reddit:1,en:1,yes,screen time learning,
1162,skilling,stillness,1162,Is it normal for toddlers to be quiet during table time?,1,1,reddit:1,en:1,yes,,
1163,skilling,general,1163,Is it normal to revisit trauma from your own childhood when you become a parent?,1,1,reddit:1,en:1,yes,concentration,
1164,skilling,general,1164,"Is it possible to be ""present"" like this for your baby every minute he or she is awake?",1,1,reddit:1,en:1,yes,reading,
1165,skilling,maths,1165,Is it really worth leaving the country? Any US moms who have left?,1,1,reddit:1,en:1,yes,coding,
1166,skilling,thinking,1166,Is it reasonable for a SAHM to put kids in daycare fulltime and still stress all the time,1,1,reddit:1,en:1,yes,focus,
1167,skilling,general,1167,Is it too early for a 4 year old who's 41.3 inches and 41.5-42 lbs to switch to a booster seat?,1,1,reddit:1,en:1,yes,coding,
1168,skilling,school-and-study,1168,Is it too late in the school year to send child back to public school?,1,1,reddit:1,en:1,yes,learn to read,
1169,skilling,general,1169,Is it too late to be a better toddler parent?,1,1,reddit:1,en:1,yes,focus,
1170,skilling,school-and-study,1170,Is it typical for a 4.5 year old to not want to go to school?,1,1,reddit:1,en:1,yes,confidence,
1171,skilling,reading,1171,Is learning to read “developmentally inappropriate” before age 7?,1,1,reddit:1,en:1,yes,learn to read,
1172,skilling,general,1172,Is my daughter pretending not to know things?,1,1,reddit:1,en:1,yes,screen time learning,
1173,skilling,general,1173,Is my daughter too dependent on me?,1,1,reddit:1,en:1,yes,shy,
1174,skilling,general,1174,Is my son too delayed for Pre-K 4?,1,1,reddit:1,en:1,yes,confidence,
1175,skilling,general,1175,Is rubbing alcohol good as a sanitizing spray for the daycare?,1,1,reddit:1,en:1,yes,concentration,
1176,skilling,general,1176,Is she serious?!,1,1,reddit:1,en:1,yes,focus,
1177,skilling,general,1177,Is the American College of Pediatricians trustworthy?,1,1,reddit:1,en:1,yes,reading,
1178,skilling,general,1178,Is the Ferber method actually harmful?,1,1,reddit:1,en:1,yes,learn to read,
1179,skilling,school-and-study,1179,Is the flexibility of homeschooling affecting people as they grow up?,1,1,reddit:1,en:1,yes,,
1180,skilling,reading,1180,Is there a better way to teach ‘sight words’?,1,1,reddit:1,en:1,yes,learn to read,
1181,skilling,general,1181,Is there a specific type of child for whom Montessori would not work well?,1,1,reddit:1,en:1,yes,,
1182,skilling,school-and-study,1182,Is there a term for homeschooling as augmentation to public school?,1,1,reddit:1,en:1,yes,learn to read,
1183,skilling,general,1183,Is there a trick to protecting ones long hair?,1,1,reddit:1,en:1,yes,,
1184,skilling,school-and-study,1184,Is there a way to educate my kid in Montessori even if I can't afford a school?,1,1,reddit:1,en:1,yes,,
1185,skilling,coding,1185,Is there an age where my child will start to miss out on benefits if we continue to keep him screen free?,1,1,reddit:1,en:1,yes,learn to read,
1186,skilling,making,1186,Is there any research on how a starlight projector affects toddler sleep?,1,1,reddit:1,en:1,yes,focus,
1187,skilling,values,1187,Is there any research on why room sharing reduces SIDS?,1,1,reddit:1,en:1,yes,screen time learning,
1188,skilling,general,1188,Is there any research supporting traditional suspended cradles (like thooli) for babies?,1,1,reddit:1,en:1,yes,focus,
1189,skilling,thinking,1189,Is there any science behind the Montessori mobiles?,1,1,reddit:1,en:1,yes,concentration,
1190,skilling,reading,1190,Is there anything called too many books?,1,1,reddit:1,en:1,yes,concentration,
1191,skilling,general,1191,Is there research on the short term and/or long term outcomes of babies born at 37 vs 38 vs 39 weeks?,1,1,reddit:1,en:1,yes,focus,
1192,skilling,thinking,1192,Is there science on how forcing babies & kids to finish their food may to unhealthy relationships with food in the long-term?,1,1,reddit:1,en:1,yes,reading,
1193,skilling,general,1193,Is this normal behavior?,1,1,reddit:1,en:1,yes,shy,
1194,skilling,general,1194,Is this normal security at preschool?,1,1,reddit:1,en:1,yes,coding,
1195,skilling,feelings,1195,Is this normal? It really hurt my feelings,1,1,reddit:1,en:1,yes,reading,
1196,skilling,general,1196,Is this permissive parenting?,1,1,reddit:1,en:1,yes,reading,
1197,skilling,general,1197,Is this punishment to far?,1,1,reddit:1,en:1,yes,coding,
1198,skilling,general,1198,Is this true? Any link to research?,1,1,reddit:1,en:1,yes,learn to read,
1199,skilling,general,1199,Is toddler delayed because he was a preemie?,1,1,reddit:1,en:1,yes,focus,
1200,skilling,general,1200,Is what I observed fairly typical for a Montessori work cycle?,1,1,reddit:1,en:1,yes,,
1201,skilling,general,1201,Isn’t trying or doesn’t get it?,1,1,reddit:1,en:1,yes,,
1202,skilling,general,1202,Its so damn hard to break the cycle. Why can't I shake my father's shitty habits?,1,1,reddit:1,en:1,yes,learn to read,
1203,skilling,general,1203,It’s a girl - why are people being weird?!,1,1,reddit:1,en:1,yes,focus,
1204,skilling,school-and-study,1204,"I’m homeschooled in a camper, and I don’t really know how to feel about it.",1,1,reddit:1,en:1,yes,confidence,
1205,skilling,general,1205,Kid ends every statement with “right?” And I don’t know how to get him to stop,1,1,reddit:1,en:1,yes,confidence,
1206,skilling,reading,1206,Kid writing on his own - should we be correcting spelling…?,1,1,reddit:1,en:1,yes,focus,
1207,skilling,general,1207,Kids birthday invitation - tacky to include college fund contribution link?,1,1,reddit:1,en:1,yes,coding,
1208,skilling,communication,1208,Kids talking about how much things cost,1,1,reddit:1,en:1,yes,coding,
1209,skilling,general,1209,Kids who were “runners”- when did they finally stop?,1,1,reddit:1,en:1,yes,reading,
1210,skilling,values,1210,Kinda on the fence with this one. Was I wrong?,1,1,reddit:1,en:1,yes,coding,
1211,skilling,general,1211,Lawn care info - and what would you do?,1,1,reddit:1,en:1,yes,concentration,
1212,skilling,general,1212,Leapfrog LeapMove reviews?,1,1,reddit:1,en:1,yes,learn to read,
1213,skilling,general,1213,Leaving in September?,1,1,reddit:1,en:1,yes,,
1214,skilling,making,1214,Let’s (gently) mom shame ourselves! What do you as a mom that might make your nosy neighbor clutch her pearls?,1,1,reddit:1,en:1,yes,reading,
1215,skilling,school-and-study,1215,"Library Worker asking ""What sorts of programs do you wish your library offered your homeschool kids?""",1,1,reddit:1,en:1,yes,focus,
1216,skilling,creativity,1216,Lightning literature and essentials in writing together?,1,1,reddit:1,en:1,yes,concentration,
1217,skilling,school-and-study,1217,Literally first day of homework ever & I don’t know how to do this for 12 more years,1,1,reddit:1,en:1,yes,confidence,
1218,skilling,thinking,1218,Logic games for preschoolers?,1,1,reddit:1,en:1,yes,focus,
1219,skilling,thinking,1219,"Logic of English, worth it?",1,1,reddit:1,en:1,yes,confidence,
1220,skilling,thinking,1220,Looking at Elementary for my preschooler and the first Montessori we checked out seems untethered to science? Is this a thing?,1,1,reddit:1,en:1,yes,,
1221,skilling,school-and-study,1221,Looking for a curriculum? I’m so lost!,1,1,reddit:1,en:1,yes,confidence,
1222,skilling,school-and-study,1222,Looking for the best online middle school?,1,1,reddit:1,en:1,yes,,
1223,skilling,general,1223,Low iron due to eating meat at night?,1,1,reddit:1,en:1,yes,confidence,
1224,skilling,general,1224,MBA with baby ?,1,1,reddit:1,en:1,yes,concentration,
1225,skilling,general,1225,Major meltdowns at preschool drop-off. What would help?,1,1,reddit:1,en:1,yes,focus,
1226,skilling,general,1226,"Mamas, how do you do it?",1,1,reddit:1,en:1,yes,confidence,
1227,skilling,general,1227,Mantra for 4 year old girl?,1,1,reddit:1,en:1,yes,confidence,
1228,skilling,maths,1228,"Math curriculums. Is it overwhelming, is there a“best” one out there, or is it really all “subjective”?",1,1,reddit:1,en:1,yes,confidence,
1229,skilling,general,1229,Me (22/f) and my widowed father (48/m) have no idea how to handle my brother (15/m)... please help.,1,1,reddit:1,en:1,yes,concentration,
1230,skilling,general,1230,Micro plastics/ plastic leeching into food and drinks - how does it work?,1,1,reddit:1,en:1,yes,focus,
1231,skilling,coding,1231,Mid-size Center in need of new App: Illumine? Brightwheel? Playground?,1,1,reddit:1,en:1,yes,,
1232,skilling,general,1232,Mirror movements anyone?,1,1,reddit:1,en:1,yes,concentration,
1233,skilling,school-and-study,1233,Miss Rachel and other quality screen time sources- credible studies?,1,1,reddit:1,en:1,yes,screen time learning,
1234,skilling,general,1234,"Moms of children who wake up at 5am, how ya doing?",1,1,reddit:1,en:1,yes,learn to read,
1235,skilling,general,1235,Moms of only boys - need advice on how to move forward without a daughter,1,1,reddit:1,en:1,yes,coding,
1236,skilling,general,1236,Moms undervaluing dads?,1,1,reddit:1,en:1,yes,confidence,
1237,skilling,general,1237,Montessori + Autism Level 1 — disclose diagnosis or wait? Looking for parent experiences,1,1,reddit:1,en:1,yes,learn to read,
1238,skilling,general,1238,Montessori 15 month old when will he adjust,1,1,reddit:1,en:1,yes,,
1239,skilling,general,1239,Montessori Moblies - One way ticket into Harvard or just something that makes parents feel good about themselves?,1,1,reddit:1,en:1,yes,concentration,
1240,skilling,general,1240,Montessori Nanny experiences?,1,1,reddit:1,en:1,yes,,
1241,skilling,maths,1241,Montessori Teacher Certification in Orange County?,1,1,reddit:1,en:1,yes,,
1242,skilling,general,1242,Montessori floor bed for a 1-year-old – what should I look out for?,1,1,reddit:1,en:1,yes,,
1243,skilling,school-and-study,1243,Montessori guides who decide to homeschool?,1,1,reddit:1,en:1,yes,,
1244,skilling,general,1244,Montessori guides: what makes an actually helpful parent?,1,1,reddit:1,en:1,yes,,
1245,skilling,school-and-study,1245,Montessori school - is this normal?,1,1,reddit:1,en:1,yes,,
1246,skilling,general,1246,More engaging alternative to handwriting without tears?,1,1,reddit:1,en:1,yes,,
1247,skilling,general,1247,"Mornings are, apparently, impossible. How do you do it?",1,1,reddit:1,en:1,yes,coding,
1248,skilling,general,1248,Most affordable tablet options?,1,1,reddit:1,en:1,yes,,
1249,skilling,general,1249,Mostly SAHMs here?,1,1,reddit:1,en:1,yes,focus,
1250,skilling,reading,1250,Mother tips on how to teach your son to read,1,1,reddit:1,en:1,yes,,
1251,skilling,feelings,1251,"Mother's Day, for mothers married to otherwise good men who don't know how to perform basic emotional labor, is one of the worst days of the year. They plan nothing, then feel badly about it, and we're left with extra emotional labor to help them feel better for having dropped the ball...again.",1,1,reddit:1,en:1,yes,reading,
1252,skilling,maths,1252,Ms. Rachel doesn't count as screentime?,1,1,reddit:1,en:1,yes,screen time learning,
1253,skilling,maths,1253,"My ""Montessori"" school forced my 2-year-old (yes, 2) to write 10 pages of the number '2'. Is this normal?",1,1,reddit:1,en:1,yes,,
1254,skilling,school-and-study,1254,My 12yo daughter was told she has “saggy grandma titties” by a boy at school in front of all their classmates… please help,1,1,reddit:1,en:1,yes,confidence,
1255,skilling,focus,1255,My 15 year old daughter's school sent a note home that her hair was distracting and she shouldn't wear it again. Is this allowed?,1,1,reddit:1,en:1,yes,coding,
1256,skilling,school-and-study,1256,My 1st grader has been writing about how he wants a mom. How concerned should I be?,1,1,reddit:1,en:1,yes,focus,
1257,skilling,school-and-study,1257,"My 3 year old says there are ""too many kids"" in her class. How can I help her?",1,1,reddit:1,en:1,yes,learn to read,
1258,skilling,reading,1258,"My 3-year-old wants to read, but I don’t know how to teach phonics",1,1,reddit:1,en:1,yes,,
1259,skilling,general,1259,My 4 year old daughter told me she’s scared of men?,1,1,reddit:1,en:1,yes,shy,
1260,skilling,general,1260,My 4.5 year old spaces out all the time. Is this normal?,1,1,reddit:1,en:1,yes,shy,
1261,skilling,general,1261,"My 4YO referred to my mom as ""Pretty Grandma"" and my MIL went ballistic. How do I smooth this over? And am I unfair to be a little annoyed about this?",1,1,reddit:1,en:1,yes,focus,
1262,skilling,general,1262,My 5 year old doesn’t know recognize her ABC’s and I don’t know how to teach her,1,1,reddit:1,en:1,yes,screen time learning,
1263,skilling,making,1263,My 6 year old is interested in learning how to make games. Any suggestions?,1,1,reddit:1,en:1,yes,coding,
1264,skilling,confidence,1264,"My 6 yo is being bullied to the point he’s refusing school, what you would do?",1,1,reddit:1,en:1,yes,shy,
1265,skilling,general,1265,My 7-year-old son taught me how to dive. What really got me was how he did it.,1,1,reddit:1,en:1,yes,confidence,
1266,skilling,general,1266,"My brother called me at 2 am, in tears, asking if I’d raise his 2 year old. Now I'm scared. Dads—how do I help him right now?",1,1,reddit:1,en:1,yes,reading,
1267,skilling,focus,1267,"My daughter (6) has to be the center of attention and is getting on everyone's nerves. I'm at a loss for what to do, and I'm going crazy. Any suggestions?",1,1,reddit:1,en:1,yes,concentration,
1268,skilling,general,1268,My daughter (f14) has started self harming and I'm not sure how to approach the situation,1,1,reddit:1,en:1,yes,coding,
1269,skilling,general,1269,"My daughter has cancer, and I don’t know what to do!",1,1,reddit:1,en:1,yes,confidence,
1270,skilling,general,1270,"My daughter is devastated, did we do the right thing?",1,1,reddit:1,en:1,yes,reading,
1271,skilling,general,1271,My daughter turned one and she is a completely different human. What happened to her?,1,1,reddit:1,en:1,yes,learn to read,
1272,skilling,school-and-study,1272,My daughter’s teacher wants my girls to go speech therapy because of their southern accents ?,1,1,reddit:1,en:1,yes,coding,
1273,skilling,general,1273,My depression definitely impacted my toddlers development. How could it not?,1,1,reddit:1,en:1,yes,learn to read,
1274,skilling,maths,1274,My five-year old added these numbers in his head and I'm not quite sure what to do about it.,1,1,reddit:1,en:1,yes,confidence,
1275,skilling,general,1275,My husband and I finally banned Youtube with our 4yr old - are we being unreasonable?,1,1,reddit:1,en:1,yes,confidence,
1276,skilling,making,1276,My kid is the wiggly one in class. Not sure what to make of it.,1,1,reddit:1,en:1,yes,focus,
1277,skilling,general,1277,My mom is sex-shaming my 3-year-old daughter and I’m furious. How do I undo the damage?,1,1,reddit:1,en:1,yes,reading,
1278,skilling,general,1278,"My nanny got hospitalized w/ schizophrenia, what do I do w/her employment?",1,1,reddit:1,en:1,yes,learn to read,
1279,skilling,general,1279,My oldest starter her period and didn't tell anyone becuase she didn't want me to know.,1,1,reddit:1,en:1,yes,confidence,
1280,skilling,memory,1280,"My son actually remembered ""what to do if you're lost""!",1,1,reddit:1,en:1,yes,shy,
1281,skilling,general,1281,My son is a father at 15. I don’t know how to go about this.,1,1,reddit:1,en:1,yes,focus,
1282,skilling,thinking,1282,"My son is going to be 4 this summer. Is there actual, scientific-backed benefits of sending him to preschool?",1,1,reddit:1,en:1,yes,learn to read,
1283,skilling,general,1283,My son is that kid,1,1,reddit:1,en:1,yes,shy,
1284,skilling,making,1284,My son likes to wear my headbands. Am I projecting?,1,1,reddit:1,en:1,yes,shy,
1285,skilling,general,1285,My son wrote me another coded message. Want to help me figure it out?,1,1,reddit:1,en:1,yes,coding,
1286,skilling,general,1286,My students are excluding one child. How do I promote inclusion?,1,1,reddit:1,en:1,yes,,
1287,skilling,focus,1287,My teenager stole and sold my adhd meds. I have no idea what to do.,1,1,reddit:1,en:1,yes,focus,
1288,skilling,general,1288,My wife and son are having issues and I'm not sure how to help.,1,1,reddit:1,en:1,yes,shy,
1289,skilling,general,1289,My wife and youngest son died Friday. My two other sons are hospitalized. What do I do?,1,1,reddit:1,en:1,yes,reading,
1290,skilling,focus,1290,My wife is constantly comparing our lives to others and focusing on what we don’t have. How do I stop this or stop letting it bring me down?,1,1,reddit:1,en:1,yes,focus,
1291,skilling,general,1291,Need Help for a Foster Kid,1,1,reddit:1,en:1,yes,coding,
1292,skilling,general,1292,Need a reality check - what’s a normal 3.75 yo like?,1,1,reddit:1,en:1,yes,screen time learning,
1293,skilling,general,1293,Need a reality check: AIO? Daughter not allowed at SIL‘s wedding.,1,1,reddit:1,en:1,yes,coding,
1294,skilling,general,1294,Need help cutting the cord. I mean the electrical cord.,1,1,reddit:1,en:1,yes,learn to read,
1295,skilling,general,1295,Need help with Montessori lunches,1,1,reddit:1,en:1,yes,,
1296,skilling,values,1296,Need help with teen parenting! Son dating the wrong kind of girl.,1,1,reddit:1,en:1,yes,focus,
1297,skilling,school-and-study,1297,"Need some help figuring out what to do with my husband’s son, who is being homeschooled ineffectively in Florida by his mother.",1,1,reddit:1,en:1,yes,confidence,
1298,skilling,general,1298,Needed to brag on my big girl real quick. Anyone want to join?,1,1,reddit:1,en:1,yes,confidence,
1299,skilling,school-and-study,1299,New KG2 teacher — how do you get students to actually listen to you?,1,1,reddit:1,en:1,yes,,
1300,skilling,general,1300,"New Montessori Guide - what are your wishlist ""must-haves""?",1,1,reddit:1,en:1,yes,,
1301,skilling,general,1301,No one can come to 7 yr old bday party plz help,1,1,reddit:1,en:1,yes,confidence,
1302,skilling,general,1302,No one prepares you for when your kid asks “why does nobody like me?”,1,1,reddit:1,en:1,yes,shy,
1303,skilling,communication,1303,No talking in the lunchroom?,1,1,reddit:1,en:1,yes,focus,
1304,skilling,general,1304,No-gift kids party. Did I do something wrong?,1,1,reddit:1,en:1,yes,coding,
1305,skilling,general,1305,"Non-dads of daddit, why do you lurk?",1,1,reddit:1,en:1,yes,learn to read,
1306,skilling,general,1306,Normal 4-year-old behavior?,1,1,reddit:1,en:1,yes,learn to read,
1307,skilling,general,1307,Not allowed to give advice?,1,1,reddit:1,en:1,yes,,
1308,skilling,general,1308,"Not doing any of this, am I doing something wrong?",1,1,reddit:1,en:1,yes,,
1309,skilling,communication,1309,"Not enough people talk about lack of "" intellectual stimulation"" as a SAHM?",1,1,reddit:1,en:1,yes,learn to read,
1310,skilling,general,1310,Not sure how long I can keep doing this...,1,1,reddit:1,en:1,yes,concentration,
1311,skilling,memory,1311,Not sure if anyone remembers my post 2 years ago,1,1,reddit:1,en:1,yes,reading,
1312,skilling,general,1312,Nucleus Basalis vs schooling system. Evidence?,1,1,reddit:1,en:1,yes,concentration,
1313,skilling,maths,1313,Numbers above 10 versus adding?,1,1,reddit:1,en:1,yes,learn to read,
1314,skilling,general,1314,On when to believe research,1,1,reddit:1,en:1,yes,concentration,
1315,skilling,confidence,1315,"One Shy, One Popular and Outgoing - How to help them navigate life",1,1,reddit:1,en:1,yes,confidence,
1316,skilling,general,1316,Opinion: Sitter pressuring for more hours?,1,1,reddit:1,en:1,yes,focus,
1317,skilling,general,1317,"Our 11 month old is experiencing is third bout of impetigo in the past 6 months. Dreading the idea of giving him another course of antibiotics. Could he develop a resistance, or perhaps a permanent gut disorder, if we continue to give him antibiotics at this pace?",1,1,reddit:1,en:1,yes,confidence,
1318,skilling,confidence,1318,Out of the loop - is shy a “bad” word now?,1,1,reddit:1,en:1,yes,shy,
1319,skilling,general,1319,Overly Attached Child?,1,1,reddit:1,en:1,yes,shy,
1320,skilling,confidence,1320,Overprotective or Overwhelmed? Sometimes Healing Ourselves is the First Step to Raising Confident Kids. Agree or Disagree?,1,1,reddit:1,en:1,yes,,
1321,skilling,general,1321,Overstimulated with the constant confirming my responses. Advice?,1,1,reddit:1,en:1,yes,learn to read,
1322,skilling,general,1322,Oxytocin release different between Mums and Dads?,1,1,reddit:1,en:1,yes,confidence,
1323,skilling,school-and-study,1323,PA homeschool moms… how bad is it?,1,1,reddit:1,en:1,yes,,
1324,skilling,general,1324,"PFAS transfer through breastfeeding - to continue, reduce exposure?",1,1,reddit:1,en:1,yes,concentration,
1325,skilling,general,1325,PLEASE help me… World’s most difficult 4 year old,1,1,reddit:1,en:1,yes,screen time learning,
1326,skilling,general,1326,PT vs FT daycare?,1,1,reddit:1,en:1,yes,shy,
1327,skilling,school-and-study,1327,Pagan homeschooling. How’d you do it?,1,1,reddit:1,en:1,yes,focus,
1328,skilling,general,1328,Parents - would you let your kids play with a child of a teen mom?,1,1,reddit:1,en:1,yes,confidence,
1329,skilling,general,1329,Parents don't even believe they can do preschool?,1,1,reddit:1,en:1,yes,reading,
1330,skilling,general,1330,"Parents of older children, when do you start getting some personal time back?",1,1,reddit:1,en:1,yes,coding,
1331,skilling,school-and-study,1331,Parents of preschoolers: do you care how professionally dressed your kid’s teacher/childcare worker dresses?,1,1,reddit:1,en:1,yes,coding,
1332,skilling,creativity,1332,Parents please suggest a single mother,1,1,reddit:1,en:1,yes,concentration,
1333,skilling,coding,1333,Parents that do not allow screen time; how do you get basic things done?,1,1,reddit:1,en:1,yes,concentration,
1334,skilling,general,1334,Parents what are your tips for dealing with a 2 year old who screams/whines constantly?,1,1,reddit:1,en:1,yes,concentration,
1335,skilling,general,1335,Parents who work full time and distance educate: When is it time to revolt?,1,1,reddit:1,en:1,yes,learn to read,
1336,skilling,general,1336,"Parents with older kids, what do you miss about the 1-3 year old phase?",1,1,reddit:1,en:1,yes,focus,
1337,skilling,general,1337,"Partner, father of my son blew up my life and doesn’t care. Now what?",1,1,reddit:1,en:1,yes,screen time learning,
1338,skilling,general,1338,Party Etiquette - To open presents there or not?,1,1,reddit:1,en:1,yes,focus,
1339,skilling,general,1339,People don't understand how much easier cost of living was 20 years ago,1,1,reddit:1,en:1,yes,coding,
1340,skilling,confidence,1340,People very confidently (and incorrectly) guessing my baby’s gender?!?,1,1,reddit:1,en:1,yes,,
1341,skilling,general,1341,Pepto Bismol - For Kids? (2-12 years old),1,1,reddit:1,en:1,yes,concentration,
1342,skilling,general,1342,Period panties for little girls?,1,1,reddit:1,en:1,yes,shy,
1343,skilling,communication,1343,Playing podcasts out loud & calls on Bluetooth & on speakerphone in front of baby?,1,1,reddit:1,en:1,yes,shy,
1344,skilling,general,1344,Please help me - I am an abusive father,1,1,reddit:1,en:1,yes,learn to read,
1345,skilling,school-and-study,1345,Please help me stop overthinking what grade my daughter should be in.,1,1,reddit:1,en:1,yes,focus,
1346,skilling,school-and-study,1346,"Please help, my kids school is screwing him up",1,1,reddit:1,en:1,yes,shy,
1347,skilling,general,1347,Please help: Teen daughter & punishment for sneaking out,1,1,reddit:1,en:1,yes,coding,
1348,skilling,general,1348,Please reassure me (or give me a reality check?),1,1,reddit:1,en:1,yes,confidence,
1349,skilling,general,1349,Please tell me I’m doing the right thing…,1,1,reddit:1,en:1,yes,concentration,
1350,skilling,general,1350,Please tell me I’m not a bad mom,1,1,reddit:1,en:1,yes,,
1351,skilling,focus,1351,Please tell me your thoughts on academic-focused preschool programs,1,1,reddit:1,en:1,yes,learn to read,
1352,skilling,feelings,1352,Possible Social Anxiety?,1,1,reddit:1,en:1,yes,shy,
1353,skilling,thinking,1353,Possums Sleep - Science Based?,1,1,reddit:1,en:1,yes,confidence,
1354,skilling,general,1354,Postpartum stomach pain??,1,1,reddit:1,en:1,yes,concentration,
1355,skilling,general,1355,Pre-term birth disability risk by week?,1,1,reddit:1,en:1,yes,confidence,
1356,skilling,reading,1356,"Pregnant with *high* blood pressure, rapid pulse, light headedness, extreme dizzy spells, and the doctors don't seem to care. Any advice?",1,1,reddit:1,en:1,yes,coding,
1357,skilling,general,1357,Pro Tip from Dad: How to handle sick kids at night...,1,1,reddit:1,en:1,yes,learn to read,
1358,skilling,general,1358,Probiotic drops: Time of day? Can I dose the whole pitcher?,1,1,reddit:1,en:1,yes,concentration,
1359,skilling,general,1359,"Products similar to this? That let kids engage in ""dangerous adult activities"" safer and earlier",1,1,reddit:1,en:1,yes,,
1360,skilling,general,1360,Pros and cons of push behind walkers for babies?,1,1,reddit:1,en:1,yes,confidence,
1361,skilling,coding,1361,Psychology behind letting a child “win” at games?,1,1,reddit:1,en:1,yes,confidence,
1362,skilling,confidence,1362,Public school evils- special Ed or shy?,1,1,reddit:1,en:1,yes,shy,
1363,skilling,general,1363,Question about an interview,1,1,reddit:1,en:1,yes,,
1364,skilling,general,1364,Question about the Florida Step Up Program,1,1,reddit:1,en:1,yes,coding,
1365,skilling,school-and-study,1365,Question for grownups with kids born near school year cutoffs: did you hold your kid back? Send them on? How did it go?,1,1,reddit:1,en:1,yes,confidence,
1366,skilling,general,1366,Question the Ethics of When to Punish for Hitting,1,1,reddit:1,en:1,yes,concentration,
1367,skilling,communication,1367,Raising my kid bilingually when neither of its parents is a native speaker?,1,1,reddit:1,en:1,yes,learn to read,
1368,skilling,reading,1368,"Reading, and how to build a home library",1,1,reddit:1,en:1,yes,shy,
1369,skilling,general,1369,Real Grimms rainbow?,1,1,reddit:1,en:1,yes,,
1370,skilling,general,1370,Reality check about use of bug spray?,1,1,reddit:1,en:1,yes,concentration,
1371,skilling,thinking,1371,Reasons to avoid juice?,1,1,reddit:1,en:1,yes,concentration,
1372,skilling,thinking,1372,Reasons to delay walking?,1,1,reddit:1,en:1,yes,screen time learning,
1373,skilling,creativity,1373,"Recently became a single dad, how does one date in 2025?",1,1,reddit:1,en:1,yes,shy,
1374,skilling,general,1374,Reckon the staff at her nursery have discovered ChatGPT? She's 2 😂,1,1,reddit:1,en:1,yes,confidence,
1375,skilling,reading,1375,Recommendations for early reader books?,1,1,reddit:1,en:1,yes,learn to read,
1376,skilling,memory,1376,Remember that 1% baby? He's now 2 years old!,1,1,reddit:1,en:1,yes,reading,
1377,skilling,coding,1377,Removing all screens [anyone done it?],1,1,reddit:1,en:1,yes,coding,
1378,skilling,thinking,1378,Resisting the urge to quit. What do you think?,1,1,reddit:1,en:1,yes,shy,
1379,skilling,school-and-study,1379,Resources for Lefties Learning to Write?,1,1,reddit:1,en:1,yes,screen time learning,
1380,skilling,confidence,1380,Response ideas when other people call my child shy in front of them?,1,1,reddit:1,en:1,yes,shy,
1381,skilling,general,1381,Retinol & breastfeeding - rationale for safety concern?,1,1,reddit:1,en:1,yes,screen time learning,
1382,skilling,general,1382,Reward for a kid who did something heroic?,1,1,reddit:1,en:1,yes,reading,
1383,skilling,confidence,1383,"RightStart, Christian light, or Math with confidence? Having such a hard time choosing a math curriculum for kinder. Right start is soo pricey but everyone says it’s worth it. Is MWC Too easy? (Please don’t tell me to use nothing, I need something to follow and keep us accountable)",1,1,reddit:1,en:1,yes,confidence,
1384,skilling,school-and-study,1384,Round two preschool: how to handle pick up and drop off after school based trauma/fear,1,1,reddit:1,en:1,yes,confidence,
1385,skilling,school-and-study,1385,"SAHMs, what does your husband do for work so you can stay home and afford to homeschool?",1,1,reddit:1,en:1,yes,,
1386,skilling,general,1386,"SO said ""We've been roommates for weeks now, why change now?"" UPDATE",1,1,reddit:1,en:1,yes,confidence,
1387,skilling,general,1387,Safety bracelet that alerts parents when kid presses button?,1,1,reddit:1,en:1,yes,confidence,
1388,skilling,thinking,1388,"Sanity Check: my 5 year old daughter pretends she is a cat. Constantly. I ask her a question and all I get back is cat noises and pretend hisses. Aside from driving me nuts, 8s this a problem?",1,1,reddit:1,en:1,yes,focus,
1389,skilling,school-and-study,1389,Saw this small comment thread about a person who skipped grades in school. Did anyone else skip?,1,1,reddit:1,en:1,yes,,
1390,skilling,school-and-study,1390,School called about an IEP?,1,1,reddit:1,en:1,yes,learn to read,
1391,skilling,focus,1391,Science that is NOT lab focused?,1,1,reddit:1,en:1,yes,focus,
1392,skilling,thinking,1392,Scientific backing for forcing child to hug people?,1,1,reddit:1,en:1,yes,shy,
1393,skilling,coding,1393,Screen time in preK?,1,1,reddit:1,en:1,yes,screen time learning,
1394,skilling,stillness,1394,"Seek advice: sleep arrangement for age 4.5, newborn, dad, mom in 2BR?",1,1,reddit:1,en:1,yes,learn to read,
1395,skilling,general,1395,Seeking Advice on how to deal with daughter (10) publicly humiliating her younger sister (8),1,1,reddit:1,en:1,yes,shy,
1396,skilling,school-and-study,1396,Sending Kids Back to School?,1,1,reddit:1,en:1,yes,shy,
1397,skilling,general,1397,Shaved Head - Wife Grumpy - What Do?,1,1,reddit:1,en:1,yes,confidence,
1398,skilling,general,1398,Should I affirm my toddler's possessiveness?,1,1,reddit:1,en:1,yes,confidence,
1399,skilling,thinking,1399,Should I be questioning my pediatrician?,1,1,reddit:1,en:1,yes,concentration,
1400,skilling,school-and-study,1400,Should I care about vaccination rates in school?,1,1,reddit:1,en:1,yes,focus,
1401,skilling,school-and-study,1401,Should I feel guilty for only homeschooling 1 of my 2 children?,1,1,reddit:1,en:1,yes,confidence,
1402,skilling,school-and-study,1402,Should I go back to public school in my 12th year?,1,1,reddit:1,en:1,yes,concentration,
1403,skilling,school-and-study,1403,Should I go to public school?,1,1,reddit:1,en:1,yes,learn to read,
1404,skilling,general,1404,Should I just… not clean my house?,1,1,reddit:1,en:1,yes,focus,
1405,skilling,general,1405,Should I let my husband take our child to a family event with a predator?,1,1,reddit:1,en:1,yes,screen time learning,
1406,skilling,general,1406,Should I not be expecting daycare to wipe my kids butt?,1,1,reddit:1,en:1,yes,,
1407,skilling,general,1407,Should I switch away from Montessori?,1,1,reddit:1,en:1,yes,,
1408,skilling,school-and-study,1408,Should I take my 4th grader out of school for a vacation?,1,1,reddit:1,en:1,yes,coding,
1409,skilling,communication,1409,Should I talk to someone about the security officer at my child’s school?,1,1,reddit:1,en:1,yes,coding,
1410,skilling,general,1410,Should I tell my kid what happened?,1,1,reddit:1,en:1,yes,focus,
1411,skilling,general,1411,Should have learned to hide it better🤷‍♀️,1,1,reddit:1,en:1,yes,confidence,
1412,skilling,general,1412,Should i quit or suck it up?,1,1,reddit:1,en:1,yes,,
1413,skilling,general,1413,Sick of my parents being judgmental. Anyone else deal with this?,1,1,reddit:1,en:1,yes,focus,
1414,skilling,thinking,1414,"Silly question, but why don't schools group children by academic ability and/or social maturity or learning style instead of strictly by age, when children vary so greatly? (within reason of course)",1,1,reddit:1,en:1,yes,shy,
1415,skilling,creativity,1415,Single Parents: How do you find the balance between work and home?,1,1,reddit:1,en:1,yes,concentration,
1416,skilling,values,1416,Skipping Junior Kindergarten?,1,1,reddit:1,en:1,yes,shy,
1417,skilling,general,1417,Slow growth in 1st year- when to get 2nd opinion?,1,1,reddit:1,en:1,yes,confidence,
1418,skilling,coding,1418,Smart jewelry for kids: These friendship bracelets teach girls how to code.,1,1,reddit:1,en:1,yes,coding,
1419,skilling,school-and-study,1419,So what learning toys or activities are you using with your 3yo at home?,1,1,reddit:1,en:1,yes,learn to read,
1420,skilling,communication,1420,So... I cannot be the only one who finds this incredibly boring and annoying? Why is everyone so ashamed to talk about IRL?,1,1,reddit:1,en:1,yes,learn to read,
1421,skilling,reading,1421,Social media doesn’t add anything positive to my life and I think I’m ready to let it go. Anyone else?,1,1,reddit:1,en:1,yes,confidence,
1422,skilling,general,1422,Solo Camping Trip with My 3-Year-Old. Hard? Yep. Worth It? 100%,1,1,reddit:1,en:1,yes,confidence,
1423,skilling,school-and-study,1423,Some tips for a very confused and lost homeschooler?,1,1,reddit:1,en:1,yes,,
1424,skilling,stillness,1424,Someone please help me with a 5 year old who has VERY low sleep needs. I'm really struggling.,1,1,reddit:1,en:1,yes,learn to read,
1425,skilling,general,1425,Someone please tell me their child is also in (or has also had) a taunting when in trouble phase,1,1,reddit:1,en:1,yes,shy,
1426,skilling,general,1426,"Sometimes (most times?) this parenting crap is really, really hard. *just venting*",1,1,reddit:1,en:1,yes,coding,
1427,skilling,thinking,1427,Son is questioning Holocaust. Not sure how to deal with this.,1,1,reddit:1,en:1,yes,concentration,
1428,skilling,focus,1428,"Son just turned 3, what should we focus on over the next year?",1,1,reddit:1,en:1,yes,learn to read,
1429,skilling,general,1429,Son stolen from on field trip - how would you respond?,1,1,reddit:1,en:1,yes,confidence,
1430,skilling,general,1430,Son's Preschool fogged the whole place with pesticides Friday--what to do?,1,1,reddit:1,en:1,yes,learn to read,
1431,skilling,reading,1431,Sources on not reading to early for toddlers?,1,1,reddit:1,en:1,yes,learn to read,
1432,skilling,general,1432,Started a new job as a daycare assistant… am I being crazy?,1,1,reddit:1,en:1,yes,,
1433,skilling,general,1433,Starting at 3.5 or 4.5?,1,1,reddit:1,en:1,yes,shy,
1434,skilling,general,1434,Starting child at 2 & ratios in Montessori?,1,1,reddit:1,en:1,yes,,
1435,skilling,general,1435,"Starting preschool ""late""?",1,1,reddit:1,en:1,yes,learn to read,
1436,skilling,thinking,1436,Starting to get nervous and wonder if I made the right decision?,1,1,reddit:1,en:1,yes,confidence,
1437,skilling,general,1437,"Stay at home dads of reddit, do you feel isolated and have to contend with constant sexism?",1,1,reddit:1,en:1,yes,concentration,
1438,skilling,general,1438,"Stay at home parents, how much TV is your kid getting?",1,1,reddit:1,en:1,yes,screen time learning,
1439,skilling,general,1439,Stay at home parents?,1,1,reddit:1,en:1,yes,concentration,
1440,skilling,school-and-study,1440,Stopping state testing of homeschoolers because it made teachers look bad?,1,1,reddit:1,en:1,yes,learn to read,
1441,skilling,reading,1441,Struggling to get your kid to finish a meal? Read this shit.,1,1,reddit:1,en:1,yes,concentration,
1442,skilling,school-and-study,1442,Study advice help?,1,1,reddit:1,en:1,yes,concentration,
1443,skilling,school-and-study,1443,Sudden death of a teacher?,1,1,reddit:1,en:1,yes,,
1444,skilling,reading,1444,Suggestions for kids books that feature gay parents but Aren’t ABOUT having gay parents?,1,1,reddit:1,en:1,yes,focus,
1445,skilling,feelings,1445,Supporting anxious 3 year old - Best practices and resources?,1,1,reddit:1,en:1,yes,shy,
1446,skilling,general,1446,Surviving evisceration by wife...?,1,1,reddit:1,en:1,yes,shy,
1447,skilling,general,1447,Swimming lessons with goggles?,1,1,reddit:1,en:1,yes,focus,
1448,skilling,general,1448,T-minus 4 months. Any advice for a soon to be dad?,1,1,reddit:1,en:1,yes,concentration,
1449,skilling,coding,1449,"TV shows like Elinor Wonders Why, but for arts instead of STEM?",1,1,reddit:1,en:1,yes,focus,
1450,skilling,school-and-study,1450,"TX homeschoolers, what works for you?",1,1,reddit:1,en:1,yes,confidence,
1451,skilling,school-and-study,1451,Tablets in elementary school?,1,1,reddit:1,en:1,yes,coding,
1452,skilling,general,1452,Taking a break on “electives”?,1,1,reddit:1,en:1,yes,,
1453,skilling,feelings,1453,"Tantrums have started, best way to handle?",1,1,reddit:1,en:1,yes,reading,
1454,skilling,school-and-study,1454,Teaching or Homeschool?,1,1,reddit:1,en:1,yes,confidence,
1455,skilling,confidence,1455,Tell me about your introverted preschooler?,1,1,reddit:1,en:1,yes,focus,
1456,skilling,reading,1456,Tell me your induction success stories?,1,1,reddit:1,en:1,yes,coding,
1457,skilling,general,1457,"Temperament- more powerful than any other predictor of outcomes? (Sorry if I used the wrong tag, I just want to discuss)",1,1,reddit:1,en:1,yes,focus,
1458,skilling,school-and-study,1458,"The Guardian: A groundbreaking study shows kids learn better on paper, not screens. Now what?",1,1,reddit:1,en:1,yes,learn to read,
1459,skilling,general,1459,The Mall locks the family restroom now?!?,1,1,reddit:1,en:1,yes,coding,
1460,skilling,thinking,1460,The constant question: Is it a phase or is this his personality?,1,1,reddit:1,en:1,yes,screen time learning,
1461,skilling,thinking,1461,There’s far more scientific fraud than anyone wants to admit | The Guardian,1,1,reddit:1,en:1,yes,reading,
1462,skilling,general,1462,Things To Do As A Stay At Home Dad?,1,1,reddit:1,en:1,yes,concentration,
1463,skilling,thinking,1463,Thinking of dialing down your preschooler’s screen time? Here’s how it’s going for us.,1,1,reddit:1,en:1,yes,screen time learning,
1464,skilling,general,1464,This daddit got a rare afternoon alone at home. How’d I do?,1,1,reddit:1,en:1,yes,concentration,
1465,skilling,general,1465,This is my life now,1,1,reddit:1,en:1,yes,reading,
1466,skilling,school-and-study,1466,"Those who were homeschooled, why did you not do your curriculum?",1,1,reddit:1,en:1,yes,learn to read,
1467,skilling,general,1467,Thoughts on evaluating research on children,1,1,reddit:1,en:1,yes,confidence,
1468,skilling,school-and-study,1468,Thoughts on forcing toddlers/young kids to separate even though you’re homeschooling,1,1,reddit:1,en:1,yes,shy,
1469,skilling,school-and-study,1469,"Thoughts on hybrid homeschooling programs, like The Schoolhouse Anywhere: American Emergent Curriculum?",1,1,reddit:1,en:1,yes,,
1470,skilling,general,1470,Thoughts on new MMRV vaccine(UK)?,1,1,reddit:1,en:1,yes,coding,
1471,skilling,stillness,1471,Thoughts on sleep training from a therapist,1,1,reddit:1,en:1,yes,learn to read,
1472,skilling,general,1472,Thoughts on toddler chair and table?,1,1,reddit:1,en:1,yes,,
1473,skilling,general,1473,Time to move on from co-op?,1,1,reddit:1,en:1,yes,coding,
1474,skilling,reading,1474,Time to read?,1,1,reddit:1,en:1,yes,learn to read,
1475,skilling,general,1475,Time to return to spanking?,1,1,reddit:1,en:1,yes,reading,
1476,skilling,general,1476,Tips for Combating Extreme Perfectionism?,1,1,reddit:1,en:1,yes,confidence,
1477,skilling,general,1477,Tips for dropping off 3 year old at “camp”?,1,1,reddit:1,en:1,yes,shy,
1478,skilling,feelings,1478,Tips on not passing on my anxiety to my child?,1,1,reddit:1,en:1,yes,confidence,
1479,skilling,focus,1479,Tips to get a 4.75 year old to pay attention during swim lessons?,1,1,reddit:1,en:1,yes,confidence,
1480,skilling,general,1480,To start primary aged 5 or 6?,1,1,reddit:1,en:1,yes,shy,
1481,skilling,maths,1481,"Today I experienced, to me, my daughters number one accomplishment. Does your kid have an accomplishment that stands above all others in your eyes?",1,1,reddit:1,en:1,yes,learn to read,
1482,skilling,reading,1482,Today my daughter read a news caption about the bombing in Turkey. I didn't know how to deal with the situation until I remembered this quote.,1,1,reddit:1,en:1,yes,focus,
1483,skilling,stillness,1483,Toddler Montessori classroom felt calm but not warm - is this typical?,1,1,reddit:1,en:1,yes,,
1484,skilling,general,1484,Toddler Safe Cutting tools?,1,1,reddit:1,en:1,yes,,
1485,skilling,school-and-study,1485,Toddler Teacher- should I say something?,1,1,reddit:1,en:1,yes,,
1486,skilling,general,1486,Toddler drooling and keeping his mouth open - when does it stop ?,1,1,reddit:1,en:1,yes,concentration,
1487,skilling,general,1487,Too early to leave baby?,1,1,reddit:1,en:1,yes,confidence,
1488,skilling,general,1488,Too late to start Beast Academy? (update 2),1,1,reddit:1,en:1,yes,shy,
1489,skilling,general,1489,Too young for Montessori?,1,1,reddit:1,en:1,yes,,
1490,skilling,school-and-study,1490,Toured a school and seems too strict/rigid?,1,1,reddit:1,en:1,yes,,
1491,skilling,school-and-study,1491,Transitioning into traditional school setting in 4th or 5th grade?,1,1,reddit:1,en:1,yes,shy,
1492,skilling,making,1492,"Turning-4 year old kid will be having his birthday in a new state, without dad. How do I make it special?",1,1,reddit:1,en:1,yes,confidence,
1493,skilling,general,1493,Uhhh…have I been constipating my toddler with chia seeds?!,1,1,reddit:1,en:1,yes,learn to read,
1494,skilling,general,1494,Uncircumcised baby foreskin retraction?,1,1,reddit:1,en:1,yes,reading,
1495,skilling,general,1495,Underrated perk of having kids?,1,1,reddit:1,en:1,yes,focus,
1496,skilling,general,1496,Underwhelming preschool experience for advanced kid. Should we switch?,1,1,reddit:1,en:1,yes,learn to read,
1497,skilling,general,1497,"Unwanted baptism, party, dress, smash cake... where to bend, when/how to stay firm?",1,1,reddit:1,en:1,yes,coding,
1498,skilling,general,1498,Update 2 Years Later: Should I Force My Daughter to Go to Summer Camp?,1,1,reddit:1,en:1,yes,confidence,
1499,skilling,school-and-study,1499,"Update to: ""Homeschooling 2 kids, what do I do with my 18mo?""",1,1,reddit:1,en:1,yes,screen time learning,
1500,skilling,general,1500,"Update to: I have full custody of my kids (4, 6 & 8) indefinitely and I don't know how to tell them why.",1,1,reddit:1,en:1,yes,screen time learning,
1501,skilling,confidence,1501,Very shy toddler - is there anything I should/shouldn’t do,1,1,reddit:1,en:1,yes,shy,
1502,skilling,general,1502,WTF is UP with people trying to sell *used* baby clothes/gear for 75% of the original retail price?,1,1,reddit:1,en:1,yes,coding,
1503,skilling,general,1503,WTF is up with Peppa Pig??,1,1,reddit:1,en:1,yes,coding,
1504,skilling,general,1504,"WWYD, football classes",1,1,reddit:1,en:1,yes,confidence,
1505,skilling,general,1505,Waldorf schools? Do these kids do well in life after Waldorf?,1,1,reddit:1,en:1,yes,learn to read,
1506,skilling,school-and-study,1506,Wanting to hear perspectives of how girls are wearing 'too little' to school?,1,1,reddit:1,en:1,yes,coding,
1507,skilling,school-and-study,1507,Was Homeschooled; Should I Homeschool?,1,1,reddit:1,en:1,yes,confidence,
1508,skilling,general,1508,Was I a Karen at the park today?,1,1,reddit:1,en:1,yes,screen time learning,
1509,skilling,general,1509,Was I out of line?,1,1,reddit:1,en:1,yes,coding,
1510,skilling,general,1510,Was There Actually Any Point to Getting An Early Childhood Development CSC?,1,1,reddit:1,en:1,yes,,
1511,skilling,memory,1511,"Was just struck by a memory from my childhood, its a lesson in parenting",1,1,reddit:1,en:1,yes,confidence,
1512,skilling,general,1512,Was this a normal drop off?,1,1,reddit:1,en:1,yes,confidence,
1513,skilling,school-and-study,1513,Was this a rude thing to say to the teacher? I genuinely would like feedback,1,1,reddit:1,en:1,yes,shy,
1514,skilling,general,1514,Washington Family Child Care License – Is the pre-licensing process supposed to take this long?,1,1,reddit:1,en:1,yes,,
1515,skilling,coding,1515,"We all know the data on screen time, but what happens when kids get no screen time at all?",1,1,reddit:1,en:1,yes,screen time learning,
1516,skilling,school-and-study,1516,"We are on our 2nd year homeschooling and it’s going well (most days!). Both of my sons are on the autism spectrum, and my older son starts HS next year. I’m feeling a lot of pressure to get him back in “school”. Has anyone else felt this way? Like you couldn’t teach high school? Having self doubts.",1,1,reddit:1,en:1,yes,confidence,
1517,skilling,coding,1517,We coded our robot Cozmo to help teach about 2-D shapes. Might be able to help someone?,1,1,reddit:1,en:1,yes,coding,
1518,skilling,feelings,1518,We had twins (boy/girl) after 3 boys but all anyone cares about is my daughter. Am I being too emotional about this?,1,1,reddit:1,en:1,yes,focus,
1519,skilling,values,1519,"We have 2 girls, 4 and 5 who share a bedroom. I work from home and have a home office. Where do I go when they need separate rooms?",1,1,reddit:1,en:1,yes,concentration,
1520,skilling,making,1520,Weird inside things that you and your kids do that don't make sense to anyone but you guys,1,1,reddit:1,en:1,yes,reading,
1521,skilling,creativity,1521,Weird to turn my kid’s bunny doodle into a Van Gogh painting?,1,1,reddit:1,en:1,yes,coding,
1522,skilling,general,1522,Were we in the right to isolate our newborn when she was first born? (Oct-Dec),1,1,reddit:1,en:1,yes,reading,
1523,skilling,general,1523,What actually is “appropriate” sex education for prepubescent children?,1,1,reddit:1,en:1,yes,focus,
1524,skilling,general,1524,What age do you let your child watch shows like Miss Rachel?,1,1,reddit:1,en:1,yes,learn to read,
1525,skilling,focus,1525,What age is appropriate to take child to a concentration camp?,1,1,reddit:1,en:1,yes,concentration,
1526,skilling,focus,1526,What are some ADHD symptoms to look out for?,1,1,reddit:1,en:1,yes,concentration,
1527,skilling,general,1527,What are the best supplements and healing foods to eat postpartum?,1,1,reddit:1,en:1,yes,concentration,
1528,skilling,coding,1528,What are the effects of video games on kids?,1,1,reddit:1,en:1,yes,coding,
1529,skilling,confidence,1529,What are the go to resources for the little lawyer/negotiator stage?,1,1,reddit:1,en:1,yes,shy,
1530,skilling,general,1530,What are the proven benefits of colostrum?,1,1,reddit:1,en:1,yes,confidence,
1531,skilling,coding,1531,What are you using for learning to code?,1,1,reddit:1,en:1,yes,coding,
1532,skilling,general,1532,What are your contraversial opinions/hot takes as a mom?,1,1,reddit:1,en:1,yes,screen time learning,
1533,skilling,reading,1533,What are your favorite IG accounts and books for development past the toddler years?,1,1,reddit:1,en:1,yes,focus,
1534,skilling,general,1534,What are your tips for new parents that aren’t actually parenting tips?,1,1,reddit:1,en:1,yes,shy,
1535,skilling,general,1535,What are your “mom” hobbies?,1,1,reddit:1,en:1,yes,concentration,
1536,skilling,general,1536,What behaviors are no longer appropriate after puberty?,1,1,reddit:1,en:1,yes,confidence,
1537,skilling,values,1537,What can I implement at home to ensure good behaviour at Kinder?,1,1,reddit:1,en:1,yes,concentration,
1538,skilling,making,1538,What can kids do to build real-world people skills?,1,1,reddit:1,en:1,yes,confidence,
1539,skilling,general,1539,What causes the cognitive/academic gains kids experience in preschool to fade out so often?,1,1,reddit:1,en:1,yes,learn to read,
1540,skilling,values,1540,What chores do your preschoolers do?,1,1,reddit:1,en:1,yes,focus,
1541,skilling,focus,1541,What concentration of bleach needed to sanitize cloth diapers,1,1,reddit:1,en:1,yes,concentration,
1542,skilling,reading,1542,"What curriculum did you choose for language arts after your phonics program (Logic of English, UFLI, All About Reading, etc) ended?",1,1,reddit:1,en:1,yes,,
1543,skilling,general,1543,What do kids really need to be doing at 3?,1,1,reddit:1,en:1,yes,learn to read,
1544,skilling,general,1544,"What do people mean when they say that ""Practical Life is cultural""?",1,1,reddit:1,en:1,yes,,
1545,skilling,school-and-study,1545,What do you do after school is done?,1,1,reddit:1,en:1,yes,,
1546,skilling,general,1546,What do you do when the evidence conflicts with what you are experiencing?,1,1,reddit:1,en:1,yes,screen time learning,
1547,skilling,general,1547,What do you do while your kids are playing in the same room?,1,1,reddit:1,en:1,yes,concentration,
1548,skilling,thinking,1548,What do you do with your bubby to help their development yet people think your weird?,1,1,reddit:1,en:1,yes,concentration,
1549,skilling,general,1549,What do you guys do with your kid from 4-7pm during the weekdays?,1,1,reddit:1,en:1,yes,learn to read,
1550,skilling,school-and-study,1550,What do you kids consider a perk of being homeschooled?,1,1,reddit:1,en:1,yes,,
1551,skilling,coding,1551,"What does ""no screens before 2"" actually look like?",1,1,reddit:1,en:1,yes,screen time learning,
1552,skilling,confidence,1552,What does developmental research say about child’s long term confidence and career outcomes,1,1,reddit:1,en:1,yes,confidence,
1553,skilling,general,1553,What does gainful use of time look like with an infant from ages 4 months through to 18 months?,1,1,reddit:1,en:1,yes,learn to read,
1554,skilling,general,1554,What does secure attachment look like in day-to-day parenting beyond just being warm and loving?,1,1,reddit:1,en:1,yes,focus,
1555,skilling,general,1555,What does the Tardis say?,1,1,reddit:1,en:1,yes,concentration,
1556,skilling,general,1556,What does your child learn in 4yo/pre-k?,1,1,reddit:1,en:1,yes,learn to read,
1557,skilling,values,1557,What does your day actually look like for Kindergarten?,1,1,reddit:1,en:1,yes,learn to read,
1558,skilling,school-and-study,1558,What educational/learning materials do you have for your 4yo? What are you teaching at home?,1,1,reddit:1,en:1,yes,learn to read,
1559,skilling,general,1559,What evidence is there regarding the actual harm to humans from micro plastic accumulation? Would strongly prefer clinical/population health data over biochemical/cellular/animal model data.,1,1,reddit:1,en:1,yes,focus,
1560,skilling,coding,1560,What funny code names do you parents use in front of the kids so they don’t understand?,1,1,reddit:1,en:1,yes,coding,
1561,skilling,general,1561,"What has a leader/supervisor said to you, that genuinely made a positive difference in your practice?",1,1,reddit:1,en:1,yes,,
1562,skilling,confidence,1562,What have your kids said to you lately that crushed your confidence?,1,1,reddit:1,en:1,yes,confidence,
1563,skilling,general,1563,What insensitive comment about you as a mom or a pregnant person really stuck with you?,1,1,reddit:1,en:1,yes,screen time learning,
1564,skilling,general,1564,What is a great resource for the actual day-to-day care of a newborn?,1,1,reddit:1,en:1,yes,learn to read,
1565,skilling,school-and-study,1565,What is it about learning a new skill that makes babies wake up more at night?,1,1,reddit:1,en:1,yes,screen time learning,
1566,skilling,thinking,1566,What is science based parenting?,1,1,reddit:1,en:1,yes,focus,
1567,skilling,general,1567,What is something your kid does 100% from copying you?,1,1,reddit:1,en:1,yes,learn to read,
1568,skilling,general,1568,What is the argument for Montessori style toys?,1,1,reddit:1,en:1,yes,focus,
1569,skilling,focus,1569,"What is the effect on children of an intense focus on them through toys, activities, dedicated play rooms, etc?",1,1,reddit:1,en:1,yes,focus,
1570,skilling,general,1570,"What is the ideal gap between births, purely from the children's point of view?",1,1,reddit:1,en:1,yes,learn to read,
1571,skilling,school-and-study,1571,What is the part of Homeschooling that secretly (or not so secretly) wears you out the most? If you had a magic wand whats one thing you would improve about your homeschool journey? what advice would you give for new homeschool parents?,1,1,reddit:1,en:1,yes,focus,
1572,skilling,thinking,1572,What is the reasoning for strict dress codes in public elementary schools?,1,1,reddit:1,en:1,yes,coding,
1573,skilling,coding,1573,What is the risk level of too much screen time? What long term problems are associated with it? Just had a visit with our Dr and she said 2-3 hours a day is normal/healthy for my 3 year old.,1,1,reddit:1,en:1,yes,screen time learning,
1574,skilling,school-and-study,1574,What is your homeschool schedule like? What pros and cons do you have with it?,1,1,reddit:1,en:1,yes,,
1575,skilling,general,1575,What is your “visit the doctor” threshold?,1,1,reddit:1,en:1,yes,reading,
1576,skilling,general,1576,What its like one week into having a 99th percentile baby (Some stats),1,1,reddit:1,en:1,yes,shy,
1577,skilling,general,1577,What keeps your kids entertained,1,1,reddit:1,en:1,yes,focus,
1578,skilling,values,1578,What kind of updates do Montessori toddler parents get?,1,1,reddit:1,en:1,yes,,
1579,skilling,values,1579,What lies did you tell yourself when you were pregnant?,1,1,reddit:1,en:1,yes,screen time learning,
1580,skilling,school-and-study,1580,What no one tells you about homeschooling,1,1,reddit:1,en:1,yes,screen time learning,
1581,skilling,general,1581,What non-kids songs are you introducing to your kids?,1,1,reddit:1,en:1,yes,shy,
1582,skilling,general,1582,What pre-Montessori Practical life do you have?,1,1,reddit:1,en:1,yes,,
1583,skilling,general,1583,What program do you use to create printable resources?,1,1,reddit:1,en:1,yes,,
1584,skilling,general,1584,What ridiculous thing are you doing to keep your young child engaged? I’ll go first…,1,1,reddit:1,en:1,yes,focus,
1585,skilling,general,1585,What she doesn't know is that these nights saved me...,1,1,reddit:1,en:1,yes,learn to read,
1586,skilling,general,1586,What should I do about my Odd Duck Daughter?,1,1,reddit:1,en:1,yes,learn to read,
1587,skilling,general,1587,What shows are we NOT letting our kids watch?,1,1,reddit:1,en:1,yes,focus,
1588,skilling,school-and-study,1588,What size is your school?,1,1,reddit:1,en:1,yes,,
1589,skilling,school-and-study,1589,What struggle do you have homeschooling a highschool kid?,1,1,reddit:1,en:1,yes,,
1590,skilling,general,1590,What to ask at pickup,1,1,reddit:1,en:1,yes,,
1591,skilling,communication,1591,What to do about husband 30M and his new friend 23F,1,1,reddit:1,en:1,yes,focus,
1592,skilling,values,1592,What to do when a child has been caught out in a rather elaborate lie?,1,1,reddit:1,en:1,yes,learn to read,
1593,skilling,general,1593,What to do when best is impossible (Emily Oster),1,1,reddit:1,en:1,yes,reading,
1594,skilling,coding,1594,What to do when the school has no dress code,1,1,reddit:1,en:1,yes,coding,
1595,skilling,school-and-study,1595,"What to do when your kid is labeled a ""bad kid"" in their class",1,1,reddit:1,en:1,yes,coding,
1596,skilling,general,1596,What to do when your kid is the outcast?,1,1,reddit:1,en:1,yes,shy,
1597,skilling,general,1597,What to look for in a PreK,1,1,reddit:1,en:1,yes,shy,
1598,skilling,general,1598,What to say instead of “Be careful”,1,1,reddit:1,en:1,yes,,
1599,skilling,general,1599,What types of play-based activities do you most enjoy doing with your pre-schooler?,1,1,reddit:1,en:1,yes,coding,
1600,skilling,general,1600,What was childbirth like for you as the dad?,1,1,reddit:1,en:1,yes,shy,
1601,skilling,confidence,1601,What was your Math With Confidence experience?,1,1,reddit:1,en:1,yes,confidence,
1602,skilling,thinking,1602,What will the next generation think of our parenting?,1,1,reddit:1,en:1,yes,reading,
1603,skilling,general,1603,What word/phrase has your toddler hilariously mispronounced?,1,1,reddit:1,en:1,yes,learn to read,
1604,skilling,thinking,1604,What would you think if you got a birthday invite like this?,1,1,reddit:1,en:1,yes,focus,
1605,skilling,general,1605,"What's a ""corrective"" term that you use in your home, that other parents would find funny?",1,1,reddit:1,en:1,yes,coding,
1606,skilling,reading,1606,What's everyone's read on Bezos?,1,1,reddit:1,en:1,yes,,
1607,skilling,making,1607,What's great about wooden blocks?,1,1,reddit:1,en:1,yes,screen time learning,
1608,skilling,general,1608,What's one activity your kid is completely obsessed with right now? (Montessori or not — I want to hear all of it),1,1,reddit:1,en:1,yes,concentration,
1609,skilling,general,1609,What's some arbitrary thing that makes no actual difference in your child's development that makes you feel like you're doing a better job than other parents?,1,1,reddit:1,en:1,yes,screen time learning,
1610,skilling,maths,1610,What's the deal with Go Math?,1,1,reddit:1,en:1,yes,concentration,
1611,skilling,making,1611,What's the safest way to make a room smell nice?,1,1,reddit:1,en:1,yes,concentration,
1612,skilling,general,1612,What's the wildest packed lunch a student has brought in?,1,1,reddit:1,en:1,yes,,
1613,skilling,general,1613,What's your best dad hack you're using right now?,1,1,reddit:1,en:1,yes,learn to read,
1614,skilling,thinking,1614,What's your worst experience as a Gifted student?,1,1,reddit:1,en:1,yes,,
1615,skilling,coding,1615,Whats your cheat code?,1,1,reddit:1,en:1,yes,coding,
1616,skilling,school-and-study,1616,What’s gonna happen when if I go back to school?,1,1,reddit:1,en:1,yes,focus,
1617,skilling,communication,1617,What’s normal communication for preschool teachers?,1,1,reddit:1,en:1,yes,learn to read,
1618,skilling,general,1618,What’s the strangest comfort item you’ve seen a kid use?,1,1,reddit:1,en:1,yes,,
1619,skilling,reading,1619,What’s the worst kid’s book you’ve come across?,1,1,reddit:1,en:1,yes,learn to read,
1620,skilling,general,1620,What’s wrong with me?? Why do They hate me?!,1,1,reddit:1,en:1,yes,shy,
1621,skilling,general,1621,What’s your Mom confession?,1,1,reddit:1,en:1,yes,learn to read,
1622,skilling,general,1622,What’s your at home coffee routine?,1,1,reddit:1,en:1,yes,concentration,
1623,skilling,general,1623,When Daddit advice goes wrong.,1,1,reddit:1,en:1,yes,reading,
1624,skilling,school-and-study,1624,When Did School Fundraisers Become Apps That Want My Contacts?,1,1,reddit:1,en:1,yes,coding,
1625,skilling,general,1625,When a kid brings out your darkest side,1,1,reddit:1,en:1,yes,concentration,
1626,skilling,school-and-study,1626,When and how to test for learning challenges,1,1,reddit:1,en:1,yes,concentration,
1627,skilling,reading,1627,When can I read a book by the pool instead of having eyes on my kid 100%?,1,1,reddit:1,en:1,yes,shy,
1628,skilling,memory,1628,When can a baby remember? Extended Breastfeeding,1,1,reddit:1,en:1,yes,focus,
1629,skilling,general,1629,When did their hands get so big?,1,1,reddit:1,en:1,yes,learn to read,
1630,skilling,general,1630,When did you decide to be done?,1,1,reddit:1,en:1,yes,coding,
1631,skilling,confidence,1631,When did you feel confident enough to tell people?,1,1,reddit:1,en:1,yes,,
1632,skilling,general,1632,When did you leave your child 'alone'?,1,1,reddit:1,en:1,yes,learn to read,
1633,skilling,general,1633,When did you stop letting your kids see (or touch) you naked?.....,1,1,reddit:1,en:1,yes,coding,
1634,skilling,general,1634,When did you stop using a video monitor?,1,1,reddit:1,en:1,yes,shy,
1635,skilling,general,1635,When do husbands grow up?,1,1,reddit:1,en:1,yes,coding,
1636,skilling,general,1636,When do other cultures start solids?,1,1,reddit:1,en:1,yes,reading,
1637,skilling,general,1637,When does behavior get better?,1,1,reddit:1,en:1,yes,confidence,
1638,skilling,general,1638,When does the 'tipping the dogs water bowl' phase end?,1,1,reddit:1,en:1,yes,concentration,
1639,skilling,general,1639,When does the ballukicking stop? Father of 4yr boy and 2yr girl,1,1,reddit:1,en:1,yes,concentration,
1640,skilling,general,1640,When does the excessive silliness end?,1,1,reddit:1,en:1,yes,reading,
1641,skilling,memory,1641,When does your postpartum “mom brain” go back to normal??,1,1,reddit:1,en:1,yes,concentration,
1642,skilling,general,1642,When is it safe to have newborns in a pool?,1,1,reddit:1,en:1,yes,confidence,
1643,skilling,general,1643,When is it time to give up?,1,1,reddit:1,en:1,yes,concentration,
1644,skilling,communication,1644,When should I worry about my son's social skills?,1,1,reddit:1,en:1,yes,confidence,
1645,skilling,general,1645,When should child fall asleep alone? 5yo?,1,1,reddit:1,en:1,yes,learn to read,
1646,skilling,general,1646,When should gaming devices be introduced?,1,1,reddit:1,en:1,yes,concentration,
1647,skilling,general,1647,When the hell did baby photos get SO expensive?!,1,1,reddit:1,en:1,yes,confidence,
1648,skilling,school-and-study,1648,When to exit public school?,1,1,reddit:1,en:1,yes,confidence,
1649,skilling,school-and-study,1649,When to switch from upper el to public middle school?,1,1,reddit:1,en:1,yes,,
1650,skilling,confidence,1650,When you are an introvert but your child is the complete opposite.,1,1,reddit:1,en:1,yes,shy,
1651,skilling,general,1651,When your child unintentionally proves that your spouse is better than you,1,1,reddit:1,en:1,yes,reading,
1652,skilling,general,1652,When your little one makes a mistake/mess,1,1,reddit:1,en:1,yes,confidence,
1653,skilling,general,1653,Where do we go now,1,1,reddit:1,en:1,yes,concentration,
1654,skilling,school-and-study,1654,Where do you all stand on your kids working after school?,1,1,reddit:1,en:1,yes,concentration,
1655,skilling,general,1655,Where hair dads at?,1,1,reddit:1,en:1,yes,screen time learning,
1656,skilling,reading,1656,Which classic books do you think children should have read to them between 2 and 5?,1,1,reddit:1,en:1,yes,reading,
1657,skilling,school-and-study,1657,Which direction would you prefer for a new homeschool resource series?,1,1,reddit:1,en:1,yes,concentration,
1658,skilling,general,1658,Which gender differences are biological vs societal?,1,1,reddit:1,en:1,yes,screen time learning,
1659,skilling,general,1659,Which lifejacket is appropriate?,1,1,reddit:1,en:1,yes,shy,
1660,skilling,coding,1660,Who cracked the code on Mother's Day gifts?,1,1,reddit:1,en:1,yes,coding,
1661,skilling,general,1661,Who's going to hand me the Phillips head?,1,1,reddit:1,en:1,yes,coding,
1662,skilling,school-and-study,1662,Why We’re Reducing Screen Time: A Reality Check for Our Homeschool Family,1,1,reddit:1,en:1,yes,learn to read,
1663,skilling,general,1663,Why all the preschool/pre-k posts?,1,1,reddit:1,en:1,yes,learn to read,
1664,skilling,reading,1664,Why are kids allowed to be passed through public school unable to read?,1,1,reddit:1,en:1,yes,reading,
1665,skilling,general,1665,Why are people shocked I want to spend time with my kids,1,1,reddit:1,en:1,yes,,
1666,skilling,school-and-study,1666,Why are standards so high for children to even START school?!,1,1,reddit:1,en:1,yes,screen time learning,
1667,skilling,general,1667,Why are teenage boys so clueless?,1,1,reddit:1,en:1,yes,confidence,
1668,skilling,general,1668,Why are working moms excluded from Mommy and Me 😩😡,1,1,reddit:1,en:1,yes,confidence,
1669,skilling,communication,1669,Why can’t I make “Mom” friends?,1,1,reddit:1,en:1,yes,shy,
1670,skilling,general,1670,Why do grandparents always have the most inconveinent amnesia?,1,1,reddit:1,en:1,yes,confidence,
1671,skilling,values,1671,Why do people homeschool? Honest question,1,1,reddit:1,en:1,yes,,
1672,skilling,general,1672,Why do we feel we have to sacrifice everything for our children?,1,1,reddit:1,en:1,yes,focus,
1673,skilling,communication,1673,"Why do we speak to babies in questions, and is it beneficial?",1,1,reddit:1,en:1,yes,focus,
1674,skilling,school-and-study,1674,Why do you homeschool? How do you deal with unsupportive family?,1,1,reddit:1,en:1,yes,learn to read,
1675,skilling,general,1675,Why does it hurt so much when our kids get rejected?,1,1,reddit:1,en:1,yes,shy,
1676,skilling,general,1676,Why does my 2-year-old reject me?,1,1,reddit:1,en:1,yes,screen time learning,
1677,skilling,general,1677,Why don’t we see significant impacts of rearfacing car seats in fatality or injury data?,1,1,reddit:1,en:1,yes,screen time learning,
1678,skilling,school-and-study,1678,"Why is ""socialization"" such a big deal when it comes to the homeschool/public school debate?",1,1,reddit:1,en:1,yes,focus,
1679,skilling,general,1679,Why is Everyone Sick all the Time?,1,1,reddit:1,en:1,yes,learn to read,
1680,skilling,general,1680,Why is it so hard to get other parents to engage in getting kids together?,1,1,reddit:1,en:1,yes,concentration,
1681,skilling,general,1681,Why is my 3.5 YO waking up SO many times per night?,1,1,reddit:1,en:1,yes,screen time learning,
1682,skilling,reading,1682,Why is reading considered so beneficial?,1,1,reddit:1,en:1,yes,focus,
1683,skilling,coding,1683,Why is tv put under the same umbrella as iPads and iPhones with “screen time” recommendations?,1,1,reddit:1,en:1,yes,screen time learning,
1684,skilling,general,1684,Why isn't she hungry?,1,1,reddit:1,en:1,yes,concentration,
1685,skilling,general,1685,Why isn’t pretend play a priority?,1,1,reddit:1,en:1,yes,,
1686,skilling,coding,1686,Why no added sugar or screen time before 2 years?,1,1,reddit:1,en:1,yes,screen time learning,
1687,skilling,general,1687,Why not to constantly quiz children,1,1,reddit:1,en:1,yes,,
1688,skilling,general,1688,Why pay for templates?,1,1,reddit:1,en:1,yes,,
1689,skilling,general,1689,Why so many floor bed posts?,1,1,reddit:1,en:1,yes,,
1690,skilling,general,1690,"Why the everloving fiddlesticks is ""breaking the cycle"" so hard?",1,1,reddit:1,en:1,yes,coding,
1691,skilling,school-and-study,1691,Why walking to school is good for your lungs — in more ways than one,1,1,reddit:1,en:1,yes,concentration,
1692,skilling,general,1692,Why won’t my three year old attempt things he used to do easily?,1,1,reddit:1,en:1,yes,confidence,
1693,skilling,communication,1693,"Why would a baby stop speaking, then start again later but with a significant speech impediment?",1,1,reddit:1,en:1,yes,learn to read,
1694,skilling,creativity,1694,Widower/single father. I have no interest in dating or remarrying. Is it ok to continue being father without a partner.,1,1,reddit:1,en:1,yes,focus,
1695,skilling,general,1695,"Wife is admitted, I'm taking care of our week-old son. Anything I should know about?",1,1,reddit:1,en:1,yes,confidence,
1696,skilling,general,1696,Will My Kids Be Okay?,1,1,reddit:1,en:1,yes,shy,
1697,skilling,school-and-study,1697,Will homeschooling make it easier/cheaper to do more extracurriculars and one-on-one tutoring?,1,1,reddit:1,en:1,yes,learn to read,
1698,skilling,general,1698,Will my 1 year old benefit from FaceTime with Dad in our situation?,1,1,reddit:1,en:1,yes,screen time learning,
1699,skilling,general,1699,Will saying “I don’t want to play” when my toddler incessantly asks me damage him in any ways?,1,1,reddit:1,en:1,yes,learn to read,
1700,skilling,general,1700,"With no vaccine, how are we proceeding for the under 5’s?",1,1,reddit:1,en:1,yes,confidence,
1701,skilling,reading,1701,"Witnessed 2 horrible accidents at two different Montessori schools today, are 2 year olds not ready for Montessori as much as the 3 year olds or are these schools problematic?",1,1,reddit:1,en:1,yes,,
1702,skilling,school-and-study,1702,Wondering how to avoid the top 5 mistakes new homeschoolers make?,1,1,reddit:1,en:1,yes,confidence,
1703,skilling,general,1703,"Work-at-home parents of young kids, what is your childcare setup?",1,1,reddit:1,en:1,yes,concentration,
1704,skilling,reading,1704,Would reading or doing house chores be equally harming as using the cellphone?,1,1,reddit:1,en:1,yes,focus,
1705,skilling,reading,1705,Would reading toilet learning books that use pottys be confusing?,1,1,reddit:1,en:1,yes,,
1706,skilling,general,1706,Would you address a critic?,1,1,reddit:1,en:1,yes,,
1707,skilling,general,1707,Would you be comfortable with this staffing setup in an accredited Montessori toddler classroom?,1,1,reddit:1,en:1,yes,,
1708,skilling,general,1708,Would you change preschools?,1,1,reddit:1,en:1,yes,shy,
1709,skilling,general,1709,Would you dress your child as a princess for another girl's birthday party?,1,1,reddit:1,en:1,yes,coding,
1710,skilling,general,1710,Would you let your kid wear costumes wherever they want (as long as it’s appropriate),1,1,reddit:1,en:1,yes,coding,
1711,skilling,focus,1711,Would you say it is effective to focus on teaching one subject a day instead of multiples for elementary school ages?,1,1,reddit:1,en:1,yes,focus,
1712,skilling,general,1712,Would you step in or stay out?,1,1,reddit:1,en:1,yes,concentration,
1713,skilling,general,1713,Would you take a 2 year old on a cruise ship for ten days?,1,1,reddit:1,en:1,yes,shy,
1714,skilling,general,1714,Yellow flags at in-home daycare?,1,1,reddit:1,en:1,yes,shy,
1715,skilling,general,1715,"Yesterday, my middle-aged neighbor took acid and was found naked and screaming in the alley between our houses. Should I inform my other neighbors?",1,1,reddit:1,en:1,yes,shy,
1716,skilling,general,1716,Yogurt bad for infants?,1,1,reddit:1,en:1,yes,learn to read,
1717,skilling,general,1717,You know what isn’t very cool?,1,1,reddit:1,en:1,yes,learn to read,
1718,skilling,school-and-study,1718,You want build a curriculum? You only need to know 2 things. Also a bit of controversy,1,1,reddit:1,en:1,yes,coding,
1719,skilling,general,1719,You want me to take my toddler WHERE ?!,1,1,reddit:1,en:1,yes,confidence,
1720,skilling,feelings,1720,[Metaanalysis] Screen time and emotional problems in kids: A vicious circle?,1,1,reddit:1,en:1,yes,confidence,
1721,skilling,thinking,1721,[SERIOUS] Seeking advice- best placement for gifted students?,1,1,reddit:1,en:1,yes,,
1722,skilling,confidence,1722,[Update] How should I handle a playground bully and her nonchalant dad?,1,1,reddit:1,en:1,yes,screen time learning,
1723,skilling,general,1723,[Update]35 year old Dad diagnosed with a terminal illness. How do I tell my 4 year old little girl?,1,1,reddit:1,en:1,yes,learn to read,
1724,skilling,general,1724,[Working Paper] The fadeout effect of skill development: are unconstrained skills more persistent?,1,1,reddit:1,en:1,yes,coding,
1725,skilling,stillness,1725,[question] Best online learning platforms for kids that aren't just gamified worksheets? Mine is bored after a week,1,1,reddit:1,en:1,yes,,
1726,skilling,maths,1726,abacus classes kya hota hai,1,1,google_ac:1,en:1,yes,abacus for kids,
1727,skilling,reading,1727,about his nature and reading problem,1,1,parentune:1,en:1,yes,,
1728,skilling,focus,1728,about my elder son adithya he is having adhd he has an above average iq but he lacks social behaviour also he is not at all organized,1,1,parentune:1,en:1,yes,,
1729,skilling,school-and-study,1729,adjustment issue in pre school,1,1,parentune:1,en:1,yes,,
1730,skilling,reading,1730,advice on etl learning books,1,1,parentune:1,en:1,yes,,
1731,skilling,maths,1731,afraid on maths and very slow in writing,1,1,parentune:1,en:1,yes,,
1732,skilling,feelings,1732,am planning to start my career after a long gap for my motherhood all my worry is what arrangements can be made for my daughter though many options available am worried about he feelings how to train,1,1,parentune:1,en:1,yes,,
1733,skilling,thinking,1733,are autistic children curious,1,1,google_ac:1,en:1,yes,child curiosity,
1734,skilling,confidence,1734,are babies shy in the womb,1,1,google_ac:1,en:1,yes,shy child,
1735,skilling,general,1735,are buddy and buddy jr related in real life,1,1,google_ac:1,en:1,yes,ai for kids,
1736,skilling,school-and-study,1736,are children learning online effectively,1,1,ddg_ac:1,en:1,yes,child learning,
1737,skilling,general,1737,are essential oils safe for breastfed babies,1,1,reddit:1,en:1,yes,concentration,
1738,skilling,thinking,1738,are gifted children born or made,1,1,google_ac:1,en:1,yes,gifted child,
1739,skilling,reading,1739,are kids not able to read,1,1,ddg_ac:1,en:1,yes,reading to kids,
1740,skilling,communication,1740,are there any downsides to talking to kids like they’re adults?,1,1,reddit:1,en:1,yes,learn to read,
1741,skilling,thinking,1741,are you feeding your childs curiosity,1,1,parentune:1,en:1,yes,,
1742,skilling,school-and-study,1742,bad behavior in school,1,1,parentune:1,en:1,yes,,
1743,skilling,general,1743,best suited montessori timing,1,1,parentune:1,en:1,yes,,
1744,skilling,general,1744,can a child challenge a will,1,1,google_ac:1,en:1,yes,child handwriting,
1745,skilling,thinking,1745,can a child's iq improve,1,1,google_ac:1,en:1,yes,how to make my child intelligent,
1746,skilling,thinking,1746,can a gifted child have speech delay,1,1,google_ac:1,en:1,yes,gifted child,
1747,skilling,thinking,1747,can a gifted child start school early,1,1,google_ac:1,en:1,yes,gifted child,
1748,skilling,coding,1748,can ai improve itself,1,1,google_ac:1,en:1,yes,ai for kids,
1749,skilling,coding,1749,can ai learn on its own,1,1,google_ac:1,en:1,yes,ai for kids,
1750,skilling,coding,1750,can ai make mistakes,1,1,google_ac:1,en:1,yes,ai for kids,
1751,skilling,coding,1751,can ai reproduce,1,1,google_ac:1,en:1,yes,ai for kids,
1752,skilling,general,1752,can am for kids,1,1,ddg_ac:1,en:1,yes,ai for kids,
1753,skilling,general,1753,can child care leave be combined with casual leave,1,1,google_ac:1,en:1,yes,child learning,
1754,skilling,general,1754,can child care leave be used for overseas,1,1,google_ac:1,en:1,yes,child learning,
1755,skilling,general,1755,can child care subsidy be backdated,1,1,google_ac:1,en:1,yes,child learning,
1756,skilling,creativity,1756,can child learn to draw,1,1,ddg_ac:1,en:1,yes,child learning,
1757,skilling,general,1757,can child learn to play piano,1,1,ddg_ac:1,en:1,yes,child learning,
1758,skilling,creativity,1758,can child learn to sing,1,1,ddg_ac:1,en:1,yes,child learning,
1759,skilling,general,1759,can child learn to skateboard,1,1,ddg_ac:1,en:1,yes,child learning,
1760,skilling,memory,1760,can childhood memories be wrong,1,1,google_ac:1,en:1,yes,child memory,
1761,skilling,memory,1761,can childhood memories cause depression,1,1,google_ac:1,en:1,yes,child memory,
1762,skilling,memory,1762,can children use memory foam pillows,1,1,google_ac:1,en:1,yes,child memory,
1763,skilling,thinking,1763,can curiosity be bad,1,1,ddg_ac:1,en:1,yes,child curiosity,
1764,skilling,focus,1764,can focus be upgraded hollow knight,1,1,google_ac:1,en:1,yes,improve child focus,
1765,skilling,coding,1765,can i learn ai at home,1,1,google_ac:1,en:1,yes,ai for kids,
1766,skilling,coding,1766,can i learn robotics on my own,1,1,google_ac:1,en:1,yes,robotics for kids,
1767,skilling,reading,1767,can i read kids books on youtube,1,1,google_ac:1,en:1,yes,reading to kids,
1768,skilling,reading,1768,can i read my kids texts with bark,1,1,google_ac:1,en:1,yes,reading to kids,
1769,skilling,reading,1769,can i volunteer to read to kids,1,1,google_ac:1,en:1,yes,reading to kids,
1770,skilling,focus,1770,can quiet children have adhd,1,1,google_ac:1,en:1,yes,shy child,
1771,skilling,thinking,1771,can we give her a smart phone,1,1,parentune:1,en:1,yes,,
1772,skilling,school-and-study,1772,change in behavior from two months school k bare me koi baat ni btata bhut puchne pr bhi,1,1,parentune:1,hinglish:1,yes,,
1773,skilling,communication,1773,child unable to do conversations,1,1,parentune:1,en:1,yes,,
1774,skilling,communication,1774,combined studies with friends and games on laptop is that suggested,1,1,parentune:1,en:1,yes,,
1775,skilling,school-and-study,1775,confused with play home or school for nursery,1,1,parentune:1,en:1,yes,,
1776,skilling,school-and-study,1776,confused with the teaching n learning process,1,1,parentune:1,en:1,yes,,
1777,skilling,general,1777,do and don'ts of presentation,1,1,google_ac:1,en:1,yes,public speaking for kids,
1778,skilling,communication,1778,do boys develop language skills later than girls,1,1,google_ac:1,en:1,yes,child communication skills,
1779,skilling,school-and-study,1779,do children learn cursive in school,1,1,google_ac:1,en:1,yes,child learning,
1780,skilling,general,1780,do children learn from consequences,1,1,google_ac:1,en:1,yes,child learning,
1781,skilling,general,1781,do children learn from their environment,1,1,google_ac:1,en:1,yes,child learning,
1782,skilling,general,1782,do children learn from their parents,1,1,google_ac:1,en:1,yes,child learning,
1783,skilling,memory,1783,do kids with adhd have a good memory,1,1,google_ac:1,en:1,yes,child memory,
1784,skilling,general,1784,do not put your kids on acellus,1,1,reddit:1,en:1,yes,,
1785,skilling,confidence,1785,do shy kids grow out of it,1,1,google_ac:1,en:1,yes,shy child,
1786,skilling,stillness,1786,do some toddlers need less sleep,1,1,google_ac:1,en:1,yes,gifted child,
1787,skilling,coding,1787,do they make ai glasses for kids,1,1,google_ac:1,en:1,yes,ai for kids,
1788,skilling,confidence,1788,do toddlers go through a shy stage,1,1,google_ac:1,en:1,yes,shy child,
1789,skilling,reading,1789,does a child usually enjoy reading,1,1,ddg_ac:1,en:1,yes,reading to kids,
1790,skilling,feelings,1790,does peppa pig cry,1,1,google_ac:1,en:1,yes,emotional intelligence in children,
1791,skilling,general,1791,does peppa pig encourages bad behaviour,1,1,google_ac:1,en:1,yes,emotional intelligence in children,
1792,skilling,school-and-study,1792,does the child have any learning disability meaning in urdu,1,1,google_ac:1,en:1,yes,child learning,
1793,skilling,coding,1793,does youtube use ai,1,1,google_ac:1,en:1,yes,ai for kids,
1794,skilling,school-and-study,1794,dont want to go to school,1,1,parentune:1,en:1,yes,,
1795,skilling,school-and-study,1795,early school blues how to tackle,1,1,parentune:1,en:1,yes,,
1796,skilling,thinking,1796,gifted children kaun hote hain,1,1,google_ac:1,en:1,yes,gifted child,
1797,skilling,school-and-study,1797,good international school in noida,1,1,parentune:1,en:1,yes,,
1798,skilling,communication,1798,handwriting is not good dont listen,1,1,parentune:1,en:1,yes,,
1799,skilling,school-and-study,1799,he gets irritated very quickly and dont want to listen and follow instruction also loosing interest in studies,1,1,parentune:1,en:1,yes,,
1800,skilling,making,1800,he wants to play all the timea although good in studies he is 1st standard but if make him understand he argues,1,1,parentune:1,en:1,yes,,
1801,skilling,reading,1801,hello friends i am to well educated and i have a son he is 5 6year old he goes to school in cornerstone but he doesnt read taxbook or any book he learn word,1,1,parentune:1,en:1,yes,,
1802,skilling,school-and-study,1802,hello my son is 11 years old and he is loosing interest in his studies dsy by day please suggest what should i do,1,1,parentune:1,en:1,yes,,
1803,skilling,values,1803,hi i am archana i want to know how to teach discipline to a baby,1,1,parentune:1,en:1,yes,,
1804,skilling,school-and-study,1804,hi mom can any suggest me which school is best in borivali for all round devlopment please for class 1 with good review,1,1,parentune:1,en:1,yes,,
1805,skilling,reading,1805,hi my 4 year kid is not interested in coloring n writing as nursery classes have started and he is not ready to hold the crayons or pencil he wants sketch pen but for proper gripping crayons are good,1,1,parentune:1,en:1,yes,,
1806,skilling,school-and-study,1806,hi my children are gadget addicted loosing interest in studies hv no timetable dont listen,1,1,parentune:1,en:1,yes,,
1807,skilling,school-and-study,1807,hi my daughter is 6yr old in our society there are two more kids of her age boys in her school but not in same class i observed that other two kids are always interested in where is my daughter when s,1,1,parentune:1,en:1,yes,,
1808,skilling,thinking,1808,hi my son is intelligent but he never listen anybodys advice,1,1,parentune:1,en:1,yes,,
1809,skilling,focus,1809,hii i m mother of 3 5 year old daughter my daughter dont want to sit and study she always avoid learing abc or number even avoid holding pencil plz give suggestion to increase her concentration and si,1,1,parentune:1,en:1,yes,,
1810,skilling,school-and-study,1810,homework for preschool?!?!?!,1,1,reddit:1,en:1,yes,reading,
1811,skilling,coding,1811,how ai can support you for kids,1,1,ddg_ac:1,en:1,yes,ai for kids,
1812,skilling,general,1812,how baby care take,1,1,google_ac:1,en:1,yes,child learning,
1813,skilling,coding,1813,how can i teach my child how to vibe code,1,1,ddg_ac:1,en:1,yes,teach my child to code,
1814,skilling,maths,1814,how children learn maths,1,1,ddg_ac:1,en:1,yes,maths for kids,
1815,skilling,general,1815,how day care,1,1,google_ac:1,en:1,yes,child learning,
1816,skilling,memory,1816,how did memory integrity get turned off,1,1,ddg_ac:1,en:1,yes,child memory,
1817,skilling,thinking,1817,how do chess pieces move for kids,1,1,google_ac:1,en:1,yes,chess for kids,
1818,skilling,reading,1818,how do i create his interest in reading writing in my 3 yr old boy,1,1,parentune:1,en:1,yes,,
1819,skilling,general,1819,how do you explain calculus to a child,1,1,google_ac:1,en:1,yes,maths for kids,
1820,skilling,general,1820,how do you get your kids to socialize ?,1,1,reddit:1,en:1,yes,screen time learning,
1821,skilling,thinking,1821,how does a child get into the gifted program,1,1,google_ac:1,en:1,yes,gifted child,
1822,skilling,general,1822,how does child care work at ymca,1,1,google_ac:1,en:1,yes,child learning,
1823,skilling,general,1823,how does child care work in the military,1,1,google_ac:1,en:1,yes,child learning,
1824,skilling,school-and-study,1824,how does learning happen,1,1,ddg_ac:1,en:1,yes,child learning,
1825,skilling,coding,1825,how does robotics help us,1,1,google_ac:1,en:1,yes,robotics for kids,
1826,skilling,memory,1826,how far back does memory go,1,1,google_ac:1,en:1,yes,child memory,
1827,skilling,school-and-study,1827,how i compel my child to complete holidays homework,1,1,parentune:1,en:1,yes,,
1828,skilling,general,1828,how long are you on your learners,1,1,ddg_ac:1,en:1,yes,child learning,
1829,skilling,general,1829,how long child care course,1,1,google_ac:1,en:1,yes,child learning,
1830,skilling,confidence,1830,how long do shy people live,1,1,ddg_ac:1,en:1,yes,shy child,
1831,skilling,maths,1831,how long is annually in math,1,1,ddg_ac:1,en:1,yes,maths for kids,
1832,skilling,general,1832,how long is night?,1,1,reddit:1,en:1,yes,reading,
1833,skilling,school-and-study,1833,how long is too long to study,1,1,ddg_ac:1,en:1,yes,child not interested in studies,
1834,skilling,maths,1834,how long should a math ia be,1,1,ddg_ac:1,en:1,yes,maths for kids,
1835,skilling,maths,1835,how long to study mathematics,1,1,ddg_ac:1,en:1,yes,maths for kids,
1836,skilling,general,1836,how many child care centers in minnesota,1,1,google_ac:1,en:1,yes,child learning,
1837,skilling,general,1837,how many child care centres in australia,1,1,google_ac:1,en:1,yes,child learning,
1838,skilling,general,1838,how many child of ram,1,1,google_ac:1,en:1,yes,child memory,
1839,skilling,memory,1839,how many children does memory matimbire have,1,1,google_ac:1,en:1,yes,child memory,
1840,skilling,thinking,1840,how many college kids know how to play chess,1,1,ddg_ac:1,en:1,yes,chess for kids,
1841,skilling,school-and-study,1841,how many hours of learning per day,1,1,ddg_ac:1,en:1,yes,child learning,
1842,skilling,school-and-study,1842,how many hours should a child study,1,1,google_ac:1,en:1,yes,child learning,
1843,skilling,reading,1843,how many kids go to reading high school,1,1,google_ac:1,en:1,yes,reading to kids,
1844,skilling,general,1844,how many languages can a child learn,1,1,ddg_ac:1,en:1,yes,child learning,
1845,skilling,general,1845,how many players sky children of the light,1,1,google_ac:1,en:1,yes,shy child,
1846,skilling,reading,1846,how many times did bush read to kids,1,1,google_ac:1,en:1,yes,reading to kids,
1847,skilling,coding,1847,how many type of coding,1,1,ddg_ac:1,en:1,yes,coding for kids,
1848,skilling,communication,1848,how many types of public speaking,1,1,ddg_ac:1,en:1,yes,public speaking for kids,
1849,skilling,general,1849,how much are childcare vouchers worth,1,1,google_ac:1,en:1,yes,child creativity,
1850,skilling,general,1850,how much child care tax credit 2025,1,1,google_ac:1,en:1,yes,child learning,
1851,skilling,general,1851,how much do learners cost,1,1,ddg_ac:1,en:1,yes,child learning,
1852,skilling,thinking,1852,how much does curiosity weigh,1,1,ddg_ac:1,en:1,yes,child curiosity,
1853,skilling,coding,1853,how much does it cost for ai,1,1,ddg_ac:1,en:1,yes,ai for kids,
1854,skilling,general,1854,how much gift card for kid birthday,1,1,google_ac:1,en:1,yes,child creativity,
1855,skilling,school-and-study,1855,how much have i spent on learning,1,1,ddg_ac:1,en:1,yes,child learning,
1856,skilling,school-and-study,1856,how much incidental learning child age 4,1,1,ddg_ac:1,en:1,yes,child learning,
1857,skilling,maths,1857,how much math is there,1,1,ddg_ac:1,en:1,yes,maths for kids,
1858,skilling,reading,1858,how much reading is recommended per day,1,1,ddg_ac:1,en:1,yes,reading to kids,
1859,skilling,coding,1859,how much time to learn ai,1,1,ddg_ac:1,en:1,yes,ai for kids,
1860,skilling,reading,1860,how much to pay kids for reading,1,1,google_ac:1,en:1,yes,reading to kids,
1861,skilling,coding,1861,how to ai generate kids,1,1,google_ac:1,en:1,yes,ai for kids,
1862,skilling,confidence,1862,how to build confidence in baby to walk,1,1,google_ac:1,en:1,yes,how to build confidence in child,
1863,skilling,focus,1863,how to change child's education focus ck3,1,1,google_ac:1,en:1,yes,improve child focus,
1864,skilling,values,1864,how to develop good manners and importance of time in child,1,1,parentune:1,en:1,yes,,
1865,skilling,maths,1865,how to develop interest in maths,1,1,parentune:1,en:1,yes,,
1866,skilling,values,1866,how to discipline my 7 year old child n stop his back answering,1,1,parentune:1,en:1,yes,,
1867,skilling,creativity,1867,how to do creative kids cross stitch fun,1,1,google_ac:1,en:1,yes,child creativity,
1868,skilling,general,1868,how to enhance her skills,1,1,parentune:1,en:1,yes,,
1869,skilling,general,1869,how to explain the concept of danger and death?,1,1,reddit:1,en:1,yes,focus,
1870,skilling,values,1870,how to find out if your child is telling a lie and how to respond when you are not sure whether she is telling truth or lies,1,1,parentune:1,en:1,yes,,
1871,skilling,coding,1871,how to get code for kids nursery,1,1,google_ac:1,en:1,yes,coding for kids,
1872,skilling,values,1872,how to get my child stop lying,1,1,parentune:1,en:1,yes,,
1873,skilling,coding,1873,how to get registration code for kids smart watch,1,1,google_ac:1,en:1,yes,coding for kids,
1874,skilling,coding,1874,how to get share code for kids,1,1,google_ac:1,en:1,yes,coding for kids,
1875,skilling,general,1875,how to gift child robux,1,1,google_ac:1,en:1,yes,gifted child,
1876,skilling,general,1876,how to help embarrassed child,1,1,google_ac:1,en:1,yes,shy child,
1877,skilling,confidence,1877,how to help my shy daughter make friends,1,1,google_ac:1,en:1,yes,shy child,
1878,skilling,confidence,1878,how to help my toddler deal with bullies,1,1,reddit:1,en:1,yes,concentration,
1879,skilling,school-and-study,1879,how to help them in learning,1,1,parentune:1,en:1,yes,,
1880,skilling,general,1880,how to improve eq in children,1,1,google_ac:1,en:1,yes,emotional intelligence in children,
1881,skilling,communication,1881,how to improve listening skills and communication skills es,1,1,parentune:1,en:1,yes,,
1882,skilling,communication,1882,how to increase her english vocabulary besides books to make her english good,1,1,parentune:1,en:1,yes,,
1883,skilling,reading,1883,how to instill a reading habit in kids mine is 2 yrs,1,1,parentune:1,en:1,yes,,
1884,skilling,coding,1884,how to introduce artificial intelligence,1,1,google_ac:1,en:1,yes,ai for kids,
1885,skilling,general,1885,how to introduce yourself to a child,1,1,google_ac:1,en:1,yes,ai for kids,
1886,skilling,general,1886,how to know baby development in womb,1,1,google_ac:1,en:1,yes,child learning,
1887,skilling,coding,1887,how to learn ai step by step,1,1,google_ac:1,en:1,yes,ai for kids,
1888,skilling,confidence,1888,how to make a child independent and more close to his parents,1,1,parentune:1,en:1,yes,,
1889,skilling,confidence,1889,how to make a child write independently,1,1,parentune:1,en:1,yes,,
1890,skilling,memory,1890,how to make a child's memory box,1,1,google_ac:1,en:1,yes,child memory,
1891,skilling,focus,1891,how to make child focused sims 4,1,1,google_ac:1,en:1,yes,improve child focus,
1892,skilling,creativity,1892,how to make creative kids nano crafts,1,1,google_ac:1,en:1,yes,child creativity,
1893,skilling,making,1893,how to make study interesting and how can make distance from tv,1,1,parentune:1,en:1,yes,,
1894,skilling,general,1894,how to program for kids,1,1,google_ac:1,en:1,yes,coding for kids,
1895,skilling,creativity,1895,how to raise a creative child adam grant,1,1,google_ac:1,en:1,yes,child creativity,
1896,skilling,general,1896,how to say child in japanese,1,1,ddg_ac:1,en:1,yes,shy child,
1897,skilling,general,1897,how to say children with disabilities,1,1,ddg_ac:1,en:1,yes,shy child,
1898,skilling,values,1898,how to show gratitude to parents,1,1,google_ac:1,en:1,yes,teach kids gratitude,
1899,skilling,school-and-study,1899,how to start a habit of learning in the child if his age is 10 years,1,1,parentune:1,en:1,yes,,
1900,skilling,general,1900,how to start geocaching with kids,1,1,google_ac:1,en:1,yes,reading to kids,
1901,skilling,school-and-study,1901,how to take studies at home,1,1,parentune:1,en:1,yes,,
1902,skilling,communication,1902,how to talk to my child's pre-k teacher about screens in the classroom,1,1,reddit:1,en:1,yes,,
1903,skilling,confidence,1903,how to teach a 1 and a half boy to drink milk independently,1,1,parentune:1,en:1,yes,,
1904,skilling,general,1904,how to teach child with developmental delay,1,1,google_ac:1,en:1,yes,child learning,
1905,skilling,general,1905,how to teach children calligraphy,1,1,google_ac:1,en:1,yes,child handwriting,
1906,skilling,values,1906,how to teach kids about thanksgiving,1,1,google_ac:1,en:1,yes,teach kids gratitude,
1907,skilling,maths,1907,how to teach maths to kids online,1,1,google_ac:1,en:1,yes,maths for kids,
1908,skilling,general,1908,how to teach self defence,1,1,parentune:1,en:1,yes,,
1909,skilling,school-and-study,1909,how to tell if a child has learning difficulties,1,1,google_ac:1,en:1,yes,child learning,
1910,skilling,memory,1910,how to test children's memory,1,1,google_ac:1,en:1,yes,child memory,
1911,skilling,school-and-study,1911,how we motivate to child for studies,1,1,parentune:1,en:1,yes,,
1912,skilling,memory,1912,how your brain works for kids,1,1,ddg_ac:1,en:1,yes,brain development activities for kids,
1913,skilling,making,1913,hw to make her to do homework she just dont like,1,1,parentune:1,en:1,yes,,
1914,skilling,confidence,1914,i am first time mom my baby is 3 days shy to 4months and her head is still wobly when i make her to sit with support she is able to turn her head and lift her head during tummy time and she is turning,1,1,parentune:1,en:1,yes,,
1915,skilling,school-and-study,1915,i hv taken admission of my sons in international school 1st he was studying in cbse he is very good in studies bt now in his new school he is nt studying wel,1,1,parentune:1,en:1,yes,,
1916,skilling,general,1916,is a cruise good for kids,1,1,google_ac:1,en:1,yes,ai for kids,
1917,skilling,values,1917,is a kindle good for kids,1,1,google_ac:1,en:1,yes,ai for kids,
1918,skilling,general,1918,is a sauna good for kids,1,1,google_ac:1,en:1,yes,ai for kids,
1919,skilling,general,1919,is a vr good for kids,1,1,google_ac:1,en:1,yes,ai for kids,
1920,skilling,coding,1920,is ai slope bad for kids,1,1,google_ac:1,en:1,yes,ai for kids,
1921,skilling,general,1921,is attack on titan for 11 year olds,1,1,google_ac:1,en:1,yes,ai for kids,
1922,skilling,general,1922,is bad handwriting a sign of genius,1,1,google_ac:1,en:1,yes,child handwriting,
1923,skilling,maths,1923,is basic maths easy or standard maths,1,1,ddg_ac:1,en:1,yes,maths for kids,
1924,skilling,communication,1924,is beckbrojack kid friendly,1,1,google_ac:1,en:1,yes,ai for kids,
1925,skilling,confidence,1925,is being shy childish,1,1,google_ac:1,en:1,yes,shy child,
1926,skilling,school-and-study,1926,is buddy for study safe,1,1,google_ac:1,en:1,yes,ai for kids,
1927,skilling,coding,1927,is candy ai safe for kids,1,1,google_ac:1,en:1,yes,ai for kids,
1928,skilling,thinking,1928,is central intelligence appropriate for 11 year olds,1,1,google_ac:1,en:1,yes,ai for kids,
1929,skilling,thinking,1929,is chatgpt bad for critical thinking,1,1,google_ac:1,en:1,yes,kids critical thinking,
1930,skilling,thinking,1930,is chess haram for kids,1,1,google_ac:1,en:1,yes,chess for kids,
1931,skilling,general,1931,is child care free in new mexico,1,1,google_ac:1,en:1,yes,child learning,
1932,skilling,general,1932,is child care free in nyc,1,1,google_ac:1,en:1,yes,child learning,
1933,skilling,memory,1933,is children of memory a sequel,1,1,google_ac:1,en:1,yes,child memory,
1934,skilling,creativity,1934,is cocomelon bad for child creativity,1,1,ddg_ac:1,en:1,yes,child creativity,
1935,skilling,general,1935,is cod for kids,1,1,ddg_ac:1,en:1,yes,coding for kids,
1936,skilling,coding,1936,is code ninjas good for kids,1,1,google_ac:1,en:1,yes,coding for kids,
1937,skilling,coding,1937,is code org good for kids,1,1,google_ac:1,en:1,yes,coding for kids,
1938,skilling,thinking,1938,is critical thinking taught in schools,1,1,ddg_ac:1,en:1,yes,kids critical thinking,
1939,skilling,feelings,1939,is emotional intelligence really intelligence,1,1,ddg_ac:1,en:1,yes,emotional intelligence in children,
1940,skilling,thinking,1940,is gifted child genetic,1,1,google_ac:1,en:1,yes,gifted child,
1941,skilling,thinking,1941,is gifted child quarterly peer reviewed,1,1,google_ac:1,en:1,yes,gifted child,
1942,skilling,thinking,1942,is gifted children comes under cwsn,1,1,google_ac:1,en:1,yes,gifted child,
1943,skilling,thinking,1943,is gifted considered special education,1,1,google_ac:1,en:1,yes,gifted child,
1944,skilling,reading,1944,is hooked on phonics orton gillingham,1,1,google_ac:1,en:1,yes,phonics for kids,
1945,skilling,coding,1945,is it ai quiz for kids,1,1,ddg_ac:1,en:1,yes,ai for kids,
1946,skilling,general,1946,is it normal to want to quit?,1,1,reddit:1,en:1,yes,learn to read,
1947,skilling,maths,1947,is olympiad math useful,1,1,google_ac:1,en:1,yes,maths for kids,
1948,skilling,school-and-study,1948,is online high school actually worth it?,1,1,reddit:1,en:1,yes,,
1949,skilling,general,1949,is peppa pig bad for your child,1,1,google_ac:1,en:1,yes,emotional intelligence in children,
1950,skilling,general,1950,is poor handwriting a sign of autism,1,1,google_ac:1,en:1,yes,child handwriting,
1951,skilling,maths,1951,is prodigy math safe for kids,1,1,google_ac:1,en:1,yes,maths for kids,
1952,skilling,reading,1952,is reading festival safe,1,1,google_ac:1,en:1,yes,reading to kids,
1953,skilling,reading,1953,is reading pa safe,1,1,google_ac:1,en:1,yes,reading to kids,
1954,skilling,reading,1954,is reading safer than london,1,1,google_ac:1,en:1,yes,reading to kids,
1955,skilling,coding,1955,is rosebud ai safe for kids,1,1,google_ac:1,en:1,yes,ai for kids,
1956,skilling,feelings,1956,is sky children of the light sad,1,1,ddg_ac:1,en:1,yes,shy child,
1957,skilling,coding,1957,is sophia robot dangerous,1,1,google_ac:1,en:1,yes,child curiosity,
1958,skilling,general,1958,kids ki handwriting kaise sudhare,1,1,google_ac:1,en:1,yes,child handwriting,
1959,skilling,school-and-study,1959,learning bad thoughts from people around,1,1,parentune:1,en:1,yes,,
1960,skilling,reading,1960,maam my daughter is in k g she tries to understand phonics like bat cat but easily confused help me,1,1,parentune:1,en:1,yes,,
1961,skilling,maths,1961,math flash master recommendation?,1,1,reddit:1,en:1,yes,,
1962,skilling,school-and-study,1962,mera beta 20 year ka hai uska man study me nhi lagta kya kru,1,1,parentune:1,hinglish:1,yes,,
1963,skilling,school-and-study,1963,mera beta bht jiddi ho gya h actually me joint family me rhti hu or ye eklota bachha h iss wajah se isko laad pyar jarurat se jyada mil rha h samjh nhi aa rha me kya kru mera beta studies me bht achhh,1,1,parentune:1,hinglish:1,yes,,
1964,skilling,stillness,1964,my 2 years and 8 months old is still not very social with other children...is something wrong?,1,1,reddit:1,en:1,yes,shy,
1965,skilling,focus,1965,my 8years old son is very casual he does not focus on one thing he gets distracted very soon he will start up a work but without finishing he starts next,1,1,parentune:1,en:1,yes,,
1966,skilling,maths,1966,my 9 yrs son is very much weak in maths he has a fobia in maths how can we recover from this problem,1,1,parentune:1,en:1,yes,,
1967,skilling,making,1967,my boy is 2 7 years old his weight is only 10 kg he dont eat anything little bit with phone only how i can make him eat without phone how to improve his di,1,1,parentune:1,en:1,yes,,
1968,skilling,reading,1968,my child id reading beautifully but cannot understand most of what he reads,1,1,parentune:1,en:1,yes,,
1969,skilling,focus,1969,my child is 9 yr old he studies in 3 class actually he is hyperactive he jumps from one task to another he never completes a tasks,1,1,parentune:1,en:1,yes,,
1970,skilling,school-and-study,1970,my child is extremely slow and reluctant to write anything he knows every answer but just does not write in exam if he writes he is very slow,1,1,parentune:1,en:1,yes,,
1971,skilling,general,1971,my child is not learn his syllabus fast he take 1hour for two ques,1,1,parentune:1,en:1,yes,,
1972,skilling,school-and-study,1972,my child is not serious about school homework and daily activities,1,1,parentune:1,en:1,yes,,
1973,skilling,thinking,1973,my daughter aarna behaves very dumb in crowd she is vry sharp n intelligent but no response in public,1,1,parentune:1,en:1,yes,,
1974,skilling,school-and-study,1974,my daughter age is 6year and 2 months she is not giving her consindration to her studies,1,1,parentune:1,en:1,yes,,
1975,skilling,confidence,1975,my daughter is 4 yrs old she is very shy in front of many people i e family functions etc and emotionally weak,1,1,parentune:1,en:1,yes,,
1976,skilling,reading,1976,my daughter is 7 years n i use to teach my daughter in a playful manner but while teaching her i started discovering that she knows her answer n spellings very well but when it comes to writting she g,1,1,parentune:1,en:1,yes,,
1977,skilling,memory,1977,my daughter is 9 yr but she forget her studies she cant understand questions answers,1,1,parentune:1,en:1,yes,,
1978,skilling,creativity,1978,my daughter is got a really messy hand writing and a slow writer how am i to improve her hand writing and improve her speed,1,1,parentune:1,en:1,yes,,
1979,skilling,school-and-study,1979,my elder son never want to do study,1,1,parentune:1,en:1,yes,,
1980,skilling,school-and-study,1980,my homeschool teen wants WGU…anyone do gen eds on Study.com (or similar) first or just do them there?,1,1,reddit:1,en:1,yes,,
1981,skilling,communication,1981,my son doesnt show interest in studies he is about 4 yrs how to tackle this situation he does his home work if his friend is with him otherwise he doesnt,1,1,parentune:1,en:1,yes,,
1982,skilling,school-and-study,1982,my son dont like to study atall yesterday i got his marksheet and in every subjet he get below average grade what should i do,1,1,parentune:1,en:1,yes,,
1983,skilling,school-and-study,1983,my son dont study,1,1,parentune:1,en:1,yes,,
1984,skilling,memory,1984,my son have a very sharp brainhe have interest in playing with gadgetsalso he quickly learn anything but he doesnt show interest in studying,1,1,parentune:1,en:1,yes,,
1985,skilling,reading,1985,my son in 2nd std in cbse aylabs but he coudnt read english students from his clas are read text book but my son cant what i do,1,1,parentune:1,en:1,yes,,
1986,skilling,reading,1986,my son is 8 years old he is completely depend either on me or my mom to get readypacking his school bag etc how to guide him,1,1,parentune:1,en:1,yes,,
1987,skilling,focus,1987,my son is 8 yrs old its very hard to make him sit and concentrate he hardly sits for few minutes at one place what would you recommend,1,1,parentune:1,en:1,yes,,
1988,skilling,memory,1988,my son is 9 yrs old he takes a lot of time in memorising question answers in subjects pls give tips how to make him learn quicky,1,1,parentune:1,en:1,yes,,
1989,skilling,school-and-study,1989,my son is not able to study according to the timetable made by himself,1,1,parentune:1,en:1,yes,,
1990,skilling,school-and-study,1990,my son is not interested in study he is in 3rd class he is 8 yrs old wht should i do,1,1,parentune:1,en:1,yes,,
1991,skilling,school-and-study,1991,my son is not taking interest in studies after so many pushes from our behalf,1,1,parentune:1,en:1,yes,,
1992,skilling,confidence,1992,my son is shy and not confident in mixing with other children of neighborhood but he is active in home and with his twin sister how can i motivate him to go and play with other children,1,1,parentune:1,en:1,yes,,
1993,skilling,communication,1993,my son is very shy doesnt talk when there are many people in class he is silent at home he doesnt listen to me i will beat him then he does work,1,1,parentune:1,en:1,yes,,
1994,skilling,focus,1994,my son keeps comparing with his younger sister and is losing his focus on studies he is otherwise very intelligent and scores good marks when he concentrates,1,1,parentune:1,en:1,yes,,
1995,skilling,confidence,1995,no independent walk yet,1,1,parentune:1,en:1,yes,,
1996,skilling,school-and-study,1996,no interaction in the school,1,1,parentune:1,en:1,yes,,
1997,skilling,school-and-study,1997,not at all writing in exams,1,1,parentune:1,en:1,yes,,
1998,skilling,school-and-study,1998,not going to school after few months,1,1,parentune:1,en:1,yes,,
1999,skilling,school-and-study,1999,not interested in study dont want to sit on one place,1,1,parentune:1,en:1,yes,,
2000,skilling,communication,2000,not listening anything 6 years old boy,1,1,parentune:1,en:1,yes,,
2001,skilling,general,2001,"pinworms tearing family apart, please help",1,1,reddit:1,en:1,yes,shy,
2002,skilling,coding,2002,polybuzz ai is it safe for kids,1,1,ddg_ac:1,en:1,yes,ai for kids,
2003,skilling,reading,2003,reading what to do with kids,1,1,google_ac:1,en:1,yes,reading to kids,
2004,skilling,school-and-study,2004,"self homeschooling, any tips.",1,1,reddit:1,en:1,yes,coding,
2005,skilling,coding,2005,should ai be banned,1,1,google_ac:1,en:1,yes,ai for kids,
2006,skilling,coding,2006,should everyone learn to code,1,1,ddg_ac:1,en:1,yes,teach my child to code,
2007,skilling,thinking,2007,should gifted students be accelerated,1,1,google_ac:1,en:1,yes,gifted child,
2008,skilling,thinking,2008,should gifted students be in separate classrooms,1,1,google_ac:1,en:1,yes,gifted child,
2009,skilling,reading,2009,should i read just kids by patti smith,1,1,google_ac:1,en:1,yes,reading to kids,
2010,skilling,feelings,2010,should schools teach emotional intelligence,1,1,ddg_ac:1,en:1,yes,emotional intelligence in children,
2011,skilling,values,2011,should values be taught why,1,1,ddg_ac:1,en:1,yes,teach child values,
2012,skilling,general,2012,should you always play with your child,1,1,google_ac:1,en:1,yes,child learning,
2013,skilling,confidence,2013,should you push a shy child,1,1,google_ac:1,en:1,yes,shy child,
2014,skilling,thinking,2014,smart kid but dont want to study n eat,1,1,parentune:1,en:1,yes,,
2015,skilling,school-and-study,2015,something bad happening or just a kid wanting to leave school early? how to tell??,1,1,reddit:1,en:1,yes,shy,
2016,skilling,communication,2016,son not interested in conversation age 3 5 yrs,1,1,parentune:1,en:1,yes,,
2017,skilling,school-and-study,2017,tips to be active in school,1,1,parentune:1,en:1,yes,,
2018,skilling,memory,2018,unable to memorise numbers,1,1,parentune:1,en:1,yes,,
2019,skilling,general,2019,"what ""legal"" things should I have in place for my child?",1,1,reddit:1,en:1,yes,concentration,
2020,skilling,general,2020,what age can a child use safety scissors,1,1,google_ac:1,en:1,yes,maths for kids,
2021,skilling,reading,2021,what age can kids read their own name,1,1,google_ac:1,en:1,yes,when should kids start reading,
2022,skilling,reading,2022,what age should kids read goosebumps,1,1,google_ac:1,en:1,yes,when should kids start reading,
2023,skilling,reading,2023,what am i reading,1,1,ddg_ac:1,en:1,yes,reading to kids,
2024,skilling,general,2024,what are child care costs uc,1,1,google_ac:1,en:1,yes,child learning,
2025,skilling,communication,2025,what are pro social skills in children,1,1,google_ac:1,en:1,yes,child communication skills,
2026,skilling,reading,2026,what are some phonics activities,1,1,google_ac:1,en:1,yes,phonics for kids,
2027,skilling,values,2027,what are the values that a child learns in a family class 4,1,1,google_ac:1,en:1,yes,teach child values,
2028,skilling,reading,2028,what books to read to kids,1,1,google_ac:1,en:1,yes,reading to kids,
2029,skilling,general,2029,what concepts should a 3 year old know,1,1,google_ac:1,en:1,yes,teach child values,
2030,skilling,thinking,2030,what did curiosity find on mars,1,1,ddg_ac:1,en:1,yes,child curiosity,
2031,skilling,memory,2031,what does childhood memory unlocked mean,1,1,google_ac:1,en:1,yes,child memory,
2032,skilling,maths,2032,what does e mean in maths for kids,1,1,google_ac:1,en:1,yes,maths for kids,
2033,skilling,maths,2033,what does evaluate mean in maths for kids,1,1,google_ac:1,en:1,yes,maths for kids,
2034,skilling,maths,2034,what does factor mean in maths for kids,1,1,google_ac:1,en:1,yes,maths for kids,
2035,skilling,general,2035,what does k.i.d stand for,1,1,google_ac:1,en:1,yes,maths for kids,
2036,skilling,maths,2036,what does math stand for,1,1,google_ac:1,en:1,yes,maths for kids,
2037,skilling,maths,2037,what does mode mean in maths for kids,1,1,google_ac:1,en:1,yes,maths for kids,
2038,skilling,general,2038,what does phonetic mean for kids,1,1,google_ac:1,en:1,yes,phonics for kids,
2039,skilling,maths,2039,what does product mean in maths for kids,1,1,google_ac:1,en:1,yes,maths for kids,
2040,skilling,maths,2040,what does range mean in maths for kids,1,1,google_ac:1,en:1,yes,maths for kids,
2041,skilling,maths,2041,what does ratio mean in maths for kids,1,1,google_ac:1,en:1,yes,maths for kids,
2042,skilling,general,2042,what font looks like child handwriting,1,1,ddg_ac:1,en:1,yes,child handwriting,
2043,skilling,thinking,2043,what happens when gifted students are not challenged,1,1,google_ac:1,en:1,yes,gifted child,
2044,skilling,general,2044,what is a child on the spectrum,1,1,google_ac:1,en:1,yes,gifted child,
2045,skilling,maths,2045,what is abacus training for kids,1,1,google_ac:1,en:1,yes,abacus for kids,
2046,skilling,coding,2046,what is agentic ai simple explanation,1,1,google_ac:1,en:1,yes,ai for kids,
2047,skilling,coding,2047,what is ai slides,1,1,google_ac:1,en:1,yes,ai for kids,
2048,skilling,maths,2048,what is array in maths for kids,1,1,google_ac:1,en:1,yes,maths for kids,
2049,skilling,school-and-study,2049,what is baby learning,1,1,google_ac:1,en:1,yes,child learning,
2050,skilling,general,2050,what is child care assistance in ohio,1,1,google_ac:1,en:1,yes,child learning,
2051,skilling,general,2051,what is child care assistance program ccap,1,1,google_ac:1,en:1,yes,child learning,
2052,skilling,general,2052,what is child care cost in universal credit,1,1,google_ac:1,en:1,yes,child learning,
2053,skilling,general,2053,what is child care provider salary,1,1,google_ac:1,en:1,yes,child learning,
2054,skilling,general,2054,what is child care providers united,1,1,google_ac:1,en:1,yes,child learning,
2055,skilling,general,2055,what is child care worker,1,1,google_ac:1,en:1,yes,child learning,
2056,skilling,school-and-study,2056,what is child directed learning,1,1,google_ac:1,en:1,yes,child learning,
2057,skilling,general,2057,what is child education allowance,1,1,google_ac:1,en:1,yes,child learning,
2058,skilling,school-and-study,2058,what is child learning and development,1,1,google_ac:1,en:1,yes,child learning,
2059,skilling,general,2059,what is childhood experiences,1,1,google_ac:1,en:1,yes,child curiosity,
2060,skilling,memory,2060,what is children of memory about,1,1,google_ac:1,en:1,yes,child memory,
2061,skilling,general,2061,what is colorado child care assistance program,1,1,google_ac:1,en:1,yes,child learning,
2062,skilling,creativity,2062,what is creative freedom in early childhood,1,1,google_ac:1,en:1,yes,child creativity,
2063,skilling,thinking,2063,what is critical period in child development,1,1,google_ac:1,en:1,yes,kids critical thinking,
2064,skilling,feelings,2064,what is emotional development in child development,1,1,google_ac:1,en:1,yes,emotional intelligence in children,
2065,skilling,coding,2065,what is generative ai simple explanation,1,1,google_ac:1,en:1,yes,ai for kids,
2066,skilling,general,2066,what is going on at 4?,1,1,reddit:1,en:1,yes,reading,
2067,skilling,general,2067,what is home child care provider pilot,1,1,google_ac:1,en:1,yes,child learning,
2068,skilling,maths,2068,what is i maths,1,1,ddg_ac:1,en:1,yes,maths for kids,
2069,skilling,school-and-study,2069,what is kids learning tube,1,1,google_ac:1,en:1,yes,child learning,
2070,skilling,school-and-study,2070,what is kids learning ville,1,1,google_ac:1,en:1,yes,child learning,
2071,skilling,maths,2071,what is maths in early years,1,1,ddg_ac:1,en:1,yes,maths for kids,
2072,skilling,stillness,2072,what is mindful coloring for kids,1,1,google_ac:1,en:1,yes,kids mindfulness,
2073,skilling,stillness,2073,what is mindful eating for kids,1,1,google_ac:1,en:1,yes,kids mindfulness,
2074,skilling,maths,2074,what is monkey math for kids,1,1,google_ac:1,en:1,yes,maths for kids,
2075,skilling,coding,2075,what is my age ai,1,1,google_ac:1,en:1,yes,ai for kids,
2076,skilling,general,2076,what is nj child care assistance program,1,1,google_ac:1,en:1,yes,child learning,
2077,skilling,maths,2077,what is normal in maths,1,1,ddg_ac:1,en:1,yes,maths for kids,
2078,skilling,maths,2078,what is prism in maths for kids,1,1,google_ac:1,en:1,yes,maths for kids,
2079,skilling,coding,2079,what is robotics course,1,1,google_ac:1,en:1,yes,robotics for kids,
2080,skilling,general,2080,what is sbi child education plan,1,1,google_ac:1,en:1,yes,child learning,
2081,skilling,maths,2081,what is tally in maths for kids,1,1,google_ac:1,en:1,yes,maths for kids,
2082,skilling,maths,2082,what is vedic maths and abacus,1,1,google_ac:1,en:1,yes,vedic maths kids,
2083,skilling,coding,2083,what is video coding,1,1,google_ac:1,en:1,yes,coding for kids,
2084,skilling,general,2084,what is your early childhood hot take?,1,1,reddit:1,en:1,yes,,
2085,skilling,maths,2085,what kind of math do kindergarteners do,1,1,google_ac:1,en:1,yes,maths for kids,
2086,skilling,general,2086,what life lessons should every child learn,1,1,google_ac:1,en:1,yes,teach child values,
2087,skilling,general,2087,what makes a child embarrassed,1,1,google_ac:1,en:1,yes,shy child,
2088,skilling,creativity,2088,what music is good for baby brain development,1,1,google_ac:1,en:1,yes,brain development activities for kids,
2089,skilling,focus,2089,what not to do with a child with adhd,1,1,google_ac:1,en:1,yes,chess for kids,
2090,skilling,thinking,2090,what percentage of gifted children are 2e,1,1,ddg_ac:1,en:1,yes,gifted child,
2091,skilling,general,2091,what qualifies for child care assistance,1,1,google_ac:1,en:1,yes,child learning,
2092,skilling,school-and-study,2092,what to do if you can't get your child to school,1,1,google_ac:1,en:1,yes,child not interested in studies,
2093,skilling,thinking,2093,what to do when your gifted child is bored in school,1,1,google_ac:1,en:1,yes,gifted child,
2094,skilling,school-and-study,2094,what to wear for school,1,1,parentune:1,en:1,yes,,
2095,skilling,general,2095,what type of daycare is best,1,1,google_ac:1,en:1,yes,child learning,
2096,skilling,thinking,2096,when are gifted students identified,1,1,google_ac:1,en:1,yes,gifted child,
2097,skilling,school-and-study,2097,when did learning at work week start,1,1,ddg_ac:1,en:1,yes,child learning,
2098,skilling,school-and-study,2098,when did learning become a noun,1,1,ddg_ac:1,en:1,yes,child learning,
2099,skilling,school-and-study,2099,when did learning curve take over white rose,1,1,ddg_ac:1,en:1,yes,child learning,
2100,skilling,school-and-study,2100,when did learning disabilities first appear,1,1,ddg_ac:1,en:1,yes,child learning,
2101,skilling,memory,2101,when did memory of a killer come out,1,1,ddg_ac:1,en:1,yes,child memory,
2102,skilling,memory,2102,when did memory shortage start,1,1,ddg_ac:1,en:1,yes,child memory,
2103,skilling,memory,2103,when did memory skin release piggy,1,1,ddg_ac:1,en:1,yes,child memory,
2104,skilling,confidence,2104,when did the children shy away from the chair,1,1,google_ac:1,en:1,yes,shy child,
2105,skilling,reading,2105,when do kids read diary of anne frank,1,1,google_ac:1,en:1,yes,when should kids start reading,
2106,skilling,reading,2106,when do kids start reading cvc words,1,1,google_ac:1,en:1,yes,when should kids start reading,
2107,skilling,reading,2107,when do kids start reading junie b jones,1,1,google_ac:1,en:1,yes,when should kids start reading,
2108,skilling,maths,2108,when do you learn basic math,1,1,ddg_ac:1,en:1,yes,maths for kids,
2109,skilling,reading,2109,when does reading clock for kids,1,1,google_ac:1,en:1,yes,reading to kids,
2110,skilling,general,2110,when does the joy of parenting start?,1,1,reddit:1,en:1,yes,shy,
2111,skilling,thinking,2111,when gifted kids don't have all the answers,1,1,ddg_ac:1,en:1,yes,gifted child,
2112,skilling,maths,2112,when is maths day,1,1,ddg_ac:1,en:1,yes,maths for kids,
2113,skilling,reading,2113,when should children stop writing letters backwards,1,1,google_ac:1,en:1,yes,child handwriting,
2114,skilling,general,2114,when should i call kids helpline,1,1,google_ac:1,en:1,yes,ai for kids,
2115,skilling,general,2115,when should i renew kids passport,1,1,google_ac:1,en:1,yes,ai for kids,
2116,skilling,school-and-study,2116,when should my child start school,1,1,ddg_ac:1,en:1,yes,child learning,
2117,skilling,school-and-study,2117,when should you complete a learning activity,1,1,ddg_ac:1,en:1,yes,child learning,
2118,skilling,general,2118,where children learn,1,1,google_ac:1,en:1,yes,child learning,
2119,skilling,thinking,2119,where did curiosity killed the cat come from,1,1,ddg_ac:1,en:1,yes,child curiosity,
2120,skilling,school-and-study,2120,where did learning styles come from,1,1,ddg_ac:1,en:1,yes,child learning,
2121,skilling,coding,2121,where has ai been used,1,1,google_ac:1,en:1,yes,ai for kids,
2122,skilling,general,2122,where is my child,1,1,ddg_ac:1,en:1,yes,shy child,
2123,skilling,general,2123,where is my child on the growth chart,1,1,ddg_ac:1,en:1,yes,shy child,
2124,skilling,general,2124,where is my child support,1,1,ddg_ac:1,en:1,yes,shy child,
2125,skilling,general,2125,where is my child tax credit 2024,1,1,ddg_ac:1,en:1,yes,shy child,
2126,skilling,general,2126,where is my child trust fund,1,1,ddg_ac:1,en:1,yes,shy child,
2127,skilling,school-and-study,2127,where is the child learning center,1,1,google_ac:1,en:1,yes,child learning,
2128,skilling,general,2128,where to donate used children's toys near me,1,1,google_ac:1,en:1,yes,abacus for kids,
2129,skilling,coding,2129,where to start learning about ai reddit,1,1,google_ac:1,en:1,yes,ai for kids,
2130,skilling,coding,2130,which ai is better,1,1,google_ac:1,en:1,yes,ai for kids,
2131,skilling,school-and-study,2131,which curriculum to follow,1,1,parentune:1,en:1,yes,,
2132,skilling,coding,2132,which programming language for kids,1,1,google_ac:1,en:1,yes,coding for kids,
2133,skilling,general,2133,who am i activity for kids,1,1,google_ac:1,en:1,yes,ai for kids,
2134,skilling,communication,2134,who is ram charan best friend,1,1,google_ac:1,en:1,yes,child memory,
2135,skilling,values,2135,who is responsible for a child's education,1,1,google_ac:1,en:1,yes,child learning,
2136,skilling,thinking,2136,who is the father of intelligence,1,1,google_ac:1,en:1,yes,emotional intelligence in children,
2137,skilling,maths,2137,why abacus is bad,1,1,google_ac:1,en:1,yes,abacus for kids,
2138,skilling,general,2138,why am i good with kids,1,1,google_ac:1,en:1,yes,ai for kids,
2139,skilling,thinking,2139,why am i not a gifted child,1,1,google_ac:1,en:1,yes,gifted child,
2140,skilling,thinking,2140,why are baby seals so curious,1,1,google_ac:1,en:1,yes,child curiosity,
2141,skilling,general,2141,why are toddlers so funny,1,1,google_ac:1,en:1,yes,child curiosity,
2142,skilling,general,2142,why career day,1,1,google_ac:1,en:1,yes,child learning,
2143,skilling,general,2143,why child welfare,1,1,google_ac:1,en:1,yes,child learning,
2144,skilling,general,2144,why daycare is bad,1,1,google_ac:1,en:1,yes,child learning,
2145,skilling,coding,2145,why did ai have kids with hikaru,1,1,google_ac:1,en:1,yes,ai for kids,
2146,skilling,maths,2146,why do abacus kids shake hands,1,1,google_ac:1,en:1,yes,abacus for kids,
2147,skilling,values,2147,why do children learn to lie,1,1,google_ac:1,en:1,yes,child learning,
2148,skilling,communication,2148,why do children learn to speak,1,1,google_ac:1,en:1,yes,child learning,
2149,skilling,communication,2149,why do children need social skills,1,1,google_ac:1,en:1,yes,child communication skills,
2150,skilling,thinking,2150,why do gifted children have anxiety,1,1,google_ac:1,en:1,yes,gifted child,
2151,skilling,thinking,2151,why do gifted kids procrastination,1,1,google_ac:1,en:1,yes,gifted child,
2152,skilling,general,2152,why do people have such issues with breastfeeding?,1,1,reddit:1,en:1,yes,confidence,
2153,skilling,values,2153,why do schools have values,1,1,ddg_ac:1,en:1,yes,teach child values,
2154,skilling,general,2154,why do toddlers get obsessed with things,1,1,google_ac:1,en:1,yes,child curiosity,
2155,skilling,coding,2155,why does ai matter,1,1,google_ac:1,en:1,yes,ai for kids,
2156,skilling,coding,2156,why does ai rot kids brains,1,1,google_ac:1,en:1,yes,ai for kids,
2157,skilling,maths,2157,why does math work,1,1,ddg_ac:1,en:1,yes,maths for kids,
2158,skilling,general,2158,why is a phone good for kids,1,1,google_ac:1,en:1,yes,ai for kids,
2159,skilling,general,2159,why is a probiotic good for kids,1,1,google_ac:1,en:1,yes,ai for kids,
2160,skilling,general,2160,why is bluey a good show for kids,1,1,google_ac:1,en:1,yes,ai for kids,
2161,skilling,general,2161,why is child care so expensive,1,1,google_ac:1,en:1,yes,child learning,
2162,skilling,confidence,2162,why is he suddenly shy,1,1,ddg_ac:1,en:1,yes,shy child,
2163,skilling,stillness,2163,why is meditation important for students,1,1,google_ac:1,en:1,yes,kids mindfulness,
2164,skilling,coding,2164,why is minecraft a good game for kids,1,1,google_ac:1,en:1,yes,ai for kids,
2165,skilling,general,2165,why is my child always tired,1,1,google_ac:1,en:1,yes,ai for kids,
2166,skilling,maths,2166,why is my child so bad at math,1,1,google_ac:1,en:1,yes,maths for kids,
2167,skilling,confidence,2167,why is my child so shy outside of home,1,1,google_ac:1,en:1,yes,shy child,
2168,skilling,thinking,2168,why is my critical thinking so bad reddit,1,1,google_ac:1,en:1,yes,kids critical thinking,
2169,skilling,coding,2169,why is roblox a good game for kids,1,1,google_ac:1,en:1,yes,ai for kids,
2170,skilling,coding,2170,why is robotics interesting,1,1,ddg_ac:1,en:1,yes,robotics for kids,
2171,skilling,coding,2171,why is sora ai scary,1,1,google_ac:1,en:1,yes,ai for kids,
2172,skilling,school-and-study,2172,why is tennis a good sport for kids,1,1,google_ac:1,en:1,yes,ai for kids,
2173,skilling,general,2173,why kids never get a candy,1,1,google_ac:1,en:1,yes,shy child,
2174,skilling,general,2174,why kids never get a candy meaning in urdu,1,1,google_ac:1,en:1,yes,shy child,
2175,skilling,memory,2175,why might a child have poor working memory,1,1,ddg_ac:1,en:1,yes,child memory,
2176,skilling,maths,2176,why multiple intelligence testing is important to be done for each child in hisher early childhood,1,1,parentune:1,en:1,yes,,
2177,skilling,general,2177,why was the child not interested in things when he had lost his parents,1,1,google_ac:1,en:1,yes,child not interested in studies,
2178,skilling,general,2178,why would a child not want to grow up,1,1,google_ac:1,en:1,yes,child not interested in studies,
2179,skilling,coding,2179,why would ai take over,1,1,google_ac:1,en:1,yes,ai for kids,
2180,skilling,general,2180,will child care be affected by government shutdown,1,1,google_ac:1,en:1,yes,child learning,
2181,skilling,memory,2181,"y'all, remember skorts?",1,1,reddit:1,en:1,yes,coding,
2182,skilling,general,2182,“A happy mother is the most important thing” – How much truth is there behind that?,1,1,reddit:1,en:1,yes,confidence,
2183,skilling,general,2183,“Are they getting enough socialization?”,1,1,reddit:1,en:1,yes,screen time learning,
2184,skilling,thinking,2184,“Do you think this door is bulletproof” — Racist Daycare Visitor,1,1,reddit:1,en:1,yes,,
2185,skilling,general,2185,“Icy Uranus” HAS to be a joke for the parents. Right?,1,1,reddit:1,en:1,yes,shy,
2186,skilling,general,2186,“I’m done. Now what?”,1,1,reddit:1,en:1,yes,,
2187,skilling,general,2187,“Late” birthday kids- when did you start them?,1,1,reddit:1,en:1,yes,shy,
2188,skilling,general,2188,"“Mom, is this why you love naps?”",1,1,reddit:1,en:1,yes,reading,
2189,skilling,general,2189,“Why is everyone so mean to me?” -my teenage daughter,1,1,reddit:1,en:1,yes,focus,
