rank,stage,topic,cluster_id,canonical_question,cluster_size,total_hits,source_spread,languages,new_this_run,top_stems,sample_phrasings
1,ttc,cycle-and-ovulation,1,when is luteal phase,207,346,google_ac:192; ddg_ac:27,en:219,yes,luteal phase; fertile window,when does luteal phase occur | when does luteal phase happen | when does luteal phase start | is luteal phase after ovulation | is luteal phase before period | is luteal phase after period
2,ttc,loss-and-trying-again,2,when can get pregnant after miscarriage,190,379,google_ac:191,en:191,yes,conceive after miscarriage; miscarriage trying again; trying to conceive,how long before trying to conceive after miscarriage | why it is difficult to conceive after miscarriage | after how much time we can conceive after miscarriage | how long does it take for one to conceive after miscarriage
3,ttc,lifestyle-and-diet,3,should i take folic acid before pregnancy,151,422,google_ac:141; ddg_ac:11,en:152,yes,folic acid before pregnancy,why is folic acid important before pregnancy | is folic acid good before pregnancy | folic acid before pregnancy how long | what folic acid to take before pregnancy | why is folic acid important during pregnancy | when to start taking folic acid
4,ttc,lifestyle-and-diet,4,can i conceive after 35,131,356,google_ac:132; ddg_ac:1,en:133,yes,conceive after 35; how to get pregnant,why does it take longer to get pregnant after 35 | what happens to fertility after 35 | why is it dangerous to get pregnant after 35 | why is it harder to get pregnant after 35 | how to get pregnant after 35
5,ttc,conditions,5,does pcos affect pregnancy,114,296,google_ac:114,en:114,yes,pcos and pregnancy; am i pregnant,does pregnancy make pcos worse | can you have pcos while pregnant | is pcos can affect pregnancy | are pcos and pregnancy symptoms the same
6,ttc,cycle-and-ovulation,6,is fertile window when you ovulate,105,173,google_ac:104; ddg_ac:1,en:105,yes,fertile window; how to get pregnant,what is the fertile window | what day is fertile window | how do you know when your in your fertile window | what happens after fertile window
7,ttc,loss-and-trying-again,7,how soon after a miscarriage can you try again,101,260,google_ac:100; reddit:1,en:101,yes,miscarriage trying again; conceive after miscarriage; trying to conceive,how long after a miscarriage can you try again | how soon after a miscarriage is it safe to try again | how long should wait after miscarriage before trying again | miscarriage how long before trying again | How do you get the will to try again after multiple miscarriages?
8,ttc,testing-and-early-signs,8,when implantation bleeding will happen,82,103,google_ac:82,en:82,yes,implantation bleeding; ivf,when implantation bleeding occurs | when implantation bleeding start | when implantation bleeding occurs before period | when implantation bleeding can occur
9,ttc,loss-and-trying-again,9,why chemical pregnancy happens,81,130,google_ac:81,en:81,yes,chemical pregnancy,why is chemical pregnancy a good sign | why chemical pregnancy occurs | why does chemical pregnancy | is chemical pregnancy a good sign
10,ttc,cycle-and-ovulation,10,does cervical mucus indicate ovulation,81,118,google_ac:81,en:81,yes,cervical mucus,does cervical mucus mean ovulation | is cervical mucus a sign of ovulation | can cervical mucus occur without ovulation | what cervical mucus indicates ovulation
11,ttc,testing-and-early-signs,11,implantation bleeding last for how many days,80,106,google_ac:81,en:81,yes,implantation bleeding,how long between implantation and implantation bleeding | can implantation bleeding last 5 days | can implantation bleeding last 4 days | can implantation bleeding last 3 days
12,ttc,testing-and-early-signs,12,how early pregnancy symptoms before missed period,79,292,google_ac:79,en:79,yes,early pregnancy symptoms before missed period; am i pregnant,can you get early pregnancy symptoms before missed period | what causes early pregnancy symptoms before missed period | how to know early pregnancy symptoms before missed period | what are early pregnancy signs before missed period
13,ttc,cycle-and-ovulation,13,what is basal body temperature,73,178,google_ac:68; ddg_ac:13,en:81,yes,basal body temperature,how to check basal body temperature | what is basal body temp | when should basal body temperature be taken | is basal body temperature reliable | is basal body temperature accurate | how does basal body temperature work
14,ttc,testing-and-early-signs,14,can implantation bleeding look like a period,72,82,google_ac:72,en:72,yes,implantation bleeding,why does implantation bleeding look like | does implantation bleeding mean your pregnant | what was implantation bleeding like for you | does implantation bleeding look like a period
15,ttc,fertility-treatment,15,what causes a low amh,71,169,google_ac:61; ddg_ac:12,en:73,yes,low amh,what is a low amh level | what can cause a low amh | what is a low amh | what does it mean if you have a low amh | what is low amh | what causes low.amh
16,ttc,cycle-and-ovulation,16,does irregular periods cause pregnancy,69,238,google_ac:69,en:69,yes,irregular periods pregnancy; am i pregnant; trying to conceive,can a irregular periods affect pregnancy | does irregular periods affect pregnancy | can pregnancy cause irregular periods | can irregular periods affect pregnancy test
17,ttc,cycle-and-ovulation,17,will ovulation test be positive if pregnant,69,97,google_ac:70,en:70,yes,ovulation test; ovulation,why is ovulation test positive when pregnant | can ovulation test detect pregnancy | can ovulation test strip detect pregnancy | will ovulation test be negative if pregnant
18,ttc,cycle-and-ovulation,18,how basal body temperature and ovulation,67,114,google_ac:67,en:67,yes,basal body temperature,what basal body temperature indicates ovulation | does basal body temperature drop before ovulation | is basal body temperature accurate for ovulation | when does basal body temperature rise after ovulation
19,ttc,cycle-and-ovulation,19,what ovulation test do,60,85,google_ac:61,en:61,yes,ovulation test; ovulation,why do ovulation tests detect pregnancy | do ovulation tests confirm ovulation | why ovulation test | is it worth getting ovulation tests
20,ttc,cycle-and-ovulation,20,why ovulation pain happens,59,67,google_ac:59,en:59,yes,ovulation,should ovulation be painful | why ovulation is painful | can ovulation be painful | why is ovulation painful sometimes
21,ttc,general,21,how do to get pregnant,57,80,google_ac:57,en:57,yes,how to get pregnant; am i pregnant; trying to conceive,how to become pregnant | how to get pregnant | how is to get pregnant | how can to get pregnant
22,ttc,testing-and-early-signs,22,am i pregnant or not,55,86,google_ac:55,en:55,yes,am i pregnant; how to get pregnant,am i possibly pregnant | is i am pregnant or not | am i pregnant test | am i pregnant or is my period coming
23,ttc,cycle-and-ovulation,23,can cervical mucus be a sign of pregnancy,55,78,google_ac:55,en:55,yes,cervical mucus; pregnancy discharge,is cervical mucus a sign of pregnancy | is cervical mucus normal in early pregnancy | does cervical mucus change when pregnant | is cervical mucus a sign of early pregnancy
24,ttc,general,24,how to get pregnant fast,48,75,google_ac:48,en:48,yes,how to get pregnant,how to get pregnant faster | how to get pregnant fast pills | what how to get pregnant fast | how can to get pregnant fast
25,ttc,testing-and-early-signs,25,can implantation bleeding be red,48,57,google_ac:48,en:48,yes,implantation bleeding,can implantation bleeding be brown | is implantation bleeding bright red | can i implantation bleeding be red | can implantation bleeding be bright red
26,ttc,fertility-treatment,26,when to see a fertility doctor,47,167,google_ac:47,en:47,yes,when to see a fertility doctor,when to see fertility doctor | when to see a fertility specialist | when is the best time to see a fertility doctor | when to see a fertility specialist quiz
27,ttc,loss-and-trying-again,27,when does chemical pregnancy occur,47,72,google_ac:47,en:47,yes,chemical pregnancy,when does chemical pregnancy risk end | how long chemical pregnancy last | when can chemical pregnancy happen | when can chemical pregnancy be ruled out
28,ttc,cycle-and-ovulation,28,how many days ovulation test will be positive,47,54,google_ac:45; reddit:2,en:47,yes,ovulation test,what if ovulation test is positive | what if ovulation test is always positive | when should ovulation test be positive | why ovulation test always positive | 16 DPO positive test?? 🥹 | Is this a positive?? 11 dpo E@H test
29,ttc,cycle-and-ovulation,29,does basal body temperature change when pregnant,46,97,google_ac:46,en:46,yes,basal body temperature,what basal body temperature indicates pregnancy | does basal body temperature rise when pregnant | when does basal body temperature drop in pregnancy | when does basal body temperature rise in pregnancy
30,ttc,male-fertility,30,which sperm count is good,46,69,google_ac:46,en:46,yes,sperm count,what sperm count is considered fertile | which sperm count is best | what sperm count is considered infertile | who sperm count range
31,ttc,cycle-and-ovulation,31,how to get pregnant after period,45,52,google_ac:45,en:45,yes,how to get pregnant; am i pregnant; trying to conceive,when should you try to conceive after period | when to get pregnant after period | how to get pregnant fast after period | how to become pregnant after period
32,ttc,cycle-and-ovulation,32,how many ovulation days,44,50,google_ac:44,en:44,yes,ovulation; fertile window; how to get pregnant,how long fertile days last | how long fertile days | how many fertile days does a woman have | how many fertile days a month
33,ttc,male-fertility,33,does sperm count decrease with age,42,79,google_ac:42,en:42,yes,sperm count,does sperm count reduce with age | when does sperm count decrease | will sperm count decrease | can sperm count decrease
34,ttc,testing-and-early-signs,34,how much implantation bleeding is normal,41,72,google_ac:41,en:41,yes,implantation bleeding,how much implantation bleeding occurs | how much implantation bleeding happens | how much implantation bleeding did you have | how much implantation bleeding can you have
35,ttc,fertility-treatment,35,why is iui not successful,41,54,google_ac:41; ddg_ac:4,en:45,yes,iui,why iui fails | what happens if iui fails | why does iui fail | why does iui not work | why iui is not successful | why iui fail on first attempt
36,ttc,cycle-and-ovulation,36,when does basal body temperature drop before period,40,72,google_ac:40,en:40,yes,basal body temperature,does basal body temperature rise before period | does basal body temperature drop before period | why is my basal body temperature high | when does basal body temperature drop
37,ttc,conditions,37,how can get pregnant with pcos,39,51,google_ac:35; ddg_ac:2; mylo:1; reddit:1,en:39,yes,how to get pregnant; pcos and pregnancy; am i pregnant,how to have a baby with pcos | how to get pregnant with pcos quickly | when to get pregnant with pcos | who to get pregnant with pcos | can i become pregnant with pcos | how to prevent pcos
38,ttc,male-fertility,38,do sperm count increase,38,62,google_ac:38,en:38,yes,sperm count,does sperm count increase with age | can sperm count be increased by medicines | can sperm count increase in one month | does sperm count increase
39,ttc,general,39,how to get pregnant with twins,36,49,google_ac:36,en:36,yes,how to get pregnant,how to get pregnant with twins naturally fast | how to get pregnant by twins | how to get pregnant with twins naturally fast at home | what to get pregnant with twins
40,ttc,cycle-and-ovulation,40,how ovulation kit works,35,59,google_ac:35,en:35,yes,ovulation test; ovulation,which ovulation test kit is best | which ovulation kit is best | which ovulation kit is best in india | how much ovulation kit
41,ttc,fertility-treatment,41,what happens if ivf fails,32,35,google_ac:32,en:32,yes,ivf; iui,why ivf fails | how ivf fails | why iui fails and ivf works | when ivf fails
42,ttc,general,42,what trying to conceive,31,73,google_ac:31,en:31,yes,trying to conceive; how to get pregnant,what does trying to conceive mean | what is considered trying to conceive | is trying to conceive | do trying to conceive
43,ttc,loss-and-trying-again,43,how long chemical pregnancy bleeding last,31,39,google_ac:31,en:31,yes,chemical pregnancy,when does chemical pregnancy bleeding start | can i have chemical pregnancy without bleeding | when does chemical pregnancy bleeding stop | can chemical pregnancy occur without bleeding
44,ttc,male-fertility,44,how sperm count is tested,31,37,google_ac:31,en:31,yes,sperm count,do sperm count | who sperm count | can i check sperm count at home | can i test sperm count at home
45,ttc,fertility-treatment,45,does low amh cause infertility,30,67,google_ac:30,en:30,yes,low amh; how to get pregnant,does low amh mean infertility | does low amh affect pregnancy | why does low amh cause infertility | how does low amh affect fertility
46,ttc,fertility-treatment,46,why does ivf cause twins,30,42,google_ac:30,en:30,yes,ivf,why ivf babies are twins | why ivf have twins | why ivf results in twins | why does ivf result in twins
47,ttc,cycle-and-ovulation,47,ovulation kya hota hai,30,38,google_ac:30,en:30,yes,ovulation,ovulation kab hota hai | ovulation time kab hota hai | ovulation kya hota hai in hindi | ovulation bleeding kya hoti hai
48,ttc,fertility-treatment,48,how successful is iui,29,39,google_ac:26; ddg_ac:5,en:31,yes,iui,does iui work | when does iui work | is iui successful | can iui work the first time | does iui work the first time | how iui is successful
49,ttc,cycle-and-ovulation,49,what is cervical mucus,28,50,google_ac:26; ddg_ac:2,en:28,yes,cervical mucus,why does cervical mucus come out | what cervical mucus means | what does it mean when you have cervical mucus | where cervical mucus | what is cervical mucus made of
50,ttc,testing-and-early-signs,50,am i pregnant or not quiz,27,53,google_ac:27,en:27,yes,am i pregnant,is am pregnant quiz | am i pregnant quiz | am i early pregnant quiz | am i pregnant quiz free
51,ttc,fertility-treatment,51,when should iui be done,27,47,google_ac:27,en:27,yes,iui,when does iui treatment start | when does iui happen in cycle | when should iui be performed | what day should iui be done
52,ttc,cycle-and-ovulation,52,when does ovulation occur,25,39,google_ac:23; ddg_ac:2,en:25,yes,ovulation; ovulation test,when do we ovulate | when do females ovulate | why ovulation happens | why ovulation occurs | how ovulation occurs
53,ttc,cycle-and-ovulation,53,which ovulation test is most accurate,25,38,google_ac:25,en:25,yes,ovulation test; ovulation,how much ovulation kit is accurate | which ovulation test is accurate | are ovulation tests accurate | are ovulation test kits accurate
54,ttc,cycle-and-ovulation,54,how to know fertile window,25,34,google_ac:25; ddg_ac:1,en:26,yes,fertile window,how to calculate fertile window | how to track fertile window | how to check fertile window | how to identify fertile window
55,ttc,cycle-and-ovulation,55,why ovulation test negative,25,34,google_ac:25,en:25,yes,ovulation test,can ovulation tests be wrong | can i still be ovulating with a negative ovulation test | what if ovulation test is always negative | what if ovulation test is negative
56,ttc,cycle-and-ovulation,56,does fertile window cause cramps,25,31,google_ac:25,en:25,yes,ovulation; fertile window,why ovulation causes cramps | does ovulation cause cramps | will ovulation cause cramps | do ovulation cause cramps
57,ttc,testing-and-early-signs,57,implantation bleeding kab hoti hai,25,28,google_ac:25,en:25,yes,implantation bleeding,implantation bleeding kab tak hoti hai | implantation bleeding hona jaruri hai kya | implantation bleeding jyada hoti hai kya | implantation bleeding jada ho to kya kare
58,ttc,cycle-and-ovulation,58,how ovulation discharge look like,25,27,google_ac:25,en:25,yes,ovulation; ovulation test; cervical mucus,how ovulation looks like | what ovulation discharge looks like | what ovulation looks like | who does ovulation look like
59,ttc,cycle-and-ovulation,59,when ovulation start after period,25,25,google_ac:25,en:25,yes,ovulation,when ovulation starts | when ovulation period starts | when ovulation phase starts | when ovulation happens after period
60,ttc,testing-and-early-signs,60,how many weeks am i pregnant,24,51,google_ac:20; ddg_ac:4,en:24,yes,am i pregnant; how to get pregnant; iui,what week of pregnancy am i | how far am i pregnant | how many months am i pregnant | how many months are you pregnant | how many week of pregnancy | when am i pregnant
61,ttc,general,61,what is the two week wait,23,82,google_ac:24; ddg_ac:3,en:27,yes,two week wait,when does two week wait start | what is two week wait | what does two week wait mean | when is two week wait | what happens in 2 weeks
62,ttc,cycle-and-ovulation,62,when to check for pregnancy for irregular periods,23,39,google_ac:23,en:23,yes,irregular periods pregnancy,irregular periods pregnancy test how many days | how early can you detect pregnancy with irregular periods | how to calculate irregular period pregnancy | how many days to confirm pregnancy for irregular periods
63,ttc,loss-and-trying-again,63,what to do when having a chemical pregnancy,23,29,google_ac:23,en:23,yes,chemical pregnancy,can chemical pregnancy be saved | can i prevent chemical pregnancy | do you have to wait after a chemical pregnancy | can chemical pregnancy be prevented
64,ttc,general,64,when do you to get pregnant,23,29,google_ac:23,en:23,yes,how to get pregnant; trying to conceive,what is the best time to try to conceive | when should try to conceive | when to get pregnant faster | when to get pregnant best time
65,ttc,cycle-and-ovulation,65,does luteal phase make you sad,23,27,google_ac:23,en:23,yes,luteal phase,does luteal phase make you angry | why luteal phase is sad | how luteal phase affect mood | can luteal phase cause anxiety
66,ttc,cycle-and-ovulation,66,what ovulation tests are the best,22,44,google_ac:22,en:22,yes,ovulation test,which ovulation test is best for pcos | which ovulation test is best reddit | what ovulation test strips are the best | which ovulation test is best
67,ttc,cycle-and-ovulation,67,why ovulation is late,22,32,google_ac:22,en:22,yes,ovulation; fertile window,why ovulation is delayed | why is ovulation delayed after miscarriage | why is ovulation late this month | why is ovulation late sometimes
68,ttc,cycle-and-ovulation,68,does cervical mucus increase before period,22,30,google_ac:22,en:22,yes,cervical mucus,is it normal to have cervical mucus before period | how much cervical mucus before period | why cervical mucus before period | why cervical mucus during period
69,ttc,loss-and-trying-again,69,am i having chemical pregnancy,22,24,google_ac:22,en:22,yes,chemical pregnancy,will chemical pregnancy show positive | can chemical pregnancy be detected in blood test | how is chemical pregnancy diagnosed | does chemical pregnancy show positive test
70,ttc,fertility-treatment,70,ivf kya hota hai kaise hota hai,22,24,google_ac:22,en:22,yes,ivf,ivf kya hota hai | ivf baby kaise hota hai | ivf fail kyu hota hai | ivf janch kya hota hai
71,ttc,fertility-treatment,71,does low amh mean early menopause,21,42,google_ac:21,en:21,yes,low amh,does low amh mean menopause | does low amh mean perimenopause | can low amh cause early menopause | can low amh cause irregular periods
72,ttc,general,72,how to get pregnant video,21,35,google_ac:21,en:21,yes,how to get pregnant,how to get pregnant video for girl | how to get pregnant video for girl download | how to get pregnant video real | how to get pregnant video funny
73,ttc,fertility-treatment,73,how ivf treatment is done,21,30,google_ac:21,en:21,yes,ivf; how to get pregnant,how ivf works step by step | how ivf is done | how ivf baby born | how ivf treatment works
74,ttc,cycle-and-ovulation,74,ovulation test strips how to use,21,23,google_ac:21,en:21,yes,ovulation test; ovulation,how many ovulation strips should i buy | do ovulation strips work | are ovulation strips accurate | should i use ovulation strips
75,ttc,general,75,what to do during your 2 week wait,20,57,google_ac:22,en:22,yes,two week wait,what to do during the two week wait | how to handle two week wait | how to manage two week wait | what not to do during the two week wait
76,ttc,lifestyle-and-diet,76,does diet affect fertility,20,42,google_ac:20,en:20,yes,fertility diet,how much does diet affect fertility | how does diet affect fertility | does diet affect fertility in men | how does diet affect fertility in women
77,ttc,fertility-treatment,77,can low amh levels be improved,20,29,google_ac:19; ddg_ac:1,en:20,yes,low amh,how to low amh level | is low amh treatable | can low amh be treated | how to treat low amh levels | how to improve amh level
78,ttc,fertility-treatment,78,when does ivf cycle start,20,27,google_ac:20,en:20,yes,ivf,when ivf is required | when ivf is done | when ivf is needed | when does ivf treatment start
79,ttc,male-fertility,79,can sperm count be zero,20,26,google_ac:20,en:20,yes,sperm count,can sperm count be increased from zero | why is sperm count zero | why sperm count is zero | when sperm count is zero
80,ttc,lifestyle-and-diet,80,does folic acid help with pregnancy,20,24,google_ac:20,en:20,yes,folic acid before pregnancy,who folic acid pregnancy | is folic acid bad for pregnancy | why does folic acid help pregnancy | what folic acid to buy pregnancy
81,ttc,cycle-and-ovulation,81,should i ovulation test twice a day,19,28,google_ac:19,en:19,yes,ovulation test,how much ovulation test | how many ovulation tests do i need | how often should i ovulation test | how many ovulation tests per day
82,ttc,testing-and-early-signs,82,does implantation bleeding have clots,19,22,google_ac:19,en:19,yes,implantation bleeding,can i implantation bleeding have clots | can implantation bleeding have clots | should implantation bleeding have clots | will implantation bleeding have clots
83,ttc,lifestyle-and-diet,83,why folic acid to get pregnant,18,28,google_ac:18,en:18,yes,folic acid before pregnancy; trying to conceive; how to get pregnant,how long before trying to conceive folic acid | how much folic acid trying to conceive | how much folate trying to conceive | why is folic acid good when trying to conceive
84,ttc,loss-and-trying-again,84,is chemical pregnancy a miscarriage,18,25,google_ac:17; reddit:1,en:18,yes,chemical pregnancy,"does chemical pregnancy count as miscarriage | is chemical pregnancy considered a miscarriage | Might I still be pregnant? Miscarriage, chemical pregnancy or blighted ovum? | is chemical pregnancy considered as miscarriage"
85,ttc,testing-and-early-signs,85,can implantation bleeding be heavy,18,21,google_ac:18,en:18,yes,implantation bleeding,can i implantation bleeding be heavy | why implantation bleeding is heavy | should implantation bleeding be heavy | will implantation bleeding be heavy
86,ttc,general,86,why is it so hard to conceive,17,39,google_ac:17,en:17,yes,trying to conceive; how to get pregnant,why is trying to conceive so hard | why is it hard to conceive | does trying to get pregnant make it harder | why hard to get pregnant
87,ttc,cycle-and-ovulation,87,does cervical mucus change after conception,17,38,google_ac:17,en:17,yes,cervical mucus,does cervical mucus change after fertilization | does cervical mucus change after implantation | does cervical mucus increase after fertilization | does cervical mucus increase after implantation
88,ttc,fertility-treatment,88,is iui procedure painful,17,23,google_ac:16; ddg_ac:3,en:19,yes,iui,is iui painful | does iui hurt | does iui hurt reddit | why iui is painful | does iui cause pain | why does iui hurt
89,ttc,fertility-treatment,89,how many iui cycles can be done,17,19,google_ac:17; ddg_ac:1,en:18,yes,iui,how many iui cycles before success | how many times until iui works | how many iui cycles before ivf | how many iui cycles are recommended
90,ttc,male-fertility,90,why is sperm count low,17,19,google_ac:17,en:17,yes,sperm count,when does sperm count get low | why sperm count is low | why sperm count is low in men | when sperm count is low
91,ttc,general,91,can i drink during two week wait,17,18,google_ac:17,en:17,yes,two week wait,can you drink two week wait | can you drink during two week wait | should you drink during two week wait | should you avoid alcohol during two week wait
92,ttc,cycle-and-ovulation,92,does luteal phase cause bloating,16,22,google_ac:16,en:16,yes,luteal phase,does luteal phase make you bloated | can luteal phase cause bloating | am i bloated during luteal phase | is bloating normal luteal phase
93,ttc,loss-and-trying-again,93,can chemical pregnancy delay period,16,21,google_ac:16,en:16,yes,chemical pregnancy,does chemical pregnancy delay period | can chemical pregnancy cause early period | does chemical pregnancy bleeding count as period | will chemical pregnancy delay period
94,ttc,fertility-treatment,94,iui kya hota hai kaise hota hai,16,19,google_ac:16,en:16,yes,iui; ivf,iui kya hota hai | iui kya hota hai in hindi | ivf or iui kya hota hai | iui kaise hota hai
95,ttc,fertility-treatment,95,how long will ivf process take,16,16,google_ac:16,en:16,yes,ivf; trying to conceive,how long trying to conceive before ivf | how long ivf procedure take | how long ivf takes | how long ivf treatment takes
96,ttc,testing-and-early-signs,96,what is two week wait pregnancy,15,46,google_ac:15,en:15,yes,two week wait; am i pregnant,what is two week wait period | what are two week wait symptoms | what is 2 week wait in pregnancy | what are the two week wait pregnancy symptoms
97,ttc,conditions,97,why does pcos happen,15,37,ddg_ac:15,en:15,yes,pcos and pregnancy,how pcos affects women | what is pcos and what causes it | what is the reason of having pcos | why do people get pcos
98,ttc,testing-and-early-signs,98,am i pregnant youtube,15,29,google_ac:13; ddg_ac:3,en:16,yes,am i pregnant,youtube am i pregnant | youtube am i pregnant yahoo answers | am i pregnant funny video | am i pregnant google | am i pregnant google search video
99,ttc,general,99,how much caffeine trying to conceive,15,28,google_ac:15,en:15,yes,trying to conceive,how much coffee trying to conceive | is caffeine bad when trying to conceive | how much caffeine while trying to conceive | how much caffeine if trying to conceive
100,ttc,cycle-and-ovulation,100,does luteal phase make you tired,15,22,google_ac:15; ddg_ac:1,en:16,yes,luteal phase,how much sleep luteal phase | does the luteal phase make you tired | can luteal phase cause fatigue | how much sleep during luteal phase
101,ttc,general,101,can i exercise during two week wait,15,20,google_ac:15,en:15,yes,two week wait,can i run during two week wait | should i exercise during two week wait | is it ok to swim during two week wait | can you workout during two week wait
102,ttc,fertility-treatment,102,are ivf injections painful,15,18,google_ac:15,en:15,yes,ivf,why ivf is painful | will ivf be painful | why is ivf so painful | is ivf painful
103,ttc,testing-and-early-signs,103,does implantation bleeding always happen,15,17,google_ac:15,en:15,yes,implantation bleeding,does implantation bleeding happen at the same time as implantation | why implantation bleeding does not occur | why implantation bleeding but not pregnant | does implantation bleeding happen to everyone
104,ttc,cycle-and-ovulation,104,is irregular periods after pregnancy normal,15,17,google_ac:15,en:15,yes,irregular periods pregnancy,how irregular are periods after pregnancy | is period irregular after pregnancy | are irregular periods after pregnancy normal | are periods irregular after pregnancy
105,ttc,lifestyle-and-diet,105,what is the fertility diet,14,45,google_ac:14,en:14,yes,fertility diet,is there a fertility diet | what is the best fertility diet | what is fertility friendly diet | what is gyna fertility diet
106,ttc,loss-and-trying-again,106,can i get pregnant after miscarriage without period,14,24,google_ac:14,en:14,yes,conceive after miscarriage,can i get pregnant after miscarriage before next period | can you get pregnant after miscarriage before period | can you get pregnant after miscarriage before first period | can i get pregnant after miscarriage before my first period
107,ttc,male-fertility,107,does sperm count affect testosterone,14,20,google_ac:14,en:14,yes,sperm count,does sperm count increase testosterone | is sperm count and testosterone related | is sperm count and testosterone same | are sperm count and testosterone related
108,ttc,loss-and-trying-again,108,chemical pregnancy kya hoti hai,14,19,google_ac:14,en:14,yes,chemical pregnancy,chemical pregnancy kyu hoti hai | chemical pregnancy kya hoti hai in hindi | chemical pregnancy kaise hoti hai | chemical pregnancy ko thik kaise kare
109,ttc,cycle-and-ovulation,109,does fertile window cause bloating,14,18,google_ac:14,en:14,yes,fertile window; ovulation,can fertile window cause bloating | will ovulation cause bloating | am i bloated during ovulation | why am i bloated during fertile window
110,ttc,general,110,what do if i am pregnant,14,16,google_ac:14,en:14,yes,am i pregnant,what should i do i am pregnant | what am i pregnant with | what i do pregnant | what should i do am pregnant
111,ttc,fertility-treatment,111,when embryo transfer is done,14,14,google_ac:14,en:14,yes,ivf; am i pregnant,am i pregnant after embryo transfer | what happens embryo transfer | when does ivf transfer occur | when does ivf transfer happen in cycle
112,ttc,cycle-and-ovulation,112,will get pregnant during ovulation,14,14,google_ac:14,en:14,yes,how to get pregnant; ovulation; am i pregnant,does ovulation occur during pregnancy | does ovulation happen during pregnancy | are you more likely to get pregnant at the beginning or end of ovulation | will ovulation occur if pregnant
113,ttc,cycle-and-ovulation,113,why is my fertile window delayed,13,24,google_ac:13,en:13,yes,fertile window,why is my fertile window so long | can fertile window be delayed | what does it mean if fertile window is delayed | is it normal for fertile window to be delayed
114,ttc,testing-and-early-signs,114,am i pregnant if i got my period,13,19,google_ac:13,en:13,yes,am i pregnant; how to get pregnant,why am i pregnant and on my period | can i have pregnant with periods | why is it possible to get pregnant on your period | how am i pregnant if i got my period
115,ttc,general,115,does low ovarian reserve cause infertility,13,17,google_ac:13,en:13,yes,low amh,does low ovarian reserve mean early menopause | does low ovarian reserve mean perimenopause | why low ovarian reserve | what to do if you have a low ovarian reserve
116,ttc,lifestyle-and-diet,116,when trying to conceive what vitamins should i take,13,17,google_ac:13,en:13,yes,trying to conceive; how to get pregnant,what to take trying to conceive | what vitamins when trying to conceive | what supplements when trying to conceive | trying to conceive which vitamins should i take
117,ttc,general,117,how to get pregnant with baby boy,13,16,google_ac:13,en:13,yes,how to get pregnant; am i pregnant,how can get pregnant with a boy | how to get pregnant boy | how to get pregnant baby boy | how to get pregnant boy child
118,ttc,fertility-treatment,118,how iui procedure is done,13,15,google_ac:13; ddg_ac:1,en:14,yes,iui,how iui works | what needs to be done before iui | how iui is done | how iui is performed
119,ttc,cycle-and-ovulation,119,should ovulation tests be done in the morning,13,15,google_ac:13,en:13,yes,ovulation test,can i take ovulation test at night | can ovulation test be done at night | should i test ovulation in the morning | should i test ovulation morning and night
120,ttc,cycle-and-ovulation,120,what to do luteal phase,13,14,google_ac:12; ddg_ac:2,en:14,yes,luteal phase,how to calculate luteal phase | what is luteal phase support | how to luteal phase | how to lengthen luteal phase | how to increase luteal phase
121,ttc,fertility-treatment,121,is ivf covered by insurance,13,13,google_ac:9; ddg_ac:4,en:13,yes,ivf,is ivf covered by medicare | is ivf covered by medicaid | is ivf covered by insurance in nj | how to get ivf covered by insurance | is ivf covered in health insurance | is ivf covered by insurance in india
122,ttc,general,122,how to get pregnant at 40 fast,13,13,google_ac:13,en:13,yes,how to get pregnant,is it ok to get pregnant at 40 | is it safe to get pregnant at 40 | how to get pregnant at 39 fast | how to get pregnant at 43 fast
123,ttc,fertility-treatment,123,how to lower amh levels,12,28,google_ac:12,en:12,yes,low amh,how to lower amh levels in pcos | how to reduce amh levels in pcos naturally | how to decrease amh levels in ayurveda | how to reduce amh levels in pcos naturally in hindi
124,ttc,fertility-treatment,124,can i do iui at home,12,20,google_ac:12; ddg_ac:2,en:14,yes,iui,can iui be done at home | is it safe to do iui at home | is it safe to use iui kit at home | can i do iui at home with my husband
125,ttc,fertility-treatment,125,why ivf treatment is done,12,19,google_ac:12,en:12,yes,ivf,why ivf is done | why do we need ivf treatment | why ivf is needed | why is ivf done
126,ttc,general,126,what pills to get pregnant fast,12,17,google_ac:12,en:12,yes,how to get pregnant,what medicine to get pregnant fast | what vitamins to get pregnant fast | who to get pregnant fast | who to get pregnant faster
127,ttc,cycle-and-ovulation,127,can cervical mucus be yellow,12,16,google_ac:12,en:12,yes,cervical mucus,is it normal for cervical mucus to be yellow | what if my cervical mucus is yellow | why is cervical mucus yellow | can cervical mucus be yellow during ovulation
128,ttc,general,128,how much coq10 trying to conceive,12,16,google_ac:12,en:12,yes,trying to conceive,why take coq10 when trying to conceive | trying to conceive how much coq10 | how much coq10 if trying to conceive | how much coq10 for men trying to conceive
129,ttc,loss-and-trying-again,129,can you have a healthy pregnancy after a miscarriage,12,14,google_ac:12,en:12,yes,miscarriage trying again; conceive after miscarriage,is it possible to have a healthy pregnancy after a miscarriage | can you have a successful pregnancy after a miscarriage | can you have a healthy pregnancy after a missed miscarriage | can you have a healthy pregnancy after a threatened miscarriage
130,ttc,fertility-treatment,130,how many days iui takes,12,13,google_ac:12,en:12,yes,iui,how long does iui treatment take | how long iui process takes | how long iui takes | how long iui procedure
131,ttc,fertility-treatment,131,what happens after iui,12,13,google_ac:12,en:12,yes,iui,what happens in iui treatment | when iui is done after period | can iui be done after ovulation | what happens if iui is successful
132,ttc,testing-and-early-signs,132,do implantation bleeding have cramps,12,12,google_ac:12,en:12,yes,implantation bleeding,is implantation bleeding painful | does implantation bleeding comes with cramps | does implantation bleeding cause cramps | does implantation bleeding cause pain
133,ttc,male-fertility,133,sperm count kya hota hai,12,12,google_ac:12,en:12,yes,sperm count,sperm count badhane ke liye kya khaye | sperm count badhane ke liye kya khana chahie | sperm count badhane ke liye kya karen | sperm count badhane ke liye kya khayen medicine
134,ttc,general,134,when does evolution happen,12,12,ddg_ac:12,en:12,yes,ovulation,why evolution occurs | how evolution works | how evolution began | how evolution happens
135,ttc,general,135,how to get pregnant with a girl,11,43,google_ac:11; ddg_ac:1,en:12,yes,how to get pregnant; am i pregnant,how do to girls get pregnant | what to get pregnant girl | how to get pregnant baby girl | how to get pregnant girl
136,ttc,cycle-and-ovulation,136,how to check cervical mucus,11,32,google_ac:10; ddg_ac:4,en:14,yes,cervical mucus,how to test cervical mucus | how to track cervical mucus | what is cervical mucus method | where to check cervical mucus | how to cervical mucus | how to cervical mucus method
137,ttc,fertility-treatment,137,how to get a fertility doctor,11,24,google_ac:11,en:11,yes,when to see a fertility doctor,how to see a fertility doctor | how to find a fertility doctor | how to find a fertility specialist | how to find a good fertility doctor
138,ttc,cycle-and-ovulation,138,is cervical mucus the same as discharge,11,20,google_ac:11,en:11,yes,cervical mucus,is discharge and cervical mucus the same thing | is cervical mucus discharge | is cervical mucus and white discharge same | are cervical mucus and discharge the same
139,ttc,cycle-and-ovulation,139,does luteal phase make you hungry,11,19,google_ac:11; ddg_ac:1,en:12,yes,luteal phase,does luteal phase make u hungry | why so hungry in luteal phase | does luteal phase make you hungry and tired | why does luteal phase make me hungry
140,ttc,testing-and-early-signs,140,how many weeks am i pregnant from my last period,11,19,google_ac:11,en:11,yes,am i pregnant,how many months am i pregnant from my last period | how many weeks am i pregnant from my last period tamil | how many weeks am i pregnant from my last period calculator online | am i pregnant based on my last period
141,ttc,fertility-treatment,141,low amh kya hota hai,11,17,google_ac:11,en:11,yes,low amh,low amh kitna hota hai | low amh kya hota hai in hindi | low amh se kya hota hai | low amh kyu hota hai
142,ttc,loss-and-trying-again,142,can chemical pregnancy happen at 6 weeks,11,16,google_ac:11,en:11,yes,chemical pregnancy,can chemical pregnancy happen after 5 weeks | why chemical pregnancy happens at 5 weeks | can chemical pregnancy happen at 5 weeks | is a chemical pregnancy a miscarriage at 6
143,ttc,fertility-treatment,143,are chemical pregnancy common in ivf,11,15,google_ac:11,en:11,yes,chemical pregnancy,why chemical pregnancy in ivf | is a chemical pregnancy a good sign of fertility ivf | why chemical pregnancy happens in ivf | can chemical pregnancy happen in ivf
144,ttc,cycle-and-ovulation,144,how ovulation day is calculated,11,15,google_ac:11,en:11,yes,ovulation,how ovulation is calculated | how ovulation date is calculated | how ovulation is calculated for pregnancy | how is ovulation counted
145,ttc,general,145,what to eat trying to conceive,11,15,google_ac:11,en:11,yes,trying to conceive,when trying to conceive what not to eat | when trying to conceive what foods to avoid | trying to conceive what to eat | how to eat when trying to conceive
146,ttc,testing-and-early-signs,146,am i pregnant or is my period late,11,14,google_ac:11,en:11,yes,am i pregnant,am i pregnant or is my period just late | am i late or am i pregnant | am i pregnant or just late | am i pregnant late period
147,ttc,testing-and-early-signs,147,am i pregnant or overthinking,11,13,google_ac:11,en:11,yes,am i pregnant,am i overthinking or am i pregnant | am i pregnant or just overthinking | am i really pregnant or just overthinking | am i pregnant or overthinking quiz
148,ttc,cycle-and-ovulation,148,can luteal phase get pregnant,11,13,google_ac:11,en:11,yes,luteal phase; fertile window,can you get pregnant in late luteal phase | can you get pregnant during luteal phase | what are the chances of getting pregnant during luteal phase | during luteal phase can i get pregnant
149,ttc,cycle-and-ovulation,149,how ovulation feels like,11,12,google_ac:11,en:11,yes,ovulation,what ovulation feels like | should ovulation feel like a period | can i feel ovulation | how is ovulation like
150,ttc,male-fertility,150,when does sperm production start,11,12,google_ac:11,en:11,yes,sperm count,when sperm production | where sperm production takes place | where sperm production | where sperm production begins
151,ttc,cycle-and-ovulation,151,is it safe in ovulation,11,11,google_ac:11,en:11,yes,ovulation,is it good to ovulate | is it safe after ovulation | is it safe during ovulation | is it safe before ovulation
152,ttc,cycle-and-ovulation,152,what to eat during luteal phase,11,11,google_ac:11,en:11,yes,luteal phase,what should i eat luteal phase | luteal phase what to eat | what should i eat during luteal phase | what to eat during late luteal phase
153,ttc,fertility-treatment,153,how much does it cost to see a fertility doctor,10,36,google_ac:10,en:10,yes,when to see a fertility doctor,how much does going to see a fertility doctor for men cost | how much is a fertility doctor | how much does it cost to see a fertility specialist | do you have to pay to see a fertility doctor
154,ttc,testing-and-early-signs,154,are there always early signs of pregnancy,10,19,google_ac:10,en:10,yes,am i pregnant,am i early pregnant | am i pregnant early signs | am i pregnant early symptoms | how can i tell if i'm early pregnant
155,ttc,cycle-and-ovulation,155,can fertile window make you nauseous,10,18,google_ac:10,en:10,yes,fertile window,can fertile window cause constipation | can fertile window cause breast pain | can fertile window cause headaches | can fertile window cause pain
156,ttc,general,156,how many chemical pregnancies reddit,10,18,google_ac:10,en:10,yes,chemical pregnancy,chemical pregnancy how many | how many chemical pregnancies are normal | how many chemical pregnancies before success | how many chemical pregnancies did you have
157,ttc,fertility-treatment,157,why iui treatment is done,10,16,google_ac:9; ddg_ac:1,en:10,yes,iui,why iui is needed | why iui is done | who needs iui treatment | why iui pubmed
158,ttc,cycle-and-ovulation,158,does luteal phase make you ugly,10,15,google_ac:11,en:11,yes,luteal phase,does luteal phase make u ugly | am i uglier during luteal phase | why does luteal phase make me ugly | why does luteal phase make you ugly
159,ttc,general,159,can you to get pregnant,10,13,google_ac:10,en:10,yes,how to get pregnant; am i pregnant,should i try to get pregnant | can i get pregnant | can i have pregnant | is possible to get pregnant while
160,ttc,general,160,is creatine safe when trying to conceive,10,13,google_ac:10,en:10,yes,trying to conceive,is creatine ok when trying to conceive | is creatine okay when trying to conceive | is creatine safe when trying to get pregnant | is creatine safe for men when trying to conceive
161,ttc,cycle-and-ovulation,161,why ovulation bleeding happens,10,13,google_ac:10,en:10,yes,ovulation,why am i ovulation bleeding | will ovulation cause bleeding | do ovulation cause bleeding | what if ovulation bleeding is heavy
162,ttc,general,162,what fertile days mean,10,12,google_ac:10,en:10,yes,fertile window,what fertile period means | what if fertile days | when fertile days start | when fertile period
163,ttc,fertility-treatment,163,what happens during ivf,10,12,google_ac:10,en:10,yes,ivf,how ivf works | how ivf happens | what if ivf treatment | what if ivf pregnancy
164,ttc,general,164,how easy is to get pregnant,10,11,google_ac:10,en:10,yes,how to get pregnant,when to get pregnant easy | is easy to get pregnant | how easy is it to.get pregnant | how easy is it to actually get pregnant
165,ttc,male-fertility,165,sperm count kaise badhaye,10,10,google_ac:10,en:10,yes,sperm count,sperm count ghar par kaise badhaye | sperm count jaldi kaise badhaye | sperm count jyada kaise badhaye | sperm count kaise badhaye in hindi
166,ttc,cycle-and-ovulation,166,when fertile window starts after period,10,10,google_ac:10,en:10,yes,fertile window,is fertile window after period | can fertile window overlap with period | when does fertile window start after period | when does fertile window open after period
167,ttc,general,167,what to do and not to do when trying to conceive,9,36,google_ac:9,en:9,yes,trying to conceive; how to get pregnant,what prevents pregnancy when trying to conceive | trying to conceive what to avoid | what to avoid trying to conceive | what not to do trying to conceive
168,ttc,lifestyle-and-diet,168,how to improve male fertility diet,9,19,google_ac:9,en:9,yes,fertility diet,how to improve fertility diet | how to increase fertility with diet | what is the best diet for male fertility | how to.improve fertility through diet
169,ttc,male-fertility,169,does sperm count increase after quitting smoking,9,18,google_ac:9,en:9,yes,sperm count,does sperm count decrease with smoking | does sperm count increase after quitting smoking weed | how long does it take for sperm count to increase after quitting smoking weed | how long does it take for sperm count to increase after quitting smoking
170,ttc,fertility-treatment,170,why two week wait in ivf,9,17,google_ac:10,en:10,yes,two week wait,when does the two week wait start ivf | how to survive the two week wait ivf | what happens after two week wait ivf | what to do during the two week wait ivf
171,ttc,testing-and-early-signs,171,am i pregnant calculator percentage,9,16,google_ac:9,en:9,yes,am i pregnant,am i pregnant calculator percentage week by week | am i pregnant calculator percentage by lmp | am i pregnant calculator percentage based on ovulation | am i pregnant calculator percentage free
172,ttc,cycle-and-ovulation,172,is cervical mucus normal,9,16,google_ac:9,en:9,yes,cervical mucus,do i have cervical mucus | is cervical mucus always present | is it normal for cervical mucus to come out | is it normal for cervical mucus
173,ttc,cycle-and-ovulation,173,should iui be done before ovulation,9,15,google_ac:9,en:9,yes,iui,should i try iui before ivf | should i do iui before ivf | can iui be done before egg rupture | can iui be done before ovulation
174,ttc,cycle-and-ovulation,174,how much cervical mucus,9,14,google_ac:8; ddg_ac:2,en:10,yes,cervical mucus,how long does cervical mucus last | how many days cervical mucus last | how much cervical mucus is normal | how many days should you have cervical mucus | how long does the cervical mucus method last
175,ttc,fertility-treatment,175,should i do iui or ivf,9,14,google_ac:9,en:9,yes,iui; ivf,should i do iui or go straight to ivf | should i do ivf or iui | what iui and ivf | what is more effective iui or ivf
176,ttc,cycle-and-ovulation,176,how accurate is fertile window,9,13,google_ac:9,en:9,yes,fertile window,how accurate is fertile window on apple | how accurate is fertile window on apple health | how accurate is the ovulation window | how accurate is oura fertile window
177,ttc,general,177,how to get pregnant with the implant in your arm,9,13,google_ac:9,en:9,yes,how to get pregnant,how to get pregnant with implant in your arm | how to get pregnant with the implant in your arm after 3 years | how to get pregnant with the implant in your arm side effects | how likely is it to get pregnant with the implant in your arm
178,ttc,cycle-and-ovulation,178,irregular periods me pregnancy kaise check kare,9,13,google_ac:9,en:9,yes,irregular periods pregnancy,irregular periods me pregnancy kaise conceive karen | irregular periods mein pregnancy ka kaise pata kare | irregular periods me pregnancy test kab kare in hindi | irregular periods ho to pregnancy test kab kare
179,ttc,fertility-treatment,179,why iui success rate is low,9,12,google_ac:8; ddg_ac:1,en:9,yes,iui,why is iui success so low | why are iui chances so low | why is iui success rate so low | why is iui success rate lower than natural
180,ttc,cycle-and-ovulation,180,can you feel the luteal phase,9,12,google_ac:9,en:9,yes,luteal phase,do i have luteal phase on birth control | how luteal phase feels | what luteal phase feels like | is it normal for your luteal phase to change
181,ttc,cycle-and-ovulation,181,cervical mucus kya hota hai,9,12,google_ac:9,en:9,yes,cervical mucus,cervical mucus kya hota hai in hindi | cervical mucus kab nikalta hai | cervical mucus ko kaise badhaye | cervical mucus kaisa hota hai
182,ttc,fertility-treatment,182,how much iui procedure cost,9,10,google_ac:7; ddg_ac:3,en:10,yes,iui,how much iui | is iui expensive | how much iui cost | how much iui costs | how much iui treatment cost | how much iui treatment cost in india
183,ttc,cycle-and-ovulation,183,how do ovulation works,9,10,google_ac:9,en:9,yes,ovulation; fertile window,how ovulation works | how ovulation works pregnancy | how ovulation works in the body | how ovulation cycle works
184,ttc,general,184,should i take mucinex to get pregnant,9,10,google_ac:9,en:9,yes,how to get pregnant; trying to conceive,why take mucinex when trying to conceive | which mucinex for trying to conceive | how to take mucinex when trying to conceive | should i take mucinex when trying to conceive
185,ttc,fertility-treatment,185,when ivf started in world,9,10,google_ac:9,en:9,yes,ivf,when ivf started in india | when ivf started | when ivf was invented | where ivf started
186,ttc,general,186,can i drink when trying to conceive,9,9,google_ac:9,en:9,yes,trying to conceive,is it safe to drink alcohol while trying to conceive | is it okay to drink while trying to conceive | how long before trying to conceive should i stop drinking | how long before trying to conceive should a man stop drinking
187,ttc,general,187,how long follicular study is done,9,9,google_ac:9,en:9,yes,ovulation,how follicular study is done | how follicular study test is done | how usg follicular study is done | how follicular study scan is done
188,ttc,cycle-and-ovulation,188,is ovulation means period,9,9,google_ac:9,en:9,yes,ovulation; fertile window,what ovulation period | what ovulation period means | is ovulation same as period | is ovulation a period
189,ttc,cycle-and-ovulation,189,what does it mean when you have thick cervical mucus,9,9,google_ac:9,en:9,yes,cervical mucus,when cervical mucus is white and thick | when cervical mucus is thick | can cervical mucus be too thick | what happens if cervical mucus is thick
190,ttc,loss-and-trying-again,190,how is pregnancy after miscarriage,8,17,google_ac:8,en:8,yes,conceive after miscarriage,who pregnancy after miscarriage | when pregnancy after miscarriage | pregnancy after miscarriage how to cope | pregnancy after miscarriage what to expect
191,ttc,conditions,191,when does pcos develop,8,16,ddg_ac:7; google_ac:1,en:8,yes,pcos and pregnancy,when does pcos occur | when can pcos start | when is the onset of pcos | when does pcos start | pcos pregnancy when to test
192,ttc,lifestyle-and-diet,192,does folic acid affect early pregnancy,8,16,google_ac:8,en:8,yes,folic acid before pregnancy,does folic acid cause pregnancy symptoms | does folic acid cause vomiting during pregnancy | does folic acid cause constipation during pregnancy | can folic acid cause miscarriage in early pregnancy
193,ttc,cycle-and-ovulation,193,does fertile window cause mood swings,8,12,google_ac:8,en:8,yes,fertile window; ovulation,does ovulation cause mood swings | will ovulation cause mood swings | does fertile window make you moody | can fertile window cause mood swings
194,ttc,cycle-and-ovulation,194,does fertile window make you emotional,8,12,google_ac:8,en:8,yes,fertile window,why am i emotional during fertile window | does ovulation period make you emotional | can your fertile window make you emotional | why am i so emotional during my fertile window
195,ttc,cycle-and-ovulation,195,does fertile window make you tired,8,12,google_ac:8,en:8,yes,fertile window,why am i tired during fertile.window | does ovulation period make you tired | does being in a fertile period make you tired | why am i so tired during my fertile window
196,ttc,loss-and-trying-again,196,How long did it take for you to ovulate and get a negative pregnancy test after MC?,8,11,google_ac:6; reddit:2,en:8,yes,conceive after miscarriage,how long pregnancy test positive after miscarriage | how long pregnancy test negative after miscarriage | pregnancy after miscarriage when to test | How long after symptoms stopped did you MC?
197,ttc,fertility-treatment,197,do you need a referral to see a fertility doctor,8,11,google_ac:8,en:8,yes,when to see a fertility doctor,can you see a fertility specialist without a referral | do i need a referral to see a fertility doctor | do you need a referral to see a fertility specialist | do you need a referral to see a fertility specialist in ontario
198,ttc,cycle-and-ovulation,198,when does cervical mucus come out,8,10,google_ac:8,en:8,yes,cervical mucus,when does cervical mucus start | when cervical mucus discharge | when cervical mucus | when does cervical mucus plug form
199,ttc,cycle-and-ovulation,199,what if i have no cervical mucus,8,9,google_ac:7; ddg_ac:1,en:8,yes,cervical mucus,what causes lack of cervical mucus | why cervical mucus is not coming | what if my cervical mucus doesn t change | what if my cervical mucus doesn t stretch
200,ttc,fertility-treatment,200,how many ivf babies have been born,8,9,google_ac:8,en:8,yes,ivf,how many ivf babies are twins | how many ivf babies born each year | how many ivf babies born in uk | how many ivf babies born in 2025
201,ttc,fertility-treatment,201,what is low amh for ivf,8,9,google_ac:8,en:8,yes,low amh,does low amh mean ivf | how low can amh be for ivf | how does low amh affect ivf | what is the lowest amh level for ivf
202,ttc,fertility-treatment,202,how much ivf cost in india,8,8,google_ac:8,en:8,yes,ivf,how much ivf cost | how much ivf treatment cost | how much ivf cost in usa | how much ivf injection cost
203,ttc,cycle-and-ovulation,203,how to ovulation day,8,8,google_ac:8,en:8,yes,ovulation,what ovulation day | how to ovulation naturally | how to ovulation | how to ovulation period
204,ttc,cycle-and-ovulation,204,is it normal to bleed during fertile window,8,8,google_ac:8,en:8,yes,fertile window,does fertile window cause discharge | why am i spotting during fertile window | why am i bleeding during fertile window | is it normal to spot during fertile window
205,ttc,cycle-and-ovulation,205,is ovulation bleeding normal,8,8,google_ac:8,en:8,yes,ovulation,is ovulation spotting normal | is it normal ovulation bleeding | is it normal for ovulation discharge to have blood | how much ovulation bleeding is normal
206,ttc,cycle-and-ovulation,206,when cervical mucus is egg white,8,8,google_ac:8,en:8,yes,cervical mucus,can cervical mucus be white | what if no egg white cervical mucus | why is cervical mucus white | can egg white cervical mucus be a sign of pregnancy
207,ttc,testing-and-early-signs,207,when should i do pregnancy test,8,8,google_ac:8,en:8,yes,am i pregnant; how to get pregnant,when should get pregnancy test | could i have tested too early for pregnancy | am i testing too early for pregnancy | when should i do pregnancy test at home
208,ttc,general,208,why evolution is true,8,8,ddg_ac:8,en:8,yes,ovulation,why evolution is true book | is evolution real | is evolution a fact | is evolution true
209,ttc,general,209,what is two week wait nhs,7,24,google_ac:6; ddg_ac:1,en:7,yes,two week wait,what is the two week wait nhs | what is 2 week wait referral | what does 2 week wait mean nhs | what does a 2 week wait referral mean
210,ttc,cycle-and-ovulation,210,what does ovulation mean in science,7,14,ddg_ac:5; google_ac:2,en:7,yes,ovulation; ovulation test,what is ovulation in biology | what is ovulation in simple terms | what is ovulation full definition | what is ovulation in biology gcse | what ovulation means | who does ovulation mean
211,ttc,conditions,211,how many women get pcos,7,13,ddg_ac:7,en:7,yes,pcos and pregnancy,why is pcos so common | how common is pcos | pcos affects how many women | how many women does pcos affect
212,ttc,general,212,is it ok to eat fertilized eggs,7,13,ddg_ac:7,en:7,yes,fertility diet,can you eat fertile eggs | are fertile eggs okay to eat | are fertilized eggs safe to eat | are fertilized chicken eggs safe to eat
213,ttc,general,213,why not to get pregnant,7,13,google_ac:7,en:7,yes,how to get pregnant,why to get pregnant | why can get pregnant | why do get pregnant | why does woman get pregnant
214,ttc,cycle-and-ovulation,214,why does ovulation not happen,7,12,google_ac:7,en:7,yes,ovulation,why ovulation is not happening | why ovulation does not occur | why is ovulation not happening | why my ovulation is not happening
215,ttc,testing-and-early-signs,215,am i pregnant tarot reading,7,11,google_ac:6; ddg_ac:1,en:7,yes,am i pregnant,am i pregnant tarot spread free online | am i pregnant tarot reading free | am i pregnant tarot spread | am i pregnant tarot
216,ttc,fertility-treatment,216,can i do iui with blocked tubes,7,10,google_ac:6; ddg_ac:1,en:7,yes,iui,can i do iui with no fallopian tubes | can i do iui with one blocked tube | does iui bypass fallopian tubes | will iui work for blocked tubes
217,ttc,cycle-and-ovulation,217,can cervical mucus be brown,7,10,google_ac:7,en:7,yes,cervical mucus,is it normal for cervical mucus to be brown | what if my cervical mucus is brown | why is cervical mucus brown | can fertile mucus be brown
218,ttc,cycle-and-ovulation,218,can luteal phase cause nausea,7,10,google_ac:7,en:7,yes,luteal phase,is nausea normal luteal phase | can luteal phase cause vomiting | can progesterone in luteal phase cause nausea | can you feel nauseous during luteal phase
219,ttc,fertility-treatment,219,what iui in fertility,7,9,google_ac:5; ddg_ac:3,en:8,yes,iui,what iui stands for | what to know about iui | what is iui medical | what iui means | what iui pregnancy | iui what is it
220,ttc,testing-and-early-signs,220,when does ivf implantation occur,7,9,google_ac:5; ddg_ac:2,en:7,yes,ivf; implantation bleeding,when does egg implantation occur | when does embryo implantation occur | when after ivf does implantation occur | when after embryo transfer does implantation occur | when ivf implantation occurs
221,ttc,testing-and-early-signs,221,am i pregnant no symptoms,7,8,google_ac:7,en:7,yes,am i pregnant; how to get pregnant,why am i pregnant but no symptoms | is it normal to be pregnant without symptoms | how am i pregnant with no symptoms | can you have no sign of pregnancy
222,ttc,testing-and-early-signs,222,am i pregnant quiz buzzfeed,7,8,google_ac:7,en:7,yes,am i pregnant,am i pregnant buzzfeed quiz | am i pregnant buzzfeed | am i pregnant funny | am i pregnant forum
223,ttc,cycle-and-ovulation,223,how ovulation induction is done,7,8,google_ac:7,en:7,yes,ovulation,how many ovulation induction cycles | why is ovulation induction done | how ovulation induction works | how long does ovulation induction take
224,ttc,fertility-treatment,224,is it normal to bleed after iui,7,8,google_ac:7,en:7,yes,iui; implantation bleeding,when implantation bleeding occurs after iui | is it normal to spot after iui | is it normal to leak after iui | is it normal to discharge after iui
225,ttc,general,225,how old can a cat be to get pregnant,7,7,ddg_ac:6; google_ac:1,en:7,yes,how to get pregnant,how young can a cat be to get pregnant | how old does a cat need to be to get pregnant | how old do cats have to be to get pregnant | how old are cats to get pregnant | how do cats get pregnant
226,ttc,cycle-and-ovulation,226,9 dpo Am I seeing things?,7,7,reddit:7,en:7,yes,,See anything? DPO 8-9 | 9 dpo easy@home - is there a shadow or am I seeing things?? | DPO 9/ CD 35 are you seeing what I’m seeing?!?!?! | 9 DPO is this real 🥹
227,ttc,cycle-and-ovulation,227,can luteal phase be short,7,7,google_ac:7,en:7,yes,luteal phase,why luteal phase is short | can luteal phase be delayed | is it bad to have a short luteal phase | what if luteal phase is short
228,ttc,fertility-treatment,228,how many ivf cycles can you do,7,7,google_ac:7,en:7,yes,ivf,how many ivf cycles are safe | how many ivf cycles to get pregnant | how many ivf cycles are needed | how many ivf can be done
229,ttc,cycle-and-ovulation,229,luteal phase kya hota hai,7,7,google_ac:7,en:7,yes,luteal phase,luteal phase kya hai | luteal phase kab hota h | luteal phase kab start hota hai | luteal phase kya hota hai in hindi
230,ttc,cycle-and-ovulation,230,when does ovulation occur in a 30 day cycle,7,7,google_ac:7,en:7,yes,ovulation; fertile window,when does ovulation occur in a 28 day cycle | when does ovulation occur in a 35 day cycle | when does ovulation occur in 25 day cycle | when does ovulation occur in 26 day cycle
231,ttc,general,231,which to get pregnant,7,7,google_ac:7,en:7,yes,how to get pregnant; am i pregnant,what to become pregnant | who to get pregnant | who can get pregnant | what take to get pregnant
232,ttc,cycle-and-ovulation,232,why luteal phase is safe,7,7,google_ac:7,en:7,yes,luteal phase,why luteal phase is constant | why luteal phase is fixed | is luteal phase fixed | is luteal phase constant
233,ttc,cycle-and-ovulation,233,what is the most fertile window,6,18,google_ac:5; ddg_ac:1,en:6,yes,fertile window,when is the most fertile window | what is the most fertile window for women | what is the least fertile window | what is the least fertile window for women
234,ttc,fertility-treatment,234,should i consider iui,6,15,google_ac:6; ddg_ac:1,en:7,yes,iui,should i do iui | should i try iui | when should i consider iui | is iui worth it
235,ttc,general,235,can you tell if you're a week pregnant,6,15,google_ac:6,en:6,yes,am i pregnant,can i know i am pregnant in a week | can you know when you are a week pregnant | can i feel pregnant after a week | can you tell if you re pregnant a week after
236,ttc,general,236,what is two week wait ttc,6,14,google_ac:7,en:7,yes,two week wait,what is the two week wait when trying to conceive | what to do during 2 week wait pregnancy | what to do during the two week wait ttc | what to do during two week wait ttc
237,ttc,male-fertility,237,does sperm count matter for pregnancy,6,12,google_ac:6,en:6,yes,sperm count,is sperm count important for pregnancy | does sperm count affect pregnancy | does sperm count affect fertility | does low sperm count affect pregnancy
238,ttc,conditions,238,when can you develop pcos,6,11,ddg_ac:6,en:6,yes,pcos and pregnancy,can you just develop pcos | can you develop pcos | does pcos develop over time | can pcos develop later in life
239,ttc,general,239,when trying to conceive should you pee after,6,11,google_ac:6,en:6,yes,trying to conceive,should you go to the toilet after trying to conceive | should you not go to the toilet after trying to conceive | should i pee after trying to conceive | trying to conceive how long to wait to pee
240,ttc,cycle-and-ovulation,240,why is my basal body temperature low,6,11,google_ac:6,en:6,yes,basal body temperature,what a low basal body temperature | what does it mean if your basal body temperature is low | why is my basal body temperature always low | why is my basal body temp staying low
241,ttc,cycle-and-ovulation,241,does ovulation make you hungry,6,10,google_ac:6,en:6,yes,fertile window,does fertile window make you hungry | does ovulation period make you hungry | does being fertile make you hungry | do you get really hungry during ovulation
242,ttc,general,242,when to get pregnant for twins,6,9,google_ac:6,en:6,yes,how to get pregnant,who to get pregnant with twins | how much to get pregnant with twins | when can i get pregnant for twins | when is the best time to get pregnant for twins
243,ttc,cycle-and-ovulation,243,fertile window kya hota hai,6,8,google_ac:6,en:6,yes,fertile window,what is fertile window in hindi | fertile window kab hota hai | fertile window kya hoti hai | fertile window kab open hota hai
244,ttc,general,244,how to get pregnant in hindi,6,8,google_ac:6,en:6,yes,how to get pregnant,how to get pregnant after period in hindi | how to get pregnant fast in hindi | how to get pregnant hindi | how to be pregnant in hindi
245,ttc,cycle-and-ovulation,245,how long do eggs live after ovulation,6,7,ddg_ac:5; google_ac:1,en:6,yes,ovulation; fertile window,how long does an egg survive after ovulation | how long does an egg live after ovulation | how long can an egg survive after ovulation | how long can an egg live after ovulation | how many days fertile eggs can be stored
246,ttc,testing-and-early-signs,246,am i pregnant my nipples hurt,6,7,google_ac:6,en:6,yes,am i pregnant,am i pregnant if my stomach hurts | am i pregnant if my nipples hurt | am i pregnant my breast hurt | am i pregnant my back hurts
247,ttc,cycle-and-ovulation,247,are ovulation tests accurate with pcos,6,7,google_ac:6,en:6,yes,ovulation test,do ovulation tests work for pcos | how to test ovulation with pcos | can ovulation tests be wrong with pcos | how can pcos affect ovulation tests
248,ttc,cycle-and-ovulation,248,do ovulation tests expire,6,7,google_ac:6,en:6,yes,ovulation test,when do ovulation tests expire | can ovulation tests expire | do ovulation test strips expire | do ovulation tests actually expire
249,ttc,loss-and-trying-again,249,is chemical pregnancy painful,6,7,google_ac:6,en:6,yes,chemical pregnancy,why does a chemical pregnancy hurt | where is chemical pregnancy pain | are chemical pregnancy painful | is chemical pregnancy miscarriage painful
250,ttc,cycle-and-ovulation,250,what cervical mucus is fertile,6,7,google_ac:6,en:6,yes,cervical mucus,does fertile mucus mean ovulation | which cervical mucus is the most fertile | which cervical mucus is fertile | what fertile mucus means
251,ttc,cycle-and-ovulation,251,why am i not pregnant but my period is late,6,7,google_ac:6,en:6,yes,am i pregnant,i am not pregnant why is my period late | why am i not pregnant and not getting my period | why am i late on my period not pregnant | why am i not pregnant but missed my period
252,ttc,fertility-treatment,252,Proceed to IVF early?,6,6,google_ac:5; reddit:1,en:6,yes,ivf,should ivf babies be delivered early | do ivf babies come early | is it common for ivf babies to come early | when should ivf babies be delivered
253,ttc,fertility-treatment,253,are ivf babies normal,6,6,google_ac:6,en:6,yes,ivf,can ivf have normal delivery | are ivf children normal | is ivf normal | is ivf normal delivery
254,ttc,general,254,can a woman get pregnant at 36 years old,6,6,google_ac:6,en:6,yes,conceive after 35; how to get pregnant,how to get pregnant naturally at 36 | how to get pregnant quickly at 36 | is 36 too old for a woman to have a baby | is 36 too old to get pregnant
255,ttc,lifestyle-and-diet,255,folic acid pregnancy me kab tak khana chahiye,6,6,google_ac:6,en:6,yes,folic acid before pregnancy,folic acid pregnancy me kab tak lena chahiye | folic acid pregnancy me kb tk khani chahiye | folic acid pregnancy mein kitne month tak khana chahie | folic acid pregnancy me kyu jaruri hai
256,ttc,loss-and-trying-again,256,how does chemical pregnancy look like,6,6,google_ac:6,en:6,yes,chemical pregnancy,how chemical pregnancy look like | how does chemical pregnancy bleeding look like | what chemical pregnancy look like | what does chemical pregnancy bleeding look like
257,ttc,cycle-and-ovulation,257,how long after ovulation test for pregnancy,6,6,google_ac:6,en:6,yes,ovulation test; am i pregnant,when should i do pregnancy test after ovulation | how long to let ovulation test sit | how many days post ovulation test | how long does it take for ovulation test results
258,ttc,male-fertility,258,how long sperm count take to recover,6,6,google_ac:6,en:6,yes,sperm count,how long sperm count replenish | how long for sperm count test results | how long does sperm count test take | how long does sperm count take to rebuild
259,ttc,general,259,how much iv fluids to give,6,6,ddg_ac:6,en:6,yes,ivf,why iv fluids are given | are iv fluids parenteral | how much iv fluid stays intravascular | how much iv fluids
260,ttc,fertility-treatment,260,how much ivf is successful,6,6,google_ac:6,en:6,yes,ivf,when ivf is successful | is ivf successful | who ivf success rate | how to ivf successful
261,ttc,general,261,is discharge normal in early pregnancy,6,6,google_ac:6,en:6,yes,cervical mucus; am i pregnant,is it normal have discharge while pregnant | is brown mucus discharge normal in early pregnancy | is thick mucus discharge normal in early pregnancy | is yellow mucus discharge normal in early pregnancy
262,ttc,general,262,is it safe to take ibuprofen during two week wait,6,6,google_ac:6,en:6,yes,two week wait,is it safe to take tylenol during two week wait | is ibuprofen safe during two week wait | can i take ibuprofen during two week wait | can you take tylenol during two week wait
263,ttc,fertility-treatment,263,what ivf means,6,6,google_ac:6,en:6,yes,ivf,what ivf stands for | what ivf baby | what ivf baby mean | what is an ivf
264,ttc,testing-and-early-signs,264,will implantation bleeding fill a pad,6,6,google_ac:6,en:6,yes,implantation bleeding,how implantation bleeding looks like on a pad | should implantation bleeding fill a tampon | should implantation bleeding fill a pad | will implantation bleeding fill a tampon
265,ttc,lifestyle-and-diet,265,is folic acid in prenatals,5,25,ddg_ac:5,en:5,yes,folic acid before pregnancy,is folic acid a prenatal vitamin | is folic acid in prenatal vitamins | do prenatal have folic acid | does prenatal have folic acid
266,ttc,conditions,266,are you born with pcos,5,24,ddg_ac:4; google_ac:1,en:5,yes,pcos and pregnancy,could i have pcos | can pcos cause birth defects | is pcos something you are born with | are people born with pcos
267,ttc,general,267,what is the meaning of conceive,5,18,google_ac:4; ddg_ac:1,en:5,yes,trying to conceive,what does to conceive mean | what is to conceive mean | what does conceive mean in pregnancy | what do conceive mean
268,ttc,cycle-and-ovulation,268,how to improve cervical mucus,5,12,google_ac:4; ddg_ac:1,en:5,yes,cervical mucus,how to increase cervical mucus | how to increase cervical mucus quickly | how to increase cervical mucus naturally | cervical mucus how to increase
269,ttc,cycle-and-ovulation,269,what to avoid during luteal phase,5,12,google_ac:5,en:5,yes,luteal phase,what should be avoided during luteal phase | what foods to avoid during luteal phase | what to avoid in luteal phase | what to avoid during follicular phase
270,ttc,cycle-and-ovulation,270,is the two week wait after ovulation,5,10,google_ac:5,en:5,yes,two week wait,what to do during the two week wait after ovulation | what to do in 2 week wait after ovulation | what is the two week wait after ovulation | what happens two days after ovulation if pregnant
271,ttc,fertility-treatment,271,why the 2 week wait after embryo transfer,5,10,google_ac:5,en:5,yes,two week wait,what to do during the two week wait after embryo transfer | what not to do during the two week wait after embryo transfer | why do you have to wait 2 weeks after embryo transfer | what to expect during the two week wait after embryo transfer
272,ttc,fertility-treatment,272,can ivf cause cancer,5,9,google_ac:5; ddg_ac:2,en:7,yes,ivf,does ivf cause cancer | can ivf cause breast cancer | does ivf increase the risk of cancer | will ivf cause cancer
273,ttc,general,273,how many days from conception to birth,5,9,ddg_ac:5,en:5,yes,how to get pregnant; trying to conceive; conceive after miscarriage,from conception to birth how long | how many months from conception to birth | how many days after conception is birth | how long is the conception process
274,ttc,loss-and-trying-again,274,can chemical pregnancy cause nausea,5,8,google_ac:5,en:5,yes,chemical pregnancy,is it normal to feel nauseous after chemical pregnancy | can chemical pregnancy cause vomiting | is nausea a sign of chemical pregnancy | do you feel sick with a chemical pregnancy
275,ttc,loss-and-trying-again,275,do you pass anything with a chemical pregnancy,5,8,google_ac:5,en:5,yes,chemical pregnancy,do you pass tissue with a chemical pregnancy | do you pass clots with a chemical pregnancy | do you pass a chemical pregnancy | do you pass a sac with a chemical pregnancy
276,ttc,fertility-treatment,276,how ivf is done video,5,8,google_ac:5,en:5,yes,ivf,how is ivf done step by step video | how to ivf process video | how ivf works video | how to do ivf treatment video
277,ttc,general,277,how much magnesium trying to conceive,5,8,google_ac:5,en:5,yes,trying to conceive,how much magnesium glycinate when trying to conceive | how much magnesium should i take for fertility | how much magnesium for fertility | is magnesium good for trying to conceive
278,ttc,fertility-treatment,278,should iui be done consecutively,5,8,google_ac:5,en:5,yes,iui,do iui cycles need to be consecutive | can iui be done in consecutive months | is it better to do iui consecutively | can you do iui consecutive months
279,ttc,general,279,when trying to conceive what time of day is best,5,8,google_ac:5,en:5,yes,trying to conceive,when trying to conceive does time of day matter | is there a good time of day to get pregnant | what is the best time of day for conception | is morning time best to conceive
280,ttc,fertility-treatment,280,does low amh mean poor egg quality,5,7,google_ac:5; ddg_ac:1,en:6,yes,low amh,does low amh mean low egg quality | how many eggs retrieved with low amh | does low amh mean low quality eggs | does low amh affect egg quality
281,ttc,male-fertility,281,is sperm count genetic,5,7,google_ac:5,en:5,yes,sperm count,is sperm count hereditary | is low sperm count genetic | is high sperm count genetic | is low sperm count hereditary
282,ttc,cycle-and-ovulation,282,ovulation test kab kare,5,7,google_ac:5,en:5,yes,ovulation test,ovulation kit se test kab kare | ovulation ke baad pregnancy test kab kare | ovulation test kit kab use kare | late ovulation me pregnancy test kab kare
283,ttc,general,283,what happens at conception,5,7,ddg_ac:5,en:5,yes,trying to conceive; how to get pregnant,what happens at the time of conception | how does conception happen | when does conception happen | what happens at the moment of conception
284,ttc,general,284,what happens if get pregnant with iud,5,7,google_ac:5,en:5,yes,am i pregnant; how to get pregnant,can i get pregnant with an iud | how to get pregnant on iud | what happens if i am pregnant with an iud | am i pregnant with an iud
285,ttc,fertility-treatment,285,what to do during the two week wait after iui,5,7,google_ac:5,en:5,yes,two week wait,how to handle the two week wait after iui | how to support implantation in two week wait | what to do during 2 week wait after iui | what to do during the two week wait to support implantation success
286,ttc,general,286,when to get pregnant with a girl,5,7,google_ac:5,en:5,yes,how to get pregnant,when to fall pregnant with a girl | when to get pregnant with a baby girl | when can i get pregnant with a girl | when is it most likely to get pregnant with a girl
287,ttc,cycle-and-ovulation,287,where do eggs go after ovulation,5,7,ddg_ac:5,en:5,yes,ovulation,where do eggs move during and after ovulation | where does the egg go after ovulation | what happens to the egg during ovulation | what happens to an oocyte following ovulation
288,ttc,general,288,why is pregnancy over 35 high risk,5,7,google_ac:5,en:5,yes,conceive after 35,is pregnancy over 35 high risk | is pregnancy over 35 automatically high risk | is pregnancy at 35 high risk | is pregnant at 35 high risk
289,ttc,general,289,how to get pregnant sims 4,5,6,ddg_ac:4; google_ac:2,en:6,yes,how to get pregnant,how to get pregnant in sims | how to get pregnant sims 2 | how to get pregnant quickly on sims | how to get pregnant with twins in sims 4
290,ttc,testing-and-early-signs,290,am i pregnant but negative test,5,6,google_ac:5,en:5,yes,am i pregnant,why am i pregnant but test negative | am i pregnant even if the test is negative | could i be pregnant even if the test is negative | am i pregnant negative test
291,ttc,timing-and-sex,291,how long to get pregnant after stopping birth control pills,5,6,google_ac:5,en:5,yes,how to get pregnant; trying to conceive,how long before trying to conceive should i stop the pill | how long to get pregnant after birth control | how long to get pregnant after stopping birth control | how long to get pregnant after stopping the pill
292,ttc,lifestyle-and-diet,292,how much exercise when trying to conceive,5,6,google_ac:5,en:5,yes,trying to conceive,which exercise while trying to conceive | how to exercise when trying to conceive | what is considered excessive exercise when trying to conceive | what is considered moderate exercise when trying to conceive
293,ttc,general,293,should i tell my work i am pregnant,5,6,google_ac:5,en:5,yes,am i pregnant,should i tell people i am pregnant | should i disclose that i am pregnant at a job interview | should i tell my employer i am pregnant | should i tell my boss i am pregnant
294,ttc,conditions,294,how to deal with pcos,5,5,ddg_ac:4; mylo:1,en:5,yes,pcos and pregnancy,how to cure pcos | how to manage pcos | how to treat pcos | how to control pcos
295,ttc,general,295,when artificial insemination is done,5,5,google_ac:4; ddg_ac:1,en:5,yes,ivf; iui; how to get pregnant,is iui artificial insemination | how to get pregnant through artificial insemination | why artificial insemination is done | when is artificial insemination required
296,ttc,testing-and-early-signs,296,am i pregnant or getting fat,5,5,google_ac:5,en:5,yes,am i pregnant,am i fat or am i pregnant | am i pregnant or gaining weight | am i pregnant or just fat | am i pregnant or just getting fat
297,ttc,testing-and-early-signs,297,am i pregnant with girl or boy,5,5,google_ac:5,en:5,yes,am i pregnant,am i pregnant boy or girl | am i pregnant with a boy or girl | am i pregnant with a boy or girl quiz | am i pregnant with a girl
298,ttc,general,298,can evolution and the bible coexist,5,5,ddg_ac:5,en:5,yes,ovulation,can evolution and christianity coexist | can evolution and religion coexist | does evolution go against the bible | does evolution align with the bible
299,ttc,cycle-and-ovulation,299,can pregnancy cause abnormal periods,5,5,google_ac:5,en:5,yes,irregular periods pregnancy,can pregnancy cause irregular bleeding | can pregnancy cause abnormal bleeding | does abnormal period mean pregnancy | can abnormal period mean pregnancy
300,ttc,general,300,can you tell when you re 3 weeks pregnant,5,5,google_ac:5,en:5,yes,am i pregnant,can you tell if you're 4 weeks pregnant | can you tell when you re 2 weeks pregnant | can you find out when you re 2 weeks pregnant | can you find out when you re 3 weeks pregnant
301,ttc,testing-and-early-signs,301,do i have uti or am i pregnant,5,5,google_ac:5,en:5,yes,am i pregnant,am i pregnant if i pee a lot | am i pregnant uti | am i pregnant frequent urination | am i pregnant or have uti
302,ttc,general,302,do iv fluids increase bp,5,5,ddg_ac:5,en:5,yes,ivf,can iv fluids cause weight gain | does iv fluids make you gain weight | will iv fluids raise blood pressure | do iv fluids increase heart rate
303,ttc,fertility-treatment,303,do ivf babies look different,5,5,google_ac:5,en:5,yes,ivf,do ivf babies look different reddit | are ivf babies more attractive | are ivf babies different | are ivf babies prettier
304,ttc,fertility-treatment,304,does iui cause twins,5,5,google_ac:5,en:5,yes,iui,can iui cause twins | can iui result in twins | can iui make twins | does iui increase chance of twins
305,ttc,cycle-and-ovulation,305,how cervical mucus changes,5,5,google_ac:5,en:5,yes,cervical mucus,how cervical mucus changes throughout cycle | can cervical mucus change throughout the day | why does cervical mucus change | when does cervical mucus change
306,ttc,fertility-treatment,306,how is ivf done in women,5,5,google_ac:5,en:5,yes,ivf,how ivf works in the female body | how ivf works for women and woman couple | how ivf works with two women | how is ivf done in a woman
307,ttc,general,307,how likely is to get pregnant,5,5,google_ac:5,en:5,yes,how to get pregnant,how are you most likely to get pregnant | how likely are to get pregnant | how much to get pregnant | how much chance to get pregnant
308,ttc,general,308,how long uif take to pay,5,5,ddg_ac:5,en:5,yes,iui,how long uif takes to pay | how long uif claim take | when should uif be paid | when should uif be deducted
309,ttc,cycle-and-ovulation,309,how many times ovulation occurs in a month,5,5,google_ac:5,en:5,yes,ovulation,can ovulation happen twice in a month | how many ovulation in a month | how often ovulation occurs | how much time ovulation occurs
310,ttc,general,310,how to get pregnant on the first try,5,5,google_ac:5,en:5,yes,how to get pregnant; trying to conceive,can you get pregnant the first time you try to conceive | how to get pregnant in 1 try | how to get pregnant in first attempt | how to get pregnant on your first try
311,ttc,cycle-and-ovulation,311,is ovulation test and pregnancy test the same,5,5,google_ac:5,en:5,yes,ovulation test,is ovulation test different from pregnancy test | are all ovulation tests the same | is an ovulation test the same as a fertility test | can an ovulation test tell you if you have already ovulated
312,ttc,cycle-and-ovulation,312,ovulation test kaise hota hai,5,5,google_ac:5,en:5,yes,ovulation; ovulation test,ovulation day kaise nikale | ovulation report kaise padhe | ovulation ultrasound kaise hota hai | ovulation test kaise kare
313,ttc,conditions,313,pcos me pregnancy kaise pata kare,5,5,google_ac:5,en:5,yes,pcos and pregnancy,pcos mai pregnancy kaise ho | pcos me pregnancy kaise kare | pcos me pregnancy kyu nahi hota | pcos mein pregnancy kaise karen
314,ttc,fertility-treatment,314,should i do ivf or not,5,5,google_ac:5,en:5,yes,ivf,is ivf worth the risk | should i do ivf | should i consider ivf | should i start ivf
315,ttc,cycle-and-ovulation,315,what does it mean if cervical mucus is watery,5,5,google_ac:5,en:5,yes,cervical mucus,when cervical mucus is watery | why is cervical mucus watery | is watery cervical mucus a sign of ovulation | what does it mean when you have watery cervical mucus
316,ttc,general,316,what should i eat during two week wait,5,5,google_ac:5,en:5,yes,two week wait,can i eat sushi two week wait | two week wait what to eat | what to eat during the 2 week wait | can i eat sushi during two week wait
317,ttc,general,317,where is iuiu university located,5,5,google_ac:5,en:5,yes,iui,where is iuiu kampala campus located | where is iuiu main campus located | where is iuiu located | where is iuiu located in kampala
318,ttc,general,318,which iv fluids are isotonic,5,5,ddg_ac:5,en:5,yes,ivf,what iv fluids are isotonic | what iv fluids are hypertonic | which iv fluids are hypertonic | are iv fluids isotonic
319,ttc,fertility-treatment,319,which ivf centre is best in india,5,5,google_ac:5,en:5,yes,ivf,which ivf is best in india | which ivf centre is best in kolkata | which ivf centre is best in hyderabad | which ivf centre is best in bangalore
320,ttc,general,320,why evolution is important,5,5,ddg_ac:5,en:5,yes,ovulation,why evolution matters | why does evolution matter | why does evolution matter in everyday life | why is evolution important
321,ttc,general,321,why is evolution a theory,5,5,ddg_ac:5,en:5,yes,ovulation,is evolution a theory | why is evolution a theory and not a law | why is evolution a unifying theory in biology | why is evolution a scientific theory
322,ttc,male-fertility,322,why sperm count is important,5,5,google_ac:5,en:5,yes,sperm count,why sperm count is not increasing | why sperm count is less in men | why does sperm count matter | why is sperm count important
323,ttc,fertility-treatment,323,will ivf work first time,5,5,google_ac:5,en:5,yes,ivf,can ivf be successful in first attempt | will ivf work for me | will ivf work | why is ivf not working
324,ttc,loss-and-trying-again,324,how to support miscarriage,4,40,ddg_ac:4,en:4,yes,conceive after miscarriage; miscarriage trying again,how to grieve a miscarriage | how to support someone after a miscarriage | what to do for someone who miscarried
325,ttc,general,325,can you get pregnant in minecraft,4,19,ddg_ac:3; google_ac:1,en:4,yes,how to get pregnant,how to get pregnant in minecraft | how to become pregnant in minecraft | how to get pregnant rimworld
326,ttc,cycle-and-ovulation,326,does trying to conceive affect your period,4,13,google_ac:4,en:4,yes,trying to conceive,can trying to conceive change your period | can trying to conceive delay your period | are periods worse when trying to conceive
327,ttc,cycle-and-ovulation,327,does basal body temperature increase after implantation,4,10,google_ac:4,en:4,yes,basal body temperature,does basal body temperature rise during implantation | what happens to basal body temperature during implantation | does basal body temp drop after implantation
328,ttc,testing-and-early-signs,328,why am i pregnant and not nauseous,4,10,google_ac:4,en:4,yes,am i pregnant,why am i pregnant | why am i pregnant but don't feel pregnant | why do i pregnant
329,ttc,loss-and-trying-again,329,can irregular periods cause ectopic pregnancy,4,9,google_ac:4,en:4,yes,irregular periods pregnancy,is it normal to have irregular periods after ectopic pregnancy | can ectopic pregnancy cause irregular periods | can ectopic pregnancy cause missed period
330,ttc,male-fertility,330,who sperm count analysis,4,9,google_ac:4,en:4,yes,sperm count,who sperm analysis | who sperm analysis reference values | who sperm analysis 6th edition
331,ttc,loss-and-trying-again,331,how likely to have another miscarriage,4,6,google_ac:4,en:4,yes,miscarriage trying again,will i miscarry again after a miscarriage | what are the chances of having a second miscarriage | how soon after a miscarriage can you have another miscarriage
332,ttc,general,332,how long after trying to conceive should i see a doctor,4,6,google_ac:4,en:4,yes,trying to conceive; when to see a fertility doctor,how long trying to conceive before seeing doctor | how long after trying to conceive can i test | how soon after getting pregnant should you see a doctor
333,ttc,male-fertility,333,is sperm count limited,4,6,google_ac:4,en:4,yes,sperm count,is sperm production limited | is there a limited sperm count | is sperm limited
334,ttc,cycle-and-ovulation,334,should ovulation test be first pee,4,6,google_ac:4,en:4,yes,ovulation test,should i test ovulation with first pee | does ovulation test have to be first pee | can i take ovulation test with first pee
335,ttc,general,335,what to do during the two week wait reddit,4,6,google_ac:4,en:4,yes,two week wait,how to handle the two week wait reddit | what to do during 2 week wait reddit | how to survive the two week wait reddit
336,ttc,fertility-treatment,336,when does iui start school,4,6,google_ac:4,en:4,yes,iui,when does iui start fall 2026 | when does iui college start | when does iui spring semester start
337,ttc,fertility-treatment,337,can i do iui with low amh,4,5,google_ac:3; ddg_ac:1,en:4,yes,iui; low amh,low amh 0.02 can i do iui procedure | can iui be successful with low amh | does iui work with low amh
338,ttc,fertility-treatment,338,does iui work with pcos,4,5,google_ac:3; ddg_ac:1,en:4,yes,iui; ivf,does iui work for pcos | will ivf work with pcos | will iui work if i have pcos
339,ttc,general,339,when does iu fall semester start,4,5,google_ac:4; ddg_ac:1,en:5,yes,iui,when does iu start fall 2026 | when does iu start classes | when does iu summer semester start
340,ttc,general,340,who iuis allergen nomenclature,4,5,google_ac:4; ddg_ac:1,en:5,yes,iui,who iuis allergen nomenclature sub committee | who iuis allergen nomenclature database | who iuis allergen nomenclature providing a common language
341,ttc,general,341,can i get pregnant while breastfeeding,4,5,google_ac:4,en:4,yes,how to get pregnant; am i pregnant,how can get pregnant while breastfeeding | how to get pregnant during breastfeeding | can i get pregnant with no period while breastfeeding
342,ttc,general,342,can i travel during two week wait,4,5,google_ac:4,en:4,yes,two week wait,is it safe to fly during two week wait | is it safe to travel during two week wait | can i fly during two week wait
343,ttc,male-fertility,343,does sperm production decrease with age,4,5,google_ac:4,en:4,yes,sperm count,does sperm production increase with age | does male sperm production decrease with age | does sperm production reduce with age
344,ttc,lifestyle-and-diet,344,how long before trying to conceive should you take prenatals,4,5,google_ac:4,en:4,yes,trying to conceive,how long before trying to conceive prenatal vitamins | should i take prenatals when trying to conceive | when trying to conceive should i take prenatal vitamins
345,ttc,lifestyle-and-diet,345,what is the best food to eat for fertility,4,5,google_ac:4,en:4,yes,fertility diet,what should i eat for fertility to get pregnant | what are the best fertility foods | what are fertility foods
346,ttc,general,346,what is the most fertile days of a woman,4,5,google_ac:4,en:4,yes,fertile window,how many fertile days for baby girl | what is the most fertile period of a woman | what is the most fertile days to get pregnant
347,ttc,cycle-and-ovulation,347,Could I be ovulating?,4,4,google_ac:3; reddit:1,en:4,yes,ovulation; ovulation test,am i ovulation | can i ovulation | am i ovulation quiz
348,ttc,cycle-and-ovulation,348,how long is cervical mucus egg white,4,4,google_ac:3; ddg_ac:1,en:4,yes,cervical mucus,how long does egg white cervical mucus last | how many days cervical mucus egg white | how long after cervical mucus is the egg released
349,ttc,cycle-and-ovulation,349,is it normal to ovulate late after chemical pregnancy,4,4,google_ac:3; reddit:1,en:4,yes,chemical pregnancy,13 days post ovulation faint positive?? Post chemical pregnancy | is it normal to not ovulate after chemical pregnancy | how long after chemical pregnancy will i ovulate
350,ttc,cycle-and-ovulation,350,9 DPO - Do we trust Wondfo?,4,4,reddit:4,en:4,yes,,"Wondfo early indent? 9 dpo | frer and Wondfo, 12 dpo : umm whaaaaattt? | ~9-10 dpo Wondfo shadow?"
351,ttc,cycle-and-ovulation,351,Does my line progress from 8DPO to 15 DPO look ok?,4,4,reddit:4,en:4,yes,,13 DPO - Line progression and later positive? | 15 DPO…did my lines stop progressing? | 13 vs. 15 DPO. Good progression? 13 in 1st 15 in 2nd photo
352,ttc,fertility-treatment,352,am i eligible for ivf on nhs,4,4,google_ac:4,en:4,yes,ivf,am i eligible for ivf | am i entitled to ivf on nhs | can i get ivf on nhs
353,ttc,testing-and-early-signs,353,am i pregnant calendar,4,4,google_ac:4,en:4,yes,am i pregnant,am i pregnant app | am i pregnant checklist | am i pregnant tracker
354,ttc,testing-and-early-signs,354,am i pregnant even if the line is faint,4,4,google_ac:4,en:4,yes,am i pregnant; ovulation test,am i pregnant faint line on test | am i pregnant if the line is very faint | will ovulation test be faint if pregnant
355,ttc,testing-and-early-signs,355,am i pregnant or bloated,4,4,google_ac:4,en:4,yes,am i pregnant,am i bloated or am i pregnant | why am i bloated pregnant | am i pregnant or just bloated
356,ttc,testing-and-early-signs,356,am i pregnant spotting,4,4,google_ac:4,en:4,yes,am i pregnant,am i pregnant bleeding | am i pregnant if i'm spotting | am i pregnant if im bleeding
357,ttc,testing-and-early-signs,357,am i sick or am i pregnant,4,4,google_ac:4,en:4,yes,am i pregnant,do i have flu or am i pregnant | am i pregnant or just sick | am i pregnant or just stressed
358,ttc,fertility-treatment,358,can i do iui after failed ivf,4,4,google_ac:4,en:4,yes,iui,can iui be successful after failed ivf | can i do iui after ivf | can i try iui after failed ivf
359,ttc,general,359,can iv fluids lower hemoglobin,4,4,ddg_ac:4,en:4,yes,ivf,can iv fluids lower platelets | can iv fluids dilute hemoglobin | does iv fluids lower hemoglobin
360,ttc,testing-and-early-signs,360,do chemical pregnancy lines get dark,4,4,google_ac:4,en:4,yes,chemical pregnancy,do chemical pregnancy tests get darker | do chemical pregnancy lines get darker | do chemical pregnancy tests get dark
361,ttc,male-fertility,361,do i lose sperm count,4,4,google_ac:4,en:4,yes,sperm count,can i regain sperm count | can i lose sperm count | does your sperm count regenerate
362,ttc,testing-and-early-signs,362,do implantation bleeding smell,4,4,google_ac:4,en:4,yes,implantation bleeding,does implantation bleeding smell like period | do implantation bleeding have a smell | why does implantation bleeding smell
363,ttc,fertility-treatment,363,do ivf babies have health issues,4,4,google_ac:4,en:4,yes,ivf,do ivf babies have more problems | are ivf babies healthy | are ivf babies healthier
364,ttc,cycle-and-ovulation,364,how much does bbt drop before period,4,4,google_ac:4,en:4,yes,basal body temperature,does bbt rise before period | why does bbt drop before period | how many days before period does bbt drop
365,ttc,general,365,how much iu is 25 mcg,4,4,ddg_ac:4,en:4,yes,iui,how much iu is 125 mcg | how many iu is 25 mcg | how many iu is 125 mcg
366,ttc,general,366,how much iu is 50 mcg,4,4,ddg_ac:4,en:4,yes,iui,how much iu is 10 mcg | how many iu is 50 mcg | how many iu in mcg
367,ttc,general,367,how should you lay when trying to conceive,4,4,google_ac:4,en:4,yes,trying to conceive,should you rest when trying to conceive | how to sleep when trying to conceive | when trying to conceive how long should i lay down
368,ttc,general,368,how to get pregnant cycle,4,4,google_ac:4,en:4,yes,how to get pregnant,how many cycles to get pregnant | how to get pregnant how many days | how to get pregnant menstrual cycle
369,ttc,general,369,how to get pregnant during menopause,4,4,google_ac:4,en:4,yes,how to get pregnant,how to get pregnant after menopause | how to get pregnant during perimenopause naturally | how to get pregnant during perimenopause
370,ttc,cycle-and-ovulation,370,how to get pregnant during ovulation,4,4,google_ac:4,en:4,yes,how to get pregnant,how to get pregnant during ovulation week | how to get pregnant quickly during ovulation | how to get pregnant using ovulation strips
371,ttc,general,371,how to i find my ip address,4,4,ddg_ac:4,en:4,yes,iui; ivf,what is my ip | what ius my ip address | where is my ip
372,ttc,fertility-treatment,372,how to make iui more successful,4,4,google_ac:4,en:4,yes,iui,how to make iui successful | how to increase iui success rate | what to do before iui to increase chances
373,ttc,general,373,is it bad to get pregnant 6 months postpartum,4,4,google_ac:4,en:4,yes,how to get pregnant,is it bad to get pregnant 3 months postpartum | is it bad to get pregnant 4 months postpartum | is it safe to get pregnant 6 months postpartum
374,ttc,general,374,is it harder to get pregnant after 2 miscarriages,4,4,google_ac:4,en:4,yes,conceive after miscarriage,can t get pregnant after 2 miscarriages | is it hard to get pregnant after 3 miscarriages | how to stay pregnant after multiple miscarriages
375,ttc,general,375,is it normal not to get pregnant on the first try,4,4,google_ac:4,en:4,yes,how to get pregnant,is it normal to get pregnant first try | is it normal not to get pregnant the first month of trying | is it normal not to get pregnant right away
376,ttc,fertility-treatment,376,is it normal to bleed during ivf injections,4,4,google_ac:4,en:4,yes,ivf,is it normal to bleed during ivf stimulation | is it normal to bleed after ivf transfer | is it normal to bleed during ivf pregnancy
377,ttc,fertility-treatment,377,is it safe to do iui,4,4,google_ac:4,en:4,yes,iui,is iui safe for baby | is iui safe for women | is iui safe than ivf
378,ttc,fertility-treatment,378,is ivf safe for women,4,4,google_ac:4,en:4,yes,ivf,is it safe to do ivf | is ivf safe for baby | is ivf safe for mother
379,ttc,fertility-treatment,379,should i do ivf at 40,4,4,google_ac:4,en:4,yes,ivf,is it safe to do ivf at 40 | is it safe to do ivf at 45 | should i do ivf at 42
380,ttc,timing-and-sex,380,trying to get pregnant how often,4,4,google_ac:4,en:4,yes,trying to conceive; how to get pregnant,how often should you try when trying to conceive | how many tries to get pregnant | how many times to get pregnant
381,ttc,general,381,what if you get pregnant,4,4,google_ac:4,en:4,yes,how to get pregnant; am i pregnant,what happens when you to get pregnant | what happens if get pregnant | what do if i get pregnant
382,ttc,general,382,what iv fluids are given for dehydration,4,4,ddg_ac:4,en:4,yes,ivf,will iv fluids help dehydration | which iv fluid for dehydration | how much iv fluid for dehydration
383,ttc,general,383,what iv fluids are hypotonic,4,4,ddg_ac:4,en:4,yes,ivf,what iv fluids treat hyponatremia | what iv fluids to give for hyponatremia | which iv fluids are hypotonic
384,ttc,general,384,when does haley get pregnant,4,4,google_ac:4,en:4,yes,how to get pregnant,why does haley get pregnant | when does haley get pregnant oth | when does haley get pregnant modern family
385,ttc,general,385,when does uic start classes for fall 2026,4,4,ddg_ac:4,en:4,yes,iui,when does uiowa start classes fall 2026 | when does uiuc start fall 2026 | when does uic fall semester start
386,ttc,testing-and-early-signs,386,when should i do pregnancy test after implantation bleeding,4,4,google_ac:4,en:4,yes,implantation bleeding; am i pregnant,should i test after implantation bleeding | implantation bleeding when to check for pregnancy | when implantation bleeding occurs can you take a pregnancy test
387,ttc,male-fertility,387,when sperm count is high,4,4,google_ac:4,en:4,yes,sperm count,when sperm count is highest | what if sperm count is high | when is the sperm count highest
388,ttc,general,388,why i feel sleepy all the time,4,4,ddg_ac:4,en:4,yes,ivf,why i feel sleepy all day | why i feel tired all the time | why does i feel sleepy all the time
389,ttc,cycle-and-ovulation,389,why is luteal phase so bad,4,4,google_ac:4,en:4,yes,luteal phase,why luteal phase is the worst | why is luteal phase so hard | why is luteal phase so painful
390,ttc,loss-and-trying-again,390,how long does it take to miscarry,3,31,ddg_ac:3,en:3,yes,conceive after miscarriage,how far gone is a miscarriage | how long it takes to miscarry
391,ttc,fertility-treatment,391,is low amh reversible,3,11,google_ac:3,en:3,yes,low amh,can you reverse low amh | can low amh be reversed
392,ttc,male-fertility,392,does sperm count increase with abstinence,3,9,google_ac:3,en:3,yes,sperm count,can abstinence cause low sperm count | does abstinence increase sperm quality
393,ttc,general,393,how much caffeine two week wait,3,8,google_ac:3,en:3,yes,two week wait,should i avoid caffeine during two week wait | how much caffeine can i have during two week wait
394,ttc,fertility-treatment,394,what happens when you see a fertility doctor,3,7,google_ac:3,en:3,yes,when to see a fertility doctor,what happens when you see a fertility specialist | what happens when you get referred to a fertility clinic
395,ttc,cycle-and-ovulation,395,how accurate is basal body temperature for birth control,3,6,google_ac:3,en:3,yes,basal body temperature,is basal body temperature accurate while breastfeeding | is basal body temperature accurate with pcos
396,ttc,general,396,how long must i wait,3,6,ddg_ac:3,en:3,yes,two week wait,how long will i wait | how long people wait
397,ttc,general,397,how to become a fertility dietitian,3,6,google_ac:3,en:3,yes,fertility diet,how to become a fertility nutritionist | how to become a fertility doctor
398,ttc,testing-and-early-signs,398,why am i pregnant and still bleeding,3,6,google_ac:3,en:3,yes,am i pregnant,why am i pregnant and still menstruating | why am i pregnant and bleeding
399,ttc,general,399,why can't i get pregnant,3,6,google_ac:3,en:3,yes,how to get pregnant,am i unable to get pregnant | why not able to get pregnant
400,ttc,general,400,should i get the rsv vaccine while pregnant,3,5,google_ac:2; ddg_ac:1,en:3,yes,how to get pregnant,should pregnant get rsv vaccine | when should pregnant get rsv vaccine
401,ttc,cycle-and-ovulation,401,what is the purpose of ovulation,3,5,google_ac:2; ddg_ac:1,en:3,yes,ovulation; ovulation test,why is ovulation important | why is ovulation
402,ttc,fertility-treatment,402,are low amh levels genetic,3,5,google_ac:3,en:3,yes,low amh,is low amh genetic | is amh genetic
403,ttc,cycle-and-ovulation,403,can i get pregnant before my period,3,5,google_ac:3,en:3,yes,am i pregnant,can i get pregnant before ovulation | can i get pregnant before my periods
404,ttc,cycle-and-ovulation,404,is apple watch basal body temp accurate,3,5,google_ac:3,en:3,yes,basal body temperature,where is basal body temperature on apple watch | how accurate is apple watch basal body temperature
405,ttc,general,405,what is i am pregnant in spanish,3,5,google_ac:3,en:3,yes,am i pregnant,when i was pregnant in spanish | how do you say i am pregnant in spanish
406,ttc,fertility-treatment,406,does iui work with endometriosis,3,4,google_ac:3; ddg_ac:1,en:4,yes,iui,will iui work with endometriosis | why is iui not recommended for endometriosis
407,ttc,testing-and-early-signs,407,am i pregnant test online free,3,4,google_ac:3,en:3,yes,am i pregnant,am i pregnant test online | am i pregnant test free
408,ttc,cycle-and-ovulation,408,can i get pregnant after ovulation,3,4,google_ac:3,en:3,yes,ovulation; am i pregnant; fertile window,am i fertile after ovulation | can you get pregnant a day after your fertile window
409,ttc,general,409,can i sauna during two week wait,3,4,google_ac:3,en:3,yes,two week wait,can you sauna during two week wait | can you use sauna during two week wait
410,ttc,cycle-and-ovulation,410,what if ovulation test has faint line,3,4,google_ac:3,en:3,yes,ovulation test,what if my ovulation test is faint | what can affect ovulation test results
411,ttc,cycle-and-ovulation,411,what if ovulation test is never positive,3,4,google_ac:3,en:3,yes,ovulation test,what if my ovulation test never peaked | what if the ovulation test never showed positive
412,ttc,fertility-treatment,412,what is a good amh level,3,4,ddg_ac:3,en:3,yes,low amh,what is normal amh | what is amh level
413,ttc,cycle-and-ovulation,413,when cervical mucus is stretchy,3,4,google_ac:3,en:3,yes,cervical mucus,does stretchy cervical mucus mean ovulation | when cervical mucus is clear and stretchy
414,ttc,fertility-treatment,414,when should iui be done after trigger shot,3,4,google_ac:3,en:3,yes,iui,how many hours before iui do you trigger | when does iui happen after trigger shot
415,ttc,fertility-treatment,415,why is ivf so expensive,3,4,google_ac:3,en:3,yes,ivf,why ivf is costly | what is the most expensive part of ivf
416,ttc,general,416,are fertility doctors covered by insurance,3,3,google_ac:2; ddg_ac:1,en:3,yes,when to see a fertility doctor,do fertility clinics take insurance | is seeing a fertility doctor covered by insurance
417,ttc,fertility-treatment,417,does iui require anesthesia,3,3,google_ac:2; ddg_ac:1,en:3,yes,iui,is iui done under anesthesia | does iui need anesthesia
418,ttc,conditions,418,does pcos prevent conception,3,3,google_ac:2; ddg_ac:1,en:3,yes,pcos and pregnancy,can pcos be prevented | is pcos affect fertility
419,ttc,cycle-and-ovulation,419,DPO Unknown. Am I going crazy?,3,3,reddit:3,en:3,yes,,Unknown dpo is there a line or am I crazy 🥲 | 10 DPO—am I losing my mind or is there a faint line?
420,ttc,fertility-treatment,420,am i eligible for iui on nhs,3,3,google_ac:3,en:3,yes,iui,am i eligible for iui | can i get iui on nhs
421,ttc,cycle-and-ovulation,421,am i heavier during luteal phase,3,3,google_ac:3,en:3,yes,luteal phase,am i weaker during luteal phase | am i hungrier in luteal phase
422,ttc,testing-and-early-signs,422,am i pregnant at 44,3,3,google_ac:3,en:3,yes,am i pregnant,am i pregnant at 43 | am i pregnant at 48
423,ttc,testing-and-early-signs,423,am i pregnant with twins,3,3,google_ac:3,en:3,yes,am i pregnant,how do i know i am pregnant with twins | am i pregnant with twins quiz
424,ttc,general,424,are evolution golf carts good quality,3,3,ddg_ac:3,en:3,yes,ovulation,are evolution golf carts good | are evolution golf carts still made
425,ttc,fertility-treatment,425,are iui babies healthier,3,3,google_ac:3,en:3,yes,iui,are iui babies healthy | are iui babies smarter
426,ttc,general,426,are iv fluids considered a medication,3,3,ddg_ac:3,en:3,yes,ivf,are iv fluids a medication | are iv fluids considered parenteral nutrition
427,ttc,general,427,can i uninstall microsoft edge,3,3,ddg_ac:3,en:3,yes,iui,how to uninstall edge | what if i uninstall microsoft edge
428,ttc,fertility-treatment,428,can ivf be done after menopause,3,3,google_ac:3,en:3,yes,ivf,can i do ivf after menopause | how ivf works after menopause
429,ttc,general,429,can you try to conceive while on antibiotics,3,3,google_ac:3,en:3,yes,trying to conceive,is it ok to try to conceive while on antibiotics | can i try to conceive while taking antibiotics
430,ttc,cycle-and-ovulation,430,does cervical mucus smell,3,3,google_ac:3,en:3,yes,cervical mucus,is it normal for cervical mucus to smell | why does cervical mucus smell
431,ttc,fertility-treatment,431,does iui increase chance of pregnancy,3,3,google_ac:3,en:3,yes,iui,are iui pregnancies high risk | why does iui increase chance of pregnancy
432,ttc,general,432,does low ammonia mean anything,3,3,ddg_ac:3,en:3,yes,low amh,is low ammonia bad | can low ammonia levels cause confusion
433,ttc,cycle-and-ovulation,433,does luteal phase cause swelling,3,3,google_ac:3,en:3,yes,luteal phase,can luteal phase cause swollen lymph nodes | does luteal phase cause face swelling
434,ttc,cycle-and-ovulation,434,how clearblue ovulation test works,3,3,google_ac:3,en:3,yes,ovulation test; ovulation,how to test ovulation with clear blue | how long does clearblue ovulation test take
435,ttc,fertility-treatment,435,how ivf works for men,3,3,google_ac:3,en:3,yes,ivf,how is ivf done in a man | how does ivf treatment work for men
436,ttc,fertility-treatment,436,how ivf works in hindi,3,3,google_ac:3,en:3,yes,ivf,why ivf is needed in hindi | how ivf is done in hindi
437,ttc,general,437,how long iud is good for,3,3,ddg_ac:3,en:3,yes,iui; implantation bleeding,how long do you bleed after iud | how long iud last
438,ttc,cycle-and-ovulation,438,how much does an ovulation test cost,3,3,google_ac:3,en:3,yes,ovulation test,how much is ovulation test strip | how much is ovulation test at dischem
439,ttc,general,439,how much does bbt fluctuate during pregnancy,3,3,google_ac:3,en:3,yes,basal body temperature,does bbt drop when pregnant | what is bbt temperature when pregnant
440,ttc,fertility-treatment,440,how much does it cost to go to a fertility clinic,3,3,google_ac:3,en:3,yes,when to see a fertility doctor,how much does it cost to get pregnant at a fertility clinic | how much does it cost to open a fertility clinic
441,ttc,general,441,how to get pregnant fast after pill,3,3,google_ac:3,en:3,yes,how to get pregnant,how to get pregnant fast without pills | how to get pregnant fast after stopping the pill
442,ttc,general,442,how to get pregnant in one month,3,3,google_ac:3,en:3,yes,how to get pregnant; am i pregnant,how to get pregnant this month | what to do if i am pregnant for 1 month
443,ttc,general,443,how to get pregnant lesbian,3,3,google_ac:3,en:3,yes,how to get pregnant,how to get pregnant lesbian couple | how to be pregnant lesbian
444,ttc,male-fertility,444,how to get pregnant low sperm count,3,3,google_ac:3,en:3,yes,how to get pregnant,how to get pregnant with low sperm motility naturally | how to get pregnant with poor sperm morphology
445,ttc,general,445,how to get pregnant my wife,3,3,google_ac:3,en:3,yes,how to get pregnant,how to get pregnant my girlfriend | how to get pregnant your wife
446,ttc,general,446,how to pregnancy kit test,3,3,google_ac:3,en:3,yes,how to get pregnant,how to make pregnancy kit positive | how to pregnancy urine test
447,ttc,general,447,is chemical sunscreen dangerous during pregnancy,3,3,google_ac:3,en:3,yes,chemical pregnancy,is it safe to use chemical sunscreen during pregnancy | why is chemical sunscreen bad pregnancy
448,ttc,general,448,is it bad to try to conceive while sick,3,3,google_ac:3,en:3,yes,trying to conceive,is it ok to try to conceive while sick | is it bad to try to conceive while you're sick
449,ttc,cycle-and-ovulation,449,is it normal for ovulation discharge to smell,3,3,google_ac:3,en:3,yes,ovulation,should ovulation discharge smell | is it normal for ovulation to smell
450,ttc,general,450,is it normal to bleed after trying to conceive,3,3,google_ac:3,en:3,yes,trying to conceive,is it normal to bleed while trying to conceive | is it normal to cramp after trying to conceive
451,ttc,cycle-and-ovulation,451,is it normal to cramp during luteal phase,3,3,google_ac:3,en:3,yes,luteal phase,is cramping normal luteal phase | can luteal phase cause cramping
452,ttc,fertility-treatment,452,is it safe to travel after iui,3,3,google_ac:3,en:3,yes,iui,is it safe to fly after iui | is it safe to pee after iui
453,ttc,loss-and-trying-again,453,is it safe to try again after chemical pregnancy,3,3,google_ac:3,en:3,yes,chemical pregnancy,is it safe to use tampons after a chemical pregnancy | should i try again after chemical pregnancy
454,ttc,loss-and-trying-again,454,is your pregnancy after a miscarriage considered high risk,3,3,google_ac:3,en:3,yes,conceive after miscarriage,is pregnancy after 2 miscarriages high risk | if i had a miscarriage is my next pregnancy high risk
455,ttc,fertility-treatment,455,low amh ko kaise badhaye,3,3,google_ac:3,en:3,yes,low amh,low amh ko kaise thik kare | low amh level ko kaise badhaye
456,ttc,general,456,should i quit my job,3,3,ddg_ac:3,en:3,yes,iui,should i quit | should i quit my job near me
457,ttc,general,457,should iv fluids be warmed,3,3,ddg_ac:3,en:3,yes,ivf,do iv fluids help with fever | which iv fluids can be warmed
458,ttc,general,458,was i pregnant without knowing,3,3,google_ac:3,en:3,yes,am i pregnant,how do i know i am pregnant without a test | am i pregnant and not know it
459,ttc,general,459,what can i pregnant woman,3,3,google_ac:3,en:3,yes,am i pregnant,what can i pregnant | what can i pregnant woman eat
460,ttc,general,460,what evolution means,3,3,ddg_ac:3,en:3,yes,ovulation,is evolution a word | are evolution and adaptation the same thing
461,ttc,cycle-and-ovulation,461,what happens after ovulation period,3,3,google_ac:3,en:3,yes,fertile window; ovulation,what happens after ovulation induction | what happens after ovulation before period
462,ttc,general,462,what happens if get pregnant on birth control,3,3,google_ac:3,en:3,yes,am i pregnant; how to get pregnant,why am i pregnant on birth control | what happens if i am pregnant and take birth control
463,ttc,general,463,what if i fall but what if you fly,3,3,ddg_ac:3,en:3,yes,ivf,what if i fall | what if i fail what if you fly
464,ttc,cycle-and-ovulation,464,when cervical mucus is sticky,3,3,google_ac:3,en:3,yes,cervical mucus,what if my cervical mucus is sticky | why is cervical mucus sticky
465,ttc,general,465,when does iu football play again,3,3,ddg_ac:3,en:3,yes,iui,when does iu basketball play again | when does iu play
466,ttc,general,466,when evolution runs backwards reading answers,3,3,ddg_ac:3,en:3,yes,ovulation,when evolution runs backwards | when evolution runs backwards ielts
467,ttc,general,467,when i fly towards you,3,3,ddg_ac:3,en:3,yes,ivf,when i fly towards you ep 1 | when i fly towards you tv
468,ttc,general,468,when should i file my taxes,3,3,ddg_ac:3,en:3,yes,ivf,when should i file my tax return | when should i file for social security
469,ttc,fertility-treatment,469,when should i take clomid to get pregnant,3,3,google_ac:3,en:3,yes,how to get pregnant,should i take clomid to get pregnant | how to use clomid to get pregnant
470,ttc,general,470,when should i use a semicolon vs comma,3,3,ddg_ac:3,en:3,yes,iui,when should i use a semicolon | when should i use a comma
471,ttc,general,471,where can i get pregnant,3,3,google_ac:3,en:3,yes,am i pregnant; how to get pregnant,where to get pregnant | where can i pregnant
472,ttc,general,472,where i find god chords,3,3,ddg_ac:3,en:3,yes,ivf,where i find god | where i found god
473,ttc,fertility-treatment,473,where ivf injections are given,3,3,google_ac:3,en:3,yes,ivf,what ivf injections do | where do ivf shots go
474,ttc,cycle-and-ovulation,474,which ovulation day is best for pregnancy,3,3,google_ac:3,en:3,yes,ovulation,which ovulation day is best for baby boy | which ovulation day is best for baby girl
475,ttc,general,475,why does discharge come out,3,3,google_ac:3,en:3,yes,cervical mucus,why does discharge come out randomly | what does it mean when discharge is coming out
476,ttc,general,476,why does ui design matter,3,3,ddg_ac:3,en:3,yes,iui,why does ui/ux design | why is ui important
477,ttc,cycle-and-ovulation,477,why is ovulation painful after having a baby,3,3,google_ac:3,en:3,yes,ovulation,why is ovulation painful after tubal ligation | why is ovulation painful postpartum
478,ttc,male-fertility,478,why sperm counts are dropping,3,3,google_ac:3,en:3,yes,sperm count,are sperm counts dropping worldwide | how many sperm count in one drop
479,ttc,general,479,why uipath stock is down,3,3,ddg_ac:3,en:3,yes,iui,why is uipath stock up | why is uipath stock down today
480,ttc,general,480,will evolution change humans,3,3,ddg_ac:3,en:3,yes,ovulation,how evolution is impacting human health | will evolution affect future life
481,ttc,general,481,will evolution continue,3,3,ddg_ac:3,en:3,yes,ovulation,does evolution exist | does evolution stop
482,ttc,male-fertility,482,do male seahorses get pregnant,2,19,ddg_ac:2,en:2,yes,how to get pregnant,why do male seahorses get pregnant
483,ttc,general,483,should you get the flu shot while pregnant,2,15,ddg_ac:2,en:2,yes,how to get pregnant,is it safe to get the flu shot while pregnant
484,ttc,general,484,what makes a person conceited,2,13,ddg_ac:2,en:2,yes,trying to conceive,when someone is conceited
485,ttc,loss-and-trying-again,485,when to see a fertility specialist after miscarriage,2,10,google_ac:2,en:2,yes,when to see a fertility doctor,should i see a fertility specialist after 2 miscarriages
486,ttc,male-fertility,486,does sperm count decrease after first ejaculation,2,9,google_ac:2,en:2,yes,sperm count,how much does sperm count drop after ejaculation
487,ttc,general,487,when will you see a doctor,2,8,ddg_ac:2,en:2,yes,when to see a fertility doctor,when to see your doctor
488,ttc,general,488,why do i keep miscarrying,2,7,ddg_ac:1; google_ac:1,en:2,yes,conceive after miscarriage; miscarriage trying again,why can i get pregnant but keep miscarrying
489,ttc,loss-and-trying-again,489,how to calculate pregnancy after miscarriage without period,2,7,google_ac:2,en:2,yes,conceive after miscarriage,how to test pregnancy after miscarriage
490,ttc,general,490,why do miscarriages of justice happen,2,7,ddg_ac:2,en:2,yes,conceive after miscarriage; miscarriage trying again,what causes a miscarriage of justice
491,ttc,fertility-treatment,491,should amh be high or low,2,6,ddg_ac:1; google_ac:1,en:2,yes,low amh,what if amh is high
492,ttc,general,492,how many miscarriages in the us annually,2,6,ddg_ac:2,en:2,yes,conceive after miscarriage,how many miscarriages a year in usa
493,ttc,loss-and-trying-again,493,is stillborn a miscarriage,2,6,ddg_ac:2,en:2,yes,miscarriage trying again,is stillborn considered a miscarriage
494,ttc,cycle-and-ovulation,494,when was ovulation discovered,2,5,ddg_ac:1; google_ac:1,en:2,yes,ovulation test; ovulation,who discovered ovulation
495,ttc,cycle-and-ovulation,495,how much ovulation test at clicks,2,5,google_ac:2,en:2,yes,ovulation test,how much is ovulation kit at clicks
496,ttc,general,496,when trying to conceive tips,2,5,google_ac:2,en:2,yes,trying to conceive,when trying to get pregnant tips
497,ttc,general,497,why does life begin at conception,2,5,ddg_ac:2,en:2,yes,trying to conceive; how to get pregnant,why life begins at conception
498,ttc,general,498,why to get pregnant quickly,2,5,google_ac:2,en:2,yes,how to get pregnant,why do i conceive so quickly
499,ttc,general,499,How do you survive the two week wait without losing your mind?,2,4,reddit:1; google_ac:1,en:2,yes,two week wait,how to survive two week wait
500,ttc,general,500,what is the earliest you can miscarry,2,4,ddg_ac:1; google_ac:1,en:2,yes,conceive after miscarriage; miscarriage trying again,when can a miscarriage happen earliest
501,ttc,loss-and-trying-again,501,can you get pregnant after miscarriage with hcg still present,2,4,google_ac:2,en:2,yes,conceive after miscarriage,can you get pregnant after miscarriage before hcg is 0
502,ttc,male-fertility,502,does sperm count decrease after vasectomy,2,4,google_ac:2,en:2,yes,sperm count,should sperm count be zero after vasectomy
503,ttc,fertility-treatment,503,how to find a fertility clinic,2,4,google_ac:2,en:2,yes,when to see a fertility doctor,how to get into a fertility clinic
504,ttc,general,504,how to know if you miscarried early,2,4,ddg_ac:2,en:2,yes,conceive after miscarriage,how to know if miscarried
505,ttc,conditions,505,is pcos a serious problem,2,4,ddg_ac:2,en:2,yes,pcos and pregnancy,how bad is pcos
506,ttc,fertility-treatment,506,should i do iui back to back,2,4,google_ac:2,en:2,yes,iui,after iui should i rest
507,ttc,general,507,should i take coq10 during two week wait,2,4,google_ac:2,en:2,yes,two week wait,can i take coq10 during two week wait
508,ttc,male-fertility,508,which sperm is fertile,2,4,google_ac:2,en:2,yes,sperm count,which sperm is best
509,ttc,cycle-and-ovulation,509,why is my fertile window so long on flo,2,4,google_ac:2,en:2,yes,fertile window,why is my ovulation period so long on flo app
510,ttc,cycle-and-ovulation,510,Chance for more follicles by increasing letrozole? Ovulation success?,2,3,reddit:1; google_ac:1,en:2,yes,ovulation,when does ovulation occur after taking letrozole
511,ttc,timing-and-sex,511,how long does it take for dog to get pregnant,2,3,ddg_ac:1; google_ac:1,en:2,yes,how to get pregnant,how do dogs get pregnant
512,ttc,general,512,i am pregnant how do i apply for medicaid,2,3,ddg_ac:1; google_ac:1,en:2,yes,am i pregnant; how to get pregnant,how to get pregnant medicaid
513,ttc,fertility-treatment,513,is iui covered by insurance,2,3,ddg_ac:1; google_ac:1,en:2,yes,iui,are iui covered by insurance
514,ttc,general,514,should i have a baby,2,3,ddg_ac:1; google_ac:1,en:2,yes,am i pregnant; how to get pregnant,should i start trying for a baby
515,ttc,general,515,can a doctor check if you are fertile,2,3,google_ac:2,en:2,yes,when to see a fertility doctor,can you get a fertility test at your gp
516,ttc,fertility-treatment,516,can i do iui after tubal ligation,2,3,google_ac:2,en:2,yes,iui,will iui work after tubal ligation
517,ttc,conditions,517,can i get pregnant with ovarian cyst,2,3,google_ac:2,en:2,yes,am i pregnant; how to get pregnant,how to get pregnant with ovarian cysts
518,ttc,testing-and-early-signs,518,can i test pregnancy after 35 days of missed period,2,3,google_ac:2,en:2,yes,am i pregnant; conceive after 35,when should i do pregnancy test after missing period
519,ttc,male-fertility,519,does sperm count increase after varicocele surgery,2,3,google_ac:2,en:2,yes,sperm count,does sperm count increase after varicocele embolization
520,ttc,general,520,how many babies do i have,2,3,ddg_ac:2,en:2,yes,how to get pregnant; am i pregnant,how many babies are conceived each day
521,ttc,general,521,how many weeks is a normal preg,2,3,ddg_ac:2,en:2,yes,am i pregnant,how many weeks is a preg
522,ttc,general,522,how to reduce anti mullerian hormone levels,2,3,google_ac:2,en:2,yes,low amh,what is a low anti mullerian hormone level
523,ttc,general,523,is getting tired easily a sign of pregnancy,2,3,google_ac:2,en:2,yes,am i pregnant,can being fatigue be a sign of pregnancy
524,ttc,cycle-and-ovulation,524,is it normal for ovulation tests to fluctuate,2,3,google_ac:2,en:2,yes,ovulation test; ovulation,why does ovulation fluctuate
525,ttc,cycle-and-ovulation,525,is oura ring basal body temp accurate,2,3,google_ac:2,en:2,yes,basal body temperature,how accurate is oura ring basal body temperature
526,ttc,general,526,what happens if get pregnant on mounjaro,2,3,google_ac:2,en:2,yes,how to get pregnant,is it safe to get pregnant on mounjaro
527,ttc,fertility-treatment,527,what is the best age to have ivf,2,3,google_ac:2,en:2,yes,ivf,can i get ivf at 18
528,ttc,male-fertility,528,what sperm count is considered sterile,2,3,google_ac:2,en:2,yes,sperm count,what sperm count is considered sterile after vasectomy
529,ttc,general,529,when trying to conceive can i eat pineapple,2,3,google_ac:2,en:2,yes,trying to conceive,while trying to conceive can i eat mango
530,ttc,male-fertility,530,when trying to conceive how to keep sperm in,2,3,google_ac:2,en:2,yes,trying to conceive,trying to conceive how to keep sperm in
531,ttc,male-fertility,531,which type of banana is good for sperm count,2,3,google_ac:2,en:2,yes,sperm count,which type of banana increase sperm count
532,ttc,testing-and-early-signs,532,who am i pregnant by,2,3,google_ac:2,en:2,yes,am i pregnant,where am i pregnant
533,ttc,testing-and-early-signs,533,why am i pregnant in my dreams,2,3,google_ac:2,en:2,yes,am i pregnant,why was i pregnant in a dream
534,ttc,general,534,why girl get pregnant,2,3,google_ac:2,en:2,yes,how to get pregnant,why does girl get pregnant
535,ttc,male-fertility,535,why is sperm count higher in the morning,2,3,google_ac:2,en:2,yes,sperm count,is sperm count higher in the morning
536,ttc,general,536,why take aspirin when trying to conceive,2,3,google_ac:2,en:2,yes,trying to conceive,how to take aspirin when trying to conceive
537,ttc,general,537,why take progesterone when trying to conceive,2,3,google_ac:2,en:2,yes,trying to conceive,how to take progesterone trying to conceive
538,ttc,cycle-and-ovulation,538,will ovulation test be positive if pregnant clearblue,2,3,google_ac:2,en:2,yes,ovulation test,will ovulation test be negative if pregnant clearblue
539,ttc,cycle-and-ovulation,539,Anything?? 10 DPO & CD 24,2,2,reddit:1; google_ac:1,en:2,yes,ovulation,can ovulation happen on day 10
540,ttc,cycle-and-ovulation,540,How many days after the LH peak can ovulation occur?,2,2,reddit:1; google_ac:1,en:2,yes,ovulation,when does ovulation occur after lh surge
541,ttc,cycle-and-ovulation,541,How soon did you ovulate after a D&C?,2,2,reddit:1; google_ac:1,en:2,yes,how to get pregnant,how long to get pregnant after d&c
542,ttc,fertility-treatment,542,"My First IVF Consult, What to Expect?",2,2,reddit:1; google_ac:1,en:2,yes,ivf,what happens ivf first appointment
543,ttc,conditions,543,how to detect pcos,2,2,mylo:1; ddg_ac:1,en:2,yes,pcos and pregnancy,how to find pcos
544,ttc,general,544,how to get pregnant in stardew valley,2,2,ddg_ac:1; google_ac:1,en:2,yes,how to get pregnant,how to get pregnant cows stardew
545,ttc,fertility-treatment,545,is iui considered art,2,2,ddg_ac:1; google_ac:1,en:2,yes,iui,what is the difference between iui and iui art
546,ttc,cycle-and-ovulation,546,which hormone thins cervical mucus,2,2,ddg_ac:1; google_ac:1,en:2,yes,cervical mucus,which hormone causes cervical mucus
547,ttc,cycle-and-ovulation,547,11 dpo is this what indents look like?,2,2,reddit:2,en:2,yes,,11 dpo - could this be it?
548,ttc,cycle-and-ovulation,548,12 DPO should I be nervous about betas and progression?,2,2,reddit:2,en:2,yes,,AM I CRAZY??????? 12 DPO
549,ttc,cycle-and-ovulation,549,"12 dpo, very faint positive?",2,2,reddit:2,en:2,yes,,Is this a faint positive or am I just overthinking? I am currently 9 dpo
550,ttc,cycle-and-ovulation,550,13 DPO… is this a chemical?,2,2,reddit:2,en:2,yes,,🧐 unknown dpo chemical?
551,ttc,cycle-and-ovulation,551,CD 19?? ovulation positive or negative ??,2,2,reddit:2,en:2,yes,,cd 19 is this LH positive i’m confused
552,ttc,cycle-and-ovulation,552,Do we think I ovulated? Unknown CD,2,2,reddit:2,en:2,yes,,OPK getting more positive?? Unknown CD
553,ttc,lifestyle-and-diet,553,Does anyone else feel the weight of the absolute absurdity that is TTC?,2,2,reddit:2,en:2,yes,,Honestly starting to feel like it’s a miracle that anyone ever gets pregnant
554,ttc,testing-and-early-signs,554,FR 12 dpo faint line. Do you see it or do i have line eyes?,2,2,reddit:2,en:2,yes,,Line Eyes ooooor…? 12 dpo
555,ttc,cycle-and-ovulation,555,IS THIS A REAL POSITIVE 7DPO FRER BRAND,2,2,reddit:2,en:2,yes,,I think I am 7 dpo? Maybe 8? Using equate Walmart brand
556,ttc,cycle-and-ovulation,556,"Long Letrozole + Gonal-F cycle, now 3 follicles. Would your clinic cancel?",2,2,reddit:2,en:2,yes,,IS MY CYCLE GOING TO BE CANCELLED?! CD9 scan showed two 8mm follicles and lining of 2mm after 7.5mg of letrozole
557,ttc,testing-and-early-signs,557,"TFAB's Weekly BFP Post - September 06, 2026. Got your BFP? Post your story here!",2,2,reddit:2,en:2,yes,,"TFAB's Weekly BFP Post - September 13, 2026. Got your BFP? Post your story here!"
558,ttc,cycle-and-ovulation,558,"The dreaded blue line test—am I crazy? (Brand: FP, 12dpo)",2,2,reddit:2,en:2,yes,,Any idea why my pink line FRER brand test turned blue? 8-9 DPO
559,ttc,general,559,am i audible meaning,2,2,ddg_ac:2,en:2,yes,iui,am i audible
560,ttc,cycle-and-ovulation,560,am i heavier during ovulation,2,2,google_ac:2,en:2,yes,ovulation,am i hungrier during ovulation
561,ttc,general,561,am i infected with a virus,2,2,ddg_ac:2,en:2,yes,ivf,am i infected
562,ttc,testing-and-early-signs,562,am i pregnant light period,2,2,google_ac:2,en:2,yes,am i pregnant,can i still get pregnant with light periods
563,ttc,testing-and-early-signs,563,am i pregnant my stomach feels tight,2,2,google_ac:2,en:2,yes,am i pregnant,am i pregnant my stomach feels weird
564,ttc,testing-and-early-signs,564,am i pregnant psychic,2,2,google_ac:2,en:2,yes,am i pregnant,am i pregnant fortune teller
565,ttc,testing-and-early-signs,565,am i pregnant video lubalin,2,2,google_ac:2,en:2,yes,am i pregnant,am i pregnant lubalin
566,ttc,testing-and-early-signs,566,am i pregnant yes or no wheel,2,2,google_ac:2,en:2,yes,am i pregnant,am i pregnant yes or no wheel quiz
567,ttc,general,567,am i too fat to get pregnant quiz,2,2,google_ac:2,en:2,yes,how to get pregnant,am i too fat to get pregnant
568,ttc,general,568,are evolution tools any good,2,2,ddg_ac:2,en:2,yes,ovulation,are evolution power tools any good
569,ttc,general,569,are inuit first nations,2,2,ddg_ac:2,en:2,yes,iui,are inuits native american
570,ttc,general,570,are iuds safe,2,2,ddg_ac:2,en:2,yes,iui,how safe is an iud
571,ttc,fertility-treatment,571,are iui babies more likely to be boys,2,2,google_ac:2,en:2,yes,iui,are iui babies boys or girls
572,ttc,fertility-treatment,572,are ivf babies more intelligent,2,2,google_ac:2,en:2,yes,ivf,are ivf babies smarter
573,ttc,loss-and-trying-again,573,can chemical pregnancy happen twice,2,2,google_ac:2,en:2,yes,chemical pregnancy,chemical pregnancy can i get pregnant again
574,ttc,general,574,can evolution be observed,2,2,ddg_ac:2,en:2,yes,ovulation,can evolution be directly observed
575,ttc,general,575,can evolution happen quickly,2,2,ddg_ac:2,en:2,yes,ovulation,is evolution random
576,ttc,fertility-treatment,576,can i do ivf after tubal ligation,2,2,google_ac:2,en:2,yes,ivf,can i do ivf with my tubes tied
577,ttc,general,577,can i feel pregnant after 2 days,2,2,google_ac:2,en:2,yes,am i pregnant,can i feel pregnant after 4 days
578,ttc,general,578,can i juice spinach,2,2,ddg_ac:2,en:2,yes,iui,can i juice lettuce
579,ttc,general,579,can i run while trying to conceive,2,2,google_ac:2,en:2,yes,trying to conceive; am i pregnant,should i run pregnant
580,ttc,loss-and-trying-again,580,can i still have a baby after miscarriage,2,2,google_ac:2,en:2,yes,miscarriage trying again; conceive after miscarriage,can i get pregnant after miscarriage while still bleeding
581,ttc,cycle-and-ovulation,581,can i track ovulation with apple watch,2,2,google_ac:2,en:2,yes,ovulation,can i track ovulation with oura ring
582,ttc,general,582,can iv fluids improve kidney function,2,2,ddg_ac:2,en:2,yes,ivf,will iv fluids help with constipation
583,ttc,fertility-treatment,583,can ivf choose gender in india,2,2,google_ac:2,en:2,yes,ivf,can ivf choose gender
584,ttc,cycle-and-ovulation,584,can ovulation test be wrong after miscarriage,2,2,google_ac:2,en:2,yes,ovulation test,will ovulation test be positive after miscarriage
585,ttc,testing-and-early-signs,585,can pregnancy cause missed period,2,2,google_ac:2,en:2,yes,am i pregnant; irregular periods pregnancy,am i pregnant if i missed my period
586,ttc,cycle-and-ovulation,586,can prenatal cause irregular periods,2,2,google_ac:2,en:2,yes,irregular periods pregnancy,can prenatal vitamins cause irregular periods
587,ttc,male-fertility,587,can you get pregnant with 7 million sperm count,2,2,google_ac:2,en:2,yes,how to get pregnant; sperm count,how many sperm to get pregnant
588,ttc,testing-and-early-signs,588,do chemical pregnancy test negative,2,2,google_ac:2,en:2,yes,chemical pregnancy,how long after chemical pregnancy will i get a negative test
589,ttc,general,589,do inuit have status,2,2,ddg_ac:2,en:2,yes,iui,do inuit have status cards
590,ttc,lifestyle-and-diet,590,do iuds cause weight gain,2,2,ddg_ac:2,en:2,yes,iui,can iud cause weight gain
591,ttc,general,591,do iv fluids count as intake,2,2,ddg_ac:2,en:2,yes,ivf,do iv fluids count toward fluid restriction
592,ttc,general,592,do iv fluids make you pee,2,2,ddg_ac:2,en:2,yes,ivf,can iv fluids cause hyponatremia
593,ttc,fertility-treatment,593,do ivf children have autism,2,2,google_ac:2,en:2,yes,ivf,do ivf babies have autism
594,ttc,fertility-treatment,594,do ivf mothers breastfeed,2,2,google_ac:2,en:2,yes,ivf,can i do ivf while breastfeeding
595,ttc,testing-and-early-signs,595,does coq10 help implantation,2,2,google_ac:2,en:2,yes,two week wait,should you take coq10 after embryo transfer
596,ttc,lifestyle-and-diet,596,does diet coke affect fertility,2,2,google_ac:2,en:2,yes,fertility diet,does diet soda affect fertility
597,ttc,general,597,does evolutionary theory need a rethink,2,2,ddg_ac:2,en:2,yes,ovulation,which evolution theory is correct
598,ttc,fertility-treatment,598,does iui cause weight gain,2,2,google_ac:2,en:2,yes,ivf; iui,does ivf cause weight gain
599,ttc,male-fertility,599,does iui work for low sperm count,2,2,google_ac:2,en:2,yes,iui,will iui work with low sperm motility
600,ttc,fertility-treatment,600,does iui work for unexplained infertility,2,2,google_ac:2,en:2,yes,iui,why does iui work for unexplained infertility
601,ttc,general,601,does iv fentanyl cause hypotension,2,2,ddg_ac:2,en:2,yes,ivf,does iv fentanyl drop bp
602,ttc,general,602,does my dog know i am pregnant,2,2,google_ac:2,en:2,yes,am i pregnant,does my cat know i am pregnant
603,ttc,cycle-and-ovulation,603,does ovulation period make you nauseous,2,2,google_ac:2,en:2,yes,fertile window,can being fertile make you nauseous
604,ttc,cycle-and-ovulation,604,does your temperature rise right before period,2,2,google_ac:2,en:2,yes,luteal phase; basal body temperature,what is the phase right before your period
605,ttc,cycle-and-ovulation,605,fertile window kaise calculate kare,2,2,google_ac:2,en:2,yes,fertile window,fertile window kaise check kare
606,ttc,cycle-and-ovulation,606,how accurate is flo fertile window,2,2,google_ac:2,en:2,yes,fertile window,what does fertile window mean on flo
607,ttc,general,607,how did mary get pregnant jesus,2,2,google_ac:2,en:2,yes,how to get pregnant; am i pregnant,who was pregnant with mary
608,ttc,general,608,how early can i find out i am pregnant,2,2,google_ac:2,en:2,yes,am i pregnant,when can you find out what your having when your pregnant
609,ttc,general,609,how evolution shapes human behavior,2,2,ddg_ac:2,en:2,yes,ovulation,what evolutionary factors influence behavior
610,ttc,testing-and-early-signs,610,how far am i pregnant ivf,2,2,google_ac:2,en:2,yes,am i pregnant; ivf,how far am i ivf
611,ttc,general,611,how i feel today,2,2,ddg_ac:2,en:2,yes,ivf,how much i feel
612,ttc,general,612,how long can you have internal bleeding,2,2,ddg_ac:2,en:2,yes,implantation bleeding,how to get internal bleeding
613,ttc,general,613,how long ivig stored,2,2,ddg_ac:2,en:2,yes,iui,how long ivig infusion
614,ttc,timing-and-sex,614,how long to get pregnant after c section,2,2,google_ac:2,en:2,yes,how to get pregnant,what happens if get pregnant after c section
615,ttc,general,615,how long to get pregnant after iud removal,2,2,google_ac:2,en:2,yes,trying to conceive; how to get pregnant,how long before trying to conceive should i remove iud
616,ttc,general,616,how many evolutions are there,2,2,ddg_ac:2,en:2,yes,ovulation,how many evolution stones are there
617,ttc,general,617,how many evolutions are there in sell lemons,2,2,ddg_ac:2,en:2,yes,ovulation,how to evolution in sell lemons
618,ttc,general,618,how many evolutions does pikachu have,2,2,ddg_ac:2,en:2,yes,ovulation,how many evolution lines are in pokemon
619,ttc,general,619,how many ifrs standards are there,2,2,ddg_ac:2,en:2,yes,ivf,how many ifrs are there
620,ttc,lifestyle-and-diet,620,how many iu is 125 mcg of vitamin d3,2,2,ddg_ac:2,en:2,yes,iui,how many iu is 50 mcg of vitamin d
621,ttc,fertility-treatment,621,how many ivf centers in india,2,2,google_ac:2,en:2,yes,ivf,how many ivf babies in india
622,ttc,testing-and-early-signs,622,how many months am i pregnant at 22 weeks,2,2,google_ac:2,en:2,yes,am i pregnant,how many months am i pregnant at 20 weeks
623,ttc,testing-and-early-signs,623,how many months am i pregnant at 32 weeks,2,2,google_ac:2,en:2,yes,am i pregnant,how many months am i pregnant at 26 weeks
624,ttc,general,624,how much evolutions does eevee have,2,2,ddg_ac:2,en:2,yes,ovulation,how many evolutions does eevee have
625,ttc,general,625,how much iu is 1 mg,2,2,ddg_ac:2,en:2,yes,iui,how many iu in a ml
626,ttc,fertility-treatment,626,how much iui cost in bangalore,2,2,google_ac:2,en:2,yes,iui,how much iui cost in chennai
627,ttc,general,627,how much maternity pay will i get,2,2,ddg_ac:2,en:2,yes,how to get pregnant,how much maternity do i get
628,ttc,fertility-treatment,628,how much vitamin d for low amh,2,2,google_ac:2,en:2,yes,low amh,how much dhea for low amh
629,ttc,general,629,how to be healthy pregnancy,2,2,google_ac:2,en:2,yes,how to get pregnant,how to get pregnant healthy
630,ttc,general,630,how to become a research dietitian,2,2,google_ac:2,en:2,yes,fertility diet,how to become a dietitian
631,ttc,general,631,how to become pregnant book,2,2,google_ac:2,en:2,yes,how to get pregnant,how to get pregnant book
632,ttc,general,632,how to congratulate someone who is pregnant,2,2,ddg_ac:2,en:2,yes,how to get pregnant,how to congratulate a pregnant woman
633,ttc,general,633,how to fertilize winter squash,2,2,ddg_ac:2,en:2,yes,fertile window,how to fertilize winter gem boxwood
634,ttc,general,634,how to find exact time of conception,2,2,ddg_ac:2,en:2,yes,trying to conceive,how to tell what day you conceived
635,ttc,general,635,how to get pregnant after tubal ligation,2,2,google_ac:2,en:2,yes,how to get pregnant; am i pregnant,am i pregnant after tubal ligation
636,ttc,general,636,how to get pregnant ck3,2,2,google_ac:2,en:2,yes,how to get pregnant,how to get pregnant medieval dynasty
637,ttc,general,637,how to get pregnant clothes in avatar world for free,2,2,google_ac:2,en:2,yes,how to get pregnant,how to get pregnant clothes in avatar world
638,ttc,general,638,how to get pregnant clothes in toca world for free,2,2,google_ac:2,en:2,yes,how to get pregnant,how to get pregnant clothes in toca boca
639,ttc,general,639,how to get pregnant fast pills over the counter,2,2,google_ac:2,en:2,yes,how to get pregnant,how to get pregnant fast pills at clicks
640,ttc,general,640,how to get pregnant home remedies,2,2,google_ac:2,en:2,yes,how to get pregnant,how to get pregnant using home remedies
641,ttc,conditions,641,how to get pregnant naturally with endometriosis,2,2,google_ac:2,en:2,yes,how to get pregnant,how to get pregnant naturally with pcos and endometriosis
642,ttc,timing-and-sex,642,how to get pregnant on nexplanon,2,2,google_ac:2,en:2,yes,how to get pregnant,how long to get pregnant after nexplanon removal
643,ttc,general,643,how to get pregnant on your own,2,2,google_ac:2,en:2,yes,how to get pregnant,how can you get pregnant by yourself
644,ttc,general,644,how to get pregnant postpartum,2,2,google_ac:2,en:2,yes,how to get pregnant,how to get pregnant right after giving birth
645,ttc,general,645,how to get pregnant second time,2,2,google_ac:2,en:2,yes,how to get pregnant,how to get pregnant second time fast
646,ttc,general,646,how to get pregnant tablet,2,2,google_ac:2,en:2,yes,how to get pregnant,how to get pregnant fast tablet
647,ttc,general,647,how to get pregnant telugu,2,2,google_ac:2,en:2,yes,how to get pregnant,how to get pregnant malayalam
648,ttc,general,648,how to get pregnant using calendar method,2,2,google_ac:2,en:2,yes,how to get pregnant,how to get pregnant calendar method
649,ttc,male-fertility,649,how to get pregnant using sperm donor,2,2,google_ac:2,en:2,yes,how to get pregnant,how to get pregnant via sperm donor
650,ttc,general,650,how to get pregnant with retroverted uterus,2,2,google_ac:2,en:2,yes,how to get pregnant,how to get pregnant retroverted uterus
651,ttc,general,651,how to get pregnant young in bitlife,2,2,google_ac:2,en:2,yes,how to get pregnant; ivf,how to ivf in bitlife
652,ttc,cycle-and-ovulation,652,how to pronounce luteal phase,2,2,google_ac:2,en:2,yes,luteal phase,luteal phase how to pronounce
653,ttc,cycle-and-ovulation,653,how to say ovulation in spanish,2,2,ddg_ac:2,en:2,yes,ovulation,how to pronounce ovulation
654,ttc,male-fertility,654,how to sperm count increase food,2,2,google_ac:2,en:2,yes,sperm count; fertility diet,what foods to eat to improve sperm count
655,ttc,cycle-and-ovulation,655,how to test ovulation naturally at home,2,2,google_ac:2,en:2,yes,ovulation test,how to ovulation test at home
656,ttc,cycle-and-ovulation,656,how to test ovulation with bbt,2,2,google_ac:2,en:2,yes,ovulation test; basal body temperature,is bbt accurate for ovulation
657,ttc,general,657,how to uninstall office,2,2,ddg_ac:2,en:2,yes,iui,how to uninstall office 365
658,ttc,general,658,how ui design influences user emotions,2,2,ddg_ac:2,en:2,yes,iui,how ui design affects user retention
659,ttc,lifestyle-and-diet,659,is 35 advanced maternal age,2,2,google_ac:2,en:2,yes,conceive after 35,is 35 considered advanced maternal age
660,ttc,cycle-and-ovulation,660,is cervical mucus a sign of fertility,2,2,google_ac:2,en:2,yes,cervical mucus,is fertile mucus a sign of pregnancy
661,ttc,loss-and-trying-again,661,is it normal for headaches after chemical pregnancy,2,2,google_ac:2,en:2,yes,chemical pregnancy,is it normal to have cramps after chemical pregnancy
662,ttc,general,662,is it normal if my rat has lethargy,2,2,ddg_ac:2,en:2,yes,ivf,is it normal if my guinea pig has lethargy
663,ttc,cycle-and-ovulation,663,is it normal ovulation,2,2,google_ac:2,en:2,yes,ovulation,is it normal for ovulation day to vary
664,ttc,general,664,is it normal to conceive after one year,2,2,google_ac:2,en:2,yes,trying to conceive,what happens after a year of trying to conceive
665,ttc,fertility-treatment,665,is it normal to cramp after iui,2,2,google_ac:2,en:2,yes,iui,why does iui cause cramping
666,ttc,general,666,is it normal to have cramps during two week wait,2,2,google_ac:2,en:2,yes,two week wait,what does cramping in two week wait period mean on chances of conception
667,ttc,cycle-and-ovulation,667,is it normal to spot during luteal phase,2,2,google_ac:2,en:2,yes,luteal phase,is spotting normal luteal phase
668,ttc,general,668,is it safe to get pregnant with degenerative disc disease,2,2,google_ac:2,en:2,yes,how to get pregnant,is it safe to get pregnant with a herniated disc
669,ttc,fertility-treatment,669,is ivf haram in islam,2,2,google_ac:2,en:2,yes,ivf,is ivf allowed in islam
670,ttc,conditions,670,is low amh a sign of endometriosis,2,2,google_ac:2,en:2,yes,low amh,why does endometriosis lower amh
671,ttc,general,671,is low amylase clinically significant,2,2,ddg_ac:2,en:2,yes,low amh,is low amylase bad
672,ttc,male-fertility,672,is male fertility genetic,2,2,google_ac:2,en:2,yes,sperm count,is sperm production genetic
673,ttc,general,673,is minoxidil safe when trying to conceive men,2,2,google_ac:2,en:2,yes,trying to conceive,is minoxidil safe when trying to conceive
674,ttc,cycle-and-ovulation,674,low amh matlab kya hota hai,2,2,google_ac:2,en:2,yes,fertile window; low amh,fertile window ka matlab kya hota hai
675,ttc,general,675,should i inflate my tires in cold weather,2,2,ddg_ac:2,en:2,yes,ivf,should i inflate tires more in winter
676,ttc,general,676,should i stop breastfeeding if i am pregnant,2,2,google_ac:2,en:2,yes,am i pregnant,what happens if i am pregnant and breastfeeding
677,ttc,cycle-and-ovulation,677,should ovulation strips get darker,2,2,google_ac:2,en:2,yes,ovulation; ovulation test,should ovulation tests gradually get darker
678,ttc,general,678,should ui be consistent,2,2,ddg_ac:2,en:2,yes,iui,should ui be responsive
679,ttc,general,679,should ui be mobile friendly,2,2,ddg_ac:2,en:2,yes,iui,which ui is best for mobile
680,ttc,male-fertility,680,sperm count jyada kaise kare,2,2,google_ac:2,en:2,yes,sperm count,sperm count strong kaise kare
681,ttc,general,681,what can you multiply to get 35,2,2,ddg_ac:2,en:2,yes,conceive after 35,what numbers can go into 35
682,ttc,cycle-and-ovulation,682,what causes ovulation to stop,2,2,google_ac:2,en:2,yes,ovulation,what causes the stop of ovulation
683,ttc,fertility-treatment,683,what does iui feel like,2,2,google_ac:2,en:2,yes,iui,is iui normal
684,ttc,general,684,what evolutionary factors influence survival,2,2,ddg_ac:2,en:2,yes,ovulation,what evolutionary traits help survival
685,ttc,lifestyle-and-diet,685,what happens quit smoking,2,2,ddg_ac:2,en:2,yes,iui,what happens quit smoking timeline
686,ttc,testing-and-early-signs,686,what happens to bbt after implantation,2,2,google_ac:2,en:2,yes,basal body temperature,does bbt rise after implantation
687,ttc,general,687,what if i forgot my discord password,2,2,ddg_ac:2,en:2,yes,ivf,what if i forgot my roblox password
688,ttc,general,688,what if i forgot my iphone passcode,2,2,ddg_ac:2,en:2,yes,ivf,what if i forgot my apple id password
689,ttc,general,689,what if uibc is high,2,2,ddg_ac:2,en:2,yes,iui,what if uibc is low
690,ttc,general,690,what is considered low progesterone when trying to conceive,2,2,google_ac:2,en:2,yes,trying to conceive; how to get pregnant,how much progesterone to get pregnant
691,ttc,cycle-and-ovulation,691,what is luteal phase deficiency,2,2,ddg_ac:2,en:2,yes,luteal phase,what is luteal phase blood test
692,ttc,cycle-and-ovulation,692,what is the 2 week waiting period for ei,2,2,google_ac:2,en:2,yes,two week wait,is there a two week waiting period for ei
693,ttc,general,693,what iv fluids treat hypernatremia,2,2,ddg_ac:2,en:2,yes,ivf,does iv fluids help with hyperkalemia
694,ttc,general,694,what makes it easier to get pregnant,2,2,google_ac:2,en:2,yes,trying to conceive; how to get pregnant,what makes conceiving easier
695,ttc,testing-and-early-signs,695,what to do after implantation bleeding,2,2,google_ac:2,en:2,yes,implantation bleeding,what to do during implantation bleeding
696,ttc,general,696,when does ivysaur evolve,2,2,ddg_ac:2,en:2,yes,ivf,when does ivysaur evolve into venusaur
697,ttc,general,697,when does meredith get pregnant,2,2,google_ac:2,en:2,yes,how to get pregnant,when does callie get pregnant
698,ttc,general,698,when does vfs release appointments in uk,2,2,ddg_ac:2,en:2,yes,ivf,when does vfs release appointments
699,ttc,general,699,when i fly towards you cast,2,2,ddg_ac:2,en:2,yes,ivf,when i fly towards you actors
700,ttc,general,700,when is 35 weeks from now,2,2,ddg_ac:2,en:2,yes,conceive after 35,when is 35 weeks ago
701,ttc,fertility-treatment,701,when is embryo transfer done frozen,2,2,google_ac:2,en:2,yes,ivf,when does ivf frozen transfer occur
702,ttc,general,702,when is labor day 2026,2,2,ddg_ac:2,en:2,yes,iui,when is labor day
703,ttc,general,703,when should i do pregnancy test after abortion,2,2,google_ac:2,en:2,yes,how to get pregnant; am i pregnant,how many days to get pregnant after abortion
704,ttc,general,704,when should i fertilize my lawn,2,2,ddg_ac:2,en:2,yes,ivf; fertility diet,when should you start fertilizing
705,ttc,general,705,when was i born if im 35,2,2,ddg_ac:2,en:2,yes,conceive after 35,when will i be 35
706,ttc,cycle-and-ovulation,706,where are ovulation tests in walmart,2,2,google_ac:2,en:2,yes,ovulation test,how much are ovulation tests at walmart
707,ttc,general,707,where is early pregnancy located,2,2,google_ac:2,en:2,yes,am i pregnant,where do you feel early pregnancy
708,ttc,fertility-treatment,708,where is ivf cheapest,2,2,google_ac:2,en:2,yes,ivf,where is ivf free
709,ttc,general,709,which evolution process is fastest,2,2,ddg_ac:2,en:2,yes,ovulation,which evolution is fastest
710,ttc,general,710,which iit will conduct jee advanced 2027,2,2,ddg_ac:2,en:2,yes,iui,which iit will conduct jee advanced 2028
711,ttc,general,711,which iud has white strings,2,2,ddg_ac:2,en:2,yes,iui,which iud has blue strings
712,ttc,fertility-treatment,712,which ivf cycle is most successful,2,2,google_ac:2,en:2,yes,ivf,which ivf is best
713,ttc,cycle-and-ovulation,713,which seeds luteal phase,2,2,google_ac:2,en:2,yes,luteal phase,which hormone in luteal phase
714,ttc,general,714,who i follow on amazon,2,2,ddg_ac:2,en:2,yes,ivf,who i follow
715,ttc,general,715,who icf model,2,2,ddg_ac:2,en:2,yes,ivf,who icf framework
716,ttc,cycle-and-ovulation,716,who ovulation disorders,2,2,google_ac:2,en:2,yes,ovulation,who ovulation disorders classification
717,ttc,general,717,why does debbie get pregnant,2,2,google_ac:2,en:2,yes,how to get pregnant,when does debbie get pregnant
718,ttc,general,718,why does evolution not make sense,2,2,ddg_ac:2,en:2,yes,ovulation,why is evolution impossible
719,ttc,general,719,why does it take a few tries to get pregnant,2,2,google_ac:2,en:2,yes,trying to conceive; how to get pregnant,why takes long to get pregnant
720,ttc,fertility-treatment,720,why is embryo transfer done with full bladder,2,2,google_ac:2,en:2,yes,ivf; iui,why iui done with full bladder
721,ttc,general,721,why is it hard to conceive a second child,2,2,google_ac:2,en:2,yes,trying to conceive,why is it so hard to conceive 2nd baby
722,ttc,general,722,why is it hard to conceive after 30,2,2,google_ac:2,en:2,yes,trying to conceive; how to get pregnant,why can't i get pregnant at 34
723,ttc,general,723,why is it hard to conceive after abortion,2,2,google_ac:2,en:2,yes,trying to conceive; how to get pregnant,why can't i get pregnant after abortion
724,ttc,general,724,why is it taking me longer to get pregnant the second time,2,2,google_ac:2,en:2,yes,how to get pregnant; conceive after 35,why can't i get pregnant again
725,ttc,cycle-and-ovulation,725,why is my ovulation week so long,2,2,google_ac:2,en:2,yes,fertile window,why is my ovulation period so long
726,ttc,general,726,why is trying for a baby so hard,2,2,google_ac:2,en:2,yes,trying to conceive,what does trying for a baby mean
727,ttc,general,727,why is vfs global so bad,2,2,ddg_ac:2,en:2,yes,ivf,why is vfs global not working
728,ttc,general,728,why is working out pregnant so hard,2,2,google_ac:2,en:2,yes,trying to conceive,why is working while pregnant so hard
729,ttc,general,729,why iul is a bad investment,2,2,ddg_ac:2,en:2,yes,iui,are iul a good investment
730,ttc,general,730,why iv fluids for pancreatitis,2,2,ddg_ac:2,en:2,yes,ivf,how long iv fluids for pancreatitis
731,ttc,cycle-and-ovulation,731,why luteal phase called secretory phase,2,2,google_ac:2,en:2,yes,luteal phase,why is luteal phase called secretory phase
732,ttc,general,732,why not getting pregnant when everything is normal,2,2,google_ac:2,en:2,yes,how to get pregnant,why can't i get pregnant if everything is normal
733,ttc,general,733,will evolution adapt to climate,2,2,ddg_ac:2,en:2,yes,ovulation,will evolution create new species
734,ttc,testing-and-early-signs,734,will i get pregnant horoscope,2,2,google_ac:2,en:2,yes,am i pregnant,am i pregnant horoscope
735,ttc,general,735,will iv fluids help with fatigue,2,2,ddg_ac:2,en:2,yes,ivf,will iv fluids help nausea
736,ttc,general,736,will iv fluids lower potassium,2,2,ddg_ac:2,en:2,yes,ivf,which iv fluid has potassium
737,ttc,general,737,will ui design be automated,2,2,ddg_ac:2,en:2,yes,iui,will ui testing be automated
738,ttc,general,738,will ui features expand,2,2,ddg_ac:2,en:2,yes,iui,will ui improve with updates
739,ttc,loss-and-trying-again,739,can falling cause a miscarriage,1,17,ddg_ac:1,en:1,yes,conceive after miscarriage,
740,ttc,general,740,how to not be conceited,1,17,ddg_ac:1,en:1,yes,trying to conceive,
741,ttc,general,741,did bonnie blue get pregnant,1,16,ddg_ac:1,en:1,yes,how to get pregnant,
742,ttc,general,742,what is a chemical preg,1,12,ddg_ac:1,en:1,yes,chemical pregnancy,
743,ttc,general,743,when to see gynecologist,1,12,ddg_ac:1,en:1,yes,when to see a fertility doctor,
744,ttc,general,744,is my mom pregnant,1,7,ddg_ac:1,en:1,yes,am i pregnant,
745,ttc,general,745,why is the two week wait so hard,1,7,google_ac:2,en:2,yes,two week wait,why is the 2 week wait so hard
746,ttc,lifestyle-and-diet,746,does pregnancy after 35 reduce cancer,1,6,google_ac:1,en:1,yes,conceive after 35,
747,ttc,general,747,what is a fertility dietitian,1,6,google_ac:1,en:1,yes,fertility diet,
748,ttc,general,748,why is my dad pregnant,1,6,ddg_ac:1,en:1,yes,am i pregnant,
749,ttc,conditions,749,can pcos be genetic,1,5,ddg_ac:1,en:1,yes,pcos and pregnancy,
750,ttc,loss-and-trying-again,750,does maggie have a miscarriage,1,5,ddg_ac:1,en:1,yes,miscarriage trying again,
751,ttc,loss-and-trying-again,751,how to apply miscarriage leave,1,4,ddg_ac:1,en:1,yes,conceive after miscarriage,
752,ttc,general,752,when to tell family pregnant,1,4,ddg_ac:1,en:1,yes,am i pregnant,
753,ttc,general,753,can i be made redundant if i am pregnant,1,3,ddg_ac:1,en:1,yes,am i pregnant,
754,ttc,general,754,can i claim a dependent if i am pregnant,1,3,ddg_ac:1,en:1,yes,am i pregnant,
755,ttc,general,755,can i stay home army reserve if i am pregnant,1,3,ddg_ac:1,en:1,yes,am i pregnant,
756,ttc,general,756,do fertility diets really work,1,3,google_ac:1,en:1,yes,fertility diet,
757,ttc,male-fertility,757,does sperm count decrease with alcohol,1,3,google_ac:1,en:1,yes,sperm count,
758,ttc,general,758,how to help your pregnant partner,1,3,ddg_ac:1,en:1,yes,how to get pregnant,
759,ttc,general,759,is ashwagandha safe when trying to conceive,1,3,google_ac:1,en:1,yes,trying to conceive,
760,ttc,testing-and-early-signs,760,is insomnia an early pregnancy symptom before missed period,1,3,google_ac:1,en:1,yes,early pregnancy symptoms before missed period,
761,ttc,general,761,what causes irregular cycles,1,3,ddg_ac:1,en:1,yes,irregular periods pregnancy,
762,ttc,general,762,when will i have my baby,1,3,ddg_ac:1,en:1,yes,am i pregnant,
763,ttc,cycle-and-ovulation,763,why doesn't dex work in luteal phase,1,3,ddg_ac:1,en:1,yes,luteal phase,
764,ttc,fertility-treatment,764,why is ivf difficult,1,3,google_ac:1,en:1,yes,ivf,
765,ttc,fertility-treatment,765,do ivf babies have souls,1,2,ddg_ac:1; google_ac:1,en:2,yes,ivf,
766,ttc,cycle-and-ovulation,766,Cramping post-MMC but no period?,1,2,reddit:1,en:1,yes,,
767,ttc,cycle-and-ovulation,767,Is it okay to try first cycle after MMC?,1,2,reddit:1,en:1,yes,,
768,ttc,general,768,are there always signs of pregnancy,1,2,google_ac:1,en:1,yes,am i pregnant,
769,ttc,general,769,can i apply for unemployment if i am pregnant,1,2,ddg_ac:1,en:1,yes,am i pregnant,
770,ttc,general,770,can i fly if i am pregnant,1,2,ddg_ac:1,en:1,yes,am i pregnant,
771,ttc,general,771,can i get pregnant after taking krimson 35,1,2,google_ac:1,en:1,yes,conceive after 35,
772,ttc,general,772,can stressing about getting pregnant stop you from getting pregnant,1,2,google_ac:1,en:1,yes,how to get pregnant,
773,ttc,conditions,773,can you have children with pcos,1,2,ddg_ac:1,en:1,yes,pcos and pregnancy,
774,ttc,lifestyle-and-diet,774,can you start taking folic acid too early,1,2,google_ac:1,en:1,yes,folic acid before pregnancy,
775,ttc,cycle-and-ovulation,775,does alcohol affect luteal phase,1,2,google_ac:1,en:1,yes,luteal phase,
776,ttc,cycle-and-ovulation,776,fertile window how do you feel,1,2,google_ac:1,en:1,yes,fertile window,
777,ttc,general,777,how do political factors influence fertility,1,2,ddg_ac:1,en:1,yes,fertility diet,
778,ttc,general,778,how do you miscarry a baby,1,2,ddg_ac:1,en:1,yes,conceive after miscarriage,
779,ttc,general,779,how many fertile days for baby boy,1,2,google_ac:1,en:1,yes,fertile window,
780,ttc,cycle-and-ovulation,780,how much is basal body thermometer,1,2,google_ac:1,en:1,yes,basal body temperature,
781,ttc,general,781,how much omega 3 trying to conceive,1,2,google_ac:1,en:1,yes,trying to conceive,
782,ttc,lifestyle-and-diet,782,how much vitamin d trying to conceive,1,2,google_ac:1,en:1,yes,trying to conceive,
783,ttc,loss-and-trying-again,783,how to document miscarriage,1,2,ddg_ac:1,en:1,yes,conceive after miscarriage,
784,ttc,loss-and-trying-again,784,how to get pregnant fast after ectopic pregnancy,1,2,google_ac:1,en:1,yes,how to get pregnant,
785,ttc,general,785,is there always a chance of pregnancy,1,2,google_ac:1,en:1,yes,am i pregnant,
786,ttc,general,786,should i take progesterone during two week wait,1,2,google_ac:1,en:1,yes,two week wait,
787,ttc,general,787,should i wait or should i go,1,2,ddg_ac:1,en:1,yes,two week wait,
788,ttc,lifestyle-and-diet,788,what birth defects does folic acid prevent,1,2,ddg_ac:1,en:1,yes,folic acid before pregnancy,
789,ttc,general,789,what does mucus like discharge mean,1,2,google_ac:1,en:1,yes,cervical mucus,
790,ttc,general,790,what happens if you eat poop,1,2,ddg_ac:1,en:1,yes,iui,
791,ttc,general,791,what is two weeks prior to today,1,2,ddg_ac:1,en:1,yes,two week wait,
792,ttc,general,792,what to avoid during two week wait pregnancy,1,2,google_ac:1,en:1,yes,two week wait,
793,ttc,cycle-and-ovulation,793,when does ovulation occur in a cow,1,2,ddg_ac:1,en:1,yes,ovulation,
794,ttc,general,794,when i was pregnant in tagalog,1,2,google_ac:1,en:1,yes,am i pregnant,
795,ttc,general,795,when i was pregnant with you,1,2,google_ac:1,en:1,yes,am i pregnant,
796,ttc,timing-and-sex,796,when trying to conceive what to do after intercourse,1,2,google_ac:1,en:1,yes,trying to conceive,
797,ttc,general,797,which is a factor of fertility,1,2,ddg_ac:1,en:1,yes,fertility diet,
798,ttc,general,798,why am i so thirsty when pregnant,1,2,ddg_ac:1,en:1,yes,am i pregnant,
799,ttc,general,799,why low battery happens,1,2,ddg_ac:1,en:1,yes,low amh,
800,ttc,general,800,why slow my digestive system how to fix,1,2,ddg_ac:1,en:1,yes,low amh,
801,ttc,general,801,why slow phone happens,1,2,ddg_ac:1,en:1,yes,low amh,
802,ttc,cycle-and-ovulation,802,(10 or 11 dpo) Did I accidentally take a blastocyst onto Space Mountain?,1,1,reddit:1,en:1,yes,,
803,ttc,cycle-and-ovulation,803,10 DPO. Husband thinks I’m seeing things. Please tell me if I’m nuts or if this thing is really positive 🙏🏼 🫠,1,1,reddit:1,en:1,yes,,
804,ttc,fertility-treatment,804,11 DPO/ 11DP IUI | 13 DPT | Clearblue & easy@home | Testing out trigger - negative turned positive?,1,1,reddit:1,en:1,yes,,
805,ttc,cycle-and-ovulation,805,11 dpo/IUI Am I dreaming??? ttc 2+ years 😭💗,1,1,reddit:1,en:1,yes,,
806,ttc,fertility-treatment,806,"2 HSGs show blocked tubes. Should I try Femvue (sono HSG tube)? If open, IUI or straight IVF?",1,1,reddit:1,en:1,yes,,
807,ttc,general,807,3 CPs. Baby Aspirin? Karyotyping? What to do now.,1,1,reddit:1,en:1,yes,,
808,ttc,fertility-treatment,808,"36, PCOS, 2 follicles on letrozole — would you proceed if you really want to avoid twins?",1,1,reddit:1,en:1,yes,,
809,ttc,general,809,"38F with 2 euploids + 3 mosaics frozen, never tried naturally. Should I do another round?",1,1,reddit:1,en:1,yes,,
810,ttc,general,810,4th Times A Charm??? I hope so.,1,1,reddit:1,en:1,yes,,
811,ttc,general,811,52 eggs retrieved and 1 blast - what next?,1,1,reddit:1,en:1,yes,,
812,ttc,general,812,"8 months TTC - but nothing. Is it normal? F32, M39",1,1,reddit:1,en:1,yes,,
813,ttc,loss-and-trying-again,813,8w6d miscarriage how to cope from trauma,1,1,reddit:1,en:1,yes,,
814,ttc,cycle-and-ovulation,814,9 DPO Pregmate indent or VVFL?,1,1,reddit:1,en:1,yes,,
815,ttc,fertility-treatment,815,9 DPO... natural conception after years of infertility/IVF???,1,1,reddit:1,en:1,yes,,
816,ttc,cycle-and-ovulation,816,9 dpo… please squint.? Sos,1,1,reddit:1,en:1,yes,,
817,ttc,cycle-and-ovulation,817,"AMH 2.66, 10 eggs retrieved but only 2 fertilized – what helped improve egg quality/synchronization in your next cycle?",1,1,reddit:1,en:1,yes,,
818,ttc,general,818,Advice needed for how to get metformin,1,1,reddit:1,en:1,yes,,
819,ttc,loss-and-trying-again,819,Advice on how to tell patients they are having a miscarriage.,1,1,reddit:1,en:1,yes,,
820,ttc,testing-and-early-signs,820,Am I pregnant? Brand Walgreens. DPO unknown,1,1,reddit:1,en:1,yes,,
821,ttc,testing-and-early-signs,821,Am I the only one who gets sad every time I take pregnancy tests?,1,1,reddit:1,en:1,yes,,
822,ttc,general,822,Any dads out there?,1,1,reddit:1,en:1,yes,,
823,ttc,general,823,Any insight on these embryos? Waiting on my appt with the genetic counselor.,1,1,reddit:1,en:1,yes,,
824,ttc,general,824,Anyone disappointed with the access of care for the first weeks of pregnancy?,1,1,reddit:1,en:1,yes,,
825,ttc,general,825,Anyone else bitter?,1,1,reddit:1,en:1,yes,,
826,ttc,general,826,Anyone else given a fluid restriction after their retrial?,1,1,reddit:1,en:1,yes,,
827,ttc,general,827,Anyone else hate holidays now?,1,1,reddit:1,en:1,yes,,
828,ttc,fertility-treatment,828,Anyone else have a transfer coming up? How are you feeling?,1,1,reddit:1,en:1,yes,,
829,ttc,fertility-treatment,829,Anyone else have zero motivation at work while going through IVF?,1,1,reddit:1,en:1,yes,,
830,ttc,general,830,"Anyone else just going through the motions, and are certain it’s never going to happen for you?",1,1,reddit:1,en:1,yes,,
831,ttc,general,831,Anyone else struggling around Christmas?,1,1,reddit:1,en:1,yes,,
832,ttc,general,832,Anyone else struggling with political anxiety and the ethics of creating another human right now?,1,1,reddit:1,en:1,yes,,
833,ttc,fertility-treatment,833,Anyone get a perverse enjoyment from telling nosy people you’re infertile?,1,1,reddit:1,en:1,yes,,
834,ttc,fertility-treatment,834,Anyone had low estradiol day of trigger?,1,1,reddit:1,en:1,yes,,
835,ttc,general,835,"Anyone watched that new Netflix Documentary ""Plastics""?",1,1,reddit:1,en:1,yes,,
836,ttc,general,836,Anything? FRER brand,1,1,reddit:1,en:1,yes,,
837,ttc,general,837,Are these good?,1,1,reddit:1,en:1,yes,,
838,ttc,loss-and-trying-again,838,Are we all being gaslit about miscarriage and statistics,1,1,reddit:1,en:1,yes,,
839,ttc,general,839,Are you Losing heart?,1,1,reddit:1,en:1,yes,,
840,ttc,general,840,Bleeding 3 weeks after D&C – should I be worried?,1,1,reddit:1,en:1,yes,,
841,ttc,cycle-and-ovulation,841,CD 28 after over a year of trying!! How is it looking,1,1,reddit:1,en:1,yes,,
842,ttc,cycle-and-ovulation,842,CD19 on 2.5 mg letrozole — is sex today still worth it?,1,1,reddit:1,en:1,yes,,
843,ttc,fertility-treatment,843,CNY IVF what’s behind the lower price?,1,1,reddit:1,en:1,yes,,
844,ttc,general,844,COMMUNITY POST: Are YOU the (April) Fool?,1,1,reddit:1,en:1,yes,,
845,ttc,cycle-and-ovulation,845,COQ10 changing ovulation date?,1,1,reddit:1,en:1,yes,,
846,ttc,fertility-treatment,846,Can you do Lupron with overlapping FET prep,1,1,reddit:1,en:1,yes,,
847,ttc,cycle-and-ovulation,847,Canceled cycle but thinking of going for it anyway... anyone else?,1,1,reddit:1,en:1,yes,,
848,ttc,loss-and-trying-again,848,Chemical pregnancy experience-I knew I would miscarry?,1,1,reddit:1,en:1,yes,,
849,ttc,general,849,Clear blue early detection brand numerous lines?,1,1,reddit:1,en:1,yes,,
850,ttc,fertility-treatment,850,Clomid + timed intercourse when you already ovulate but have male factor infertility?,1,1,reddit:1,en:1,yes,,
851,ttc,loss-and-trying-again,851,Comprehensive list of 'what to test for' after miscarriage to ask my doctor,1,1,reddit:1,en:1,yes,,
852,ttc,testing-and-early-signs,852,Correlation between implantation and early loss?,1,1,reddit:1,en:1,yes,,
853,ttc,general,853,Could alloimmunity and hight TNF-alpha explain my 3 consecutive early pregnancy losses?,1,1,reddit:1,en:1,yes,,
854,ttc,cycle-and-ovulation,854,Did I finally get my positive after 7 years of infertility?! Dpo 10/11,1,1,reddit:1,en:1,yes,,
855,ttc,fertility-treatment,855,Did I ruin my IUI? I’m so stupid,1,1,reddit:1,en:1,yes,,
856,ttc,loss-and-trying-again,856,Did miscarriage change the way you think about pregnancy?,1,1,reddit:1,en:1,yes,,
857,ttc,cycle-and-ovulation,857,Did you wait for cycle to return?,1,1,reddit:1,en:1,yes,,
858,ttc,general,858,Do you expect your friends to be happy for you when/if it’s finally your turn?,1,1,reddit:1,en:1,yes,,
859,ttc,fertility-treatment,859,Doctor wanting to wait to start me on letrozole???,1,1,reddit:1,en:1,yes,,
860,ttc,general,860,Does TTC make you into a horrible person too?,1,1,reddit:1,en:1,yes,,
861,ttc,general,861,Does anyone else feel guilty for just… living normally while TTC?,1,1,reddit:1,en:1,yes,,
862,ttc,cycle-and-ovulation,862,Does anyone else just not ovulate?,1,1,reddit:1,en:1,yes,,
863,ttc,general,863,Does anyone have a feeling of dread that they'll never have another pregnancy?,1,1,reddit:1,en:1,yes,,
864,ttc,general,864,Does anyone question if they truly want a baby anymore after ttc for a long time?,1,1,reddit:1,en:1,yes,,
865,ttc,cycle-and-ovulation,865,Does this count as a dye stealer?🥹16 DPO,1,1,reddit:1,en:1,yes,,
866,ttc,fertility-treatment,866,Don't Postpone the HSG,1,1,reddit:1,en:1,yes,,
867,ttc,fertility-treatment,867,Don't put off going to the fertility clinic,1,1,reddit:1,en:1,yes,,
868,ttc,general,868,E se você nunca ficar grávida?,1,1,reddit:1,en:1,yes,,
869,ttc,cycle-and-ovulation,869,"Early positive line or evaporation line? Clear blue early detection test, CD 20 DPO 5",1,1,reddit:1,en:1,yes,,
870,ttc,fertility-treatment,870,Egg Retrieval while breast feeding?,1,1,reddit:1,en:1,yes,,
871,ttc,fertility-treatment,871,FET and exercise? Pain with PIO?,1,1,reddit:1,en:1,yes,,
872,ttc,general,872,Feeling like it’s not possible?,1,1,reddit:1,en:1,yes,,
873,ttc,fertility-treatment,873,First FET in November and a trip to New York in December. Has anyone travelled this early?,1,1,reddit:1,en:1,yes,,
874,ttc,fertility-treatment,874,First round let + trigger shot success ?,1,1,reddit:1,en:1,yes,,
875,ttc,fertility-treatment,875,First time on letrozole and I’m having a hard time with all the side effects. Anything you can do for the nausea specifically?,1,1,reddit:1,en:1,yes,,
876,ttc,general,876,"Got hit with the “ooohh, why are you drinking a mocktail? Got good news??” and it ruined my day",1,1,reddit:1,en:1,yes,,
877,ttc,fertility-treatment,877,Guess what lame thing my doctor said about infertility? Can you guess? 😬😬😬,1,1,reddit:1,en:1,yes,,
878,ttc,loss-and-trying-again,878,HCG dropped now rising again after Misoprostol -retained product? Ectopic? Twin miscarriage?,1,1,reddit:1,en:1,yes,,
879,ttc,general,879,Happy Thanksgiving Eve. I hope nobody in this group gets the “When are you guys going to have kids!?” question tomorrow.,1,1,reddit:1,en:1,yes,,
880,ttc,lifestyle-and-diet,880,Has anyone else LOST weight on stims?,1,1,reddit:1,en:1,yes,,
881,ttc,general,881,Has anyone else’s fertility journey just made them feel like a hater?,1,1,reddit:1,en:1,yes,,
882,ttc,general,882,Has anyone used Gaia Fertility?,1,1,reddit:1,en:1,yes,,
883,ttc,testing-and-early-signs,883,Hcg and progesterone levels at 11/12 DPO?,1,1,reddit:1,en:1,yes,,
884,ttc,general,884,Help! Are fertility clinics worth it?,1,1,reddit:1,en:1,yes,,
885,ttc,general,885,"Horribly confused, split and...don't know how to feel.",1,1,reddit:1,en:1,yes,,
886,ttc,general,886,How am I supposed to carry on?,1,1,reddit:1,en:1,yes,,
887,ttc,conditions,887,How are we feeling about the recent change in name of diagnosis from PCOS to PMOS? Will fertility treatments be approached differently?,1,1,reddit:1,en:1,yes,,
888,ttc,fertility-treatment,888,How are you treating hormonal acne while going through IVF?,1,1,reddit:1,en:1,yes,,
889,ttc,general,889,How did this go so quickly from something I desperately don't want to something I desperately want??,1,1,reddit:1,en:1,yes,,
890,ttc,fertility-treatment,890,How did you decide to transfer 2 embryos at a time?,1,1,reddit:1,en:1,yes,,
891,ttc,fertility-treatment,891,How do people exercise daily through IVF?,1,1,reddit:1,en:1,yes,,
892,ttc,male-fertility,892,How do you feel morally about egg/sperm donation?,1,1,reddit:1,en:1,yes,,
893,ttc,general,893,How do you get over the disappointment each month?,1,1,reddit:1,en:1,yes,,
894,ttc,fertility-treatment,894,How is everyone feeling about AOC documenting her IVF journey ?,1,1,reddit:1,en:1,yes,,
895,ttc,timing-and-sex,895,How long does it take?,1,1,reddit:1,en:1,yes,,
896,ttc,cycle-and-ovulation,896,How quickly does CM dry up after ovulation?,1,1,reddit:1,en:1,yes,,
897,ttc,cycle-and-ovulation,897,How to convince my doctor to give me injectables to save my cycle? Literally have DOR and am unresponsive,1,1,reddit:1,en:1,yes,,
898,ttc,general,898,How to cope at work?,1,1,reddit:1,en:1,yes,,
899,ttc,general,899,How to find the courage to try again,1,1,reddit:1,en:1,yes,,
900,ttc,general,900,How to handle feeling guilty for TTC being expensive,1,1,reddit:1,en:1,yes,,
901,ttc,general,901,How to stop obsessing during two week wait?,1,1,reddit:1,en:1,yes,,
902,ttc,cycle-and-ovulation,902,How’d I go from two little follicles to four follicles in three days??,1,1,reddit:1,en:1,yes,,
903,ttc,cycle-and-ovulation,903,I feel like I see something on the easy@home but not Wondfo? Thoughts? CD 27,1,1,reddit:1,en:1,yes,,
904,ttc,fertility-treatment,904,I just lost my IVF baby at 30 weeks. Any advice on next steps? We have more embryos but now I’m terrified of what if.,1,1,reddit:1,en:1,yes,,
905,ttc,cycle-and-ovulation,905,Indent or squinter? CD 29 DPO unknown. Pregmate,1,1,reddit:1,en:1,yes,,
906,ttc,general,906,Infection after misoprostol?,1,1,reddit:1,en:1,yes,,
907,ttc,testing-and-early-signs,907,Is HCG dropping too slow?,1,1,reddit:1,en:1,yes,,
908,ttc,general,908,Is it possible to have a healthy mindset during this crazy process?,1,1,reddit:1,en:1,yes,,
909,ttc,general,909,Is it time to switch clinics? Anyone with Experience at CCRM in Vienna or DC?,1,1,reddit:1,en:1,yes,,
910,ttc,general,910,Is it weird to be feeling positive about such bad news?,1,1,reddit:1,en:1,yes,,
911,ttc,general,911,Is my life just a calendar of ‘could have happened’ now?,1,1,reddit:1,en:1,yes,,
912,ttc,general,912,Is the world too far gone to have a baby??,1,1,reddit:1,en:1,yes,,
913,ttc,general,913,Is there any hope?,1,1,reddit:1,en:1,yes,,
914,ttc,general,914,Is this normal procedure?,1,1,reddit:1,en:1,yes,,
915,ttc,general,915,Is this protocol?,1,1,reddit:1,en:1,yes,,
916,ttc,cycle-and-ovulation,916,Is this ‘’progression’’ ok? Dpo 10-19,1,1,reddit:1,en:1,yes,,
917,ttc,loss-and-trying-again,917,Life after miscarriage?,1,1,reddit:1,en:1,yes,,
918,ttc,cycle-and-ovulation,918,Line? Or indent? 10 dpo clear blue and easy at home,1,1,reddit:1,en:1,yes,,
919,ttc,cycle-and-ovulation,919,"Looking for opinions, ovulation tests/hormone tracker vs date estimate on ultrasound ?",1,1,reddit:1,en:1,yes,,
920,ttc,cycle-and-ovulation,920,Low BBT after confirmed ovulation?,1,1,reddit:1,en:1,yes,,
921,ttc,fertility-treatment,921,Low Beta but double FET Success Stories?,1,1,reddit:1,en:1,yes,,
922,ttc,fertility-treatment,922,Lupron Only Trigger with Fresh Transfer?,1,1,reddit:1,en:1,yes,,
923,ttc,fertility-treatment,923,"Male, working through IUI in a foreign country, where do I go from here?",1,1,reddit:1,en:1,yes,,
924,ttc,general,924,Maybe mosaics embryos??,1,1,reddit:1,en:1,yes,,
925,ttc,general,925,My friend is actively miscarrying- how can I help?,1,1,reddit:1,en:1,yes,,
926,ttc,cycle-and-ovulation,926,Need to hear from someone who had anovulatory cycle and how did ovulation resume afterwards?,1,1,reddit:1,en:1,yes,,
927,ttc,general,927,Newly diagnosed. TTC. How to talk to doctor?,1,1,reddit:1,en:1,yes,,
928,ttc,cycle-and-ovulation,928,No ovulation even with trigger shot?,1,1,reddit:1,en:1,yes,,
929,ttc,testing-and-early-signs,929,Ok I’m shaking I could be SO wrong and I don’t want to get my hopes up but I’m at 15 DPO and I took an early detection and could see a very faint line. It looks pink to me. Please tell me I’m not crazy,1,1,reddit:1,en:1,yes,,
930,ttc,general,930,"Ok fam, so how do we “just relax”",1,1,reddit:1,en:1,yes,,
931,ttc,cycle-and-ovulation,931,Omg?? 10 dpo I had a negative yesterday!,1,1,reddit:1,en:1,yes,,
932,ttc,cycle-and-ovulation,932,Probable letrozole no response? I’m supposed to scan tomorrow to see if I responded to my letrozole and I have no estrogen on inito even on cd 12,1,1,reddit:1,en:1,yes,,
933,ttc,general,933,Recovery time after laparoscopy?,1,1,reddit:1,en:1,yes,,
934,ttc,general,934,See an RE or wait for OBGYN?,1,1,reddit:1,en:1,yes,,
935,ttc,fertility-treatment,935,Semen parameters terrible for IUI today? Is it even his?,1,1,reddit:1,en:1,yes,,
936,ttc,general,936,"Seriosuly, what’s the problem?",1,1,reddit:1,en:1,yes,,
937,ttc,fertility-treatment,937,Should I do an out of pocket embryo banking cycle?,1,1,reddit:1,en:1,yes,,
938,ttc,general,938,Should I give up?,1,1,reddit:1,en:1,yes,,
939,ttc,general,939,Similar experiences on irritation?,1,1,reddit:1,en:1,yes,,
940,ttc,loss-and-trying-again,940,Success after euploid loss?,1,1,reddit:1,en:1,yes,,
941,ttc,general,941,Success/failure stories: failed Lupron but then success with lap?,1,1,reddit:1,en:1,yes,,
942,ttc,cycle-and-ovulation,942,Super heavy periods anyone?,1,1,reddit:1,en:1,yes,,
943,ttc,general,943,Take misoprostal for chemical?,1,1,reddit:1,en:1,yes,,
944,ttc,general,944,Testing products of conception? Which test?,1,1,reddit:1,en:1,yes,,
945,ttc,cycle-and-ovulation,945,Testing... should it really matter that much how long my hold is at 13DPO? Or the time of day I test? Or prepare for chemical 😩,1,1,reddit:1,en:1,yes,,
946,ttc,fertility-treatment,946,"This is real, isn’t it? 🥹 11 dpiui 7th IUI",1,1,reddit:1,en:1,yes,,
947,ttc,general,947,This sucks so bad. When will it be my turn??,1,1,reddit:1,en:1,yes,,
948,ttc,male-fertility,948,To anyone feeling broken and left behind tonight (From a husband's heart),1,1,reddit:1,en:1,yes,,
949,ttc,loss-and-trying-again,949,Too light for 10 dpo? First cycle after miscarriage,1,1,reddit:1,en:1,yes,,
950,ttc,general,950,Transferring a day 5 and day 6 together?,1,1,reddit:1,en:1,yes,,
951,ttc,fertility-treatment,951,Try the 2nd IUI or go straight to IVF based on the current fertility insurance coverage?,1,1,reddit:1,en:1,yes,,
952,ttc,cycle-and-ovulation,952,"Two peaks…CD 12, 14?",1,1,reddit:1,en:1,yes,,
953,ttc,testing-and-early-signs,953,"UPDATE 10 DPO, cycle 18!!! First ever bfp!🥹what do I do, how to keep calm???",1,1,reddit:1,en:1,yes,,
954,ttc,cycle-and-ovulation,954,"Unknown dpo, anyone else see it?🥹 We've been ttc for over 2 years🤞🏻",1,1,reddit:1,en:1,yes,,
955,ttc,fertility-treatment,955,Unmonitored Letrozole Cycle?,1,1,reddit:1,en:1,yes,,
956,ttc,loss-and-trying-again,956,WHAT THE ACTUAL F does no one talk about how painful a miscarriage is??,1,1,reddit:1,en:1,yes,,
957,ttc,cycle-and-ovulation,957,"Walgreens offbrand SMU 12 DPO- line is blue IRL, appeared in time window. Positive?",1,1,reddit:1,en:1,yes,,
958,ttc,cycle-and-ovulation,958,"Was supposed to start IVF in 3 days but my miracle had other plans, 12/13 DPO",1,1,reddit:1,en:1,yes,,
959,ttc,loss-and-trying-again,959,Ways to cope with medical trauma post-miscarriage/D&C?,1,1,reddit:1,en:1,yes,,
960,ttc,general,960,Weird Vibes from Reproductive Immunology?,1,1,reddit:1,en:1,yes,,
961,ttc,general,961,What Word Resonates,1,1,reddit:1,en:1,yes,,
962,ttc,general,962,What am I Missing?!,1,1,reddit:1,en:1,yes,,
963,ttc,fertility-treatment,963,What are the unhinged things you've done before and during IVF to increase success? I'll go first.,1,1,reddit:1,en:1,yes,,
964,ttc,general,964,What day do I start testing - Inito,1,1,reddit:1,en:1,yes,,
965,ttc,fertility-treatment,965,What days do you typically go in for letrazole monitoring? When should I go in for HSG?,1,1,reddit:1,en:1,yes,,
966,ttc,general,966,What frustrates me about all the emphasis on “preconception health.”,1,1,reddit:1,en:1,yes,,
967,ttc,general,967,What the f*ck??????,1,1,reddit:1,en:1,yes,,
968,ttc,general,968,What would you try first if you could,1,1,reddit:1,en:1,yes,,
969,ttc,general,969,What’s a mantra that has helped you while TFAB?,1,1,reddit:1,en:1,yes,,
970,ttc,general,970,When did you make an appointment?,1,1,reddit:1,en:1,yes,,
971,ttc,fertility-treatment,971,When to Start Clomid- Irregular/Absent Periods,1,1,reddit:1,en:1,yes,,
972,ttc,general,972,When will it get easier?,1,1,reddit:1,en:1,yes,,
973,ttc,general,973,Why didn’t I think of that?,1,1,reddit:1,en:1,yes,,
974,ttc,cycle-and-ovulation,974,Why do PCOS patients who are ovulating regularly still have difficulty conceiving?,1,1,reddit:1,en:1,yes,,
975,ttc,loss-and-trying-again,975,Why do people compare abortion to loss and think it's comforting?,1,1,reddit:1,en:1,yes,,
976,ttc,general,976,Why do so many people trust AI with their TTC info?,1,1,reddit:1,en:1,yes,,
977,ttc,general,977,Why do we torture ourselves?!,1,1,reddit:1,en:1,yes,,
978,ttc,general,978,Why don’t we get more visits and ultrasounds?,1,1,reddit:1,en:1,yes,,
979,ttc,general,979,Why is my pain less important because I'm young,1,1,reddit:1,en:1,yes,,
980,ttc,general,980,Will It Ever Be Me?,1,1,reddit:1,en:1,yes,,
981,ttc,cycle-and-ovulation,981,Would you guard your heart? 12 dpo,1,1,reddit:1,en:1,yes,,
982,ttc,general,982,Would you say a prayer for us?,1,1,reddit:1,en:1,yes,,
983,ttc,general,983,Y'all have been out here just having chemicals?,1,1,reddit:1,en:1,yes,,
984,ttc,general,984,am i autistic,1,1,ddg_ac:1,en:1,yes,iui,
985,ttc,loss-and-trying-again,985,am i having a miscarriage reddit,1,1,google_ac:1,en:1,yes,miscarriage trying again,
986,ttc,general,986,am i infj or enfj,1,1,ddg_ac:1,en:1,yes,ivf,
987,ttc,cycle-and-ovulation,987,am i pink ovulation kit,1,1,google_ac:1,en:1,yes,ovulation,
988,ttc,testing-and-early-signs,988,am i pmsing or am i pregnant,1,1,google_ac:1,en:1,yes,am i pregnant,
989,ttc,testing-and-early-signs,989,am i pregnant 1 day period,1,1,google_ac:1,en:1,yes,am i pregnant,
990,ttc,testing-and-early-signs,990,am i pregnant again,1,1,google_ac:1,en:1,yes,am i pregnant,
991,ttc,testing-and-early-signs,991,am i pregnant before implantation,1,1,google_ac:1,en:1,yes,am i pregnant,
992,ttc,testing-and-early-signs,992,am i pregnant flo,1,1,google_ac:1,en:1,yes,am i pregnant,
993,ttc,testing-and-early-signs,993,am i pregnant for 9 or 10 months,1,1,google_ac:1,en:1,yes,am i pregnant,
994,ttc,testing-and-early-signs,994,am i pregnant if i have white discharge,1,1,google_ac:1,en:1,yes,am i pregnant,
995,ttc,testing-and-early-signs,995,am i pregnant ivf,1,1,google_ac:1,en:1,yes,ivf,
996,ttc,testing-and-early-signs,996,am i pregnant javadoodles,1,1,google_ac:1,en:1,yes,am i pregnant,
997,ttc,testing-and-early-signs,997,am i pregnant misspelling video,1,1,google_ac:1,en:1,yes,am i pregnant,
998,ttc,testing-and-early-signs,998,am i pregnant on nexplanon quiz,1,1,google_ac:1,en:1,yes,am i pregnant,
999,ttc,testing-and-early-signs,999,am i pregnant period started then stopped,1,1,google_ac:1,en:1,yes,am i pregnant,
1000,ttc,testing-and-early-signs,1000,am i pregnant predictor,1,1,google_ac:1,en:1,yes,am i pregnant,
1001,ttc,testing-and-early-signs,1001,am i pregnant reading,1,1,google_ac:1,en:1,yes,am i pregnant,
1002,ttc,testing-and-early-signs,1002,am i pregnant throwing up,1,1,google_ac:1,en:1,yes,am i pregnant,
1003,ttc,testing-and-early-signs,1003,am i pregnant vine,1,1,google_ac:1,en:1,yes,am i pregnant,
1004,ttc,testing-and-early-signs,1004,am i pregnant viralvideo,1,1,google_ac:1,en:1,yes,am i pregnant,
1005,ttc,testing-and-early-signs,1005,am i pregnant while breastfeeding quiz,1,1,google_ac:1,en:1,yes,am i pregnant,
1006,ttc,general,1006,am iii glass,1,1,ddg_ac:1,en:1,yes,iui,
1007,ttc,general,1007,anyone else’s TTC journey end in divorce instead of a baby?,1,1,reddit:1,en:1,yes,,
1008,ttc,general,1008,are chemical pregnancies common after iud removal,1,1,google_ac:1,en:1,yes,chemical pregnancy,
1009,ttc,general,1009,are chemical pregnancies common on birth control,1,1,google_ac:1,en:1,yes,chemical pregnancy,
1010,ttc,fertility-treatment,1010,are chemical pregnancies common on letrozole,1,1,google_ac:1,en:1,yes,chemical pregnancy,
1011,ttc,conditions,1011,are chemical pregnancies common with endometriosis,1,1,google_ac:1,en:1,yes,chemical pregnancy,
1012,ttc,general,1012,are evolution brake pads good,1,1,ddg_ac:1,en:1,yes,ovulation,
1013,ttc,general,1013,are evolution spas good quality,1,1,ddg_ac:1,en:1,yes,ovulation,
1014,ttc,general,1014,are inuit and eskimo the same,1,1,ddg_ac:1,en:1,yes,iui,
1015,ttc,general,1015,are iuls a scam,1,1,ddg_ac:1,en:1,yes,iui,
1016,ttc,general,1016,are iv fluids given for aki,1,1,ddg_ac:1,en:1,yes,ivf,
1017,ttc,general,1017,are iv fluids osha recordable,1,1,ddg_ac:1,en:1,yes,ivf,
1018,ttc,fertility-treatment,1018,are ivf eggs fertilized,1,1,ddg_ac:1,en:1,yes,ivf,
1019,ttc,lifestyle-and-diet,1019,are miscarriages more common after 35,1,1,google_ac:1,en:1,yes,conceive after 35,
1020,ttc,cycle-and-ovulation,1020,are ovulation tests hsa eligible,1,1,google_ac:1,en:1,yes,ovulation test,
1021,ttc,male-fertility,1021,are sperm considered alive,1,1,google_ac:1,en:1,yes,sperm count,
1022,ttc,general,1022,are uits redeemable,1,1,ddg_ac:1,en:1,yes,iui,
1023,ttc,fertility-treatment,1023,are you awake for iui,1,1,google_ac:1,en:1,yes,iui,
1024,ttc,cycle-and-ovulation,1024,basal body temperature kaise check kare,1,1,google_ac:1,en:1,yes,basal body temperature,
1025,ttc,loss-and-trying-again,1025,can a chemical pregnancy be saved with progesterone,1,1,google_ac:1,en:1,yes,chemical pregnancy,
1026,ttc,fertility-treatment,1026,can amh drop in 6 months,1,1,google_ac:1,en:1,yes,low amh,
1027,ttc,cycle-and-ovulation,1027,can cervical mucus be green,1,1,google_ac:1,en:1,yes,cervical mucus,
1028,ttc,loss-and-trying-again,1028,can chemical pregnancy cause blocked fallopian tubes,1,1,google_ac:1,en:1,yes,chemical pregnancy,
1029,ttc,loss-and-trying-again,1029,can drinking during two week wait cause miscarriage,1,1,google_ac:1,en:1,yes,two week wait,
1030,ttc,general,1030,can evolution be negative,1,1,ddg_ac:1,en:1,yes,ovulation,
1031,ttc,general,1031,can fertility tests be wrong,1,1,google_ac:1,en:1,yes,ovulation test,
1032,ttc,cycle-and-ovulation,1032,can heavy periods stop you getting pregnant,1,1,google_ac:1,en:1,yes,trying to conceive,
1033,ttc,fertility-treatment,1033,can i do iui without hsg test,1,1,google_ac:1,en:1,yes,iui,
1034,ttc,fertility-treatment,1034,can i do ivf with fibroids,1,1,google_ac:1,en:1,yes,ivf,
1035,ttc,cycle-and-ovulation,1035,can i get ovulation without periods,1,1,google_ac:1,en:1,yes,ovulation,
1036,ttc,cycle-and-ovulation,1036,can i get pregnant with no period after giving birth,1,1,google_ac:1,en:1,yes,am i pregnant,
1037,ttc,general,1037,can i infect my dog with atheletes foot,1,1,ddg_ac:1,en:1,yes,ivf,
1038,ttc,general,1038,can i infect someone while on arvs,1,1,ddg_ac:1,en:1,yes,ivf,
1039,ttc,general,1039,can i inflate balloons day before party,1,1,ddg_ac:1,en:1,yes,ivf,
1040,ttc,general,1040,can i inflate bmw air suspension manually,1,1,ddg_ac:1,en:1,yes,ivf,
1041,ttc,general,1041,can i inform dvla i have sold my car online,1,1,ddg_ac:1,en:1,yes,ivf,
1042,ttc,general,1042,can i infuse condensed milk,1,1,ddg_ac:1,en:1,yes,ivf,
1043,ttc,general,1043,can i iv push gravol,1,1,ddg_ac:1,en:1,yes,ivf,
1044,ttc,general,1044,can i juice a banana,1,1,ddg_ac:1,en:1,yes,iui,
1045,ttc,general,1045,can i juice dandelion greens,1,1,ddg_ac:1,en:1,yes,iui,
1046,ttc,general,1046,can i juice zucchini,1,1,ddg_ac:1,en:1,yes,iui,
1047,ttc,fertility-treatment,1047,can i take ivf injections on a plane,1,1,google_ac:1,en:1,yes,ivf,
1048,ttc,general,1048,can i unsend an email in outlook,1,1,ddg_ac:1,en:1,yes,iui,
1049,ttc,general,1049,can i use claude for free,1,1,ddg_ac:1,en:1,yes,iui,
1050,ttc,fertility-treatment,1050,can i use iui sperm for ivf,1,1,google_ac:1,en:1,yes,iui,
1051,ttc,general,1051,can i use laptop charger for phone type c,1,1,ddg_ac:1,en:1,yes,iui,
1052,ttc,general,1052,can i use my laptop while charging,1,1,ddg_ac:1,en:1,yes,iui,
1053,ttc,general,1053,can iv famotidine be given orally,1,1,ddg_ac:1,en:1,yes,ivf,
1054,ttc,fertility-treatment,1054,can ivf babies have babies,1,1,google_ac:1,en:1,yes,ivf,
1055,ttc,cycle-and-ovulation,1055,can ovulation test miss lh surge,1,1,google_ac:1,en:1,yes,ovulation test,
1056,ttc,cycle-and-ovulation,1056,can pregnancy change your menstrual cycle,1,1,google_ac:1,en:1,yes,trying to conceive,
1057,ttc,cycle-and-ovulation,1057,can pregnancy fatigue start before missed period,1,1,google_ac:1,en:1,yes,early pregnancy symptoms before missed period,
1058,ttc,conditions,1058,can prenatal vitamins help with pcos,1,1,ddg_ac:1,en:1,yes,pcos and pregnancy,
1059,ttc,general,1059,can runs be a sign of pregnancy,1,1,google_ac:1,en:1,yes,am i pregnant,
1060,ttc,loss-and-trying-again,1060,can t enjoy pregnancy after miscarriage,1,1,google_ac:1,en:1,yes,conceive after miscarriage,
1061,ttc,general,1061,can trying to conceive cause erectile dysfunction,1,1,google_ac:1,en:1,yes,trying to conceive,
1062,ttc,general,1062,can trying to conceive cause uti,1,1,google_ac:1,en:1,yes,trying to conceive,
1063,ttc,general,1063,can trying to conceive cause yeast infection,1,1,google_ac:1,en:1,yes,trying to conceive,
1064,ttc,testing-and-early-signs,1064,can wanting to be pregnant cause symptoms,1,1,google_ac:1,en:1,yes,am i pregnant,
1065,ttc,general,1065,can women trying to conceive eat papaya,1,1,google_ac:1,en:1,yes,trying to conceive,
1066,ttc,general,1066,can you get impregnated while already pregnant,1,1,google_ac:1,en:1,yes,am i pregnant,
1067,ttc,general,1067,can you get pregnant in one go,1,1,google_ac:1,en:1,yes,how to get pregnant,
1068,ttc,conditions,1068,can you take metformin for pcos while pregnant,1,1,google_ac:1,en:1,yes,pcos and pregnancy,
1069,ttc,fertility-treatment,1069,can you work during ivf treatment,1,1,google_ac:1,en:1,yes,ivf,
1070,ttc,testing-and-early-signs,1070,can your period cause a false positive pregnancy test,1,1,google_ac:1,en:1,yes,irregular periods pregnancy,
1071,ttc,loss-and-trying-again,1071,do chemical pregnancy babies go to heaven,1,1,google_ac:1,en:1,yes,chemical pregnancy,
1072,ttc,cycle-and-ovulation,1072,do i need cervical.mucus to get pregnant,1,1,google_ac:1,en:1,yes,cervical mucus,
1073,ttc,general,1073,do inuit eat polar bears,1,1,ddg_ac:1,en:1,yes,iui,
1074,ttc,general,1074,do inuit pay tax,1,1,ddg_ac:1,en:1,yes,iui,
1075,ttc,general,1075,do inuits live in igloos,1,1,ddg_ac:1,en:1,yes,iui,
1076,ttc,general,1076,do iud have hormones,1,1,ddg_ac:1,en:1,yes,iui,
1077,ttc,fertility-treatment,1077,do iui babies come early,1,1,google_ac:1,en:1,yes,iui,
1078,ttc,general,1078,do iuis hurt,1,1,google_ac:1,en:1,yes,iui,
1079,ttc,general,1079,do iuis work,1,1,google_ac:1,en:1,yes,iui,
1080,ttc,general,1080,do iv fluids expire,1,1,ddg_ac:1,en:1,yes,ivf,
1081,ttc,cycle-and-ovulation,1081,do ovaries alternate ovulation,1,1,ddg_ac:1,en:1,yes,ovulation,
1082,ttc,cycle-and-ovulation,1082,do ovulation cause pimples,1,1,google_ac:1,en:1,yes,ovulation,
1083,ttc,cycle-and-ovulation,1083,do ovulation tests work postpartum,1,1,google_ac:1,en:1,yes,ovulation test,
1084,ttc,general,1084,do they add 2 weeks to pregnancy,1,1,google_ac:1,en:1,yes,am i pregnant,
1085,ttc,general,1085,do uits trade in the secondary market,1,1,ddg_ac:1,en:1,yes,iui,
1086,ttc,cycle-and-ovulation,1086,does bloating affect your period,1,1,google_ac:1,en:1,yes,luteal phase,
1087,ttc,testing-and-early-signs,1087,does chemical pregnancy happen after implantation,1,1,google_ac:1,en:1,yes,chemical pregnancy,
1088,ttc,testing-and-early-signs,1088,does drinking during two week wait impact implantation,1,1,google_ac:1,en:1,yes,two week wait,
1089,ttc,general,1089,does evolution explain how life began,1,1,ddg_ac:1,en:1,yes,ovulation,
1090,ttc,general,1090,does evolution have a goal,1,1,ddg_ac:1,en:1,yes,ovulation,
1091,ttc,general,1091,does evolution have interests in africa,1,1,ddg_ac:1,en:1,yes,ovulation,
1092,ttc,loss-and-trying-again,1092,does fertility decrease after miscarriage,1,1,google_ac:1,en:1,yes,conceive after miscarriage,
1093,ttc,testing-and-early-signs,1093,does folic acid affect hcg levels,1,1,google_ac:1,en:1,yes,folic acid before pregnancy,
1094,ttc,general,1094,does iim bangalore offer bba,1,1,ddg_ac:1,en:1,yes,iui,
1095,ttc,testing-and-early-signs,1095,does implantation bleeding look like jelly,1,1,google_ac:1,en:1,yes,implantation bleeding,
1096,ttc,fertility-treatment,1096,does iui delay period,1,1,google_ac:1,en:1,yes,iui,
1097,ttc,general,1097,does iv flagyl cover c diff,1,1,ddg_ac:1,en:1,yes,ivf,
1098,ttc,fertility-treatment,1098,does ivf have side effects,1,1,google_ac:1,en:1,yes,ivf,
1099,ttc,fertility-treatment,1099,does ivf need bed rest,1,1,google_ac:1,en:1,yes,ivf,
1100,ttc,fertility-treatment,1100,does ivf qualify for short term disability,1,1,ddg_ac:1,en:1,yes,ivf,
1101,ttc,fertility-treatment,1101,does ivf require surgery,1,1,google_ac:1,en:1,yes,ivf,
1102,ttc,general,1102,does low egg count mean early menopause,1,1,google_ac:1,en:1,yes,low amh,
1103,ttc,fertility-treatment,1103,does male infertility run in families,1,1,google_ac:1,en:1,yes,sperm count,
1104,ttc,general,1104,does polycystic ovaries cause problems in pregnancy,1,1,google_ac:1,en:1,yes,pcos and pregnancy,
1105,ttc,general,1105,does progesterone make you angry,1,1,google_ac:1,en:1,yes,luteal phase,
1106,ttc,general,1106,does temperature drop during pregnancy,1,1,google_ac:1,en:1,yes,basal body temperature,
1107,ttc,cycle-and-ovulation,1107,does the luteal phase make you puffy,1,1,google_ac:1,en:1,yes,luteal phase,
1108,ttc,general,1108,does vaginal discharge change when pregnant,1,1,google_ac:1,en:1,yes,cervical mucus,
1109,ttc,general,1109,does your fertility decrease after 30,1,1,google_ac:1,en:1,yes,conceive after 35,
1110,ttc,cycle-and-ovulation,1110,does zoloft affect basal body temperature,1,1,google_ac:1,en:1,yes,basal body temperature,
1111,ttc,cycle-and-ovulation,1111,good morning friends my lmp was 26th june didnt get periods still did beta hcg test it was less than,1,1,mylo:1,en:1,yes,,
1112,ttc,general,1112,how do fish get pregnant,1,1,google_ac:1,en:1,yes,how to get pregnant,
1113,ttc,fertility-treatment,1113,how do ivf babies turn out,1,1,google_ac:1,en:1,yes,ivf,
1114,ttc,general,1114,how does eating disorder affect fertility,1,1,google_ac:1,en:1,yes,fertility diet,
1115,ttc,cycle-and-ovulation,1115,how does ovulation looks like after abortion,1,1,google_ac:1,en:1,yes,ovulation,
1116,ttc,general,1116,how evolution balances,1,1,ddg_ac:1,en:1,yes,ovulation,
1117,ttc,general,1117,how evolution creates diversity,1,1,ddg_ac:1,en:1,yes,ovulation,
1118,ttc,general,1118,how evolutionary theory has changed over time,1,1,ddg_ac:1,en:1,yes,ovulation,
1119,ttc,general,1119,how i feel book,1,1,ddg_ac:1,en:1,yes,ivf,
1120,ttc,general,1120,how i fell in love with a fish,1,1,ddg_ac:1,en:1,yes,ivf,
1121,ttc,general,1121,how i fell in love with a gangster,1,1,ddg_ac:1,en:1,yes,ivf,
1122,ttc,general,1122,how i fooled the internet,1,1,ddg_ac:1,en:1,yes,ivf,
1123,ttc,general,1123,how i use llms to learn complex topics,1,1,ddg_ac:1,en:1,yes,iui,
1124,ttc,fertility-treatment,1124,how is ivf done in nigeria,1,1,google_ac:1,en:1,yes,ivf,
1125,ttc,general,1125,how iud works,1,1,ddg_ac:1,en:1,yes,iui,
1126,ttc,general,1126,how iul works,1,1,ddg_ac:1,en:1,yes,iui,
1127,ttc,fertility-treatment,1127,how ivf works for lesbians,1,1,google_ac:1,en:1,yes,ivf,
1128,ttc,fertility-treatment,1128,how long amh results,1,1,google_ac:1,en:1,yes,low amh,
1129,ttc,general,1129,how long are dwellers pregnant for,1,1,ddg_ac:1,en:1,yes,am i pregnant,
1130,ttc,general,1130,how long follicular phase last,1,1,google_ac:1,en:1,yes,luteal phase,
1131,ttc,general,1131,how long guinea pigs live,1,1,ddg_ac:1,en:1,yes,iui,
1132,ttc,general,1132,how long iv antibiotics for diverticulitis,1,1,ddg_ac:1,en:1,yes,ivf,
1133,ttc,general,1133,how long iv antibiotics for osteomyelitis,1,1,ddg_ac:1,en:1,yes,ivf,
1134,ttc,general,1134,how long iv ppi for gi bleed,1,1,ddg_ac:1,en:1,yes,ivf,
1135,ttc,general,1135,how long iv tubing good for,1,1,ddg_ac:1,en:1,yes,ivf,
1136,ttc,general,1136,how long iva on credit file,1,1,ddg_ac:1,en:1,yes,ivf,
1137,ttc,general,1137,how long ivc filter in place,1,1,ddg_ac:1,en:1,yes,ivf,
1138,ttc,general,1138,how long ivermectin stays in body,1,1,ddg_ac:1,en:1,yes,ivf,
1139,ttc,general,1139,how long should wait to get pregnant again,1,1,google_ac:1,en:1,yes,how to get pregnant,
1140,ttc,general,1140,how low a heart rate is too low,1,1,ddg_ac:1,en:1,yes,low amh,
1141,ttc,general,1141,how low am i thou painted maypole,1,1,ddg_ac:1,en:1,yes,low amh,
1142,ttc,cycle-and-ovulation,1142,how many dpo morning sickness,1,1,google_ac:1,en:1,yes,morning sickness,
1143,ttc,general,1143,how many evolutions can you do at once fc 26,1,1,ddg_ac:1,en:1,yes,ovulation,
1144,ttc,general,1144,how many evolutions does drago have,1,1,ddg_ac:1,en:1,yes,ovulation,
1145,ttc,general,1145,how many fertile days does inito give you,1,1,google_ac:1,en:1,yes,fertile window,
1146,ttc,general,1146,how many folate should i take during the two week wait,1,1,google_ac:1,en:1,yes,two week wait,
1147,ttc,general,1147,how many if statements can you nest in excel,1,1,ddg_ac:1,en:1,yes,ivf,
1148,ttc,general,1148,how many iuis before success,1,1,google_ac:1,en:1,yes,iui,
1149,ttc,fertility-treatment,1149,how many ivf embryos are in storage,1,1,ddg_ac:1,en:1,yes,ivf,
1150,ttc,general,1150,how many ivies are there,1,1,ddg_ac:1,en:1,yes,ivf,
1151,ttc,general,1151,how many ivy league schools are there,1,1,ddg_ac:1,en:1,yes,ivf,
1152,ttc,testing-and-early-signs,1152,how many months am i pregnant at 18 weeks,1,1,google_ac:1,en:1,yes,am i pregnant,
1153,ttc,testing-and-early-signs,1153,how many months am i pregnant at 23 weeks,1,1,google_ac:1,en:1,yes,am i pregnant,
1154,ttc,testing-and-early-signs,1154,how many months am i pregnant at 27 weeks,1,1,google_ac:1,en:1,yes,am i pregnant,
1155,ttc,general,1155,how many vfl teams,1,1,ddg_ac:1,en:1,yes,ivf,
1156,ttc,general,1156,how many vfw members,1,1,ddg_ac:1,en:1,yes,ivf,
1157,ttc,fertility-treatment,1157,how much coq10 for low amh,1,1,google_ac:1,en:1,yes,low amh,
1158,ttc,cycle-and-ovulation,1158,how much discharge in luteal phase,1,1,google_ac:1,en:1,yes,luteal phase,
1159,ttc,fertility-treatment,1159,how much does male fertility treatment cost,1,1,google_ac:1,en:1,yes,when to see a fertility doctor,
1160,ttc,general,1160,how much i feel ambrosia,1,1,ddg_ac:1,en:1,yes,ivf,
1161,ttc,general,1161,how much inositol when trying to conceive,1,1,google_ac:1,en:1,yes,trying to conceive,
1162,ttc,lifestyle-and-diet,1162,how much iu of vitamin d3 per day,1,1,ddg_ac:1,en:1,yes,iui,
1163,ttc,fertility-treatment,1163,how much iui in ph,1,1,google_ac:1,en:1,yes,iui,
1164,ttc,fertility-treatment,1164,how much ivf cost in delhi,1,1,google_ac:1,en:1,yes,ivf,
1165,ttc,fertility-treatment,1165,how much ivf cost in uae,1,1,google_ac:1,en:1,yes,ivf,
1166,ttc,cycle-and-ovulation,1166,how much progesterone for luteal phase defect,1,1,google_ac:1,en:1,yes,luteal phase,
1167,ttc,general,1167,how much should baby gain per day,1,1,ddg_ac:1,en:1,yes,how to get pregnant,
1168,ttc,male-fertility,1168,how much to get pregnant from sperm bank,1,1,google_ac:1,en:1,yes,how to get pregnant,
1169,ttc,fertility-treatment,1169,how often are ivf babies born on due date,1,1,google_ac:1,en:1,yes,ivf,
1170,ttc,general,1170,how old to be geriatric pregnancy,1,1,google_ac:1,en:1,yes,how to get pregnant,
1171,ttc,cycle-and-ovulation,1171,how prega news ovulation kit works,1,1,google_ac:1,en:1,yes,ovulation,
1172,ttc,fertility-treatment,1172,how quickly can you do ivf again,1,1,google_ac:1,en:1,yes,ivf,
1173,ttc,loss-and-trying-again,1173,how safe n good are mc can foods,1,1,parentune:1,en:1,yes,,
1174,ttc,general,1174,how test tube baby born,1,1,google_ac:1,en:1,yes,ivf,
1175,ttc,general,1175,how to be a pregnant lady,1,1,google_ac:1,en:1,yes,how to get pregnant,
1176,ttc,fertility-treatment,1176,how to check male fertility doctor,1,1,google_ac:1,en:1,yes,when to see a fertility doctor,
1177,ttc,cycle-and-ovulation,1177,how to deal with missed pregnancy and periods,1,1,reddit:1,en:1,yes,,
1178,ttc,general,1178,how to evolution clash royale,1,1,ddg_ac:1,en:1,yes,ovulation,
1179,ttc,general,1179,how to get flu jab pregnant,1,1,google_ac:1,en:1,yes,how to get pregnant,
1180,ttc,general,1180,how to get free dental care when pregnant,1,1,ddg_ac:1,en:1,yes,how to get pregnant,
1181,ttc,general,1181,how to get job while pregnant,1,1,google_ac:1,en:1,yes,how to get pregnant,
1182,ttc,testing-and-early-signs,1182,how to get pregnancy test in japan,1,1,google_ac:1,en:1,yes,how to get pregnant,
1183,ttc,general,1183,how to get pregnant certificate,1,1,google_ac:1,en:1,yes,how to get pregnant,
1184,ttc,general,1184,how to get pregnant doll,1,1,google_ac:1,en:1,yes,how to get pregnant,
1185,ttc,general,1185,how to get pregnant early after marriage,1,1,google_ac:1,en:1,yes,how to get pregnant,
1186,ttc,general,1186,how to get pregnant handicap,1,1,google_ac:1,en:1,yes,how to get pregnant,
1187,ttc,general,1187,how to get pregnant in islam,1,1,google_ac:1,en:1,yes,how to get pregnant,
1188,ttc,general,1188,how to get pregnant legs up,1,1,google_ac:1,en:1,yes,how to get pregnant,
1189,ttc,fertility-treatment,1189,how to get pregnant naturally after failed ivf,1,1,google_ac:1,en:1,yes,how to get pregnant,
1190,ttc,general,1190,how to get pregnant naturally after sterilization,1,1,google_ac:1,en:1,yes,how to get pregnant,
1191,ttc,general,1191,how to get pregnant on depo,1,1,google_ac:1,en:1,yes,how to get pregnant,
1192,ttc,general,1192,how to get pregnant paralives,1,1,google_ac:1,en:1,yes,how to get pregnant,
1193,ttc,general,1193,how to get pregnant peacock,1,1,google_ac:1,en:1,yes,how to get pregnant,
1194,ttc,general,1194,how to get pregnant swollen feet down,1,1,google_ac:1,en:1,yes,how to get pregnant,
1195,ttc,cycle-and-ovulation,1195,how to get pregnant using basal body temperature,1,1,google_ac:1,en:1,yes,how to get pregnant,
1196,ttc,general,1196,how to get pregnant while on jadelle,1,1,google_ac:1,en:1,yes,how to get pregnant,
1197,ttc,general,1197,how to get pregnant with adenomyosis naturally,1,1,google_ac:1,en:1,yes,how to get pregnant,
1198,ttc,fertility-treatment,1198,how to get pregnant with letrozole,1,1,google_ac:1,en:1,yes,how to get pregnant,
1199,ttc,general,1199,how to get rid of pregnant looking belly,1,1,google_ac:1,en:1,yes,how to get pregnant,
1200,ttc,general,1200,how to i find my ein number,1,1,ddg_ac:1,en:1,yes,ivf,
1201,ttc,general,1201,how to i find my google chat conversations,1,1,ddg_ac:1,en:1,yes,ivf,
1202,ttc,general,1202,how to i fix my outlook email view,1,1,ddg_ac:1,en:1,yes,ivf,
1203,ttc,general,1203,how to if function excel,1,1,ddg_ac:1,en:1,yes,ivf,
1204,ttc,general,1204,how to influence people book,1,1,ddg_ac:1,en:1,yes,ivf,
1205,ttc,general,1205,how to invest,1,1,ddg_ac:1,en:1,yes,ivf,
1206,ttc,lifestyle-and-diet,1206,how to lose weight while trying to conceive,1,1,google_ac:1,en:1,yes,trying to conceive,
1207,ttc,general,1207,how to start bleeding,1,1,ddg_ac:1,en:1,yes,implantation bleeding,
1208,ttc,general,1208,how to uninstall app in laptop,1,1,ddg_ac:1,en:1,yes,iui,
1209,ttc,general,1209,how to uninstall valorant,1,1,ddg_ac:1,en:1,yes,iui,
1210,ttc,general,1210,how to uninstall wsl,1,1,ddg_ac:1,en:1,yes,iui,
1211,ttc,general,1211,how to update drivers,1,1,ddg_ac:1,en:1,yes,iui,
1212,ttc,general,1212,how to update roblox,1,1,ddg_ac:1,en:1,yes,iui,
1213,ttc,general,1213,how to vfx roblox studio,1,1,ddg_ac:1,en:1,yes,ivf,
1214,ttc,general,1214,how uif is calculated,1,1,ddg_ac:1,en:1,yes,iui,
1215,ttc,general,1215,how uipath works,1,1,ddg_ac:1,en:1,yes,iui,
1216,ttc,general,1216,how vfd works,1,1,ddg_ac:1,en:1,yes,ivf,
1217,ttc,general,1217,i am pregnant can i take zyrtec,1,1,google_ac:1,en:1,yes,am i pregnant,
1218,ttc,testing-and-early-signs,1218,is a week and a half too early for pregnancy symptoms,1,1,google_ac:1,en:1,yes,am i pregnant,
1219,ttc,general,1219,is being mean a sign of pregnancy,1,1,google_ac:1,en:1,yes,am i pregnant,
1220,ttc,general,1220,is berberine safe when trying to conceive,1,1,google_ac:1,en:1,yes,trying to conceive,
1221,ttc,cycle-and-ovulation,1221,is cervical mucus harmful,1,1,google_ac:1,en:1,yes,cervical mucus,
1222,ttc,general,1222,is everyone a female at conception,1,1,ddg_ac:1,en:1,yes,trying to conceive,
1223,ttc,general,1223,is evolution consult linkedin,1,1,ddg_ac:1,en:1,yes,ovulation,
1224,ttc,lifestyle-and-diet,1224,is folic acid safe to take,1,1,ddg_ac:1,en:1,yes,folic acid before pregnancy,
1225,ttc,testing-and-early-signs,1225,is implantation bleeding dangerous,1,1,google_ac:1,en:1,yes,implantation bleeding,
1226,ttc,cycle-and-ovulation,1226,is it normal for cervical mucus to be pink,1,1,google_ac:1,en:1,yes,cervical mucus,
1227,ttc,male-fertility,1227,is it normal for sperm count to fluctuate,1,1,google_ac:1,en:1,yes,sperm count,
1228,ttc,general,1228,is it normal have cramps while pregnant,1,1,google_ac:1,en:1,yes,am i pregnant,
1229,ttc,general,1229,is it normal have diarrhea while pregnant,1,1,google_ac:1,en:1,yes,am i pregnant,
1230,ttc,general,1230,is it normal if my budgie has underweight,1,1,ddg_ac:1,en:1,yes,ivf,
1231,ttc,general,1231,is it normal if my gecko has fleas,1,1,ddg_ac:1,en:1,yes,ivf,
1232,ttc,loss-and-trying-again,1232,is it normal if my hedgehog has hair loss,1,1,ddg_ac:1,en:1,yes,ivf,
1233,ttc,general,1233,is it normal if my mouse has ticks,1,1,ddg_ac:1,en:1,yes,ivf,
1234,ttc,general,1234,is it normal if your cat is barking,1,1,ddg_ac:1,en:1,yes,ivf,
1235,ttc,fertility-treatment,1235,is it normal to bloat after iui,1,1,google_ac:1,en:1,yes,iui,
1236,ttc,general,1236,is it normal to conceive,1,1,google_ac:1,en:1,yes,trying to conceive,
1237,ttc,cycle-and-ovulation,1237,is it normal to get 2 positive ovulation tests,1,1,google_ac:1,en:1,yes,ovulation test,
1238,ttc,loss-and-trying-again,1238,is it normal to grieve a chemical pregnancy,1,1,google_ac:1,en:1,yes,chemical pregnancy,
1239,ttc,testing-and-early-signs,1239,is it normal to have no symptoms during two week wait,1,1,google_ac:1,en:1,yes,two week wait,
1240,ttc,general,1240,is it normal to wait two weeks after interview,1,1,google_ac:1,en:1,yes,two week wait,
1241,ttc,general,1241,is it safe if i take 12h/day works at outlier,1,1,ddg_ac:1,en:1,yes,ivf,
1242,ttc,general,1242,is it safe to do chemical peels during pregnancy,1,1,google_ac:1,en:1,yes,chemical pregnancy,
1243,ttc,fertility-treatment,1243,is it safe to do ivf in mexico,1,1,google_ac:1,en:1,yes,ivf,
1244,ttc,fertility-treatment,1244,is it safe to do ivf in turkey,1,1,google_ac:1,en:1,yes,ivf,
1245,ttc,general,1245,is it safe to do yoga while trying to conceive,1,1,google_ac:1,en:1,yes,trying to conceive,
1246,ttc,general,1246,is it safe to get pregnant with fatty liver,1,1,google_ac:1,en:1,yes,how to get pregnant,
1247,ttc,general,1247,is it safe to get pregnant with high cholesterol,1,1,google_ac:1,en:1,yes,how to get pregnant,
1248,ttc,general,1248,is it safe to get pregnant with rheumatoid arthritis,1,1,google_ac:1,en:1,yes,how to get pregnant,
1249,ttc,general,1249,is it safe to have an x ray when trying to conceive,1,1,google_ac:1,en:1,yes,trying to conceive,
1250,ttc,general,1250,is it safe to swallow mucus,1,1,ddg_ac:1,en:1,yes,cervical mucus,
1251,ttc,general,1251,is it safe to take mucinex during two week wait,1,1,google_ac:1,en:1,yes,two week wait,
1252,ttc,general,1252,is it safe to travel while trying to conceive,1,1,google_ac:1,en:1,yes,trying to conceive,
1253,ttc,fertility-treatment,1253,is ivf an elective procedure,1,1,ddg_ac:1,en:1,yes,ivf,
1254,ttc,fertility-treatment,1254,is ivf biotechnology,1,1,ddg_ac:1,en:1,yes,ivf,
1255,ttc,fertility-treatment,1255,is ivf covered by equality act,1,1,ddg_ac:1,en:1,yes,ivf,
1256,ttc,fertility-treatment,1256,is ivf tax deductible irs,1,1,ddg_ac:1,en:1,yes,ivf,
1257,ttc,fertility-treatment,1257,is ivf the same as egg freezing,1,1,ddg_ac:1,en:1,yes,ivf,
1258,ttc,general,1258,is low ovarian reserve reversible,1,1,google_ac:1,en:1,yes,low amh,
1259,ttc,cycle-and-ovulation,1259,is ovulation discharge safe to eat,1,1,google_ac:1,en:1,yes,ovulation,
1260,ttc,conditions,1260,is pcos a disease,1,1,ddg_ac:1,en:1,yes,pcos and pregnancy,
1261,ttc,conditions,1261,is pcos life threatening,1,1,ddg_ac:1,en:1,yes,pcos and pregnancy,
1262,ttc,general,1262,is rashmika mandanna was pregnant or not,1,1,google_ac:1,en:1,yes,am i pregnant,
1263,ttc,general,1263,is sauna bad if you are trying to conceive,1,1,google_ac:1,en:1,yes,trying to conceive,
1264,ttc,male-fertility,1264,is sperm count and concentration the same,1,1,google_ac:1,en:1,yes,sperm count,
1265,ttc,general,1265,is the ovule the egg,1,1,ddg_ac:1,en:1,yes,ovulation,
1266,ttc,fertility-treatment,1266,iui ghar par kaise kare,1,1,google_ac:1,en:1,yes,iui,
1267,ttc,fertility-treatment,1267,ivf kb krwana chahiye,1,1,google_ac:1,en:1,yes,ivf,
1268,ttc,fertility-treatment,1268,low amh me pregnancy kaise kare,1,1,google_ac:1,en:1,yes,low amh,
1269,ttc,lifestyle-and-diet,1269,meri wife pregnent h 3 month running hai abhi tak sonography nhi hua hai folic acid aur progesterone,1,1,babychakra:1,hinglish:1,yes,,
1270,ttc,cycle-and-ovulation,1270,ovashield lene se periods delay hokar aata hai kya,1,1,babychakra:1,hinglish:1,yes,,
1271,ttc,general,1271,should evolution be capitalized,1,1,ddg_ac:1,en:1,yes,ovulation,
1272,ttc,general,1272,should evolution be taught in schools,1,1,ddg_ac:1,en:1,yes,ovulation,
1273,ttc,fertility-treatment,1273,should i do ivf after 2 miscarriages,1,1,google_ac:1,en:1,yes,ivf,
1274,ttc,fertility-treatment,1274,should i do ivf or icsi,1,1,google_ac:1,en:1,yes,ivf,
1275,ttc,general,1275,should i file bankruptcy,1,1,ddg_ac:1,en:1,yes,ivf,
1276,ttc,general,1276,should i fix my energy now,1,1,ddg_ac:1,en:1,yes,ivf,
1277,ttc,general,1277,should i fix my energy prices martin lewis,1,1,ddg_ac:1,en:1,yes,ivf,
1278,ttc,general,1278,should i fix my energy tariff now,1,1,ddg_ac:1,en:1,yes,ivf,
1279,ttc,general,1279,should i fix my story,1,1,ddg_ac:1,en:1,yes,ivf,
1280,ttc,general,1280,should i flip on long or short edge,1,1,ddg_ac:1,en:1,yes,ivf,
1281,ttc,general,1281,should i freeze my needoh,1,1,ddg_ac:1,en:1,yes,ivf,
1282,ttc,general,1282,should i inflate my tires to max psi,1,1,ddg_ac:1,en:1,yes,ivf,
1283,ttc,general,1283,should i inform my bank i'm going abroad,1,1,ddg_ac:1,en:1,yes,ivf,
1284,ttc,general,1284,should i inform my insurance company,1,1,ddg_ac:1,en:1,yes,ivf,
1285,ttc,general,1285,should i inform my manager before resigning,1,1,ddg_ac:1,en:1,yes,ivf,
1286,ttc,general,1286,should i inform my references,1,1,ddg_ac:1,en:1,yes,ivf,
1287,ttc,general,1287,should i infuse rapier ds2,1,1,ddg_ac:1,en:1,yes,ivf,
1288,ttc,general,1288,should i initialize mbr or gpt,1,1,ddg_ac:1,en:1,yes,iui,
1289,ttc,general,1289,should i kill pregnant spider,1,1,google_ac:1,en:1,yes,am i pregnant,
1290,ttc,general,1290,should i quit my job 2025,1,1,ddg_ac:1,en:1,yes,iui,
1291,ttc,general,1291,should i quit my job and start a business,1,1,ddg_ac:1,en:1,yes,iui,
1292,ttc,general,1292,should i quit my job quiz,1,1,ddg_ac:1,en:1,yes,iui,
1293,ttc,general,1293,should i quit roblox,1,1,ddg_ac:1,en:1,yes,iui,
1294,ttc,general,1294,should i stop finasteride before trying to conceive,1,1,google_ac:1,en:1,yes,trying to conceive,
1295,ttc,general,1295,should i take choline when trying to conceive,1,1,google_ac:1,en:1,yes,trying to conceive,
1296,ttc,cycle-and-ovulation,1296,should i take progesterone after ovulation,1,1,google_ac:1,en:1,yes,ovulation,
1297,ttc,loss-and-trying-again,1297,should i tell gp about chemical pregnancy,1,1,google_ac:1,en:1,yes,chemical pregnancy,
1298,ttc,general,1298,should i tell my dentist i am pregnant,1,1,google_ac:1,en:1,yes,am i pregnant,
1299,ttc,general,1299,should i uninstall copilot,1,1,ddg_ac:1,en:1,yes,iui,
1300,ttc,general,1300,should i uninstall mcafee,1,1,ddg_ac:1,en:1,yes,iui,
1301,ttc,general,1301,should i update to windows 11,1,1,ddg_ac:1,en:1,yes,iui,
1302,ttc,general,1302,should i wait two weeks after skin tag remover,1,1,google_ac:1,en:1,yes,two week wait,
1303,ttc,fertility-treatment,1303,should ivf babies be induced,1,1,google_ac:1,en:1,yes,ivf,
1304,ttc,fertility-treatment,1304,should ivf be free,1,1,google_ac:1,en:1,yes,ivf,
1305,ttc,general,1305,should men stop drinking trying to conceive,1,1,google_ac:1,en:1,yes,trying to conceive,
1306,ttc,general,1306,should ui have dark mode,1,1,ddg_ac:1,en:1,yes,iui,
1307,ttc,general,1307,should ui use animations,1,1,ddg_ac:1,en:1,yes,iui,
1308,ttc,cycle-and-ovulation,1308,subchorionic hemorrhage with heartbeat (bleeding) threatened miscarriage and someone’s dated at 8 weeks even my pos opk would be 6??,1,1,reddit:1,en:1,yes,,
1309,ttc,fertility-treatment,1309,transfer issue late admission to nursery,1,1,parentune:1,en:1,yes,,
1310,ttc,general,1310,trying to conceive can i take paracetamol,1,1,google_ac:1,en:1,yes,trying to conceive,
1311,ttc,general,1311,what am i not getting pregnant,1,1,google_ac:1,en:1,yes,am i pregnant,
1312,ttc,general,1312,what are not signs of pregnancy,1,1,google_ac:1,en:1,yes,am i pregnant,
1313,ttc,general,1313,what can i pregnant woman take for a headache,1,1,google_ac:1,en:1,yes,am i pregnant,
1314,ttc,general,1314,what can i pregnant women take for a cold,1,1,google_ac:1,en:1,yes,am i pregnant,
1315,ttc,cycle-and-ovulation,1315,what can throw off an ovulation test,1,1,google_ac:1,en:1,yes,ovulation test,
1316,ttc,testing-and-early-signs,1316,what chemical do pregnancy tests detect,1,1,google_ac:1,en:1,yes,chemical pregnancy,
1317,ttc,general,1317,what does months to conception mean,1,1,google_ac:1,en:1,yes,trying to conceive,
1318,ttc,general,1318,what evolution is ernst mayr,1,1,ddg_ac:1,en:1,yes,ovulation,
1319,ttc,general,1319,what evolutionary changes occur in animals,1,1,ddg_ac:1,en:1,yes,ovulation,
1320,ttc,general,1320,what evolutionary theories explain adaptation,1,1,ddg_ac:1,en:1,yes,ovulation,
1321,ttc,general,1321,what evolutionists believe,1,1,ddg_ac:1,en:1,yes,ovulation,
1322,ttc,general,1322,what generation is someone who is 35,1,1,ddg_ac:1,en:1,yes,conceive after 35,
1323,ttc,general,1323,what happened in 2005,1,1,ddg_ac:1,en:1,yes,iui,
1324,ttc,general,1324,what happened luigi mangione,1,1,ddg_ac:1,en:1,yes,iui,
1325,ttc,fertility-treatment,1325,what happens after ivf egg retrieval,1,1,google_ac:1,en:1,yes,ivf,
1326,ttc,general,1326,what happens during a wildfire,1,1,ddg_ac:1,en:1,yes,iui,
1327,ttc,general,1327,what happens if get pregnant after tummy tuck,1,1,google_ac:1,en:1,yes,how to get pregnant,
1328,ttc,general,1328,what happens if get pregnant on maternity leave,1,1,google_ac:1,en:1,yes,how to get pregnant,
1329,ttc,general,1329,what happens if get pregnant on ozempic,1,1,google_ac:1,en:1,yes,how to get pregnant,
1330,ttc,general,1330,what happens if get pregnant on wegovy,1,1,google_ac:1,en:1,yes,how to get pregnant,
1331,ttc,general,1331,what happens if someone breaks the law,1,1,ddg_ac:1,en:1,yes,ivf,
1332,ttc,general,1332,what happens if we rub our nails,1,1,ddg_ac:1,en:1,yes,ivf,
1333,ttc,general,1333,what happens if you delete system32,1,1,ddg_ac:1,en:1,yes,ivf,
1334,ttc,general,1334,what happens if you don't sleep,1,1,ddg_ac:1,en:1,yes,ivf,
1335,ttc,general,1335,what happens if you eat mold,1,1,ddg_ac:1,en:1,yes,ivf,
1336,ttc,general,1336,what happens if you miss jury duty,1,1,ddg_ac:1,en:1,yes,ivf,
1337,ttc,general,1337,what happens if you swallow gum,1,1,ddg_ac:1,en:1,yes,ivf,
1338,ttc,testing-and-early-signs,1338,what happens in an implantation of embryo,1,1,ddg_ac:1,en:1,yes,implantation bleeding,
1339,ttc,general,1339,what happens in spider man brand new day,1,1,ddg_ac:1,en:1,yes,iui,
1340,ttc,general,1340,what happens in zero-shot prompting,1,1,ddg_ac:1,en:1,yes,iui,
1341,ttc,general,1341,what if evolution never happened,1,1,ddg_ac:1,en:1,yes,ovulation,
1342,ttc,testing-and-early-signs,1342,what if i do pregnancy test at night,1,1,google_ac:1,en:1,yes,am i pregnant,
1343,ttc,general,1343,what if i uninstall onedrive,1,1,ddg_ac:1,en:1,yes,iui,
1344,ttc,general,1344,what if i use more tokens,1,1,ddg_ac:1,en:1,yes,iui,
1345,ttc,general,1345,what if iuiuiu,1,1,google_ac:1,en:1,yes,iui,
1346,ttc,male-fertility,1346,what if sperm count is 1 million,1,1,google_ac:1,en:1,yes,sperm count,
1347,ttc,male-fertility,1347,what if sperm count is nil,1,1,google_ac:1,en:1,yes,sperm count,
1348,ttc,general,1348,what if yuichiro survived instead of muichiro,1,1,ddg_ac:1,en:1,yes,iui,
1349,ttc,general,1349,what is 2 week wait pathway,1,1,google_ac:1,en:1,yes,two week wait,
1350,ttc,fertility-treatment,1350,what is a low amh level pmol l,1,1,google_ac:1,en:1,yes,low amh,
1351,ttc,general,1351,what is a safe body temperature,1,1,ddg_ac:1,en:1,yes,basal body temperature,
1352,ttc,general,1352,what is considered conception,1,1,google_ac:1,en:1,yes,trying to conceive,
1353,ttc,cycle-and-ovulation,1353,what is luteal phase dosing of ssri,1,1,ddg_ac:1,en:1,yes,luteal phase,
1354,ttc,cycle-and-ovulation,1354,what is ovulation in tagalog,1,1,ddg_ac:1,en:1,yes,ovulation,
1355,ttc,cycle-and-ovulation,1355,what is ovulation phase called,1,1,ddg_ac:1,en:1,yes,ovulation,
1356,ttc,general,1356,what is polycystic pregnancy,1,1,google_ac:1,en:1,yes,pcos and pregnancy,
1357,ttc,general,1357,what is the difference between regular discharge and pregnancy discharge,1,1,google_ac:1,en:1,yes,cervical mucus,
1358,ttc,cycle-and-ovulation,1358,what is the least fertile window for angiel,1,1,google_ac:1,en:1,yes,fertile window,
1359,ttc,cycle-and-ovulation,1359,what is the two week unpaid waiting period,1,1,google_ac:1,en:1,yes,two week wait,
1360,ttc,loss-and-trying-again,1360,what is ttc miscarriage,1,1,google_ac:1,en:1,yes,conceive after miscarriage,
1361,ttc,general,1361,what iu is in multivitamins,1,1,ddg_ac:1,en:1,yes,iui,
1362,ttc,general,1362,what iu is recommended daily,1,1,ddg_ac:1,en:1,yes,iui,
1363,ttc,general,1363,what iu is safe to take,1,1,ddg_ac:1,en:1,yes,iui,
1364,ttc,general,1364,what to do if i am pregnant and don t want it,1,1,google_ac:1,en:1,yes,am i pregnant,
1365,ttc,general,1365,what to do if i am pregnant in uk,1,1,google_ac:1,en:1,yes,am i pregnant,
1366,ttc,fertility-treatment,1366,what to do ivf transfer day,1,1,google_ac:1,en:1,yes,ivf,
1367,ttc,general,1367,what to expect after trying to conceive,1,1,google_ac:1,en:1,yes,trying to conceive,
1368,ttc,general,1368,what ui means,1,1,ddg_ac:1,en:1,yes,iui,
1369,ttc,testing-and-early-signs,1369,what were your two week wait symptoms,1,1,google_ac:1,en:1,yes,two week wait,
1370,ttc,general,1370,what would you do?,1,1,reddit:1,en:1,yes,,
1371,ttc,general,1371,when can i start maternity,1,1,ddg_ac:1,en:1,yes,am i pregnant,
1372,ttc,general,1372,when can i try to conceive after laparoscopy,1,1,google_ac:1,en:1,yes,trying to conceive,
1373,ttc,fertility-treatment,1373,when did iui start,1,1,google_ac:1,en:1,yes,iui,
1374,ttc,general,1374,when did my parents conceive me,1,1,ddg_ac:1,en:1,yes,trying to conceive,
1375,ttc,general,1375,when does evolution premiere in wwe,1,1,ddg_ac:1,en:1,yes,ovulation,
1376,ttc,general,1376,when does iugr get diagnosed,1,1,google_ac:1,en:1,yes,iui,
1377,ttc,general,1377,when does iugr start in pregnancy,1,1,google_ac:1,en:1,yes,iui,
1378,ttc,general,1378,when does ivy tech fall semester start,1,1,ddg_ac:1,en:1,yes,ivf,
1379,ttc,general,1379,when does ivy tech release refunds fall 2026,1,1,ddg_ac:1,en:1,yes,ivf,
1380,ttc,cycle-and-ovulation,1380,when does ovulation occur after hcg injection,1,1,google_ac:1,en:1,yes,ovulation,
1381,ttc,general,1381,when does rachel get pregnant,1,1,google_ac:1,en:1,yes,how to get pregnant,
1382,ttc,general,1382,when does vfiax pay dividends,1,1,ddg_ac:1,en:1,yes,ivf,
1383,ttc,general,1383,when does vfs global release new slots,1,1,ddg_ac:1,en:1,yes,ivf,
1384,ttc,general,1384,when evolution works against us,1,1,ddg_ac:1,en:1,yes,ovulation,
1385,ttc,general,1385,when evolutionary computation meets privacy,1,1,ddg_ac:1,en:1,yes,ovulation,
1386,ttc,general,1386,when i am pregnant anish kapoor,1,1,google_ac:1,en:1,yes,am i pregnant,
1387,ttc,general,1387,when i fly towards you hindi dubbed,1,1,ddg_ac:1,en:1,yes,ivf,
1388,ttc,general,1388,when i fly towards you season 2,1,1,ddg_ac:1,en:1,yes,ivf,
1389,ttc,general,1389,when is easter,1,1,ddg_ac:1,en:1,yes,iui,
1390,ttc,general,1390,when is father's day,1,1,ddg_ac:1,en:1,yes,iui,
1391,ttc,general,1391,when is mother's day,1,1,ddg_ac:1,en:1,yes,iui,
1392,ttc,general,1392,when is wednesday season three coming out,1,1,ddg_ac:1,en:1,yes,iui,
1393,ttc,general,1393,when should i feel my baby move,1,1,ddg_ac:1,en:1,yes,ivf,
1394,ttc,general,1394,when should i file itr in india,1,1,ddg_ac:1,en:1,yes,ivf,
1395,ttc,general,1395,when should i file married filing separately,1,1,ddg_ac:1,en:1,yes,ivf,
1396,ttc,general,1396,when should i fill out the fafsa,1,1,ddg_ac:1,en:1,yes,ivf,
1397,ttc,general,1397,when should i have pregnancy appointments,1,1,google_ac:1,en:1,yes,am i pregnant,
1398,ttc,general,1398,when should i update my linkedin with new job,1,1,ddg_ac:1,en:1,yes,iui,
1399,ttc,general,1399,when should i use eventemitter,1,1,ddg_ac:1,en:1,yes,iui,
1400,ttc,general,1400,when should iuds be replaced,1,1,ddg_ac:1,en:1,yes,iui,
1401,ttc,timing-and-sex,1401,when trying to conceive does position matter,1,1,google_ac:1,en:1,yes,trying to conceive,
1402,ttc,general,1402,when uis prefix is used,1,1,ddg_ac:1,en:1,yes,iui,
1403,ttc,fertility-treatment,1403,where does iui put the sperm,1,1,google_ac:1,en:1,yes,iui,
1404,ttc,general,1404,where i find god larry fleet morgan wallen,1,1,ddg_ac:1,en:1,yes,ivf,
1405,ttc,general,1405,where i find patlabor,1,1,ddg_ac:1,en:1,yes,ivf,
1406,ttc,general,1406,where i found myself,1,1,ddg_ac:1,en:1,yes,ivf,
1407,ttc,general,1407,where i found myself august green,1,1,ddg_ac:1,en:1,yes,ivf,
1408,ttc,general,1408,where is budapest,1,1,ddg_ac:1,en:1,yes,iui,
1409,ttc,cycle-and-ovulation,1409,where is cervix during luteal phase,1,1,google_ac:1,en:1,yes,luteal phase,
1410,ttc,fertility-treatment,1410,where is iui beauty located,1,1,google_ac:1,en:1,yes,iui,
1411,ttc,general,1411,where is malta,1,1,ddg_ac:1,en:1,yes,iui,
1412,ttc,general,1412,where is my phone,1,1,ddg_ac:1,en:1,yes,iui,
1413,ttc,general,1413,where is my train,1,1,ddg_ac:1,en:1,yes,iui,
1414,ttc,male-fertility,1414,where to count sperm in neubauer chamber,1,1,google_ac:1,en:1,yes,sperm count,
1415,ttc,general,1415,where to go to confirm pregnancy,1,1,ddg_ac:1,en:1,yes,when to see a fertility doctor,
1416,ttc,general,1416,which evolution is most common,1,1,ddg_ac:1,en:1,yes,ovulation,
1417,ttc,general,1417,which evolution is rarest,1,1,ddg_ac:1,en:1,yes,ovulation,
1418,ttc,general,1418,which evolution is strongest,1,1,ddg_ac:1,en:1,yes,ovulation,
1419,ttc,general,1419,which evolution model is widely accepted,1,1,ddg_ac:1,en:1,yes,ovulation,
1420,ttc,general,1420,which evolution stage is most complex,1,1,ddg_ac:1,en:1,yes,ovulation,
1421,ttc,general,1421,which iim is best in india,1,1,ddg_ac:1,en:1,yes,iui,
1422,ttc,general,1422,which iit is best,1,1,ddg_ac:1,en:1,yes,iui,
1423,ttc,general,1423,which iud is copper,1,1,ddg_ac:1,en:1,yes,iui,
1424,ttc,fertility-treatment,1424,which iui kit is best,1,1,google_ac:1,en:1,yes,iui,
1425,ttc,general,1425,which iv fluid has less sodium,1,1,ddg_ac:1,en:1,yes,ivf,
1426,ttc,fertility-treatment,1426,which ivf center is best in pakistan,1,1,google_ac:1,en:1,yes,ivf,
1427,ttc,fertility-treatment,1427,which ivf for hypercalcemia,1,1,ddg_ac:1,en:1,yes,ivf,
1428,ttc,fertility-treatment,1428,which ivf is best for diarrhea,1,1,google_ac:1,en:1,yes,ivf,
1429,ttc,cycle-and-ovulation,1429,which mucinex for cervical mucus,1,1,google_ac:1,en:1,yes,cervical mucus,
1430,ttc,general,1430,while trying to conceive can i eat chicken,1,1,google_ac:1,en:1,yes,trying to conceive,
1431,ttc,general,1431,who did i get pregnant by,1,1,google_ac:1,en:1,yes,am i pregnant,
1432,ttc,general,1432,who do i look pregnant,1,1,google_ac:1,en:1,yes,am i pregnant,
1433,ttc,cycle-and-ovulation,1433,who does ovulation tracking in canberra,1,1,ddg_ac:1,en:1,yes,ovulation,
1434,ttc,general,1434,who girl get pregnant,1,1,google_ac:1,en:1,yes,how to get pregnant,
1435,ttc,general,1435,who is charlie kirk,1,1,ddg_ac:1,en:1,yes,iui,
1436,ttc,general,1436,who is my council,1,1,ddg_ac:1,en:1,yes,iui,
1437,ttc,general,1437,who is my mp,1,1,ddg_ac:1,en:1,yes,iui,
1438,ttc,general,1438,who is the new pope,1,1,ddg_ac:1,en:1,yes,iui,
1439,ttc,general,1439,who is vf corporation,1,1,ddg_ac:1,en:1,yes,ivf,
1440,ttc,general,1440,who is vfs global,1,1,ddg_ac:1,en:1,yes,ivf,
1441,ttc,general,1441,who iuis database,1,1,google_ac:1,en:1,yes,iui,
1442,ttc,general,1442,who ivented the internet,1,1,ddg_ac:1,en:1,yes,ivf,
1443,ttc,fertility-treatment,1443,who ivf guidelines,1,1,google_ac:1,en:1,yes,ivf,
1444,ttc,fertility-treatment,1444,who ivf statistics,1,1,google_ac:1,en:1,yes,ivf,
1445,ttc,fertility-treatment,1445,who many iui tray,1,1,google_ac:1,en:1,yes,iui,
1446,ttc,cycle-and-ovulation,1446,who stimulates ovulation,1,1,google_ac:1,en:1,yes,ovulation,
1447,ttc,cycle-and-ovulation,1447,why am i not getting pregnant even my periods are regular,1,1,google_ac:1,en:1,yes,am i pregnant,
1448,ttc,general,1448,why can't i get pregnant after 3 years of trying,1,1,google_ac:1,en:1,yes,how to get pregnant,
1449,ttc,general,1449,why can't i get pregnant after my first child,1,1,google_ac:1,en:1,yes,how to get pregnant,
1450,ttc,general,1450,why do chemical pregnancies happen with euploid embryos,1,1,google_ac:1,en:1,yes,chemical pregnancy,
1451,ttc,general,1451,why do i have two waiting weeks for unemployment,1,1,google_ac:1,en:1,yes,two week wait,
1452,ttc,general,1452,why does caroline get pregnant,1,1,google_ac:1,en:1,yes,how to get pregnant,
1453,ttc,general,1453,why does evolution keep making crabs,1,1,ddg_ac:1,en:1,yes,ovulation,
1454,ttc,general,1454,why does evolution take so long,1,1,ddg_ac:1,en:1,yes,ovulation,
1455,ttc,general,1455,why does feyre get pregnant,1,1,google_ac:1,en:1,yes,how to get pregnant,
1456,ttc,general,1456,why does i feel pain in my chest,1,1,ddg_ac:1,en:1,yes,ivf,
1457,ttc,general,1457,why does inui wear heels,1,1,ddg_ac:1,en:1,yes,iui,
1458,ttc,general,1458,why does iud cause cramping,1,1,ddg_ac:1,en:1,yes,iui,
1459,ttc,general,1459,why does iugr happen,1,1,ddg_ac:1,en:1,yes,iui,
1460,ttc,general,1460,why does iv amiodarone need a filter,1,1,ddg_ac:1,en:1,yes,ivf,
1461,ttc,general,1461,why does iv ativan need to be diluted,1,1,ddg_ac:1,en:1,yes,ivf,
1462,ttc,general,1462,why does iv phenytoin need a filter,1,1,ddg_ac:1,en:1,yes,ivf,
1463,ttc,general,1463,why does iv potassium burn,1,1,ddg_ac:1,en:1,yes,ivf,
1464,ttc,general,1464,why does ivory coast flag look like ireland,1,1,ddg_ac:1,en:1,yes,ivf,
1465,ttc,general,1465,why does ivory soap float,1,1,ddg_ac:1,en:1,yes,ivf,
1466,ttc,general,1466,why does lane get pregnant,1,1,google_ac:1,en:1,yes,how to get pregnant,
1467,ttc,cycle-and-ovulation,1467,why does mid cycle bleeding happens,1,1,google_ac:1,en:1,yes,ovulation,
1468,ttc,general,1468,why does miranda get pregnant,1,1,google_ac:1,en:1,yes,how to get pregnant,
1469,ttc,cycle-and-ovulation,1469,why does ovulation occur on day 14,1,1,google_ac:1,en:1,yes,ovulation,
1470,ttc,cycle-and-ovulation,1470,why does progesterone thicken cervical mucus,1,1,google_ac:1,en:1,yes,cervical mucus,
1471,ttc,general,1471,why does rory get pregnant,1,1,google_ac:1,en:1,yes,how to get pregnant,
1472,ttc,general,1472,why does ui.exe crash,1,1,ddg_ac:1,en:1,yes,iui,
1473,ttc,general,1473,why does.pomegranate juice help.in the two week wait,1,1,google_ac:1,en:1,yes,two week wait,
1474,ttc,general,1474,why education is important,1,1,ddg_ac:1,en:1,yes,ovulation,
1475,ttc,general,1475,why evolution is true blog,1,1,ddg_ac:1,en:1,yes,ovulation,
1476,ttc,general,1476,why i feel dizzy,1,1,ddg_ac:1,en:1,yes,ivf,
1477,ttc,general,1477,why i feel hungry shortly after eating,1,1,ddg_ac:1,en:1,yes,ivf,
1478,ttc,general,1478,why i feel like something stuck in my throat,1,1,ddg_ac:1,en:1,yes,ivf,
1479,ttc,general,1479,why iis is used,1,1,ddg_ac:1,en:1,yes,iui,
1480,ttc,general,1480,why iit roorkee is bad,1,1,ddg_ac:1,en:1,yes,iui,
1481,ttc,testing-and-early-signs,1481,why implantation bleeding at 6 weeks,1,1,google_ac:1,en:1,yes,implantation bleeding,
1482,ttc,general,1482,why is evolutionary psychology controversial,1,1,ddg_ac:1,en:1,yes,ovulation,
1483,ttc,cycle-and-ovulation,1483,why is fertile window 6 days,1,1,google_ac:1,en:1,yes,fertile window,
1484,ttc,testing-and-early-signs,1484,why is implantation bleeding dark,1,1,google_ac:1,en:1,yes,implantation bleeding,
1485,ttc,testing-and-early-signs,1485,why is implantation bleeding watery,1,1,google_ac:1,en:1,yes,implantation bleeding,
1486,ttc,general,1486,why is intrauterine insemination done,1,1,google_ac:1,en:1,yes,iui,
1487,ttc,general,1487,why is it hard to conceive while breastfeeding,1,1,google_ac:1,en:1,yes,trying to conceive,
1488,ttc,conditions,1488,why is it hard to conceive with endometriosis,1,1,google_ac:1,en:1,yes,trying to conceive,
1489,ttc,general,1489,why is it so hard to conceive reddit,1,1,google_ac:1,en:1,yes,trying to conceive,
1490,ttc,fertility-treatment,1490,why is iui cumulative,1,1,google_ac:1,en:1,yes,iui,
1491,ttc,general,1491,why is ius important,1,1,ddg_ac:1,en:1,yes,iui,
1492,ttc,general,1492,why is iv iron contraindicated in infection,1,1,ddg_ac:1,en:1,yes,ivf,
1493,ttc,general,1493,why is iv robaxin limited to 3 days,1,1,ddg_ac:1,en:1,yes,ivf,
1494,ttc,general,1494,why is ivanhoe electric stock going up today,1,1,ddg_ac:1,en:1,yes,ivf,
1495,ttc,fertility-treatment,1495,why is ivf becoming more common,1,1,google_ac:1,en:1,yes,ivf,
1496,ttc,general,1496,why is ivig given,1,1,ddg_ac:1,en:1,yes,ivf,
1497,ttc,cycle-and-ovulation,1497,why is ovulation discharge brown,1,1,google_ac:1,en:1,yes,ovulation,
1498,ttc,cycle-and-ovulation,1498,why is there a 2 week waiting period for car insurance,1,1,google_ac:1,en:1,yes,two week wait,
1499,ttc,general,1499,why is uipath up today,1,1,ddg_ac:1,en:1,yes,iui,
1500,ttc,general,1500,why is vfd a non-linear loads,1,1,ddg_ac:1,en:1,yes,ivf,
1501,ttc,general,1501,why is vfv down today,1,1,ddg_ac:1,en:1,yes,ivf,
1502,ttc,general,1502,why iu and lee jong suk broke up,1,1,ddg_ac:1,en:1,yes,iui,
1503,ttc,general,1503,why not to get tdap while pregnant,1,1,google_ac:1,en:1,yes,how to get pregnant,
1504,ttc,loss-and-trying-again,1504,why pregnancy late after miscarriage,1,1,google_ac:1,en:1,yes,conceive after miscarriage,
1505,ttc,general,1505,why test tube babies are twins,1,1,google_ac:1,en:1,yes,ivf,
1506,ttc,general,1506,why uidai website not working,1,1,ddg_ac:1,en:1,yes,iui,
1507,ttc,general,1507,will evolution explain consciousness,1,1,ddg_ac:1,en:1,yes,ovulation,
1508,ttc,general,1508,will iu make the ncaa tournament,1,1,ddg_ac:1,en:1,yes,iui,
1509,ttc,fertility-treatment,1509,will iui affect child development,1,1,google_ac:1,en:1,yes,iui,
1510,ttc,general,1510,will iut rain today,1,1,ddg_ac:1,en:1,yes,iui,
1511,ttc,general,1511,will iv fluids cause refeeding syndrome,1,1,ddg_ac:1,en:1,yes,ivf,
1512,ttc,general,1512,will iv fluids make pleural effusion worse,1,1,ddg_ac:1,en:1,yes,ivf,
1513,ttc,general,1513,will ui elements change,1,1,ddg_ac:1,en:1,yes,iui,
1514,ttc,general,1514,will ui ux be replaced by ai,1,1,ddg_ac:1,en:1,yes,iui,
1515,ttc,loss-and-trying-again,1515,“Adenomyotic uterus” only seen on scan after 2nd miscarriage?,1,1,reddit:1,en:1,yes,,
